data,Q_Afluente_observado_t_mais_T,previsao_media,incerteza_epistemica_std,limite_inferior_epistemico,limite_superior_epistemico,largura_intervalo_epistemico,conjunto
1999-10-01,104.0,113.84168,17.318554,79.70965,145.2128,65.50315,treino
1999-10-02,98.0,108.96633,16.349716,74.14431,136.79546,62.651146,treino
1999-10-03,132.0,138.56342,24.601053,88.64431,180.42313,91.77882,treino
1999-10-04,101.0,221.48964,39.76704,143.63988,294.5826,150.94273,treino
1999-10-05,100.0,140.80432,18.772074,100.344986,170.36891,70.023926,treino
1999-10-06,104.0,134.32271,18.33316,98.04403,165.36356,67.31953,treino
1999-10-07,108.0,138.93985,17.63384,102.59779,170.5176,67.9198,treino
1999-10-08,112.0,138.76482,18.27432,104.30421,170.30086,65.99665,treino
1999-10-09,101.0,133.86688,19.133087,97.092766,171.40598,74.31321,treino
1999-10-10,94.0,127.98513,18.573221,93.04138,163.23732,70.19594,treino
1999-10-11,93.0,116.04991,18.130941,81.07695,150.88177,69.804825,treino
1999-10-12,101.0,113.92864,16.268822,81.525826,141.65826,60.13244,treino
1999-10-13,96.0,107.23559,16.303637,77.63807,138.47314,60.835075,treino
1999-10-14,93.0,105.46608,15.311899,77.00595,133.964,56.958054,treino
1999-10-15,88.0,101.89362,15.194705,76.19369,133.2217,57.028008,treino
1999-10-16,80.0,94.4895,15.814954,66.396904,124.018265,57.62136,treino
1999-10-17,78.0,92.72679,15.02935,65.62046,120.43115,54.81069,treino
1999-10-18,67.0,89.96853,15.91878,56.221336,119.0212,62.799866,treino
1999-10-19,61.0,95.11281,16.44256,60.12825,123.10341,62.97516,treino
1999-10-20,63.0,165.37654,32.766487,100.64236,228.12492,127.48257,treino
1999-10-21,115.0,105.19672,16.557997,71.91985,136.36656,64.44671,treino
1999-10-22,91.0,134.3817,20.149927,93.17775,171.56287,78.38512,treino
1999-10-23,86.0,179.09131,24.498165,126.982056,221.83963,94.857574,treino
1999-10-24,150.0,176.12949,23.488567,129.69652,218.62132,88.924805,treino
1999-10-25,190.0,174.52501,20.449984,131.86043,212.77927,80.91884,treino
1999-10-26,188.0,232.28714,49.40407,131.97957,316.29608,184.31651,treino
1999-10-27,260.0,438.86823,113.29089,209.31647,634.6272,425.31073,treino
1999-10-28,223.0,195.34583,23.370354,155.0312,239.83635,84.805145,treino
1999-10-29,190.0,193.83408,24.14632,145.03316,238.1354,93.10225,treino
1999-10-30,150.0,209.0273,25.17241,154.98396,250.64098,95.65701,treino
1999-10-31,141.0,203.6915,23.939259,156.0389,250.0682,94.02931,treino
1999-11-01,85.0,176.31255,22.631481,129.19801,217.71191,88.5139,treino
1999-11-02,87.0,156.99826,21.588282,112.485954,195.82234,83.33639,treino
1999-11-03,97.0,137.14716,18.412302,100.96245,168.55191,67.58946,treino
1999-11-04,107.0,125.4619,17.152456,93.29601,159.00987,65.71386,treino
1999-11-05,150.0,115.588554,17.075743,82.83274,145.42876,62.596016,treino
1999-11-06,280.0,258.6946,54.447483,153.94989,356.84384,202.89395,treino
1999-11-07,589.0,296.08597,51.542706,186.0322,394.6216,208.58942,treino
1999-11-08,572.0,547.7157,109.80863,331.794,752.2546,420.46057,treino
1999-11-09,619.0,529.7038,73.17217,385.0156,663.70996,278.69437,treino
1999-11-10,459.0,703.06744,88.64316,529.3711,874.57184,345.20074,treino
1999-11-11,511.0,483.6588,52.429302,378.9129,580.4544,201.5415,treino
1999-11-12,737.0,432.2256,51.300545,314.771,519.5205,204.74951,treino
1999-11-13,522.0,705.49054,109.58317,465.6577,909.143,443.4853,treino
1999-11-14,629.0,434.12103,47.677578,339.59387,523.84045,184.24658,treino
1999-11-15,337.0,400.9778,40.23925,327.95087,476.3367,148.38583,treino
1999-11-16,350.0,346.9348,38.327026,263.49194,414.9927,151.50076,treino
1999-11-17,498.0,325.17078,38.427143,241.46051,396.0956,154.6351,treino
1999-11-18,282.0,289.27982,33.903244,212.38782,350.4569,138.06909,treino
1999-11-19,1879.0,257.02548,29.13743,199.6152,309.90475,110.28955,treino
1999-11-20,971.0,639.40393,123.72975,418.91504,879.69696,460.78192,treino
1999-11-21,577.0,694.7418,121.96856,477.1885,911.713,434.5245,treino
1999-11-22,632.0,733.97003,93.09504,545.2902,897.8074,352.51715,treino
1999-11-23,634.0,563.9981,64.14622,441.7197,685.82355,244.10385,treino
1999-11-24,1968.0,710.53357,83.21232,542.1406,868.24866,326.10803,treino
1999-11-25,745.0,895.59717,117.583534,650.42175,1105.3403,454.91858,treino
1999-11-26,1077.0,695.42365,74.28922,545.1327,839.72064,294.58795,treino
1999-11-27,725.0,542.1664,57.98129,427.0398,644.65424,217.61444,treino
1999-11-28,910.0,558.126,64.73444,426.47934,673.96814,247.4888,treino
1999-11-29,820.0,430.1796,49.72047,329.39407,517.8906,188.49655,treino
1999-11-30,359.0,592.92664,73.16989,437.39417,720.27515,282.88098,treino
1999-12-01,369.0,402.0024,47.509727,299.90045,493.71588,193.81543,treino
1999-12-02,428.0,343.79834,39.2796,262.64545,411.29294,148.64749,treino
1999-12-03,249.0,325.00098,35.978077,255.26195,391.01608,135.75414,treino
1999-12-04,919.0,301.70737,35.5404,220.8456,366.12442,145.27882,treino
1999-12-05,552.0,417.23154,72.17272,280.77908,552.7948,272.01572,treino
1999-12-06,416.0,404.08356,50.84189,304.40622,499.72943,195.32321,treino
1999-12-07,1023.0,426.49365,52.32541,313.63416,522.3297,208.69556,treino
1999-12-08,723.0,1155.5863,193.99084,726.82874,1491.9908,765.1621,treino
1999-12-09,606.0,915.4412,104.95926,685.5951,1106.7711,421.17603,treino
1999-12-10,828.0,756.65326,90.06148,583.14856,924.86725,341.7187,treino
1999-12-11,665.0,667.9033,74.8385,517.8613,806.3489,288.48755,treino
1999-12-12,1040.0,925.86237,114.01408,694.23193,1127.2947,433.06274,treino
1999-12-13,1040.0,1210.997,160.209,894.9481,1489.6433,594.6952,treino
1999-12-14,998.0,1273.3818,151.5997,936.9515,1524.5177,587.5662,treino
1999-12-15,1164.0,1293.6942,151.53365,960.21387,1550.3217,590.1078,treino
1999-12-16,840.0,1042.3265,125.93436,761.03516,1276.5024,515.4673,treino
1999-12-17,862.0,841.78687,91.35797,634.7301,991.0363,356.3062,treino
1999-12-18,1037.0,757.9524,85.110374,583.3578,924.69006,341.33228,treino
1999-12-19,612.0,673.1374,76.08461,532.38385,813.14307,280.75922,treino
1999-12-20,397.0,630.819,71.96216,472.93396,766.7984,293.86444,treino
1999-12-21,430.0,482.6949,53.359016,371.92737,573.8828,201.95544,treino
1999-12-22,951.0,427.39407,51.190014,324.928,515.65875,190.73074,treino
1999-12-23,1242.0,450.21848,50.61215,349.22073,537.4134,188.19266,treino
1999-12-24,636.0,843.95844,148.53223,545.97125,1104.0977,558.1264,treino
1999-12-25,847.0,679.77185,77.43784,526.88727,823.675,296.78772,treino
1999-12-26,729.0,601.33417,73.10462,452.32825,723.42206,271.0938,treino
1999-12-27,673.0,657.58997,74.59768,507.62097,797.5541,289.9331,treino
1999-12-28,745.0,1022.71436,137.07672,736.9777,1274.8702,537.8925,treino
1999-12-29,816.0,686.2226,79.32161,515.3801,838.5903,323.21014,treino
1999-12-30,1071.0,736.2553,89.73599,556.57587,915.83563,359.25977,treino
1999-12-31,1514.0,782.7056,87.39476,597.85425,949.1843,351.33008,treino
2000-01-01,998.0,1083.7694,141.51549,791.5652,1322.2758,530.7106,treino
2000-01-02,1458.0,1244.6664,192.93355,839.781,1587.1964,747.4154,treino
2000-01-03,1800.0,1498.6978,199.90808,1095.917,1859.0734,763.1564,treino
2000-01-04,1581.0,1633.2987,188.57915,1253.2133,1970.7169,717.50366,treino
2000-01-05,1623.0,1459.6357,158.64384,1133.1324,1727.0658,593.93335,treino
2000-01-06,1580.0,1651.4269,199.59459,1278.9113,1996.2013,717.29004,treino
2000-01-07,1382.0,1680.6893,192.78305,1299.6011,2014.7976,715.19653,treino
2000-01-08,1291.0,1313.4491,156.48207,1010.49133,1615.039,604.5476,treino
2000-01-09,1015.0,1260.0437,146.4353,958.0205,1522.9788,564.95825,treino
2000-01-10,1016.0,1085.19,117.08041,839.2215,1304.8856,465.66412,treino
2000-01-11,884.0,1035.1874,111.97102,796.01074,1250.5123,454.5016,treino
2000-01-12,814.0,938.58185,108.09585,722.02795,1136.3339,414.3059,treino
2000-01-13,705.0,839.9071,97.43783,640.87244,1021.00836,380.13593,treino
2000-01-14,682.0,754.8031,88.816,571.3223,911.365,340.04266,treino
2000-01-15,596.0,641.8507,77.76299,481.27646,784.33167,303.0552,treino
2000-01-16,619.0,700.1394,82.94751,526.27277,846.2336,319.96082,treino
2000-01-17,649.0,623.6444,73.21032,465.79767,755.3802,289.58252,treino
2000-01-18,739.0,849.8507,108.43641,627.01776,1043.6913,416.67352,treino
2000-01-19,1031.0,615.912,66.47638,482.09183,737.2584,255.1666,treino
2000-01-20,1014.0,920.7764,105.68388,692.7281,1121.3865,428.6584,treino
2000-01-21,844.0,879.0995,112.057655,644.11395,1059.3247,415.21075,treino
2000-01-22,786.0,792.4506,88.2018,621.2389,958.74725,337.50836,treino
2000-01-23,968.0,730.9315,86.25984,551.13855,888.25696,337.1184,treino
2000-01-24,618.0,761.12585,92.83028,574.6395,927.6685,353.029,treino
2000-01-25,618.0,944.4173,119.77119,679.5583,1138.4202,458.86188,treino
2000-01-26,887.0,801.83264,90.78383,631.0656,951.2675,320.2019,treino
2000-01-27,880.0,916.44867,116.814354,666.11774,1122.1243,456.00653,treino
2000-01-28,1017.0,1596.4777,224.81061,1123.4075,2026.886,903.4785,treino
2000-01-29,1714.0,2645.2546,324.87976,2023.4612,3241.3557,1217.8945,treino
2000-01-30,1904.0,2695.5286,314.62885,2031.4966,3261.117,1229.6204,treino
2000-01-31,4393.0,3644.395,427.5197,2681.821,4409.155,1727.3337,treino
2000-02-01,3358.0,2680.3489,293.70532,2116.9705,3184.2576,1067.2871,treino
2000-02-02,3300.0,2480.8274,275.28503,1866.7917,2958.7559,1091.9641,treino
2000-02-03,2542.0,2025.4917,231.11406,1546.9153,2435.703,888.7876,treino
2000-02-04,2246.0,1771.2267,204.42691,1341.9915,2121.655,779.6636,treino
2000-02-05,1955.0,1750.3243,197.26454,1356.3905,2155.7236,799.3331,treino
2000-02-06,1766.0,1559.2141,183.58228,1159.8833,1880.9082,721.0249,treino
2000-02-07,1853.0,1948.1973,229.8134,1472.7058,2384.0393,911.3335,treino
2000-02-08,3527.0,2396.7815,297.4837,1819.1984,2968.0317,1148.8334,treino
2000-02-09,3387.0,3182.7651,366.32986,2476.5251,3935.62,1459.095,treino
2000-02-10,3133.0,3022.6292,367.95413,2346.029,3679.5667,1333.5376,treino
2000-02-11,2718.0,2480.1438,271.51022,1955.7468,3000.4126,1044.6658,treino
2000-02-12,2540.0,2182.6506,263.81723,1649.5735,2696.583,1047.0095,treino
2000-02-13,2174.0,2119.3564,252.34395,1578.1052,2547.2612,969.156,treino
2000-02-14,1907.0,1765.526,220.8764,1322.589,2187.3142,864.7252,treino
2000-02-15,1650.0,1677.5867,207.10117,1283.9918,2073.747,789.75525,treino
2000-02-16,1836.0,1587.038,189.80113,1206.4213,1913.3275,706.90625,treino
2000-02-17,1715.0,1589.1508,179.26184,1229.2911,1907.0195,677.7284,treino
2000-02-18,1637.0,1667.5898,194.82088,1263.9396,2032.5369,768.5973,treino
2000-02-19,1648.0,1651.0577,179.57741,1306.7024,1955.7938,649.09143,treino
2000-02-20,1457.0,1529.5153,170.53204,1158.9121,1824.6414,665.72925,treino
2000-02-21,1456.0,1469.3927,167.8276,1141.5592,1764.5953,623.03613,treino
2000-02-22,1260.0,1384.0173,161.55246,1060.9902,1706.3551,645.36487,treino
2000-02-23,1174.0,1313.0199,150.38666,993.8129,1570.9348,577.1219,treino
2000-02-24,1085.0,1220.541,147.7138,933.5832,1502.7612,569.17804,treino
2000-02-25,1176.0,1173.965,134.73535,920.4551,1445.5187,525.0636,treino
2000-02-26,1129.0,1081.6123,126.06769,824.41315,1303.5627,479.1496,treino
2000-02-27,976.0,1015.1695,116.085304,789.83514,1227.467,437.6319,treino
2000-02-28,1170.0,969.3023,111.58612,753.53094,1171.424,417.893,treino
2000-02-29,984.0,1053.994,125.54276,807.14307,1301.5625,494.41943,treino
2000-03-01,893.0,1087.4961,124.85358,840.3502,1340.8195,500.46924,treino
2000-03-02,1080.0,863.3722,102.06945,666.7702,1047.7443,380.97406,treino
2000-03-03,890.0,842.25256,95.98136,647.6963,1017.9502,370.2539,treino
2000-03-04,688.0,796.7355,96.698685,586.4598,968.11224,381.65247,treino
2000-03-05,691.0,756.7628,85.31549,592.6097,917.5097,324.90002,treino
2000-03-06,599.0,683.4414,82.231834,515.5801,829.81067,314.2306,treino
2000-03-07,705.0,653.22406,71.42561,513.3617,778.0602,264.6985,treino
2000-03-08,1176.0,834.8431,92.40042,646.0228,999.5944,353.5716,treino
2000-03-09,1171.0,761.46075,89.52807,578.4636,925.9209,347.45728,treino
2000-03-10,3175.0,1110.1473,134.1416,835.5077,1341.5773,506.06958,treino
2000-03-11,1922.0,2142.31,319.31134,1498.412,2719.6365,1221.2245,treino
2000-03-12,2070.0,2070.7266,257.8486,1561.8793,2530.4807,968.60144,treino
2000-03-13,1652.0,1902.804,218.86111,1414.6432,2282.3154,867.67224,treino
2000-03-14,1797.0,1674.2355,200.25299,1243.4467,2032.0566,788.61,treino
2000-03-15,2237.0,1427.4664,157.57593,1134.6515,1698.6228,563.9713,treino
2000-03-16,2237.0,1908.4098,220.4791,1466.546,2330.0403,863.49426,treino
2000-03-17,2002.0,1967.5531,232.98721,1490.2936,2411.6743,921.38074,treino
2000-03-18,1930.0,1716.5775,201.91989,1348.89,2092.2178,743.32776,treino
2000-03-19,1847.0,2068.996,265.7919,1556.323,2557.0447,1000.7217,treino
2000-03-20,1556.0,1997.6377,215.12029,1602.3915,2401.0598,798.66833,treino
2000-03-21,1671.0,1749.2998,196.45737,1317.6072,2144.3794,826.7722,treino
2000-03-22,1482.0,1662.0082,195.3379,1229.4869,1999.3843,769.89734,treino
2000-03-23,1582.0,1662.5309,196.71924,1268.6987,2018.7894,750.0907,treino
2000-03-24,1395.0,1513.7546,180.99002,1197.6058,1856.2949,658.6891,treino
2000-03-25,1158.0,1369.8136,167.17755,1028.568,1686.175,657.60706,treino
2000-03-26,1179.0,1295.7421,158.84021,946.45667,1572.7604,626.3037,treino
2000-03-27,1305.0,1291.6075,143.80814,1007.6489,1556.0345,548.3856,treino
2000-03-28,1196.0,1283.303,148.59203,954.0842,1548.7312,594.647,treino
2000-03-29,1176.0,1619.7246,187.82901,1206.3094,1981.9739,775.6644,treino
2000-03-30,1100.0,1297.7725,142.7828,1044.0112,1572.9073,528.8961,treino
2000-03-31,914.0,1159.9415,131.45773,888.67426,1398.8522,510.17792,treino
2000-04-01,904.0,1055.918,118.15184,805.10754,1289.8706,484.76306,treino
2000-04-02,1009.0,970.1575,110.1936,715.5527,1160.196,444.64337,treino
2000-04-03,689.0,918.8442,95.64631,723.89777,1096.1693,372.27155,treino
2000-04-04,776.0,861.6625,96.11351,672.24945,1045.7509,373.5014,treino
2000-04-05,682.0,813.0086,93.65547,633.8904,995.34644,361.45605,treino
2000-04-06,665.0,764.6453,89.471,587.5531,936.68695,349.13385,treino
2000-04-07,636.0,732.6897,84.364685,563.3667,869.7738,306.4071,treino
2000-04-08,605.0,705.56555,86.59285,514.6001,845.8572,331.25708,treino
2000-04-09,857.0,679.2747,76.404884,529.7418,830.2452,300.50336,treino
2000-04-10,702.0,660.133,71.60785,519.79114,789.7135,269.92236,treino
2000-04-11,673.0,722.6733,80.87487,571.6227,895.28516,323.66248,treino
2000-04-12,574.0,651.79865,71.64849,512.6478,777.1861,264.53827,treino
2000-04-13,819.0,764.4734,91.36423,563.5237,934.98694,371.46326,treino
2000-04-14,591.0,657.9335,74.89227,498.7643,791.56305,292.79874,treino
2000-04-15,734.0,726.8716,77.47228,564.57654,872.385,307.80847,treino
2000-04-16,559.0,683.7892,81.86797,521.1242,821.7697,300.6455,treino
2000-04-17,673.0,657.505,77.93328,497.09943,776.95447,279.85504,treino
2000-04-18,588.0,753.96,87.01047,579.61707,898.07513,318.45807,treino
2000-04-19,601.0,653.8557,76.398575,500.65,787.4497,286.7997,treino
2000-04-20,675.0,911.4068,111.15281,671.4881,1123.9033,452.41522,treino
2000-04-21,679.0,814.1917,98.25266,607.41766,972.787,365.36932,treino
2000-04-22,651.0,680.9987,77.63578,509.1741,815.78406,306.60995,treino
2000-04-23,590.0,679.5711,76.24445,528.1521,817.7165,289.5644,treino
2000-04-24,573.0,617.9031,72.39434,474.69775,760.30365,285.6059,treino
2000-04-25,519.0,558.89685,64.53673,427.62543,673.4613,245.83588,treino
2000-04-26,489.0,526.0012,58.28977,399.18356,628.52704,229.34348,treino
2000-04-27,484.0,512.84094,57.590527,399.87,619.5702,219.7002,treino
2000-04-28,504.0,490.83182,61.390217,374.86313,605.97546,231.11234,treino
2000-04-29,501.0,481.44,53.84247,380.11343,579.07684,198.96341,treino
2000-04-30,492.0,470.4834,53.75222,365.031,567.3164,202.2854,treino
2000-05-01,484.0,468.6228,54.361847,356.5413,572.7138,216.17252,treino
2000-05-02,456.0,497.17038,57.408653,388.81268,609.54126,220.72858,treino
2000-05-03,455.0,457.07443,53.999126,347.6441,557.6385,209.99438,treino
2000-05-04,438.0,466.17694,50.548233,357.5816,560.6588,203.07721,treino
2000-05-05,433.0,444.50714,48.339333,352.34058,536.71436,184.37378,treino
2000-05-06,425.0,433.15472,49.22638,333.58304,524.1056,190.52255,treino
2000-05-07,417.0,424.44894,47.259594,328.90137,511.97025,183.06888,treino
2000-05-08,411.0,447.4266,50.763252,352.01825,541.8992,189.88092,treino
2000-05-09,410.0,443.52884,53.798687,331.11206,532.9738,201.86176,treino
2000-05-10,412.0,421.3397,46.44374,322.5776,503.102,180.52438,treino
2000-05-11,401.0,398.6917,45.520206,288.01074,472.063,184.05225,treino
2000-05-12,402.0,411.9168,44.70253,331.20178,490.1967,158.9949,treino
2000-05-13,382.0,399.6031,43.317673,313.1322,483.55115,170.41895,treino
2000-05-14,384.0,396.18802,47.6108,295.33154,473.17676,177.84521,treino
2000-05-15,389.0,389.25436,42.814144,293.7931,462.83368,169.04059,treino
2000-05-16,389.0,378.73517,42.982338,301.92075,456.6561,154.73535,treino
2000-05-17,388.0,374.63245,42.996567,286.27673,456.71927,170.44254,treino
2000-05-18,385.0,367.3995,43.721153,283.1583,452.7216,169.5633,treino
2000-05-19,370.0,362.0342,43.450756,272.76297,436.56796,163.805,treino
2000-05-20,369.0,356.64667,41.526974,260.74573,428.11682,167.3711,treino
2000-05-21,364.0,360.21884,39.157467,279.47327,427.04895,147.57568,treino
2000-05-22,359.0,351.83255,40.10444,270.14673,426.2772,156.13046,treino
2000-05-23,347.0,347.97205,39.344086,273.15427,422.84482,149.69055,treino
2000-05-24,351.0,338.43896,39.588207,258.25104,410.78656,152.53552,treino
2000-05-25,335.0,344.35095,37.11898,267.6715,415.79095,148.11945,treino
2000-05-26,362.0,339.66724,39.30613,259.3975,410.45435,151.05685,treino
2000-05-27,351.0,338.70602,35.207253,268.6365,410.3068,141.67029,treino
2000-05-28,328.0,340.24103,37.103676,266.68634,412.2846,145.59827,treino
2000-05-29,318.0,358.7927,38.281822,273.52643,425.98245,152.45602,treino
2000-05-30,303.0,341.99316,40.38747,261.93356,423.00308,161.06952,treino
2000-05-31,338.0,340.06158,39.27273,259.9686,409.00058,149.03198,treino
2000-06-01,341.0,338.16754,37.5478,263.82468,406.18323,142.35855,treino
2000-06-02,335.0,337.46426,36.785027,259.31012,395.7062,136.39609,treino
2000-06-03,326.0,327.2722,36.766018,253.60478,390.24338,136.6386,treino
2000-06-04,312.0,321.44305,34.169353,258.08392,384.23596,126.15204,treino
2000-06-05,311.0,315.87683,36.670517,247.70802,380.41687,132.70885,treino
2000-06-06,300.0,316.16025,36.327435,238.8543,381.46625,142.61195,treino
2000-06-07,303.0,312.8368,35.076946,243.10555,372.38086,129.27531,treino
2000-06-08,303.0,306.65417,32.474438,241.94775,366.89948,124.95172,treino
2000-06-09,308.0,309.8781,34.007866,243.36893,370.35742,126.988495,treino
2000-06-10,318.0,309.41092,33.224537,245.48703,370.83127,125.34424,treino
2000-06-11,298.0,305.39703,33.695164,234.1584,364.44473,130.28633,treino
2000-06-12,312.0,304.6927,34.403687,229.17587,365.93607,136.7602,treino
2000-06-13,292.0,297.89145,31.912947,241.2587,359.01776,117.75906,treino
2000-06-14,285.0,296.65994,33.02414,229.45676,354.71155,125.25479,treino
2000-06-15,275.0,290.39075,31.49979,221.12152,342.90747,121.78595,treino
2000-06-16,266.0,288.9162,32.084045,222.31866,348.3617,126.04303,treino
2000-06-17,253.0,286.5994,31.115604,227.08667,341.91766,114.83099,treino
2000-06-18,263.0,286.5721,33.847187,213.03528,345.48306,132.44778,treino
2000-06-19,253.0,278.59863,30.838636,209.83113,334.77457,124.943436,treino
2000-06-20,260.0,280.96866,31.02625,216.38521,336.419,120.0338,treino
2000-06-21,252.0,279.63763,30.592966,217.85709,334.99988,117.14279,treino
2000-06-22,251.0,275.5719,29.497192,216.89691,329.02087,112.12396,treino
2000-06-23,240.0,270.3059,32.018887,203.97937,327.82358,123.84421,treino
2000-06-24,236.0,265.30548,28.958246,200.08745,319.63715,119.5497,treino
2000-06-25,234.0,265.8454,30.139072,206.27014,324.45612,118.185974,treino
2000-06-26,236.0,264.5703,30.088598,200.9082,317.44153,116.533325,treino
2000-06-27,227.0,259.73358,27.182407,201.2403,308.8096,107.569305,treino
2000-06-28,232.0,257.2055,30.262554,200.4845,311.8131,111.32861,treino
2000-06-29,229.0,254.2329,28.855827,192.89774,305.20218,112.30444,treino
2000-06-30,225.0,273.72717,30.255707,209.54282,324.42166,114.878845,treino
2000-07-01,232.0,255.2787,30.47591,199.81142,314.91565,115.10423,treino
2000-07-02,229.0,251.7133,28.116589,191.7186,300.71057,108.991974,treino
2000-07-03,222.0,248.55424,28.349306,190.02232,304.24258,114.22026,treino
2000-07-04,217.0,247.43915,27.951525,193.61226,293.1732,99.56093,treino
2000-07-05,227.0,246.04115,28.300228,192.69861,293.70767,101.00906,treino
2000-07-06,220.0,247.77852,27.651445,191.25536,295.87704,104.62169,treino
2000-07-07,220.0,246.87177,25.764608,197.87502,294.61642,96.74141,treino
2000-07-08,210.0,243.20396,27.985538,188.84392,293.704,104.86009,treino
2000-07-09,212.0,239.46745,28.754168,178.09787,292.6772,114.579315,treino
2000-07-10,210.0,244.35997,26.606634,192.40321,290.02847,97.62526,treino
2000-07-11,206.0,243.95308,29.914312,182.46857,296.12704,113.65848,treino
2000-07-12,204.0,245.2248,27.713154,189.09088,298.46585,109.37497,treino
2000-07-13,203.0,240.96916,28.007015,186.0878,292.55542,106.46762,treino
2000-07-14,202.0,238.85127,27.833572,181.55717,288.53174,106.97456,treino
2000-07-15,200.0,237.92166,27.439678,179.75546,283.853,104.097534,treino
2000-07-16,199.0,251.9625,29.640219,188.18947,305.02014,116.83067,treino
2000-07-17,197.0,234.81224,27.493647,176.33748,283.62537,107.28789,treino
2000-07-18,196.0,236.94638,25.943098,186.57158,286.5923,100.020706,treino
2000-07-19,195.0,233.8756,26.355083,179.6665,279.77618,100.10968,treino
2000-07-20,193.0,234.32382,26.163822,181.77153,282.8626,101.09108,treino
2000-07-21,191.0,232.38881,24.959259,183.25337,279.20062,95.94725,treino
2000-07-22,192.0,233.1406,27.369549,176.54506,288.1145,111.56944,treino
2000-07-23,191.0,231.94247,26.093994,183.60854,280.36295,96.75441,treino
2000-07-24,185.0,253.40895,30.060268,195.55116,303.9178,108.36662,treino
2000-07-25,180.0,226.77487,25.29367,177.53786,270.03784,92.499985,treino
2000-07-26,175.0,293.3893,37.250214,213.57184,360.68356,147.11172,treino
2000-07-27,181.0,253.75635,27.004402,200.47318,304.79248,104.319305,treino
2000-07-28,179.0,239.90894,26.641073,191.52596,286.26074,94.73479,treino
2000-07-29,185.0,230.59143,28.67545,177.9607,282.3053,104.344604,treino
2000-07-30,179.0,224.65762,25.992353,170.02538,270.54468,100.5193,treino
2000-07-31,176.0,227.48187,26.564095,173.74933,274.77997,101.03064,treino
2000-08-01,182.0,225.41203,25.074032,178.94797,276.1789,97.23093,treino
2000-08-02,181.0,221.97714,26.490364,167.70866,270.5723,102.86363,treino
2000-08-03,180.0,216.90703,25.342781,165.70476,262.62418,96.91942,treino
2000-08-04,178.0,230.50323,27.417103,178.55931,279.9519,101.39259,treino
2000-08-05,179.0,212.13396,25.15114,156.88683,257.95352,101.066696,treino
2000-08-06,170.0,236.08368,25.912277,181.30832,280.19604,98.887726,treino
2000-08-07,173.0,211.59006,25.73687,157.98125,265.64282,107.661575,treino
2000-08-08,169.0,210.04733,23.544819,162.50572,253.83054,91.324814,treino
2000-08-09,165.0,213.56573,23.964018,165.33365,260.90198,95.56833,treino
2000-08-10,161.0,206.07169,22.967285,155.24559,245.48671,90.24112,treino
2000-08-11,158.0,203.08714,24.297451,152.05902,250.27283,98.213806,treino
2000-08-12,142.0,199.24025,24.409443,152.61378,243.66266,91.048874,treino
2000-08-13,140.0,196.63106,22.38915,146.38869,235.85223,89.46355,treino
2000-08-14,136.0,192.33795,22.780361,144.41602,230.55124,86.13522,treino
2000-08-15,125.0,190.82762,22.101725,150.93681,234.64319,83.706375,treino
2000-08-16,122.0,187.31822,23.609724,138.259,228.28897,90.02997,treino
2000-08-17,125.0,187.43973,21.420622,144.00699,228.65164,84.64465,treino
2000-08-18,123.0,188.33794,23.112288,145.54868,226.83775,81.28908,treino
2000-08-19,125.0,184.25354,22.016321,140.9169,222.74081,81.82391,treino
2000-08-20,121.0,182.85532,22.553701,141.53053,225.83902,84.30849,treino
2000-08-21,125.0,178.40518,21.676714,131.06342,218.96521,87.901794,treino
2000-08-22,121.0,178.89046,21.400393,137.01259,220.2042,83.191605,treino
2000-08-23,124.0,179.23741,21.88788,137.56754,217.25493,79.68739,treino
2000-08-24,121.0,175.42793,22.023413,127.327034,218.37892,91.05189,treino
2000-08-25,119.0,173.99019,21.137787,134.54767,209.17944,74.631775,treino
2000-08-26,118.0,169.47174,20.678635,125.46465,208.05466,82.590004,treino
2000-08-27,120.0,165.64583,19.556652,124.632744,202.55817,77.92542,treino
2000-08-28,121.0,163.6648,20.338865,122.784546,205.25153,82.46698,treino
2000-08-29,122.0,248.64568,47.915253,156.46228,344.63058,188.1683,treino
2000-08-30,123.0,262.75702,37.012146,189.53583,336.62772,147.09189,treino
2000-08-31,119.0,213.80634,26.057518,164.70197,258.5309,93.82895,treino
2000-09-01,339.0,233.99112,35.32367,159.7892,295.46912,135.67992,treino
2000-09-02,282.0,224.12659,33.223557,155.27876,280.9067,125.627945,treino
2000-09-03,371.0,399.7458,84.32499,227.89299,554.58514,326.69214,treino
2000-09-04,256.0,331.47626,38.87299,249.46638,408.25873,158.79234,treino
2000-09-05,495.0,293.5184,32.931034,225.46321,347.7884,122.32518,treino
2000-09-06,412.0,367.77267,42.068886,287.59216,444.63245,157.04028,treino
2000-09-07,208.0,401.36835,51.839264,300.97037,503.81552,202.84515,treino
2000-09-08,309.0,326.8172,39.610962,246.46835,404.37003,157.90167,treino
2000-09-09,221.0,282.63797,31.192356,221.32028,343.20453,121.88425,treino
2000-09-10,231.0,269.1912,30.033575,211.63582,332.73785,121.102036,treino
2000-09-11,232.0,254.44461,31.361265,193.80153,311.27908,117.477554,treino
2000-09-12,230.0,238.90784,26.614285,186.75539,287.31406,100.55867,treino
2000-09-13,236.0,239.16023,30.286215,178.92914,291.6851,112.75595,treino
2000-09-14,220.0,237.68791,29.970562,179.5742,288.6036,109.0294,treino
2000-09-15,233.0,205.05899,22.89751,163.70998,245.40182,81.69185,treino
2000-09-16,226.0,202.28305,23.540056,153.12529,244.02927,90.90398,treino
2000-09-17,201.0,198.78246,23.824198,150.20598,242.15956,91.95358,treino
2000-09-18,202.0,192.36613,20.997034,148.9629,234.12872,85.16582,treino
2000-09-19,185.0,197.07657,22.562963,150.53072,235.72597,85.19525,treino
2000-09-20,191.0,195.57202,23.293491,149.94548,236.69278,86.7473,treino
2000-09-21,180.0,195.43092,22.091337,150.22694,234.59763,84.37068,treino
2000-09-22,178.0,197.30214,23.803864,152.27667,245.58803,93.311356,treino
2000-09-23,167.0,182.81493,23.286724,133.287,224.86092,91.57391,treino
2000-09-24,159.0,177.7918,22.774729,130.62054,220.43292,89.81238,treino
2000-09-25,142.0,167.90372,21.226028,123.25809,206.34299,83.0849,treino
2000-09-26,130.0,174.78188,22.978462,131.19978,216.9821,85.78232,treino
2000-09-27,125.0,185.76718,34.906853,112.826256,254.50089,141.67462,treino
2000-09-28,116.0,167.08202,20.673386,125.46381,200.63716,75.17335,treino
2000-09-29,103.0,165.03244,20.23509,129.0148,203.52492,74.51012,treino
2000-09-30,143.0,177.08801,21.435537,134.8357,216.17795,81.342255,treino
2000-10-01,119.0,162.3318,19.625214,121.56293,196.31009,74.74716,treino
2000-10-02,132.0,195.74428,36.149242,119.79492,259.2389,139.44397,treino
2000-10-03,132.0,180.93083,20.454613,141.15413,219.14925,77.99512,treino
2000-10-04,132.0,184.30199,21.041758,141.55252,224.1711,82.618576,treino
2000-10-05,127.0,193.7105,23.007204,149.13223,240.74184,91.609604,treino
2000-10-06,142.0,195.49617,25.751228,145.13327,244.56235,99.42908,treino
2000-10-07,134.0,179.09392,23.34352,132.1744,222.3856,90.21121,treino
2000-10-08,112.0,164.3522,20.723566,125.404144,199.30946,73.90532,treino
2000-10-09,103.0,166.33968,22.918606,120.70201,208.63837,87.936356,treino
2000-10-10,101.0,162.86253,22.161842,113.86964,200.23738,86.367744,treino
2000-10-11,98.0,167.77907,20.927525,128.1878,207.11913,78.93132,treino
2000-10-12,92.0,153.131,20.174212,111.439674,191.58496,80.14529,treino
2000-10-13,90.0,145.12856,17.766453,107.350746,177.66275,70.312004,treino
2000-10-14,104.0,137.22456,17.773054,105.15782,169.87828,64.72046,treino
2000-10-15,96.0,128.13898,16.400835,96.91163,157.68205,60.770424,treino
2000-10-16,92.0,125.249756,17.700037,91.90117,159.7571,67.85593,treino
2000-10-17,94.0,130.06119,17.199856,93.116745,159.62048,66.50374,treino
2000-10-18,92.0,118.95478,16.772232,87.86021,151.54614,63.685936,treino
2000-10-19,88.0,112.7799,15.50441,80.38345,142.31639,61.932938,treino
2000-10-20,70.0,109.92184,16.761957,72.83035,140.04414,67.21379,treino
2000-10-21,66.0,106.31425,15.543968,74.99603,133.01602,58.01999,treino
2000-10-22,70.0,117.50367,19.706423,80.36552,157.99573,77.63021,treino
2000-10-23,65.0,183.45097,24.88081,130.0965,224.03703,93.94054,treino
2000-10-24,70.0,120.18796,16.783823,90.43091,151.61092,61.180008,treino
2000-10-25,65.0,130.65959,18.916958,93.03935,164.93474,71.895386,treino
2000-10-26,72.0,122.33286,16.800264,87.674736,151.22565,63.55091,treino
2000-10-27,71.0,120.507614,16.652142,87.84176,151.45033,63.608574,treino
2000-10-28,85.0,109.649155,15.88708,76.83985,137.59842,60.758568,treino
2000-10-29,93.0,129.51752,22.134424,89.73759,171.88823,82.15064,treino
2000-10-30,101.0,135.17401,26.316643,80.79544,184.42993,103.63449,treino
2000-10-31,92.0,116.581055,21.067633,68.82041,156.36205,87.54163,treino
2000-11-01,94.0,144.04834,22.478655,99.25671,184.55087,85.29417,treino
2000-11-02,169.0,154.16553,18.774023,121.38452,188.7126,67.32808,treino
2000-11-03,311.0,157.981,21.192232,113.83219,195.44646,81.614265,treino
2000-11-04,461.0,162.5981,27.533506,107.417625,213.07909,105.66146,treino
2000-11-05,567.0,168.54732,28.405191,110.94757,222.83568,111.88811,treino
2000-11-06,576.0,441.92468,109.70176,217.72537,648.8794,431.15402,treino
2000-11-07,490.0,405.28195,79.40203,256.81796,551.5816,294.76364,treino
2000-11-08,439.0,372.37473,58.6588,250.19308,479.25113,229.05804,treino
2000-11-09,401.0,329.11478,50.368343,227.00682,426.20724,199.20042,treino
2000-11-10,422.0,228.05617,28.313955,169.23373,275.22974,105.996,treino
2000-11-11,437.0,202.90549,24.123192,155.43216,247.28754,91.85538,treino
2000-11-12,614.0,222.13039,27.613998,168.79544,272.2549,103.45947,treino
2000-11-13,814.0,295.25363,45.49079,196.93748,373.43015,176.49266,treino
2000-11-14,1097.0,444.95358,93.33361,245.09697,627.35815,382.26117,treino
2000-11-15,883.0,715.4107,135.02295,452.61798,956.46844,503.85046,treino
2000-11-16,958.0,533.79755,55.077747,417.1259,635.54565,218.41977,treino
2000-11-17,900.0,524.8567,60.33075,403.57953,640.19385,236.61432,treino
2000-11-18,1055.0,602.16315,70.94257,469.84042,734.11957,264.27914,treino
2000-11-19,731.0,617.10406,92.49141,417.56143,777.23584,359.6744,treino
2000-11-20,600.0,626.83105,78.590744,461.11444,762.1366,301.02216,treino
2000-11-21,585.0,455.75363,50.122196,360.1091,553.25946,193.15036,treino
2000-11-22,517.0,737.27936,83.7519,584.26984,877.4397,293.16986,treino
2000-11-23,588.0,645.7044,75.34601,510.8877,801.6801,290.79242,treino
2000-11-24,459.0,579.59186,68.66039,443.7716,714.5233,270.7517,treino
2000-11-25,587.0,523.90857,61.93065,393.1474,632.0535,238.90613,treino
2000-11-26,713.0,604.77454,70.18596,464.92926,726.96106,262.0318,treino
2000-11-27,537.0,633.3111,74.94152,484.50082,764.99274,280.4919,treino
2000-11-28,397.0,583.763,78.58921,434.5094,721.67847,287.16907,treino
2000-11-29,575.0,524.2271,67.58562,373.31116,640.3519,267.04077,treino
2000-11-30,1087.0,655.8345,85.90334,468.66086,799.37256,330.7117,treino
2000-12-01,959.0,644.9088,116.277756,422.21765,887.154,464.93634,treino
2000-12-02,931.0,538.74097,61.767803,409.22122,651.2467,242.02548,treino
2000-12-03,856.0,712.0386,88.41442,539.8937,873.8365,333.9428,treino
2000-12-04,869.0,587.08325,60.48005,480.11273,694.0798,213.96704,treino
2000-12-05,1137.0,610.6027,65.69217,473.7034,722.2961,248.59268,treino
2000-12-06,916.0,590.1252,66.252884,473.11786,709.7082,236.59033,treino
2000-12-07,779.0,632.1259,69.96569,498.311,761.4431,263.1321,treino
2000-12-08,595.0,561.79504,60.919296,446.00726,678.73145,232.72418,treino
2000-12-09,577.0,481.61395,57.93101,354.39612,596.77893,242.38281,treino
2000-12-10,497.0,370.92996,39.812687,287.55774,439.91238,152.35464,treino
2000-12-11,511.0,544.78485,65.81634,400.8491,663.3184,262.46933,treino
2000-12-12,405.0,390.99722,45.06868,298.94547,471.60052,172.65506,treino
2000-12-13,640.0,332.252,38.84504,253.27888,396.00623,142.72734,treino
2000-12-14,646.0,431.71445,50.286007,320.34833,521.05457,200.70624,treino
2000-12-15,600.0,369.5658,43.48057,284.49176,444.95993,160.46817,treino
2000-12-16,848.0,411.05093,52.26448,303.5613,503.76974,200.20844,treino
2000-12-17,2123.0,424.79767,53.012413,322.02875,514.6478,192.61908,treino
2000-12-18,1122.0,1356.6454,251.02524,785.8035,1791.9469,1006.1434,treino
2000-12-19,1266.0,922.1197,113.16286,674.6493,1121.3774,446.72815,treino
2000-12-20,1314.0,994.38727,118.33108,764.43286,1209.3794,444.94653,treino
2000-12-21,1266.0,1019.4901,116.18211,787.21027,1228.0328,440.82257,treino
2000-12-22,1601.0,1064.9689,122.72207,797.3886,1305.1641,507.77545,treino
2000-12-23,1049.0,1164.7993,138.9574,864.09766,1416.2172,552.1195,treino
2000-12-24,975.0,1053.881,134.63326,799.60834,1274.5182,474.90985,treino
2000-12-25,745.0,813.4898,92.6477,613.11346,954.82166,341.7082,treino
2000-12-26,754.0,730.45715,87.33191,561.52686,889.82526,328.2984,treino
2000-12-27,713.0,649.6407,76.383446,495.84775,791.4387,295.59097,treino
2000-12-28,706.0,784.34216,89.62085,580.6096,946.12476,365.51514,treino
2000-12-29,784.0,811.4912,94.356125,626.0348,978.4037,352.3689,treino
2000-12-30,810.0,966.0025,118.680695,729.67,1190.0511,460.38116,treino
2000-12-31,841.0,953.80176,118.12808,703.19635,1163.07,459.8736,treino
2001-01-01,1117.0,1035.4442,129.00378,776.9247,1299.9708,523.04614,treino
2001-01-02,1337.0,1302.696,145.89569,1000.4063,1553.4586,553.0523,treino
2001-01-03,1521.0,1518.3861,178.0,1179.5964,1847.9412,668.3447,treino
2001-01-04,1505.0,1885.3119,215.55254,1426.2457,2259.621,833.37537,treino
2001-01-05,1402.0,1542.2201,188.32486,1184.5067,1884.1702,699.66345,treino
2001-01-06,1269.0,1670.5697,197.66548,1294.1469,2027.6648,733.51794,treino
2001-01-07,1046.0,1090.5419,129.1196,806.4212,1320.7499,514.3287,treino
2001-01-08,834.0,870.02435,97.495575,683.52966,1055.3718,371.84216,treino
2001-01-09,699.0,682.43945,78.38977,530.3174,825.31415,294.99677,treino
2001-01-10,617.0,752.9776,89.52556,566.86096,897.06995,330.20898,treino
2001-01-11,629.0,608.3297,68.089165,474.97916,718.81976,243.8406,treino
2001-01-12,645.0,592.4884,64.85714,459.81073,707.62573,247.815,treino
2001-01-13,582.0,544.61487,64.21271,423.4129,649.56885,226.15594,treino
2001-01-14,525.0,524.8124,58.215286,399.55142,626.8511,227.29965,treino
2001-01-15,487.0,468.7625,47.57557,374.9843,556.31177,181.32745,treino
2001-01-16,457.0,447.03772,51.236286,344.54874,536.1125,191.56375,treino
2001-01-17,420.0,437.87015,50.56587,340.30695,518.9513,178.64435,treino
2001-01-18,441.0,436.97922,49.555965,347.06192,531.17896,184.11703,treino
2001-01-19,436.0,401.78662,43.949852,323.6432,480.15338,156.5102,treino
2001-01-20,421.0,372.79477,42.333355,290.95618,445.85895,154.90277,treino
2001-01-21,426.0,384.1683,46.34148,291.6705,467.53894,175.86844,treino
2001-01-22,515.0,526.5488,71.4045,370.1001,658.4741,288.37402,treino
2001-01-23,592.0,424.49344,47.220314,331.73572,512.62616,180.89044,treino
2001-01-24,980.0,586.7594,68.99077,441.29572,702.1734,260.8777,treino
2001-01-25,604.0,709.60944,84.78336,531.25055,868.85284,337.6023,treino
2001-01-26,530.0,502.6326,62.96136,350.38345,611.2071,260.82364,treino
2001-01-27,520.0,453.4639,52.49761,350.51233,554.8226,204.31024,treino
2001-01-28,497.0,399.81125,43.063618,314.97916,480.07925,165.1001,treino
2001-01-29,464.0,502.26288,68.13729,341.59073,621.0107,279.41995,treino
2001-01-30,462.0,520.2481,76.414474,371.10745,646.5213,275.41385,treino
2001-01-31,457.0,380.37006,44.62983,295.7678,455.21292,159.44513,treino
2001-02-01,444.0,518.1418,57.884525,404.39035,621.2619,216.87155,treino
2001-02-02,410.0,496.1749,54.770176,390.2494,592.5114,202.26202,treino
2001-02-03,388.0,456.0846,49.229935,356.24637,540.49335,184.24698,treino
2001-02-04,386.0,374.0192,41.063976,297.0793,450.6142,153.53488,treino
2001-02-05,375.0,363.36554,39.145157,282.899,438.06458,155.16559,treino
2001-02-06,357.0,506.0958,69.09269,365.07758,637.6876,272.61005,treino
2001-02-07,341.0,469.16827,53.638943,354.68875,566.2812,211.59244,treino
2001-02-08,353.0,485.54202,68.147255,350.02112,617.6072,267.58606,treino
2001-02-09,333.0,415.21225,47.78893,317.94025,505.47974,187.53949,treino
2001-02-10,340.0,318.09918,34.810642,249.01715,377.35745,128.3403,treino
2001-02-11,355.0,311.27887,35.469795,237.11708,375.41858,138.3015,treino
2001-02-12,390.0,339.93314,40.733685,259.57687,418.74573,159.16885,treino
2001-02-13,353.0,515.52094,63.401592,374.99533,625.3978,250.4025,treino
2001-02-14,347.0,485.70126,64.173035,347.9912,599.6578,251.66656,treino
2001-02-15,340.0,369.10095,40.52228,293.6704,442.375,148.70459,treino
2001-02-16,365.0,292.3416,33.610565,220.63876,355.42938,134.79062,treino
2001-02-17,301.0,323.4159,37.45095,246.56041,387.91336,141.35295,treino
2001-02-18,276.0,308.74368,37.5579,227.90717,379.33582,151.42865,treino
2001-02-19,244.0,294.67548,31.86663,234.5695,353.99164,119.422134,treino
2001-02-20,225.0,297.15454,35.36318,223.34189,356.70416,133.36227,treino
2001-02-21,218.0,292.63513,32.60033,226.44244,353.0891,126.64667,treino
2001-02-22,209.0,266.30865,31.255608,205.38782,319.6944,114.30658,treino
2001-02-23,201.0,250.17007,30.864996,186.46088,301.95078,115.4899,treino
2001-02-24,190.0,239.67201,26.364347,189.42348,289.5796,100.15611,treino
2001-02-25,194.0,240.15526,26.888212,182.15393,287.652,105.49808,treino
2001-02-26,185.0,270.15887,35.453728,210.1317,335.91983,125.78813,treino
2001-02-27,190.0,224.0205,23.771368,171.67836,265.2929,93.61455,treino
2001-02-28,189.0,255.97847,34.444794,185.9424,319.17328,133.23088,treino
2001-03-01,207.0,238.14091,25.958385,188.24628,283.23083,94.98456,treino
2001-03-02,216.0,219.11859,25.62842,170.3582,268.2201,97.86189,treino
2001-03-03,233.0,224.303,30.327055,162.82378,278.03665,115.212875,treino
2001-03-04,298.0,224.495,23.835081,176.6414,267.28406,90.642654,treino
2001-03-05,371.0,235.6582,27.86589,183.40372,286.26328,102.85956,treino
2001-03-06,341.0,421.63007,83.08885,252.67151,582.9526,330.28107,treino
2001-03-07,378.0,327.01776,41.728188,249.17606,407.63257,158.45651,treino
2001-03-08,394.0,282.60385,33.167297,207.92252,345.62115,137.69864,treino
2001-03-09,511.0,308.8429,36.69095,227.10158,378.2275,151.12593,treino
2001-03-10,1828.0,475.87936,65.07603,352.1226,586.71136,234.58878,treino
2001-03-11,1033.0,484.11868,73.47438,342.41934,615.92236,273.50302,treino
2001-03-12,780.0,666.60846,85.20283,493.3618,834.6063,341.24454,treino
2001-03-13,706.0,891.59436,128.5328,626.76086,1140.8525,514.0917,treino
2001-03-14,772.0,671.0783,67.41788,539.4839,805.9299,266.44598,treino
2001-03-15,624.0,684.1216,80.09946,532.6343,815.1123,282.47803,treino
2001-03-16,556.0,583.6451,68.67029,442.6945,706.4495,263.75504,treino
2001-03-17,462.0,501.3974,53.386456,393.23807,590.4604,197.22232,treino
2001-03-18,402.0,411.65204,44.809875,317.7707,497.195,179.42432,treino
2001-03-19,329.0,358.4854,41.08286,276.9252,430.13953,153.21432,treino
2001-03-20,329.0,348.2067,41.538445,266.58365,416.57022,149.98657,treino
2001-03-21,247.0,311.3536,35.536533,240.18935,377.7425,137.55315,treino
2001-03-22,293.0,286.51788,33.730576,223.71915,352.8527,129.13354,treino
2001-03-23,274.0,278.94177,32.165165,208.24756,340.18228,131.93472,treino
2001-03-24,231.0,268.28308,28.478193,207.7723,321.2075,113.435196,treino
2001-03-25,215.0,261.82327,29.876907,201.53952,309.0415,107.50198,treino
2001-03-26,193.0,258.18066,29.46532,208.92552,314.66275,105.73723,treino
2001-03-27,200.0,257.04227,28.387093,199.15103,308.33203,109.181,treino
2001-03-28,229.0,386.02335,64.104065,251.72496,496.0915,244.36653,treino
2001-03-29,232.0,319.21042,66.48327,186.34792,430.9725,244.62459,treino
2001-03-30,279.0,359.2421,50.07643,246.33238,442.82935,196.49696,treino
2001-03-31,326.0,292.39822,33.33384,224.43921,354.01193,129.57272,treino
2001-04-01,339.0,413.5387,46.780117,319.8463,501.3442,181.4979,treino
2001-04-02,408.0,447.2376,50.74301,339.68524,535.36816,195.68292,treino
2001-04-03,365.0,425.5923,46.924458,334.8535,513.41534,178.56186,treino
2001-04-04,295.0,358.4873,39.36304,277.24237,432.43863,155.19626,treino
2001-04-05,272.0,318.77316,37.106773,248.88795,382.4327,133.54475,treino
2001-04-06,239.0,284.936,33.54936,211.98367,347.24542,135.26175,treino
2001-04-07,236.0,263.17062,29.62848,202.16602,317.68597,115.51996,treino
2001-04-08,224.0,261.29636,29.678019,179.89876,315.87106,135.9723,treino
2001-04-09,204.0,245.6331,28.576027,184.64897,297.2698,112.620834,treino
2001-04-10,196.0,230.2276,27.713099,168.72789,276.33017,107.60228,treino
2001-04-11,191.0,227.72206,24.986845,173.27068,272.77267,99.502,treino
2001-04-12,189.0,257.91132,30.761261,195.77916,310.7113,114.932144,treino
2001-04-13,187.0,216.20935,25.217999,163.6223,260.80368,97.18138,treino
2001-04-14,170.0,211.31343,24.144705,163.50299,258.03375,94.53076,treino
2001-04-15,160.0,227.71101,25.628746,168.68524,272.84955,104.16431,treino
2001-04-16,145.0,246.22247,30.284636,178.79185,299.04456,120.2527,treino
2001-04-17,140.0,212.79938,25.49224,161.17027,256.44504,95.274765,treino
2001-04-18,145.0,209.58531,25.170439,152.4756,253.1601,100.684494,treino
2001-04-19,141.0,209.28181,24.757727,161.79642,255.9647,94.16829,treino
2001-04-20,142.0,204.7699,24.073345,156.67519,246.04327,89.36809,treino
2001-04-21,134.0,205.55495,24.809532,157.81609,249.49294,91.67685,treino
2001-04-22,131.0,191.61552,22.502295,145.79878,231.58363,85.78485,treino
2001-04-23,123.0,189.4269,21.862122,146.73709,227.50804,80.77095,treino
2001-04-24,121.0,181.59424,20.934372,138.75334,224.20901,85.45567,treino
2001-04-25,121.0,176.59373,21.020008,135.4065,215.75136,80.344864,treino
2001-04-26,119.0,176.8797,22.584143,124.72036,214.94878,90.22842,treino
2001-04-27,111.0,172.61519,19.008013,134.44621,205.74734,71.30113,treino
2001-04-28,109.0,167.5764,20.512177,126.68579,204.55466,77.868866,treino
2001-04-29,105.0,166.40106,20.658157,122.30462,199.9272,77.62258,treino
2001-04-30,108.0,158.4962,21.68968,111.07787,198.28455,87.20667,treino
2001-05-01,109.0,156.41841,19.808506,113.1135,188.62897,75.515465,treino
2001-05-02,107.0,151.89552,18.244974,115.91289,187.9641,72.05121,treino
2001-05-03,109.0,149.00276,18.065865,115.16254,180.13692,64.97438,treino
2001-05-04,108.0,143.72546,18.508717,104.27632,177.22754,72.95122,treino
2001-05-05,108.0,139.41801,18.854372,101.14906,172.56921,71.42015,treino
2001-05-06,102.0,134.39632,18.777885,94.7072,168.44293,73.73573,treino
2001-05-07,102.0,140.03174,18.362514,104.077286,171.89064,67.813354,treino
2001-05-08,107.0,140.1106,17.63149,103.70066,170.37274,66.67208,treino
2001-05-09,111.0,128.12408,17.34594,94.6399,160.3953,65.755394,treino
2001-05-10,101.0,124.2589,16.84106,91.20721,156.46603,65.25883,treino
2001-05-11,112.0,122.73633,16.931803,91.462814,156.55045,65.08763,treino
2001-05-12,117.0,119.0575,15.078427,89.31383,145.01347,55.699646,treino
2001-05-13,127.0,118.71372,17.538656,82.197876,150.71841,68.52054,treino
2001-05-14,120.0,116.28431,17.085205,84.62206,147.04155,62.419487,treino
2001-05-15,142.0,127.95751,17.870584,91.22688,161.22002,69.99313,treino
2001-05-16,132.0,134.90746,16.404047,102.49844,164.5207,62.022263,treino
2001-05-17,201.0,365.36145,76.50213,211.77873,502.2108,290.43207,treino
2001-05-18,211.0,230.40547,28.836592,172.41016,284.07666,111.666504,treino
2001-05-19,196.0,188.75441,24.229706,144.76753,232.59633,87.8288,treino
2001-05-20,154.0,206.71524,24.734297,157.45499,250.26852,92.81354,treino
2001-05-21,144.0,195.94106,23.05594,149.04868,235.90843,86.85976,treino
2001-05-22,143.0,183.54176,22.220314,134.88838,220.99855,86.11017,treino
2001-05-23,165.0,155.77856,20.583982,113.69848,195.95251,82.254036,treino
2001-05-24,149.0,175.54964,22.170477,127.31286,212.23761,84.92475,treino
2001-05-25,142.0,155.78185,20.002932,112.64029,192.24634,79.60605,treino
2001-05-26,152.0,153.45335,20.538143,114.95099,191.21892,76.26793,treino
2001-05-27,159.0,152.21495,17.967299,118.91969,185.83536,66.915665,treino
2001-05-28,149.0,172.82573,22.672821,128.71207,213.30482,84.59276,treino
2001-05-29,145.0,160.70903,19.084236,121.68481,196.88164,75.19683,treino
2001-05-30,143.0,151.7941,19.65109,112.575134,187.25719,74.68205,treino
2001-05-31,141.0,157.85864,17.612572,125.18766,196.09216,70.9045,treino
2001-06-01,141.0,155.94826,19.169786,113.88967,189.95528,76.065605,treino
2001-06-02,138.0,152.62344,21.00752,114.58336,191.16202,76.57866,treino
2001-06-03,136.0,146.07027,19.035051,109.83784,185.3076,75.469765,treino
2001-06-04,135.0,139.9675,17.92243,105.9767,174.17023,68.19353,treino
2001-06-05,132.0,135.76585,18.073671,98.86607,171.07323,72.20715,treino
2001-06-06,135.0,130.50085,17.469524,97.37525,160.87381,63.498558,treino
2001-06-07,130.0,127.73379,16.359835,94.57186,158.91446,64.3426,treino
2001-06-08,126.0,121.47328,17.651258,87.32831,152.76959,65.441284,treino
2001-06-09,123.0,120.934814,16.117403,85.97346,149.85977,63.886314,treino
2001-06-10,118.0,124.93591,17.756624,86.83214,156.35568,69.523544,treino
2001-06-11,115.0,116.696434,15.5149765,86.28666,144.23108,57.94442,treino
2001-06-12,119.0,116.25523,14.873767,87.226166,144.35033,57.12416,treino
2001-06-13,115.0,113.956795,16.626621,81.1812,143.00261,61.82141,treino
2001-06-14,118.0,113.911156,16.109076,83.882645,143.181,59.298355,treino
2001-06-15,114.0,114.41504,15.271713,87.51468,141.5591,54.04442,treino
2001-06-16,112.0,110.3597,14.410753,81.45304,137.21353,55.76049,treino
2001-06-17,109.0,108.92483,16.385029,75.84527,139.62617,63.780907,treino
2001-06-18,105.0,111.14819,15.336085,81.95059,138.33861,56.388016,treino
2001-06-19,112.0,105.40564,15.838043,74.12823,135.92467,61.79644,treino
2001-06-20,109.0,106.732086,16.54381,74.56737,139.55042,64.98305,treino
2001-06-21,107.0,106.96931,16.010082,78.11411,138.3306,60.216484,treino
2001-06-22,102.0,106.37129,15.642751,76.59237,137.39806,60.805687,treino
2001-06-23,103.0,104.37788,15.417446,71.59267,132.92657,61.333908,treino
2001-06-24,102.0,102.51388,14.881815,69.762474,129.96881,60.206337,treino
2001-06-25,100.0,102.03252,14.671325,71.84863,130.10083,58.252197,treino
2001-06-26,101.0,98.99022,14.707191,70.840195,124.50368,53.663483,treino
2001-06-27,100.0,98.837296,14.357608,70.74689,126.02811,55.28122,treino
2001-06-28,101.0,97.09438,15.468457,64.70241,123.189995,58.487587,treino
2001-06-29,100.0,95.25406,14.611676,66.57826,122.02765,55.449387,treino
2001-06-30,99.0,93.22727,15.123747,58.755116,119.11752,60.362408,treino
2001-07-01,99.0,93.30672,15.945747,60.683876,120.56006,59.876183,treino
2001-07-02,99.0,93.14871,13.732612,66.504074,118.85379,52.349716,treino
2001-07-03,100.0,89.98302,15.413383,57.102066,115.24074,58.13867,treino
2001-07-04,100.0,92.103096,15.044029,62.63626,120.84334,58.207077,treino
2001-07-05,99.0,89.53681,13.47932,62.841885,112.34591,49.504025,treino
2001-07-06,99.0,91.57707,13.973229,61.64192,117.22713,55.58521,treino
2001-07-07,100.0,88.41624,14.10275,60.726784,115.238075,54.51129,treino
2001-07-08,99.0,86.455536,14.041808,61.84207,111.42933,49.587257,treino
2001-07-09,100.0,85.55975,14.943912,57.46978,111.651886,54.182106,treino
2001-07-10,100.0,85.57611,14.174751,55.723076,110.789215,55.06614,treino
2001-07-11,99.0,79.34571,14.511979,50.22457,105.17054,54.94597,treino
2001-07-12,100.0,81.570984,13.327496,53.93162,107.13696,53.20534,treino
2001-07-13,99.0,81.63814,14.047485,55.455666,107.393906,51.93824,treino
2001-07-14,100.0,77.166595,13.558615,50.80706,100.95535,50.148293,treino
2001-07-15,100.0,75.92564,13.615229,49.191723,99.0453,49.85358,treino
2001-07-16,100.0,74.65238,13.788919,46.373707,102.79386,56.420155,treino
2001-07-17,100.0,76.179214,13.434214,50.595325,101.24187,50.64654,treino
2001-07-18,101.0,74.52009,12.880948,49.500935,97.52896,48.028027,treino
2001-07-19,99.0,111.27066,20.91071,67.60738,149.9353,82.32792,treino
2001-07-20,98.0,76.9421,13.19996,47.16284,100.261375,53.098534,treino
2001-07-21,100.0,75.41302,12.830495,51.430706,96.75446,45.323757,treino
2001-07-22,101.0,75.18508,13.598795,48.632526,100.64595,52.013424,treino
2001-07-23,101.0,72.64562,13.719428,44.94989,102.320465,57.370575,treino
2001-07-24,100.0,96.076904,15.404494,66.01304,126.00235,59.98931,treino
2001-07-25,101.0,79.54461,12.666889,51.611286,103.27835,51.667065,treino
2001-07-26,99.0,74.4976,12.909471,48.351276,97.15463,48.803356,treino
2001-07-27,101.0,78.66499,13.848718,51.770912,105.611206,53.840294,treino
2001-07-28,99.0,80.84718,13.723483,52.834217,105.10231,52.268093,treino
2001-07-29,101.0,86.10894,14.991104,54.51707,113.861084,59.344013,treino
2001-07-30,94.0,84.38149,14.050198,57.727592,110.58627,52.85868,treino
2001-07-31,97.0,79.35806,14.065118,50.78772,105.90419,55.11647,treino
2001-08-01,92.0,74.43444,13.493269,50.23736,100.75979,50.52243,treino
2001-08-02,90.0,71.68079,13.569267,44.849384,97.01054,52.16115,treino
2001-08-03,88.0,73.736244,13.567948,44.590218,98.242645,53.652428,treino
2001-08-04,90.0,70.97419,13.108759,44.365746,94.23635,49.870605,treino
2001-08-05,89.0,69.97567,12.853079,44.675976,94.33603,49.660053,treino
2001-08-06,86.0,66.98451,12.323151,42.19963,89.69939,47.499756,treino
2001-08-07,84.0,69.68313,13.955165,40.665237,93.304794,52.639557,treino
2001-08-08,77.0,68.799675,14.293943,39.844803,95.79786,55.953056,treino
2001-08-09,74.0,67.07254,12.789465,43.22261,92.043205,48.820595,treino
2001-08-10,73.0,64.43526,11.932531,38.97401,86.598656,47.624645,treino
2001-08-11,70.0,65.10309,12.807316,37.413403,90.77779,53.364384,treino
2001-08-12,70.0,65.142136,13.00565,39.331287,88.919876,49.58859,treino
2001-08-13,72.0,62.056557,12.03006,40.271576,81.883835,41.61226,treino
2001-08-14,71.0,62.59973,13.028998,34.772015,88.59893,53.826916,treino
2001-08-15,71.0,60.63685,12.981992,33.687424,87.4515,53.764076,treino
2001-08-16,70.0,61.74954,12.193337,35.93822,85.41694,49.478718,treino
2001-08-17,69.0,59.665295,13.32813,33.36016,85.78076,52.4206,treino
2001-08-18,70.0,61.329403,12.780277,37.14828,86.80949,49.661205,treino
2001-08-19,70.0,61.242233,12.576054,38.0377,84.151665,46.113964,treino
2001-08-20,70.0,68.970505,13.067536,42.586052,93.39854,50.812485,treino
2001-08-21,74.0,72.31871,13.968011,45.02881,98.08718,53.058372,treino
2001-08-22,73.0,69.318405,13.413144,42.021854,95.52839,53.506535,treino
2001-08-23,83.0,77.68688,17.883585,41.81955,110.43692,68.61737,treino
2001-08-24,87.0,173.61697,48.212006,75.99009,264.58386,188.59378,treino
2001-08-25,99.0,129.58708,26.395142,78.504745,177.41246,98.907715,treino
2001-08-26,111.0,97.81194,15.150558,66.180534,125.98156,59.801025,treino
2001-08-27,135.0,94.430954,14.437377,68.448814,123.41646,54.967644,treino
2001-08-28,115.0,121.09924,18.19842,87.364265,153.64857,66.28431,treino
2001-08-29,110.0,104.52701,15.895974,69.64256,130.97392,61.33136,treino
2001-08-30,118.0,171.93628,43.128098,77.80931,252.78787,174.97856,treino
2001-08-31,110.0,110.496735,15.846051,78.566185,138.67961,60.113426,treino
2001-09-01,127.0,100.91253,15.90255,70.345535,129.84102,59.495483,treino
2001-09-02,123.0,116.48146,16.712738,86.35565,148.54817,62.19252,treino
2001-09-03,118.0,119.163345,16.710869,88.392006,151.20668,62.814674,treino
2001-09-04,116.0,146.53696,18.9824,107.544365,185.26929,77.72492,treino
2001-09-05,108.0,102.82519,16.547485,68.34656,134.01746,65.6709,treino
2001-09-06,98.0,93.28895,14.796169,66.334625,123.647224,57.3126,treino
2001-09-07,99.0,88.65458,14.792205,58.963215,115.66161,56.6984,treino
2001-09-08,90.0,83.441635,15.198097,49.267647,110.297615,61.02997,treino
2001-09-09,95.0,83.01892,14.549296,50.00201,107.18089,57.178883,treino
2001-09-10,99.0,80.82907,14.841391,54.133705,110.533875,56.40017,treino
2001-09-11,88.0,78.0515,14.351086,49.73802,103.47191,53.733887,treino
2001-09-12,89.0,79.34352,14.61249,50.758095,109.80732,59.049225,treino
2001-09-13,125.0,79.20572,14.703879,50.623062,103.813965,53.190903,treino
2001-09-14,149.0,76.42809,14.390269,51.6719,102.06634,50.394436,treino
2001-09-15,139.0,180.11111,41.383114,95.2638,251.7447,156.4809,treino
2001-09-16,132.0,192.39479,45.69896,94.69054,274.39365,179.70311,treino
2001-09-17,120.0,105.11847,15.074919,76.44717,133.5917,57.14454,treino
2001-09-18,115.0,113.221695,16.175047,81.80239,142.40053,60.598137,treino
2001-09-19,115.0,134.44681,18.96732,94.61615,168.07425,73.4581,treino
2001-09-20,105.0,128.79994,17.311384,93.188194,161.32562,68.13743,treino
2001-09-21,102.0,129.2151,17.704393,94.214584,160.88039,66.6658,treino
2001-09-22,94.0,97.035484,16.637566,62.705116,127.284424,64.57931,treino
2001-09-23,90.0,92.089485,13.971347,66.54989,116.84376,50.29387,treino
2001-09-24,87.0,88.94657,15.940443,52.68863,117.274826,64.5862,treino
2001-09-25,106.0,79.52554,14.36569,48.38404,106.86361,58.47957,treino
2001-09-26,92.0,85.8426,16.55246,55.054466,115.78715,60.73268,treino
2001-09-27,78.0,86.16015,19.011267,44.750336,124.2748,79.52447,treino
2001-09-28,82.0,111.66999,22.74214,71.86319,159.39967,87.53648,treino
2001-09-29,98.0,87.2376,16.112812,55.701435,118.12546,62.424023,treino
2001-09-30,108.0,78.92397,13.379184,54.295837,106.11327,51.817436,treino
2001-10-01,250.0,85.66916,13.9561825,58.43822,110.30494,51.86672,treino
2001-10-02,297.0,112.272995,18.950436,76.1728,148.0092,71.8364,treino
2001-10-03,163.0,422.22107,106.9949,228.28233,614.2627,385.98035,treino
2001-10-04,197.0,263.14392,54.874855,155.74284,371.54977,215.80693,treino
2001-10-05,151.0,194.72675,31.902958,130.55873,254.14348,123.58475,treino
2001-10-06,150.0,195.6228,24.229965,145.17963,240.41473,95.23511,treino
2001-10-07,369.0,181.03745,23.446468,137.18442,225.72005,88.53563,treino
2001-10-08,592.0,325.34763,62.697475,201.41574,431.75253,230.33679,treino
2001-10-09,369.0,355.55017,61.266052,234.2842,466.24374,231.95955,treino
2001-10-10,262.0,217.64555,29.339937,158.39178,268.65033,110.258545,treino
2001-10-11,228.0,174.61209,21.82591,129.53775,211.42783,81.890076,treino
2001-10-12,213.0,259.12186,30.164955,192.26663,312.8669,120.60028,treino
2001-10-13,210.0,247.60782,29.817038,182.04784,304.52414,122.4763,treino
2001-10-14,193.0,201.2544,24.59028,157.81635,250.78589,92.96954,treino
2001-10-15,180.0,157.08939,19.418474,122.18889,192.13719,69.9483,treino
2001-10-16,176.0,124.57044,18.717554,86.53513,160.58226,74.04713,treino
2001-10-17,156.0,108.06452,16.003334,78.24584,139.47299,61.22715,treino
2001-10-18,163.0,93.89475,15.138538,61.57297,121.54515,59.97218,treino
2001-10-19,185.0,88.28516,13.745304,59.444542,113.06391,53.61937,treino
2001-10-20,149.0,292.18225,68.646034,144.95724,419.15002,274.19278,treino
2001-10-21,143.0,156.5881,28.718554,105.87177,210.54446,104.67269,treino
2001-10-22,140.0,135.48105,18.183128,98.33998,165.79665,67.456665,treino
2001-10-23,142.0,144.79646,19.915531,107.22151,180.86266,73.64114,treino
2001-10-24,128.0,135.33868,18.287605,97.04785,168.7373,71.68945,treino
2001-10-25,117.0,125.443726,17.797384,89.76403,157.79753,68.0335,treino
2001-10-26,106.0,115.38657,16.277128,81.29738,142.72385,61.426468,treino
2001-10-27,104.0,106.362976,17.65466,71.59268,137.7568,66.16412,treino
2001-10-28,17.0,103.17957,15.871765,74.37878,131.84138,57.46261,treino
2001-10-29,105.0,95.75353,15.351559,64.13003,122.758354,58.628326,treino
2001-10-30,303.0,90.402214,15.782231,59.97332,119.97095,59.997627,treino
2001-10-31,109.0,101.485435,18.424202,63.81236,136.57504,72.76268,treino
2001-11-01,109.0,169.55519,26.22795,113.113075,219.22577,106.11269,treino
2001-11-02,210.0,104.4567,27.037006,53.370934,150.25859,96.88766,treino
2001-11-03,203.0,184.9128,36.931313,118.34178,252.80505,134.46327,treino
2001-11-04,362.0,226.47896,32.40629,155.94257,289.25177,133.3092,treino
2001-11-05,211.0,229.14774,36.548634,150.34433,292.77585,142.43152,treino
2001-11-06,258.0,324.73187,55.432293,219.7148,426.97842,207.26363,treino
2001-11-07,300.0,241.93886,27.64273,186.04807,291.44907,105.401,treino
2001-11-08,248.0,253.5869,30.706232,195.2882,309.80566,114.51747,treino
2001-11-09,259.0,300.77563,44.0154,211.69804,379.14435,167.4463,treino
2001-11-10,257.0,172.75865,20.3465,130.94359,210.58946,79.645874,treino
2001-11-11,310.0,150.48799,19.755302,108.53983,186.83522,78.29539,treino
2001-11-12,376.0,182.10535,32.301365,115.6773,234.34854,118.67124,treino
2001-11-13,624.0,311.61874,61.44906,178.0474,421.2294,243.182,treino
2001-11-14,498.0,407.76263,81.54259,257.1263,571.7739,314.6476,treino
2001-11-15,503.0,362.22607,47.629704,259.08188,446.86807,187.7862,treino
2001-11-16,702.0,382.07028,45.736362,276.56897,463.0596,186.49063,treino
2001-11-17,1004.0,325.69772,41.5415,242.91354,398.97595,156.06241,treino
2001-11-18,756.0,518.08246,82.26847,362.1077,680.77936,318.67166,treino
2001-11-19,799.0,398.7725,50.58186,298.50296,489.34296,190.84,treino
2001-11-20,901.0,476.28595,66.750656,323.68674,588.1089,264.42215,treino
2001-11-21,553.0,483.43948,70.542206,341.65744,614.5586,272.90115,treino
2001-11-22,503.0,316.11224,38.436558,236.38396,388.38736,152.0034,treino
2001-11-23,450.0,343.40906,38.130375,260.4686,412.95993,152.49133,treino
2001-11-24,406.0,380.33997,62.75588,241.56726,485.47452,243.90726,treino
2001-11-25,352.0,283.4541,40.314007,203.57428,356.36722,152.79294,treino
2001-11-26,307.0,298.0306,42.116978,210.77408,372.34735,161.57327,treino
2001-11-27,264.0,246.65305,28.679907,186.97612,299.25916,112.283035,treino
2001-11-28,457.0,250.12492,31.244408,180.88713,303.76123,122.8741,treino
2001-11-29,556.0,263.637,32.493336,203.27623,321.36365,118.08742,treino
2001-11-30,697.0,365.4914,63.371002,233.77667,476.79984,243.02316,treino
2001-12-01,501.0,447.75458,106.50225,225.78304,629.87494,404.09192,treino
2001-12-02,450.0,509.33496,55.67932,392.80298,615.80774,223.00476,treino
2001-12-03,505.0,558.3477,67.88718,421.29767,680.10626,258.8086,treino
2001-12-04,448.0,529.6888,61.704887,396.60043,638.2349,241.63449,treino
2001-12-05,508.0,413.1843,43.716396,332.05508,494.8129,162.75781,treino
2001-12-06,358.0,333.31482,39.578224,253.84402,406.48077,152.63675,treino
2001-12-07,298.0,340.28134,50.920223,242.8012,425.48508,182.68388,treino
2001-12-08,270.0,303.20712,42.584934,223.20963,384.21356,161.00394,treino
2001-12-09,260.0,235.66534,27.568716,182.16728,284.9438,102.776505,treino
2001-12-10,223.0,239.90073,28.932161,185.71349,294.34442,108.630936,treino
2001-12-11,263.0,257.38644,33.245743,193.19931,316.97678,123.777466,treino
2001-12-12,210.0,252.10277,28.693735,196.23805,304.3805,108.14244,treino
2001-12-13,261.0,222.74712,25.825571,169.87991,269.84155,99.96164,treino
2001-12-14,210.0,300.74786,39.60079,212.73169,372.42142,159.68973,treino
2001-12-15,313.0,353.04968,66.87298,220.97392,463.30283,242.3289,treino
2001-12-16,626.0,427.9799,90.019714,253.96632,589.3534,335.3871,treino
2001-12-17,906.0,855.0892,126.37342,591.846,1084.8152,492.96918,treino
2001-12-18,1584.0,1055.9833,122.02415,828.59436,1285.2998,456.70544,treino
2001-12-19,1762.0,1685.6353,189.07835,1300.9645,2037.9242,736.9597,treino
2001-12-20,1368.0,1456.7927,178.29027,1105.7749,1795.0681,689.2932,treino
2001-12-21,1015.0,1194.4988,150.52554,896.5303,1467.3427,570.8124,treino
2001-12-22,1087.0,1101.1179,125.46234,869.38666,1319.8972,450.51056,treino
2001-12-23,1142.0,947.1925,107.468155,724.6101,1129.2562,404.64612,treino
2001-12-24,1092.0,1127.6268,134.04933,856.5123,1373.0288,516.5165,treino
2001-12-25,1294.0,1517.3693,183.34232,1161.6755,1864.6564,702.98083,treino
2001-12-26,910.0,1322.0708,154.137,1000.219,1593.7877,593.5687,treino
2001-12-27,910.0,1327.3245,193.11482,908.913,1651.7985,742.88544,treino
2001-12-28,1093.0,1327.302,150.15594,1037.0049,1630.9517,593.9468,treino
2001-12-29,2036.0,2233.9412,285.8334,1652.2853,2727.521,1075.2357,treino
2001-12-30,1826.0,2349.187,279.07773,1783.7404,2849.8467,1066.1063,treino
2001-12-31,1942.83,1951.5869,216.1168,1469.2369,2345.7725,876.5355,treino
2002-01-01,2104.8,1833.1274,212.6611,1334.9211,2159.5464,824.62524,treino
2002-01-02,1780.89,1906.426,217.05434,1507.8984,2305.493,797.5945,treino
2002-01-03,1491.54,1819.9691,204.71046,1424.4435,2212.4292,787.9857,treino
2002-01-04,1315.93,1321.3171,144.83083,1041.3855,1575.0533,533.66785,treino
2002-01-05,1148.57,1238.8251,146.70332,959.9722,1507.5148,547.54254,treino
2002-01-06,1049.72,1070.4178,117.05181,836.38403,1293.8864,457.50232,treino
2002-01-07,1265.11,1002.1831,106.23462,791.2045,1178.1661,386.9616,treino
2002-01-08,929.46,1061.4673,122.581375,814.90344,1278.2754,463.37195,treino
2002-01-09,799.83,867.8035,100.513374,680.78577,1058.5228,377.73706,treino
2002-01-10,733.02,783.03406,88.73006,613.2766,943.72266,330.44604,treino
2002-01-11,637.89,714.34644,72.683975,563.3998,838.7423,275.34253,treino
2002-01-12,859.96,642.6182,71.34791,501.9379,767.7881,265.8502,treino
2002-01-13,397.0,556.97064,65.66896,424.25458,680.8903,256.63574,treino
2002-01-14,529.94,744.30145,105.13404,532.8507,938.908,406.0573,treino
2002-01-15,592.44,797.4067,96.703545,586.3397,962.0427,375.703,treino
2002-01-16,1391.06,677.2386,78.02896,528.16565,833.99274,305.8271,treino
2002-01-17,1916.2,925.1405,119.31151,692.66125,1140.3024,447.6411,treino
2002-01-18,3891.65,1444.2223,179.96136,1041.8965,1738.3884,696.49194,treino
2002-01-19,1936.94,2287.4214,300.94437,1718.9478,2816.8655,1097.9177,treino
2002-01-20,2166.7,1742.0243,201.75377,1392.0042,2114.7043,722.7002,treino
2002-01-21,1620.87,1286.0239,149.78944,983.9247,1563.399,579.47437,treino
2002-01-22,1273.65,1127.9414,134.79724,854.7646,1362.624,507.85944,treino
2002-01-23,1063.31,1033.3529,118.996666,791.0716,1252.2573,461.18573,treino
2002-01-24,1002.44,941.26544,112.835175,702.06866,1141.9443,439.87567,treino
2002-01-25,920.43,998.40875,116.81749,755.7053,1218.5662,462.86084,treino
2002-01-26,1070.89,934.25397,110.36474,717.5763,1132.233,414.65674,treino
2002-01-27,988.87,1036.9113,120.01836,778.91626,1236.3395,457.42322,treino
2002-01-28,1195.2,1324.0647,158.8377,1024.0533,1607.1411,583.08777,treino
2002-01-29,1046.06,953.2647,100.36247,756.0228,1152.8945,396.8717,treino
2002-01-30,1358.24,972.44946,109.32325,761.6089,1176.2417,414.6328,treino
2002-01-31,1228.98,1199.274,139.84332,936.4638,1448.8954,512.4316,treino
2002-02-01,1279.97,1003.03125,101.27392,809.3765,1182.8921,373.51556,treino
2002-02-02,1504.59,1368.8766,157.30501,1031.9374,1654.5956,622.6582,treino
2002-02-03,1500.39,1166.8512,125.76408,925.83356,1381.9535,456.11993,treino
2002-02-04,1051.31,1110.3143,130.48766,874.25275,1377.7256,503.47284,treino
2002-02-05,1050.31,1150.2098,144.34096,883.0182,1417.6648,534.6466,treino
2002-02-06,1365.13,1261.8496,138.05193,978.5563,1513.2677,534.7114,treino
2002-02-07,1748.73,1230.8169,141.10059,927.8172,1480.1174,552.30023,treino
2002-02-08,1604.83,1335.6938,150.94798,1041.813,1625.1927,583.37976,treino
2002-02-09,1390.67,1746.4922,209.48419,1288.2855,2139.579,851.2936,treino
2002-02-10,2064.05,1839.8921,212.92451,1408.3585,2215.5908,807.2323,treino
2002-02-11,1795.78,1849.1265,232.1086,1377.39,2280.9304,903.5404,treino
2002-02-12,1493.8,1539.0337,182.53291,1129.297,1843.2211,713.9241,treino
2002-02-13,1425.09,1451.7848,172.05598,1100.8004,1762.5651,661.76465,treino
2002-02-14,1412.15,1338.6683,156.42346,1021.72003,1611.8145,590.0944,treino
2002-02-15,1203.36,1346.8999,150.3657,1022.1875,1643.5623,621.37476,treino
2002-02-16,1495.8,1229.6199,140.81677,961.27356,1510.9755,549.7019,treino
2002-02-17,1655.57,1636.519,199.51527,1265.044,2021.9104,756.86646,treino
2002-02-18,3162.52,2265.6165,274.999,1676.766,2768.307,1091.5409,treino
2002-02-19,3069.24,2317.6953,251.32999,1742.8661,2758.4604,1015.59436,treino
2002-02-20,2393.63,2398.8088,269.54636,1841.9211,2886.2332,1044.312,treino
2002-02-21,2460.76,2226.4766,260.16797,1671.2537,2693.281,1022.02734,treino
2002-02-22,2229.59,1947.6622,238.4824,1452.0006,2370.7239,918.72327,treino
2002-02-23,2045.41,2039.6077,238.58138,1562.9323,2470.1313,907.1991,treino
2002-02-24,2511.0,2005.5864,240.36357,1485.9923,2411.4968,925.5045,treino
2002-02-25,2367.13,1986.3048,225.83096,1547.0314,2423.0337,876.0023,treino
2002-02-26,1997.43,2018.755,250.766,1508.7921,2452.495,943.703,treino
2002-02-27,1735.77,1731.0068,194.65146,1367.4635,2083.3914,715.92786,treino
2002-02-28,1541.37,1502.3025,179.7,1091.8722,1815.2483,723.3761,treino
2002-03-01,1443.46,1412.0461,161.75627,1027.617,1670.3943,642.77734,treino
2002-03-02,1347.56,1351.5658,163.50493,1021.28723,1623.8809,602.5936,treino
2002-03-03,1348.56,1313.2411,153.64836,970.7391,1608.5886,637.84955,treino
2002-03-04,1349.56,1282.9862,152.57681,958.6302,1572.6243,613.9941,treino
2002-03-05,967.98,1214.7206,148.75612,889.3129,1485.861,596.54803,treino
2002-03-06,1065.2,1250.6864,149.16127,916.6707,1515.348,598.6773,treino
2002-03-07,1163.74,1080.2657,118.84815,843.6793,1275.7434,432.0641,treino
2002-03-08,883.02,976.82,113.42207,737.28784,1161.1268,423.839,treino
2002-03-09,775.54,932.4698,105.46499,732.5773,1134.0713,401.49402,treino
2002-03-10,787.11,816.3283,100.82304,591.69037,985.383,393.69263,treino
2002-03-11,677.63,746.1205,84.94982,579.5153,880.44366,300.92834,treino
2002-03-12,591.35,690.45953,73.74642,533.6206,819.51495,285.89435,treino
2002-03-13,687.57,645.3301,72.40478,500.8148,782.3704,281.55563,treino
2002-03-14,679.63,612.24603,67.14663,475.5211,738.0997,262.57858,treino
2002-03-15,981.93,669.6055,77.32191,510.64847,808.5938,297.94534,treino
2002-03-16,783.17,703.7224,89.26575,518.5595,863.88495,345.32544,treino
2002-03-17,686.57,915.70123,111.68282,711.32214,1129.1118,417.78967,treino
2002-03-18,874.07,794.877,87.55449,627.5556,953.39087,325.83527,treino
2002-03-19,780.48,869.24567,93.10371,680.12164,1042.5854,362.4638,treino
2002-03-20,973.5,780.1774,100.237114,574.3948,954.4911,380.0963,treino
2002-03-21,1064.32,931.0771,107.63076,688.0692,1119.4775,431.40833,treino
2002-03-22,1166.43,872.3253,93.24293,684.2293,1026.8832,342.65387,treino
2002-03-23,878.7,812.2259,94.84152,604.8349,968.09033,363.25543,treino
2002-03-24,1265.28,853.1264,104.699745,622.4746,1039.3873,416.91272,treino
2002-03-25,881.33,900.07294,113.84651,671.4886,1112.4314,440.9428,treino
2002-03-26,884.22,915.5329,111.56583,670.6819,1105.5704,434.88855,treino
2002-03-27,591.78,758.6912,83.07977,593.9408,903.73145,309.79065,treino
2002-03-28,791.11,767.0517,86.75895,583.855,916.4876,332.63263,treino
2002-03-29,591.67,712.12695,81.83943,534.3314,844.7972,310.46576,treino
2002-03-30,688.77,693.98773,78.24478,516.0272,846.0143,329.98706,treino
2002-03-31,590.78,673.7724,73.48303,541.1021,805.7267,264.62457,treino
2002-04-01,589.67,607.99115,70.04667,473.74136,737.71326,263.9719,treino
2002-04-02,491.44,552.5383,64.17433,431.5642,664.711,233.14679,treino
2002-04-03,493.33,502.25906,53.895752,391.92474,602.0176,210.09283,treino
2002-04-04,494.56,477.09598,49.82453,383.46167,574.4547,190.99304,treino
2002-04-05,408.22,447.7668,51.08269,328.47894,533.86176,205.38281,treino
2002-04-06,601.67,425.9543,49.93798,322.98584,515.28973,192.3039,treino
2002-04-07,310.0,415.8529,45.19394,330.47284,493.74533,163.27249,treino
2002-04-08,300.0,510.64923,58.514847,381.3376,618.23895,236.90137,treino
2002-04-09,497.44,481.4652,56.356346,370.87354,576.4167,205.54315,treino
2002-04-10,500.33,474.58298,51.04979,377.15396,572.4844,195.33041,treino
2002-04-11,494.56,451.2462,54.716194,327.02185,551.9887,224.96686,treino
2002-04-12,498.44,451.93677,49.46477,357.027,542.77954,185.75253,treino
2002-04-13,358.0,414.41507,50.74584,311.4392,508.95428,197.51508,treino
2002-04-14,493.44,403.10168,47.10281,316.4639,489.77728,173.31339,treino
2002-04-15,298.0,404.4095,44.04096,313.19632,479.98135,166.78503,treino
2002-04-16,398.22,382.46783,42.239216,294.21655,455.21088,160.99432,treino
2002-04-17,398.22,363.14468,41.712273,275.84814,441.81915,165.97101,treino
2002-04-18,303.0,363.13556,37.152565,291.55435,429.2499,137.69556,treino
2002-04-19,403.22,359.8116,40.217243,278.46423,429.54175,151.07751,treino
2002-04-20,402.11,349.0576,38.50006,269.33795,426.03964,156.70169,treino
2002-04-21,303.0,340.9351,39.278233,259.9009,418.61737,158.71646,treino
2002-04-22,405.34,336.77542,38.354576,252.69965,416.67975,163.9801,treino
2002-04-23,207.66,332.87888,37.811123,257.13278,403.87595,146.74316,treino
2002-04-24,306.0,327.04758,37.182056,246.88287,393.87302,146.99014,treino
2002-04-25,303.0,324.75317,35.268295,253.26947,388.45642,135.18695,treino
2002-04-26,295.89,313.61703,37.529686,237.30139,385.5756,148.2742,treino
2002-04-27,307.0,311.73303,34.609306,247.06865,373.28265,126.214005,treino
2002-04-28,210.78,305.78772,34.120026,230.93134,366.90085,135.96951,treino
2002-04-29,400.0,298.6059,32.335285,234.08772,354.90063,120.81291,treino
2002-04-30,303.78,296.9672,35.20031,223.04074,360.45755,137.41681,treino
2002-05-01,198.44,294.88077,33.536583,229.69395,349.9506,120.25664,treino
2002-05-02,401.0,279.1458,33.239132,213.75195,347.50616,133.75421,treino
2002-05-03,301.89,285.66898,31.541533,228.97813,338.24915,109.27101,treino
2002-05-04,204.56,283.56924,31.32719,220.3678,334.90836,114.54056,treino
2002-05-05,401.0,348.56567,42.565483,255.92297,428.90057,172.9776,treino
2002-05-06,402.0,348.45624,39.49975,267.26422,417.24313,149.97891,treino
2002-05-07,201.44,412.5584,57.18304,294.93048,507.2506,212.32013,treino
2002-05-08,399.0,316.64072,34.284946,247.36763,378.35272,130.98509,treino
2002-05-09,302.89,317.7834,35.076504,245.65094,378.63458,132.98364,treino
2002-05-10,302.78,349.6316,37.522305,268.47107,414.12534,145.65427,treino
2002-05-11,299.78,319.62863,39.161716,232.40158,389.47626,157.07468,treino
2002-05-12,295.78,305.54892,32.931026,240.23607,361.4797,121.24364,treino
2002-05-13,298.66,300.30917,35.97009,226.18259,361.0615,134.8789,treino
2002-05-14,197.67,298.69962,35.603878,235.33931,360.38303,125.04372,treino
2002-05-15,296.78,282.84915,33.48237,216.85555,343.52905,126.67351,treino
2002-05-16,201.44,281.11847,29.211126,221.02765,331.59793,110.57028,treino
2002-05-17,301.89,273.35287,29.74422,210.42831,332.58768,122.15936,treino
2002-05-18,397.0,289.10544,32.694508,213.36417,346.4164,133.05225,treino
2002-05-19,182.56,301.49063,35.78496,223.18327,364.42242,141.23915,treino
2002-05-20,304.0,338.24725,45.709255,238.84987,421.51962,182.66975,treino
2002-05-21,333.0,290.0456,34.2255,220.69353,349.92593,129.2324,treino
2002-05-22,136.44,274.03287,30.779547,210.70848,332.84613,122.13765,treino
2002-05-23,254.89,328.06564,35.988544,259.45648,397.14493,137.68845,treino
2002-05-24,204.33,285.3265,32.27056,210.46317,342.88428,132.42111,treino
2002-05-25,303.56,283.21906,32.57436,220.53714,345.15594,124.618805,treino
2002-05-26,246.78,279.90805,30.627596,214.62775,335.2155,120.58777,treino
2002-05-27,140.22,269.7256,32.20025,203.93607,328.1257,124.18964,treino
2002-05-28,298.67,263.83762,31.667309,195.00105,316.04904,121.04799,treino
2002-05-29,209.22,258.11557,26.201784,206.63365,309.6144,102.98076,treino
2002-05-30,219.67,248.41862,28.232801,193.11446,302.4852,109.37074,treino
2002-05-31,333.0,249.62193,28.48689,189.03566,294.57172,105.53606,treino
2002-06-01,138.56,242.85231,25.948023,195.7649,293.0602,97.29532,treino
2002-06-02,233.66,237.18156,27.224205,179.15488,283.85773,104.70285,treino
2002-06-03,213.67,234.5653,26.74426,183.57779,288.11456,104.53677,treino
2002-06-04,212.56,232.64099,26.986929,182.89935,284.7018,101.80246,treino
2002-06-05,216.56,227.52458,26.64753,175.67703,273.82004,98.143005,treino
2002-06-06,218.56,229.65482,25.65793,173.46991,276.91748,103.44757,treino
2002-06-07,213.44,228.7182,25.791306,171.44127,274.77536,103.33409,treino
2002-06-08,215.67,227.08151,25.007065,178.36926,267.42773,89.05847,treino
2002-06-09,150.22,224.0488,24.579212,177.01471,265.2783,88.26358,treino
2002-06-10,253.67,220.95734,24.582298,167.4755,264.53384,97.05835,treino
2002-06-11,251.56,219.49193,26.478651,167.59799,268.46335,100.86536,treino
2002-06-12,270.19,219.79224,26.175455,168.63303,269.1482,100.51517,treino
2002-06-13,193.09,215.19255,26.212585,167.75375,265.05682,97.30307,treino
2002-06-14,194.09,216.79173,26.95054,160.61427,265.68372,105.06944,treino
2002-06-15,196.09,211.56667,23.946495,169.08679,254.90883,85.82204,treino
2002-06-16,243.33,208.09204,23.773966,160.2108,252.92293,92.71213,treino
2002-06-17,108.83,203.98744,24.878063,152.93547,246.14839,93.21292,treino
2002-06-18,324.85,203.99573,22.8289,157.48122,244.12488,86.64366,treino
2002-06-19,130.32,206.53511,23.282658,161.52046,249.48125,87.960785,treino
2002-06-20,235.37,204.13025,25.01522,145.46552,251.04485,105.57933,treino
2002-06-21,119.11,199.23576,22.833591,151.65997,239.64372,87.98375,treino
2002-06-22,224.96,197.35555,22.596764,150.45953,237.90283,87.4433,treino
2002-06-23,127.94,194.7101,22.259064,146.97156,233.17319,86.20163,treino
2002-06-24,313.67,195.10521,22.163395,145.14668,235.80228,90.655594,treino
2002-06-25,126.74,191.48932,21.315552,150.68553,228.65858,77.97305,treino
2002-06-26,126.94,192.13217,22.773727,146.7276,232.46245,85.73485,treino
2002-06-27,229.45,189.09837,21.894993,144.62564,228.31358,83.68794,treino
2002-06-28,127.06,187.4819,23.163181,138.41734,226.05052,87.63318,treino
2002-06-29,224.85,188.09438,22.040848,140.09,227.71666,87.62666,treino
2002-06-30,120.23,187.38795,21.55894,144.06906,224.94939,80.880325,treino
2002-07-01,224.28,188.77191,21.117453,145.95656,226.42111,80.464554,treino
2002-07-02,223.85,186.16263,20.647064,139.67819,221.8018,82.12361,treino
2002-07-03,117.23,187.39272,22.422739,139.68953,228.76018,89.07065,treino
2002-07-04,223.28,185.47678,19.536497,146.42497,219.07637,72.6514,treino
2002-07-05,127.74,183.57303,22.140676,141.75648,222.51631,80.75983,treino
2002-07-06,89.43,180.50084,20.641258,137.47594,215.03561,77.55968,treino
2002-07-07,214.28,180.90953,21.014874,141.3148,224.66374,83.34894,treino
2002-07-08,115.43,180.3515,21.992857,135.95123,220.51538,84.56415,treino
2002-07-09,116.74,176.79683,21.150227,129.2559,213.80452,84.548615,treino
2002-07-10,408.09,190.83606,24.451586,142.87341,234.14304,91.26962,treino
2002-07-11,117.74,191.55301,25.082134,139.8875,242.29716,102.40967,treino
2002-07-12,116.43,179.78476,25.067148,130.87242,222.86398,91.99156,treino
2002-07-13,219.28,205.30074,28.600874,146.0173,253.13542,107.11812,treino
2002-07-14,118.43,182.66985,21.388449,139.38136,219.21803,79.83667,treino
2002-07-15,208.65,188.73956,21.686825,143.3793,228.90233,85.523026,treino
2002-07-16,218.28,194.83218,24.408764,144.8562,236.70963,91.853424,treino
2002-07-17,211.65,191.12343,21.551723,147.74045,231.5381,83.79765,treino
2002-07-18,116.43,192.48145,21.586287,147.44563,232.66396,85.21832,treino
2002-07-19,123.37,179.32484,22.273308,136.38512,215.40134,79.01622,treino
2002-07-20,216.28,179.07834,22.527538,135.79689,219.96048,84.16359,treino
2002-07-21,20.52,167.51518,20.815805,127.01826,208.42105,81.402794,treino
2002-07-22,210.65,171.0977,20.583488,129.44453,210.52498,81.080444,treino
2002-07-23,212.28,180.69666,23.48497,132.20242,219.32178,87.119354,treino
2002-07-24,211.65,169.08537,22.295807,122.58477,210.69559,88.11082,treino
2002-07-25,110.43,164.99994,20.174427,122.04167,199.98541,77.94374,treino
2002-07-26,116.37,164.82487,19.303629,128.70152,196.35701,67.65549,treino
2002-07-27,119.37,168.76126,20.1925,127.09158,203.13913,76.04755,treino
2002-07-28,14.2,164.76422,23.227484,113.96915,202.19644,88.227295,treino
2002-07-29,217.96,160.1231,19.713251,121.46106,198.00351,76.54245,treino
2002-07-30,115.94,162.46945,20.432793,122.19135,201.10526,78.9139,treino
2002-07-31,108.23,158.60454,18.87984,119.2274,192.90996,73.682556,treino
2002-08-01,116.37,155.10225,20.302713,115.095985,191.84001,76.744026,treino
2002-08-02,116.37,155.81694,18.83849,112.8432,190.45543,77.61223,treino
2002-08-03,112.74,155.62553,19.330269,115.20919,190.76044,75.55125,treino
2002-08-04,106.15,157.15416,21.11319,115.27632,198.77235,83.49603,treino
2002-08-05,111.86,153.04213,18.288618,113.70721,184.24895,70.54174,treino
2002-08-06,25.68,153.62431,20.68889,114.01405,190.8153,76.801254,treino
2002-08-07,138.46,151.55983,18.695312,117.285255,187.96796,70.6827,treino
2002-08-08,147.63,145.2559,17.52803,111.530365,177.56374,66.03337,treino
2002-08-09,140.63,140.80371,19.036789,104.464966,172.98769,68.52272,treino
2002-08-10,155.91,145.306,19.12693,108.1728,180.14317,71.970375,treino
2002-08-11,130.37,137.68002,18.936386,95.653824,172.11475,76.46092,treino
2002-08-12,32.46,136.07957,17.693695,100.87996,169.70953,68.829575,treino
2002-08-13,138.63,137.65623,17.610638,99.47419,169.79012,70.315926,treino
2002-08-14,131.69,136.69586,17.94846,99.63437,168.11841,68.48404,treino
2002-08-15,117.41,132.14114,18.262758,91.65182,166.77383,75.12202,treino
2002-08-16,67.19,127.16555,16.502913,95.41773,155.36984,59.95211,treino
2002-08-17,82.13,131.54897,16.816998,95.127106,159.84235,64.71524,treino
2002-08-18,72.87,122.97022,17.232826,92.16883,155.53781,63.36898,treino
2002-08-19,37.63,119.68046,14.909808,89.3522,152.29594,62.94374,treino
2002-08-20,20.37,115.28263,16.187428,77.28624,146.72252,69.43628,treino
2002-08-21,26.31,122.33879,17.190046,89.01892,154.37958,65.36066,treino
2002-08-22,40.0,120.031364,15.483912,88.033066,148.351,60.317932,treino
2002-08-23,50.0,113.98583,15.947385,81.70736,143.40321,61.695854,treino
2002-08-24,60.0,114.12067,15.403695,81.662254,141.84177,60.179512,treino
2002-08-25,60.0,111.72199,15.286309,79.947464,141.14777,61.200302,treino
2002-08-26,60.0,110.40668,15.320327,79.56903,139.41522,59.84619,treino
2002-08-27,60.0,109.28634,15.146831,78.50906,136.87917,58.370102,treino
2002-08-28,65.0,219.16624,53.10643,114.023544,317.08698,203.06343,treino
2002-08-29,65.0,105.970505,15.078396,76.80573,133.75475,56.949013,treino
2002-08-30,65.0,108.98239,15.466492,79.04765,138.67676,59.629105,treino
2002-08-31,65.0,104.10002,15.5383215,75.67502,130.43633,54.761307,treino
2002-09-01,70.0,205.45912,39.709057,129.52179,275.0911,145.5693,treino
2002-09-02,80.0,246.74278,46.506454,155.27538,331.12698,175.85161,treino
2002-09-03,85.0,157.52812,23.043268,110.17441,202.06136,91.88695,treino
2002-09-04,85.0,171.50381,26.930944,118.2002,222.50348,104.303276,treino
2002-09-05,85.0,139.13661,16.432554,106.69621,173.78186,67.08565,treino
2002-09-06,85.0,197.57976,37.866512,116.54814,267.66568,151.11754,treino
2002-09-07,90.0,134.95752,17.791937,99.04087,167.44513,68.40426,treino
2002-09-08,90.0,175.3112,27.068687,116.39673,225.54996,109.15323,treino
2002-09-09,95.0,129.86395,18.18345,94.779976,163.91586,69.13589,treino
2002-09-10,95.0,138.29326,18.603022,102.437004,170.51338,68.07638,treino
2002-09-11,120.0,139.81032,19.400286,98.967186,176.69087,77.72369,treino
2002-09-12,150.33,128.65207,16.297586,94.648254,155.1826,60.534348,treino
2002-09-13,108.26,118.72892,17.092169,81.66108,149.53653,67.87545,treino
2002-09-14,188.39,111.374725,16.313063,76.48863,140.98607,64.49744,treino
2002-09-15,98.2,104.78225,15.807567,75.15597,132.24883,57.092857,treino
2002-09-16,107.0,103.105385,15.232992,72.097496,129.6635,57.566,treino
2002-09-17,100.14,105.3518,15.313558,76.55011,136.29613,59.746017,treino
2002-09-18,61.06,105.06894,14.611849,72.75642,130.94795,58.191536,treino
2002-09-19,97.89,100.31221,14.715385,68.48655,126.23297,57.74642,treino
2002-09-20,88.2,100.366325,14.535632,72.045364,124.654396,52.60903,treino
2002-09-21,249.67,112.199455,21.796303,68.17433,154.00652,85.832184,treino
2002-09-22,237.06,119.04806,25.364698,69.332756,167.45348,98.12072,treino
2002-09-23,281.43,193.2745,39.590816,121.80629,269.0179,147.21162,treino
2002-09-24,470.0,275.16428,59.172398,138.72826,389.66953,250.94127,treino
2002-09-25,158.16,317.566,52.42936,216.37518,416.78833,200.41315,treino
2002-09-26,172.39,217.26358,24.205185,169.83722,263.49976,93.66254,treino
2002-09-27,20.5,209.84784,26.622726,150.90094,256.28064,105.3797,treino
2002-09-28,326.06,212.46246,25.86713,152.69012,258.62762,105.9375,treino
2002-09-29,172.28,183.44789,23.66786,133.94727,225.38152,91.43425,treino
2002-09-30,189.55,159.24605,21.659119,116.11381,199.78082,83.667015,treino
2002-10-01,151.39,138.50371,18.94922,102.13141,173.07518,70.94377,treino
2002-10-02,85.77,128.60802,21.29732,87.21952,167.45332,80.2338,treino
2002-10-03,43.0,119.05813,15.892709,86.23283,149.09015,62.857323,treino
2002-10-04,120.77,110.41598,16.700756,77.603294,140.25848,62.65519,treino
2002-10-05,195.39,164.48909,36.557926,89.03353,227.5919,138.55838,treino
2002-10-06,40.5,120.23959,16.221926,91.31788,150.69803,59.38015,treino
2002-10-07,37.38,103.07205,16.834568,68.270195,133.73073,65.46053,treino
2002-10-08,53.39,107.05555,15.5350275,74.43509,135.3264,60.89131,treino
2002-10-09,76.07,102.69294,15.369221,75.03553,131.13936,56.10383,treino
2002-10-10,73.96,96.48052,15.952549,62.79532,123.49009,60.69477,treino
2002-10-11,70.07,92.54371,15.653001,62.631462,118.76474,56.133278,treino
2002-10-12,70.19,90.04016,15.368128,58.731926,119.14371,60.41178,treino
2002-10-13,72.76,78.119194,14.14203,52.31461,106.14145,53.82684,treino
2002-10-14,69.76,77.9516,14.465795,48.628513,104.362885,55.73437,treino
2002-10-15,69.76,71.94653,14.150464,38.231068,96.1755,57.94443,treino
2002-10-16,63.64,69.07602,13.261731,41.683205,94.60283,52.919624,treino
2002-10-17,62.0,76.64924,13.757079,48.920525,101.6617,52.741173,treino
2002-10-18,62.0,76.99224,14.582373,50.385056,101.242195,50.85714,treino
2002-10-19,62.0,69.83303,14.243718,42.76681,97.94928,55.18247,treino
2002-10-20,60.0,71.80004,14.085771,46.302372,97.518486,51.216114,treino
2002-10-21,60.0,69.182236,13.696146,46.084507,97.30857,51.224064,treino
2002-10-22,58.0,67.77894,13.038002,45.08659,91.53312,46.44653,treino
2002-10-23,58.0,135.25558,29.369219,75.13662,189.32558,114.18896,treino
2002-10-24,58.0,74.431946,12.947273,51.85694,100.77634,48.919395,treino
2002-10-25,60.0,74.6394,13.682918,48.261497,102.287155,54.025658,treino
2002-10-26,60.0,83.58623,16.326775,55.235573,114.783005,59.547432,treino
2002-10-27,62.0,172.45049,36.746613,101.49951,245.76427,144.26476,treino
2002-10-28,62.0,100.529854,22.073933,56.104183,142.78157,86.67738,treino
2002-10-29,64.0,249.31313,64.292336,115.93259,366.038,250.10541,treino
2002-10-30,68.0,144.47325,25.72231,94.23077,193.21336,98.9826,treino
2002-10-31,70.0,232.13086,56.840565,122.59419,347.036,224.44182,treino
2002-11-01,231.21,217.03696,37.811813,138.92645,280.96677,142.04031,treino
2002-11-02,198.78,354.95242,67.81244,207.60655,473.69684,266.09027,treino
2002-11-03,158.7,220.66632,27.618778,164.97482,269.78876,104.813934,treino
2002-11-04,567.63,243.72855,29.350016,181.91852,299.7866,117.86807,treino
2002-11-05,1031.89,304.0278,50.662403,195.56389,399.23972,203.67583,treino
2002-11-06,334.35,548.63513,134.99985,256.63052,771.80206,515.1715,treino
2002-11-07,176.46,414.51382,55.303802,304.2593,515.9184,211.65909,treino
2002-11-08,290.16,348.09885,42.324257,263.0362,423.5168,160.48062,treino
2002-11-09,362.35,349.90515,40.271927,272.25278,423.6129,151.36014,treino
2002-11-10,248.08,308.2397,36.25756,241.63094,373.27866,131.64772,treino
2002-11-11,437.05,272.11035,32.551975,210.5231,332.05942,121.536316,treino
2002-11-12,371.35,422.43304,101.45591,229.08223,619.9902,390.90796,treino
2002-11-13,165.76,315.4597,37.437454,237.76627,385.8312,148.06494,treino
2002-11-14,226.98,223.28748,34.55669,152.45552,284.5015,132.04597,treino
2002-11-15,214.09,236.63477,28.522676,180.5275,291.41217,110.884674,treino
2002-11-16,233.08,275.01767,35.617554,202.5773,345.7796,143.2023,treino
2002-11-17,103.28,283.95007,36.4956,209.18839,346.17133,136.98294,treino
2002-11-18,329.17,292.2807,36.53594,222.0633,363.4704,141.4071,treino
2002-11-19,133.41,231.1719,25.103401,184.59984,280.9875,96.38765,treino
2002-11-20,332.17,224.50015,23.892057,178.09247,268.5439,90.45145,treino
2002-11-21,597.37,288.57834,32.56618,217.21666,345.78284,128.56618,treino
2002-11-22,525.61,430.02206,69.78007,290.60565,546.6678,256.06213,treino
2002-11-23,396.3,571.3394,87.61604,401.48157,722.63696,321.1554,treino
2002-11-24,391.98,521.76227,69.55543,394.38498,648.4562,254.0712,treino
2002-11-25,377.3,480.6424,57.69917,372.97235,593.94434,220.97198,treino
2002-11-26,458.11,547.1444,62.52583,422.45605,649.2095,226.75342,treino
2002-11-27,360.98,547.5824,65.8326,432.53638,673.62616,241.08978,treino
2002-11-28,395.3,500.16736,58.32133,382.78436,608.1293,225.34491,treino
2002-11-29,261.35,360.96313,39.580315,279.02844,428.6858,149.65735,treino
2002-11-30,255.72,335.29562,39.17093,257.1678,407.88092,150.71313,treino
2002-12-01,257.35,282.78748,32.60023,221.10715,343.0987,121.99155,treino
2002-12-02,190.54,233.41325,29.383654,172.70844,289.75674,117.04831,treino
2002-12-03,224.85,203.87477,24.70989,152.62947,250.45396,97.82449,treino
2002-12-04,70.17,183.54541,22.354683,135.83847,224.6911,88.85263,treino
2002-12-05,18.56,187.2296,29.579557,127.72973,239.46304,111.733315,treino
2002-12-06,190.17,193.92612,25.301502,143.60829,238.5746,94.96631,treino
2002-12-07,248.04,252.52509,37.564896,175.34785,315.03244,139.68459,treino
2002-12-08,416.65,345.65793,42.19491,258.88367,417.40753,158.52386,treino
2002-12-09,806.61,362.20657,50.486706,256.35587,455.07373,198.71786,treino
2002-12-10,831.74,650.2255,111.46399,423.0069,835.2575,412.2506,treino
2002-12-11,659.13,581.23846,74.477295,436.13153,720.80994,284.6784,treino
2002-12-12,888.61,1005.3796,161.23126,659.2664,1284.4851,625.2187,treino
2002-12-13,2279.5,1245.9354,143.79808,975.892,1524.1611,548.2691,treino
2002-12-14,1830.11,1697.7039,221.92094,1246.1836,2125.528,879.3445,treino
2002-12-15,1589.98,1560.3401,196.84575,1198.0938,1938.0854,739.9917,treino
2002-12-16,1583.93,1404.2288,178.5152,1025.5184,1701.4724,675.954,treino
2002-12-17,1308.59,1453.979,176.34615,1105.4108,1774.202,668.79126,treino
2002-12-18,1267.59,1262.3057,136.0901,982.91486,1486.7571,503.84222,treino
2002-12-19,1185.96,1152.786,125.56823,897.0636,1378.041,480.97742,treino
2002-12-20,1122.15,1023.59845,125.767975,750.42865,1236.4569,486.02826,treino
2002-12-21,1114.2,988.59155,106.97937,794.05835,1187.4648,393.4065,treino
2002-12-22,793.13,1025.1123,122.46342,774.2297,1241.044,466.81427,treino
2002-12-23,861.26,948.9452,115.21378,701.6445,1152.0385,450.39398,treino
2002-12-24,879.07,952.503,115.94887,697.54205,1145.6736,448.13153,treino
2002-12-25,1194.72,900.7382,111.37182,681.30334,1094.9324,413.62903,treino
2002-12-26,792.44,969.57104,116.35695,732.13513,1159.3528,427.21765,treino
2002-12-27,749.81,753.01575,85.064,579.59564,908.09973,328.5041,treino
2002-12-28,792.14,662.2599,72.17973,509.79663,782.9751,273.17847,treino
2002-12-29,678.0,857.8617,104.9188,664.44604,1046.08,381.6339,treino
2002-12-30,873.5,821.14124,106.95304,613.7728,1016.37634,402.60352,treino
2002-12-31,1093.35,851.07166,111.43001,610.352,1042.8971,432.5451,treino
2003-01-01,948.52,827.28143,107.00416,583.7096,1003.8799,420.1703,treino
2003-01-02,988.65,911.11804,132.84673,615.8445,1143.6409,527.7964,treino
2003-01-03,1429.0,908.76044,114.61028,666.5369,1113.1511,446.6142,treino
2003-01-04,1562.94,1245.0424,154.23637,946.87695,1547.918,601.041,treino
2003-01-05,1291.5,1316.628,158.00888,1033.2427,1608.147,574.9043,treino
2003-01-06,1574.26,1132.2347,125.53777,859.2822,1368.8663,509.5841,treino
2003-01-07,1473.13,1926.5046,225.26892,1490.2166,2307.8394,817.6228,treino
2003-01-08,1503.99,2064.3188,226.18282,1625.026,2453.4978,828.4718,treino
2003-01-09,1685.78,1692.1384,179.5581,1305.9901,2003.1332,697.14307,treino
2003-01-10,1263.3,1359.6017,150.81282,1043.0989,1633.5367,590.43787,treino
2003-01-11,1138.67,1182.6674,138.81047,926.21185,1446.0284,519.8166,treino
2003-01-12,1271.5,1226.9357,140.84572,924.2484,1476.3837,552.13525,treino
2003-01-13,1137.6,1089.3053,130.62865,856.2635,1340.1989,483.93536,treino
2003-01-14,1479.31,1284.1654,150.41005,995.4767,1554.4308,558.9541,treino
2003-01-15,1418.13,1102.4098,135.92784,842.7801,1335.442,492.66193,treino
2003-01-16,1669.96,1388.7128,162.66263,1032.5436,1671.7229,639.1793,treino
2003-01-17,1757.09,2151.6904,243.8309,1676.7257,2619.0242,942.29846,treino
2003-01-18,2164.11,2322.1846,276.88815,1763.3964,2857.3955,1093.9991,treino
2003-01-19,3034.02,2457.8574,286.58862,1921.9609,3025.606,1103.645,treino
2003-01-20,2429.85,2671.361,308.9318,1998.6608,3219.654,1220.9933,treino
2003-01-21,2203.63,2657.2068,307.40457,2008.5077,3184.6765,1176.1688,treino
2003-01-22,2157.63,2844.8098,318.3408,2238.6765,3395.0952,1156.4187,treino
2003-01-23,2150.27,2675.4958,320.0801,2066.3015,3260.1243,1193.8228,treino
2003-01-24,1998.73,2617.3242,305.45673,1995.0883,3203.634,1208.5458,treino
2003-01-25,1724.22,2495.8574,268.56528,1981.7549,2980.708,998.9531,treino
2003-01-26,1404.89,2194.1987,234.28276,1727.769,2618.4626,890.6936,treino
2003-01-27,1476.89,2027.4243,254.14143,1563.0693,2506.5818,943.51245,treino
2003-01-28,1643.06,1907.7771,217.66801,1492.2872,2301.5986,809.3114,treino
2003-01-29,1955.61,1766.913,214.36177,1288.3375,2147.3555,859.01794,treino
2003-01-30,1857.41,2143.5962,269.7848,1566.12,2586.6511,1020.5311,treino
2003-01-31,1934.68,2490.4204,281.98663,1897.1403,3010.6624,1113.5221,treino
2003-02-01,2166.08,2460.705,256.0386,1872.8557,2935.4482,1062.5925,treino
2003-02-02,1851.35,2378.1313,274.20828,1782.1211,2829.1917,1047.0706,treino
2003-02-03,1471.95,2072.1716,257.5187,1564.8511,2533.3157,968.4646,treino
2003-02-04,1469.4,1806.4833,217.83434,1343.4575,2217.7844,874.3269,treino
2003-02-05,1398.56,1469.9412,174.63568,1099.5945,1803.1165,703.522,treino
2003-02-06,1268.5,1281.0345,141.06421,1013.3854,1549.6461,536.26074,treino
2003-02-07,1204.77,1130.9935,125.66136,856.834,1365.1449,508.3109,treino
2003-02-08,1193.43,1031.0624,123.15579,777.7934,1263.0044,485.211,treino
2003-02-09,1118.24,961.115,106.93888,739.68695,1144.7241,405.03717,treino
2003-02-10,1145.89,879.8901,100.63694,669.4158,1045.4454,376.02966,treino
2003-02-11,831.83,795.70215,90.862144,598.10925,951.19525,353.086,treino
2003-02-12,931.43,727.81464,83.18244,545.918,871.6239,325.70587,treino
2003-02-13,845.67,691.10236,75.52725,530.68524,823.21686,292.53162,treino
2003-02-14,873.98,641.37366,73.722534,490.76315,768.88885,278.1257,treino
2003-02-15,1405.07,685.2321,76.02565,528.5806,831.14026,302.55963,treino
2003-02-16,803.06,981.75055,118.51886,752.00653,1195.7445,443.73798,treino
2003-02-17,1018.94,827.34106,96.41017,622.3585,983.9131,361.55457,treino
2003-02-18,1567.15,1089.0945,132.32884,840.0921,1335.5852,495.4931,treino
2003-02-19,1818.15,1791.8835,212.40756,1384.9794,2188.4673,803.4879,treino
2003-02-20,1083.89,1306.9232,156.7183,992.0596,1613.6154,621.5558,treino
2003-02-21,1015.93,989.4354,106.837166,775.46814,1167.2383,391.77014,treino
2003-02-22,945.0,932.29706,113.96878,702.9243,1131.413,428.48865,treino
2003-02-23,778.33,895.06177,102.691505,691.1504,1087.8627,396.71228,treino
2003-02-24,779.65,840.4568,97.37994,635.2694,1018.9303,383.6609,treino
2003-02-25,691.0,780.72345,94.52043,607.31085,940.216,332.90515,treino
2003-02-26,695.0,706.94336,77.241776,548.95264,845.9252,296.97253,treino
2003-02-27,521.02,640.0162,77.18345,494.69653,788.2687,293.57214,treino
2003-02-28,596.67,590.1411,69.45324,441.43948,702.0864,260.64694,treino
2003-03-01,530.33,544.9737,59.89409,430.17932,647.5347,217.35541,treino
2003-03-02,448.37,514.05286,60.563114,392.4484,624.7847,232.33633,treino
2003-03-03,577.3,490.25043,53.740124,373.46823,590.0254,216.55716,treino
2003-03-04,476.33,568.8459,63.392914,440.65094,689.7139,249.06299,treino
2003-03-05,493.33,531.8861,55.694733,428.9697,622.87866,193.90897,treino
2003-03-06,445.57,486.5239,55.30436,375.80237,587.1695,211.36713,treino
2003-03-07,636.47,455.91245,53.029377,339.04697,545.2857,206.23874,treino
2003-03-08,447.06,477.46964,54.318405,360.20483,573.23047,213.02563,treino
2003-03-09,707.0,716.72437,107.800186,485.94003,905.6818,419.7418,treino
2003-03-10,635.24,667.22534,78.63939,511.19434,805.5506,294.35626,treino
2003-03-11,722.0,586.312,73.550705,429.07773,702.2635,273.18576,treino
2003-03-12,604.47,634.2341,78.52411,487.61957,786.6588,299.03925,treino
2003-03-13,955.94,889.402,119.03074,655.55505,1126.0577,470.5027,treino
2003-03-14,963.59,921.67145,106.817055,712.0202,1105.3518,393.3316,treino
2003-03-15,1352.96,1061.397,115.70917,844.1904,1285.6001,441.40967,treino
2003-03-16,766.18,1049.0006,119.875435,815.3856,1272.3237,456.9381,treino
2003-03-17,1982.8,1420.5728,177.42314,1064.2362,1723.4374,659.2012,treino
2003-03-18,1458.5,1795.6539,224.57126,1306.5192,2180.8325,874.31335,treino
2003-03-19,1420.59,1214.616,131.16925,956.8577,1457.5708,500.71307,treino
2003-03-20,1177.87,1151.1112,130.15689,888.6604,1370.4924,481.83203,treino
2003-03-21,1340.31,1187.4274,144.88698,902.85815,1488.49,585.63184,treino
2003-03-22,1258.31,1137.1138,131.13013,866.4332,1379.4746,513.0414,treino
2003-03-23,1042.28,961.3421,116.25747,727.8162,1156.6504,428.83417,treino
2003-03-24,995.72,912.74646,112.52849,694.8229,1117.9956,423.17273,treino
2003-03-25,1460.69,878.8732,96.2927,674.66907,1069.5032,394.8341,treino
2003-03-26,810.81,770.0115,86.1789,586.1063,916.40027,330.29395,treino
2003-03-27,718.0,852.66156,102.91665,632.56006,1040.6246,408.06458,treino
2003-03-28,718.0,667.0223,81.725334,498.65292,801.782,303.12906,treino
2003-03-29,626.91,597.69305,69.15092,462.19147,718.7357,256.54425,treino
2003-03-30,636.0,557.8704,66.159805,423.68375,677.04816,253.36441,treino
2003-03-31,622.09,549.6591,61.754704,430.8177,658.7005,227.88281,treino
2003-04-01,278.37,523.6742,63.279835,399.52072,628.6035,229.0828,treino
2003-04-02,658.0,486.6688,56.432735,365.21558,588.7279,223.51233,treino
2003-04-03,486.81,498.42578,57.274174,384.93134,601.79114,216.8598,treino
2003-04-04,509.0,454.1011,54.092964,347.2572,548.5525,201.29529,treino
2003-04-05,497.0,536.6882,62.571396,404.60162,638.57935,233.97772,treino
2003-04-06,777.09,527.0027,62.749554,407.64258,635.7118,228.06921,treino
2003-04-07,502.0,584.68945,63.61687,460.24335,703.2664,243.02307,treino
2003-04-08,706.81,507.40036,60.539543,383.36115,609.80707,226.44592,treino
2003-04-09,500.0,583.04785,68.81346,455.7773,700.482,244.70468,treino
2003-04-10,646.91,529.01294,63.72097,413.17596,653.2632,240.08722,treino
2003-04-11,510.0,620.6461,71.044304,495.2681,759.33435,264.06625,treino
2003-04-12,498.0,490.05463,52.983215,389.83646,587.1636,197.32712,treino
2003-04-13,500.0,491.18262,53.055183,385.9831,593.29816,207.31506,treino
2003-04-14,505.0,514.5116,58.43077,393.95938,618.3237,224.36435,treino
2003-04-15,511.0,494.33408,55.555218,384.46964,591.2482,206.7786,treino
2003-04-16,420.09,448.87506,52.525192,344.22943,545.6758,201.44635,treino
2003-04-17,412.09,429.6043,50.387794,327.99173,522.76984,194.7781,treino
2003-04-18,421.09,412.31873,44.21052,327.72464,498.23755,170.51291,treino
2003-04-19,411.09,407.6656,43.750233,314.2735,486.3365,172.06299,treino
2003-04-20,378.81,398.66504,49.681023,291.48157,482.80264,191.32108,treino
2003-04-21,504.0,384.1464,40.24143,302.15207,465.34702,163.19495,treino
2003-04-22,310.81,382.16412,45.45979,285.5438,454.28333,168.73953,treino
2003-04-23,310.5,370.8742,43.005463,283.6293,450.7232,167.0939,treino
2003-04-24,319.19,357.85318,39.195507,280.7072,427.18842,146.4812,treino
2003-04-25,325.19,348.5467,41.527775,272.0452,429.9119,157.8667,treino
2003-04-26,317.81,342.02634,37.68018,262.20563,403.4561,141.25046,treino
2003-04-27,324.81,343.99075,38.35578,270.70947,417.25894,146.54947,treino
2003-04-28,411.41,352.8092,40.37328,264.3591,428.40927,164.05017,treino
2003-04-29,344.19,328.95267,38.260746,250.7044,393.93356,143.22916,treino
2003-04-30,219.28,314.45294,37.367767,241.57222,380.7073,139.13509,treino
2003-05-01,310.81,304.3346,36.1178,233.89601,364.83768,130.94167,treino
2003-05-02,411.41,306.79053,33.051983,235.99846,362.2555,126.257034,treino
2003-05-03,164.91,352.63004,45.752945,258.94226,433.87518,174.93292,treino
2003-05-04,581.91,312.82172,35.30805,235.5877,371.05835,135.47064,treino
2003-05-05,309.19,342.60907,39.234776,260.27228,414.19427,153.922,treino
2003-05-06,504.0,470.82834,70.55945,320.18195,597.2409,277.05896,treino
2003-05-07,397.09,499.56375,60.99551,368.19748,603.3797,235.18222,treino
2003-05-08,394.09,372.05432,40.304367,282.3198,444.49933,162.17953,treino
2003-05-09,406.09,388.28998,43.23654,310.1162,472.90332,162.78711,treino
2003-05-10,387.41,387.10886,40.583927,305.03357,457.85013,152.81656,treino
2003-05-11,318.81,357.10364,42.87932,271.75174,432.83054,161.0788,treino
2003-05-12,215.91,335.49918,37.01417,264.6085,397.76328,133.15479,treino
2003-05-13,218.28,314.68704,35.88331,245.06404,383.925,138.86095,treino
2003-05-14,221.91,309.95087,33.746227,244.18686,375.41547,131.2286,treino
2003-05-15,406.41,302.48853,32.681236,237.19855,362.49637,125.29782,treino
2003-05-16,228.91,299.56946,33.30485,231.56009,360.06985,128.50977,treino
2003-05-17,218.28,298.71805,34.958412,229.94577,367.28946,137.34369,treino
2003-05-18,320.5,290.12463,35.733154,210.09473,351.30585,141.21112,treino
2003-05-19,231.22,286.83664,32.810097,223.79639,349.61996,125.82358,treino
2003-05-20,218.59,283.2644,35.14358,209.03867,344.5469,135.50824,treino
2003-05-21,310.19,280.8039,33.188347,207.72998,336.4788,128.74881,treino
2003-05-22,218.91,273.11218,29.159712,213.62274,325.01328,111.39053,treino
2003-05-23,310.81,275.15485,31.584433,207.89806,332.7065,124.80846,treino
2003-05-24,211.59,270.78775,30.988106,209.15414,326.4269,117.272766,treino
2003-05-25,210.28,264.43567,29.592377,204.32639,319.65936,115.33298,treino
2003-05-26,251.06,262.07947,31.527544,192.2585,320.66595,128.40746,treino
2003-05-27,169.04,261.62524,29.065561,206.6914,315.2565,108.565094,treino
2003-05-28,421.67,257.73264,31.629578,189.13257,318.54663,129.41406,treino
2003-05-29,253.57,269.75998,28.690653,211.93896,323.62598,111.68701,treino
2003-05-30,251.17,255.78618,27.697548,199.03288,305.9254,106.89253,treino
2003-05-31,336.59,251.72144,28.440186,199.00034,306.18222,107.181885,treino
2003-06-01,167.52,254.9424,28.865988,199.43605,304.77286,105.33681,treino
2003-06-02,251.06,250.6588,27.700134,198.56897,301.38773,102.818756,treino
2003-06-03,263.37,250.38925,28.774065,189.58524,300.32098,110.73575,treino
2003-06-04,256.0,253.98647,27.440908,199.57242,307.15875,107.586334,treino
2003-06-05,250.37,249.50143,28.53978,195.71066,299.1238,103.41315,treino
2003-06-06,331.7,249.56862,25.672739,200.97026,294.18008,93.20982,treino
2003-06-07,245.06,238.43906,28.520884,178.62843,289.88507,111.25664,treino
2003-06-08,242.06,237.08295,27.571262,185.84888,286.67374,100.82486,treino
2003-06-09,173.41,238.63794,27.762203,179.35432,288.80826,109.45393,treino
2003-06-10,252.69,235.16805,28.631973,172.75824,289.13916,116.38092,treino
2003-06-11,173.24,238.26076,27.527111,182.01929,286.94708,104.927795,treino
2003-06-12,246.17,230.46933,26.150297,173.6274,273.83755,100.21016,treino
2003-06-13,249.06,226.68771,24.29695,179.75691,269.90427,90.147354,treino
2003-06-14,254.06,229.19641,25.113482,176.99002,274.44812,97.4581,treino
2003-06-15,164.41,226.72163,26.775915,173.9382,275.0168,101.07861,treino
2003-06-16,248.69,226.28653,27.999357,172.17104,276.80515,104.63411,treino
2003-06-17,257.0,223.43443,25.530344,169.11032,267.23785,98.12753,treino
2003-06-18,159.41,224.56184,25.359133,180.17676,275.70642,95.52966,treino
2003-06-19,159.41,222.87875,25.597307,173.24538,267.83408,94.5887,treino
2003-06-20,163.41,222.55617,25.839972,168.16508,270.03232,101.86723,treino
2003-06-21,247.06,217.0708,25.163252,164.17137,265.56274,101.39137,treino
2003-06-22,170.67,216.18896,25.950548,163.95346,262.37662,98.42316,treino
2003-06-23,247.37,217.47781,27.001318,159.55826,263.01123,103.45297,treino
2003-06-24,69.46,212.79724,25.808422,154.19589,256.154,101.9581,treino
2003-06-25,285.41,208.49399,24.608541,159.20856,253.29485,94.08629,treino
2003-06-26,205.06,213.47249,24.26415,162.82278,257.46387,94.64108,treino
2003-06-27,199.19,211.37442,24.01995,158.20033,252.23933,94.039,treino
2003-06-28,207.13,212.00012,25.103577,160.21909,256.8429,96.62381,treino
2003-06-29,230.72,204.06387,24.03619,157.01474,247.97128,90.95654,treino
2003-06-30,152.56,209.08804,23.582006,163.38922,252.90778,89.518555,treino
2003-07-01,305.11,202.2558,22.155933,163.2048,247.12445,83.91965,treino
2003-07-02,152.13,199.5404,23.963257,148.31888,240.18712,91.86824,treino
2003-07-03,226.0,197.09032,23.137297,149.41643,240.39258,90.97615,treino
2003-07-04,228.4,195.78838,23.031574,147.84476,237.85721,90.01245,treino
2003-07-05,204.44,196.94571,23.914862,147.96783,240.22838,92.260544,treino
2003-07-06,198.56,195.13293,21.933273,153.48816,236.11684,82.62868,treino
2003-07-07,227.83,192.40186,22.692204,143.19554,231.845,88.64946,treino
2003-07-08,149.7,195.62149,21.958895,148.41356,232.90962,84.49606,treino
2003-07-09,227.0,190.65065,23.267239,139.58966,235.39833,95.80867,treino
2003-07-10,227.83,189.43939,21.99811,150.89473,229.71053,78.815796,treino
2003-07-11,303.22,187.7826,23.828543,137.65984,229.44748,91.78764,treino
2003-07-12,152.44,193.77917,23.648926,144.7764,233.91206,89.135666,treino
2003-07-13,157.44,235.80243,34.62075,162.36012,297.44778,135.08766,treino
2003-07-14,129.0,203.10529,24.57526,147.84407,248.98572,101.14165,treino
2003-07-15,279.2,198.09488,25.329073,147.0412,245.66995,98.62875,treino
2003-07-16,134.06,205.36469,24.993462,154.69698,250.92683,96.22986,treino
2003-07-17,209.56,208.12593,26.388355,154.3395,257.71927,103.379776,treino
2003-07-18,218.44,201.68797,24.302246,151.77156,245.54825,93.77669,treino
2003-07-19,125.8,193.12477,22.393927,146.63531,235.1307,88.49539,treino
2003-07-20,256.4,208.9735,25.968811,162.0718,260.60812,98.53633,treino
2003-07-21,191.44,213.38828,23.3143,167.16928,258.1462,90.97693,treino
2003-07-22,117.06,186.90813,22.320341,143.71124,228.01797,84.30673,treino
2003-07-23,263.95,177.31628,21.14983,136.50392,215.58063,79.076706,treino
2003-07-24,196.44,175.20532,21.851803,128.98282,213.93652,84.953705,treino
2003-07-25,201.33,173.79129,21.452251,136.04239,213.18376,77.14137,treino
2003-07-26,64.78,171.69312,21.356682,127.41077,212.79071,85.379944,treino
2003-07-27,238.33,167.88684,20.402134,121.60035,205.43575,83.835396,treino
2003-07-28,133.06,169.90613,19.701975,131.28687,209.8364,78.54953,treino
2003-07-29,203.44,169.58795,21.303286,127.128746,206.22595,79.097206,treino
2003-07-30,116.06,167.66197,22.259874,122.312035,209.75345,87.441414,treino
2003-07-31,197.56,168.17622,21.222254,123.74012,211.0517,87.31158,treino
2003-08-01,91.06,165.52307,20.859215,124.19085,204.31837,80.127525,treino
2003-08-02,137.83,166.94066,21.369188,120.83212,204.0712,83.239075,treino
2003-08-03,138.06,165.27037,21.546953,123.12393,207.39258,84.26865,treino
2003-08-04,143.06,164.25089,21.141998,120.81138,200.77457,79.96319,treino
2003-08-05,220.33,161.74522,19.742043,119.60155,196.38809,76.786545,treino
2003-08-06,216.44,157.24454,20.815102,116.403206,194.55545,78.152245,treino
2003-08-07,115.0,157.3022,20.80197,115.23659,192.8736,77.63701,treino
2003-08-08,115.0,162.52452,20.81125,119.93904,200.64145,80.70241,treino
2003-08-09,68.78,152.50201,19.199648,113.32307,186.58728,73.26421,treino
2003-08-10,67.67,144.63959,18.806921,107.65463,181.51965,73.86502,treino
2003-08-11,145.06,155.33899,20.21998,115.63998,191.78821,76.14823,treino
2003-08-12,326.46,153.10321,18.470585,118.58994,187.66133,69.07139,treino
2003-08-13,90.61,149.09323,19.26074,107.12427,184.46619,77.34192,treino
2003-08-14,154.93,193.3312,28.526648,129.16803,243.88306,114.71503,treino
2003-08-15,113.79,166.84818,23.898224,119.05064,207.58315,88.53251,treino
2003-08-16,130.65,156.73718,21.521364,114.64325,194.40845,79.7652,treino
2003-08-17,118.0,152.1178,19.751684,116.449036,186.56616,70.11713,treino
2003-08-18,59.3,160.2799,19.877224,122.2247,198.2753,76.0506,treino
2003-08-19,218.39,174.96309,21.957817,133.75316,218.75256,84.999405,treino
2003-08-20,67.3,165.9596,19.738724,127.98188,197.96504,69.98316,treino
2003-08-21,183.39,159.22533,19.747107,118.16332,193.28983,75.1265,treino
2003-08-22,110.69,157.51201,19.302502,117.8347,194.47867,76.64397,treino
2003-08-23,66.35,147.97005,18.63337,111.087555,182.78484,71.69728,treino
2003-08-24,273.95,145.60614,18.548635,108.04315,179.37912,71.33597,treino
2003-08-25,179.39,150.41008,19.680956,111.52245,189.24522,77.72277,treino
2003-08-26,24.3,175.72316,28.217808,113.43043,228.78996,115.359535,treino
2003-08-27,181.39,143.14684,18.020708,105.98546,176.59007,70.604614,treino
2003-08-28,331.85,147.8141,19.391502,109.79071,185.2196,75.428894,treino
2003-08-29,255.83,141.1285,18.616055,99.48228,172.15778,72.6755,treino
2003-08-30,85.35,150.51558,18.380642,115.96659,188.9772,73.01061,treino
2003-08-31,108.12,154.03835,19.687698,113.143196,188.61436,75.47117,treino
2003-09-01,229.22,187.16444,27.081436,126.41482,231.1929,104.77808,treino
2003-09-02,172.35,175.40077,21.3691,130.25911,215.37465,85.11554,treino
2003-09-03,152.78,175.43121,23.524506,129.72414,218.10616,88.38202,treino
2003-09-04,222.22,178.21056,21.585497,132.54817,215.65265,83.10448,treino
2003-09-05,155.04,160.69801,20.73516,122.94229,200.47662,77.53433,treino
2003-09-06,123.54,144.8809,18.432808,109.33496,178.49843,69.16347,treino
2003-09-07,167.78,123.92969,17.097548,91.242165,155.60005,64.35789,treino
2003-09-08,172.78,120.173676,16.460016,86.864044,148.6062,61.742157,treino
2003-09-09,144.59,121.89945,16.478836,89.3309,152.1182,62.787292,treino
2003-09-10,119.65,115.58719,16.724417,82.007675,144.4437,62.43602,treino
2003-09-11,106.53,115.84685,15.855255,82.84081,144.21086,61.37005,treino
2003-09-12,266.6,109.10431,15.109884,79.683464,137.93542,58.25196,treino
2003-09-13,86.89,149.6664,34.606632,81.85523,213.37738,131.52216,treino
2003-09-14,45.15,150.63942,25.383263,98.0326,195.16367,97.131065,treino
2003-09-15,289.98,132.45667,17.932505,94.75293,165.44281,70.68988,treino
2003-09-16,89.33,133.52524,16.434212,97.48753,163.65033,66.162796,treino
2003-09-17,103.33,153.20862,20.188549,111.49819,190.67522,79.177025,treino
2003-09-18,122.91,130.56157,18.139425,91.33782,162.21661,70.87879,treino
2003-09-19,117.53,123.4068,17.577826,85.51132,154.5619,69.05058,treino
2003-09-20,105.26,120.01273,17.386312,85.45217,148.91383,63.461662,treino
2003-09-21,111.59,118.41552,17.288248,83.259476,150.94638,67.686905,treino
2003-09-22,121.22,113.083084,16.368708,81.248764,145.48242,64.23366,treino
2003-09-23,120.91,108.20416,16.124418,75.41978,136.55473,61.134956,treino
2003-09-24,46.72,117.41574,16.76337,89.07953,146.47107,57.39154,treino
2003-09-25,71.21,100.14367,14.577097,71.15782,127.44092,56.283096,treino
2003-09-26,49.4,96.387985,15.63347,64.49853,125.28701,60.788483,treino
2003-09-27,192.73,92.95775,14.342859,66.81586,120.41167,53.59581,treino
2003-09-28,56.46,105.70808,22.419739,62.381084,149.75871,87.377625,treino
2003-09-29,45.15,100.10055,23.38122,52.828262,139.73013,86.90187,treino
2003-09-30,89.98,95.76865,14.734772,68.47604,120.947586,52.471542,treino
2003-10-01,71.26,94.62151,14.373874,67.09888,122.57296,55.474083,treino
2003-10-02,76.46,106.293396,15.691916,75.30458,137.15077,61.84619,treino
2003-10-03,88.46,119.40035,18.378344,83.7214,152.22728,68.50588,treino
2003-10-04,11.02,112.47625,15.85067,85.33472,141.13422,55.7995,treino
2003-10-05,54.54,98.672066,15.147609,73.29085,128.89253,55.601685,treino
2003-10-06,123.67,95.218376,15.485361,62.020596,124.556564,62.53597,treino
2003-10-07,87.91,89.10448,13.5829525,63.914814,114.83953,50.924717,treino
2003-10-08,85.91,97.49675,17.312614,62.30009,132.74594,70.44585,treino
2003-10-09,104.22,94.29246,23.53991,47.890404,143.28836,95.39796,treino
2003-10-10,102.54,91.83293,20.73094,47.661514,130.22815,82.566635,treino
2003-10-11,14.54,122.13132,27.999952,67.352875,169.84715,102.49428,treino
2003-10-12,83.72,113.55955,17.534443,80.60891,146.78694,66.17803,treino
2003-10-13,24.09,114.27504,15.925437,84.63501,142.62985,57.994843,treino
2003-10-14,154.48,130.42807,17.424318,97.62224,162.72525,65.10301,treino
2003-10-15,65.54,123.45861,16.581842,90.34738,152.88577,62.53839,treino
2003-10-16,19.09,119.232216,16.71241,85.111855,149.33392,64.22207,treino
2003-10-17,30.8,107.25748,15.81738,76.498856,134.95944,58.460587,treino
2003-10-18,118.78,98.623276,15.207354,69.41931,123.98636,54.567047,treino
2003-10-19,115.78,88.62558,14.4247265,60.911594,116.3368,55.425205,treino
2003-10-20,90.91,83.757935,14.812294,55.024517,111.417725,56.393208,treino
2003-10-21,152.78,79.79603,14.301219,50.856956,106.678795,55.82184,treino
2003-10-22,119.78,77.09388,13.502727,50.005493,101.6824,51.67691,treino
2003-10-23,185.78,84.83282,18.222307,46.6465,117.63468,70.98818,treino
2003-10-24,82.91,152.18166,45.662086,66.77272,240.25374,173.48102,treino
2003-10-25,71.91,92.20167,14.759536,64.040115,119.293465,55.25335,treino
2003-10-26,106.78,91.16714,14.733154,62.801777,118.674965,55.873188,treino
2003-10-27,91.91,98.02506,14.880558,68.26783,124.08015,55.812317,treino
2003-10-28,124.78,115.23095,16.475607,84.125305,143.41238,59.28708,treino
2003-10-29,60.91,112.81499,18.175734,77.358765,146.51624,69.15747,treino
2003-10-30,122.78,97.8323,14.687872,66.913445,125.161934,58.24849,treino
2003-10-31,57.04,87.991714,13.9196615,59.66843,115.61146,55.943027,treino
2003-11-01,318.39,206.1333,45.158134,118.429665,292.22815,173.7985,treino
2003-11-02,194.96,179.29309,33.78183,112.91043,243.89288,130.98245,treino
2003-11-03,72.3,287.78485,64.40701,165.49069,411.9312,246.44052,treino
2003-11-04,89.48,150.10773,18.90137,112.74903,185.20732,72.45829,treino
2003-11-05,254.52,174.03584,21.585451,128.79022,213.86266,85.07243,treino
2003-11-06,206.22,194.90454,23.345943,146.37181,239.73132,93.35951,treino
2003-11-07,193.65,216.42393,32.69261,151.85355,277.785,125.93146,treino
2003-11-08,105.48,261.68976,44.624653,176.94312,338.5575,161.61438,treino
2003-11-09,143.72,199.56935,23.321812,151.67195,241.35748,89.68553,treino
2003-11-10,261.15,207.9078,23.740553,167.08525,254.84497,87.75972,treino
2003-11-11,203.28,230.74937,27.584013,173.61168,278.4367,104.82503,treino
2003-11-12,220.59,185.36176,24.003237,129.94688,228.64775,98.70087,treino
2003-11-13,96.17,160.7094,21.739967,114.5067,200.37881,85.872116,treino
2003-11-14,204.96,145.3575,20.04716,103.62822,183.47212,79.8439,treino
2003-11-15,151.35,153.86855,23.156294,112.08835,197.47897,85.390625,treino
2003-11-16,143.09,140.79836,25.425169,91.29993,184.72176,93.42183,treino
2003-11-17,208.91,158.16579,28.099909,101.234566,212.28491,111.05035,treino
2003-11-18,200.96,218.88248,43.658096,137.60413,305.5062,167.90207,treino
2003-11-19,165.04,181.4265,22.557299,132.11552,220.23071,88.11519,treino
2003-11-20,320.39,331.4057,56.95308,208.36908,438.06122,229.69214,treino
2003-11-21,444.44,314.51093,48.848606,215.2348,400.71735,185.48254,treino
2003-11-22,205.22,420.64514,68.60186,274.8726,534.57587,259.70328,treino
2003-11-23,213.22,300.95038,34.21005,224.91493,360.08145,135.16652,treino
2003-11-24,207.22,254.6918,30.795141,195.18442,310.84128,115.65686,treino
2003-11-25,211.22,220.38153,27.208448,171.27458,268.95062,97.67604,treino
2003-11-26,302.78,191.60722,32.481823,132.33864,250.74223,118.403595,treino
2003-11-27,206.65,183.00204,22.63171,131.80043,223.15982,91.35939,treino
2003-11-28,179.67,278.89032,41.130566,199.4995,356.41714,156.91765,treino
2003-11-29,273.78,317.89536,58.799706,192.0418,423.7924,231.7506,treino
2003-11-30,720.22,370.68777,51.178066,269.98358,469.07993,199.09634,treino
2003-12-01,878.07,542.0931,98.88902,334.9024,719.5897,384.68732,treino
2003-12-02,946.39,609.5806,85.44165,412.88284,764.2395,351.35666,treino
2003-12-03,941.44,747.62537,98.01094,560.60376,908.23096,347.6272,treino
2003-12-04,1052.56,732.25696,88.95399,545.86633,887.62976,341.76343,treino
2003-12-05,893.46,802.80164,99.16162,585.5891,990.9007,405.31158,treino
2003-12-06,2020.78,945.7239,130.55527,700.30927,1165.9618,465.65253,treino
2003-12-07,1508.52,1292.1694,148.55688,968.5543,1562.4789,593.92456,treino
2003-12-08,1405.04,1177.9825,135.91397,918.3469,1425.5603,507.21338,treino
2003-12-09,1168.24,1134.7858,136.88419,822.4773,1373.9592,551.48193,treino
2003-12-10,902.46,990.58575,118.47348,752.0684,1197.2852,445.21674,treino
2003-12-11,779.78,809.5069,84.017914,643.8803,965.74054,321.86023,treino
2003-12-12,802.35,707.5397,78.96849,524.71747,848.99005,324.27258,treino
2003-12-13,558.56,755.0147,87.319115,568.87115,910.00525,341.1341,treino
2003-12-14,501.0,536.7295,60.478645,419.66232,654.52625,234.86392,treino
2003-12-15,442.44,509.71906,54.391006,401.70093,612.96674,211.26581,treino
2003-12-16,440.13,482.7538,50.686573,385.41037,579.8251,194.4147,treino
2003-12-17,281.52,408.33725,49.493572,305.89368,498.91876,193.02509,treino
2003-12-18,384.89,432.99268,50.199223,324.76785,523.65295,198.8851,treino
2003-12-19,329.33,354.5672,40.31488,270.4995,423.45773,152.95822,treino
2003-12-20,323.39,385.97034,43.755833,295.1894,461.0658,165.8764,treino
2003-12-21,325.7,321.97742,37.38118,243.7379,389.2709,145.533,treino
2003-12-22,275.78,390.21613,62.033127,257.92612,500.78107,242.85495,treino
2003-12-23,438.13,450.636,49.759655,348.6504,552.93945,204.28906,treino
2003-12-24,325.39,409.0071,47.410927,314.39688,497.24182,182.84494,treino
2003-12-25,494.0,383.47375,43.819572,287.86392,464.11734,176.25342,treino
2003-12-26,441.13,382.36584,43.206318,291.50787,469.60092,178.09305,treino
2003-12-27,1125.0,516.63586,60.7492,396.8244,618.6186,221.79419,treino
2003-12-28,615.74,468.54297,58.709396,343.64664,571.535,227.88834,treino
2003-12-29,440.13,386.78622,45.3315,294.37656,466.95383,172.57727,treino
2003-12-30,436.13,376.459,43.03969,295.9134,453.568,157.6546,treino
2003-12-31,604.74,402.64337,53.53709,290.035,494.88553,204.85052,treino
2004-01-01,778.41,556.404,85.69397,376.30673,709.48724,333.1805,treino
2004-01-02,781.72,667.03143,82.183586,493.711,815.0488,321.33783,treino
2004-01-03,892.52,914.038,116.98252,667.1194,1116.9731,449.85376,treino
2004-01-04,1134.57,1087.6176,125.97535,857.6324,1319.913,462.28058,treino
2004-01-05,899.09,1209.8107,151.8212,897.8527,1486.5216,588.6689,treino
2004-01-06,1131.57,1051.0703,139.72086,801.5979,1294.3412,492.7433,treino
2004-01-07,958.96,820.4814,87.33047,660.19855,996.8006,336.60205,treino
2004-01-08,840.22,795.8531,90.85825,591.3277,961.14453,369.81683,treino
2004-01-09,956.96,877.2093,110.350784,645.8277,1069.514,423.68634,treino
2004-01-10,1883.89,1493.4128,181.79115,1138.1162,1813.1836,675.0674,treino
2004-01-11,2075.02,1877.7113,212.12767,1465.6882,2281.3445,815.65625,treino
2004-01-12,2797.19,2033.6412,246.54521,1560.306,2492.213,931.90686,treino
2004-01-13,2264.41,2022.8,220.15858,1567.9375,2427.4958,859.55835,treino
2004-01-14,2262.78,2409.7107,283.74142,1853.9408,2914.5486,1060.6078,treino
2004-01-15,2152.24,2079.609,233.16138,1588.2999,2506.0754,917.7755,treino
2004-01-16,1906.18,1680.5806,191.18683,1298.2706,2027.8966,729.626,treino
2004-01-17,1502.52,1442.7518,168.22794,1070.2657,1735.7509,665.4851,treino
2004-01-18,1306.13,1252.8226,144.28342,961.38086,1497.3031,535.92224,treino
2004-01-19,1035.78,1138.1694,143.42038,865.15686,1378.9827,513.8258,treino
2004-01-20,900.61,1009.545,109.15942,802.35925,1212.6208,410.2616,treino
2004-01-21,891.78,810.23004,100.61129,587.91846,984.0587,396.14026,treino
2004-01-22,1991.12,711.6147,82.12562,533.6168,858.5998,324.98297,treino
2004-01-23,1034.3,1070.5264,149.03568,759.30426,1336.3059,577.00165,treino
2004-01-24,974.11,1067.2686,136.40984,797.2307,1310.584,513.3533,treino
2004-01-25,965.05,890.4175,105.44385,682.8027,1084.2736,401.4709,treino
2004-01-26,1034.04,995.54553,118.427155,758.59674,1222.3448,463.7481,treino
2004-01-27,962.05,1421.5073,192.94711,1036.5547,1757.9777,721.423,treino
2004-01-28,894.15,1040.941,121.137695,800.2863,1257.624,457.3377,treino
2004-01-29,1198.67,1043.7892,120.13223,803.2815,1252.1134,448.8319,treino
2004-01-30,898.09,1065.0889,121.82175,809.1073,1278.6005,469.49316,treino
2004-01-31,839.22,1025.594,119.83522,782.77216,1248.4236,465.65143,treino
2004-02-01,1046.56,1049.9424,120.190994,797.0431,1267.2388,470.19568,treino
2004-02-02,907.54,1298.1984,153.73907,983.1575,1577.1385,593.9811,treino
2004-02-03,846.11,1235.4141,148.6321,946.19586,1512.9684,566.7725,treino
2004-02-04,775.29,1093.2687,126.3405,838.9877,1322.4235,483.4358,treino
2004-02-05,706.02,899.69366,106.53686,705.21844,1107.5,402.28156,treino
2004-02-06,583.22,869.3861,99.591805,668.31586,1044.3818,376.06598,treino
2004-02-07,1702.35,1111.5999,153.78667,850.76917,1389.5347,538.7655,treino
2004-02-08,1716.48,1325.3063,167.97072,993.7689,1638.436,644.6671,treino
2004-02-09,1403.24,1371.5156,182.56584,1049.0975,1707.3816,658.28406,treino
2004-02-10,2458.17,1207.5363,135.32791,907.0344,1466.2104,559.176,treino
2004-02-11,2777.3,1722.3679,219.55348,1267.0765,2116.1228,849.04626,treino
2004-02-12,1881.78,2179.407,245.53683,1666.3264,2649.4656,983.13916,treino
2004-02-13,1729.0,1317.8645,150.56667,1037.9188,1626.4066,588.4878,treino
2004-02-14,1877.78,1187.5146,142.08224,881.1914,1444.235,563.0436,treino
2004-02-15,2495.77,1480.6649,178.60965,1170.9263,1809.021,638.0947,treino
2004-02-16,1459.13,1886.8384,220.03194,1445.7902,2310.2703,864.4801,treino
2004-02-17,1993.63,1700.0145,203.27919,1253.8785,2057.0195,803.141,treino
2004-02-18,1686.3,1924.4808,231.25931,1471.19,2383.9585,912.76855,treino
2004-02-19,2673.24,1778.8555,217.02855,1353.293,2223.653,870.3601,treino
2004-02-20,2080.65,2240.5886,241.08734,1766.5898,2653.0742,886.4844,treino
2004-02-21,2242.57,2113.6223,252.69817,1626.0348,2518.7212,892.6864,treino
2004-02-22,3004.06,2675.4932,315.2645,2030.9204,3249.3882,1218.4678,treino
2004-02-23,2330.33,2120.8772,243.50221,1635.0343,2566.5203,931.48596,treino
2004-02-24,2067.39,2261.3591,249.40256,1728.255,2689.9712,961.7162,treino
2004-02-25,1946.33,2093.4119,236.61826,1598.8772,2516.836,917.95874,treino
2004-02-26,2237.0,2227.8235,257.15518,1714.7919,2663.5112,948.71936,treino
2004-02-27,2234.0,2089.8103,225.13387,1649.8076,2512.8345,863.02686,treino
2004-02-28,2041.19,2022.8704,230.70728,1560.5243,2435.4426,874.91833,treino
2004-02-29,2418.81,2001.4681,229.1706,1515.6249,2397.5425,881.9176,treino
2004-03-01,2311.37,2169.1868,262.57095,1593.3657,2599.428,1006.06226,treino
2004-03-02,1848.41,2078.6548,229.57445,1577.5903,2474.1023,896.51196,treino
2004-03-03,2712.83,1840.1359,199.83994,1458.7762,2234.4028,775.6266,treino
2004-03-04,3536.04,2432.88,268.56195,1883.8806,2937.3125,1053.4319,treino
2004-03-05,2880.31,3253.343,396.85065,2396.9116,3993.4805,1596.5688,treino
2004-03-06,2486.11,2821.5994,309.01492,2205.511,3459.5908,1254.0798,treino
2004-03-07,2013.57,2221.6924,250.2639,1681.4548,2709.1946,1027.7397,treino
2004-03-08,2002.63,2051.9304,256.41623,1496.1263,2506.6685,1010.5421,treino
2004-03-09,1627.31,1901.025,224.63947,1412.9684,2266.3386,853.37024,treino
2004-03-10,1615.37,1787.3004,187.60019,1351.8833,2100.724,748.8408,treino
2004-03-11,1524.04,1673.5833,199.97673,1236.037,2067.6743,831.6373,treino
2004-03-12,2015.78,1635.1034,182.80173,1311.8574,1997.3027,685.4453,treino
2004-03-13,1529.55,1999.8738,239.94026,1552.027,2456.9182,904.89124,treino
2004-03-14,2017.89,1632.1337,193.18288,1215.357,1965.2148,749.8578,treino
2004-03-15,2699.33,2264.089,260.50238,1701.6403,2716.1997,1014.55945,treino
2004-03-16,2117.0,2019.2335,234.3226,1552.6875,2455.811,903.12354,treino
2004-03-17,1438.9,1690.3224,198.76947,1237.8655,2039.0776,801.21216,treino
2004-03-18,2631.95,1770.0387,200.18596,1339.3943,2140.7808,801.3865,treino
2004-03-19,1735.0,1896.585,225.838,1469.549,2303.8157,834.2667,treino
2004-03-20,1645.61,1524.321,167.18129,1181.4246,1836.2415,654.8169,treino
2004-03-21,1638.21,1554.805,173.92714,1234.9027,1871.4993,636.59656,treino
2004-03-22,1447.96,1454.4297,174.71294,1070.4149,1773.6412,703.2263,treino
2004-03-23,1240.57,1434.9387,177.75209,1057.3307,1742.3873,685.05664,treino
2004-03-24,1146.35,1245.5325,152.7965,940.7632,1520.5558,579.7926,treino
2004-03-25,1153.18,1181.8657,137.72484,870.1151,1411.1578,541.0427,treino
2004-03-26,1150.41,1125.79,132.86948,863.7997,1361.2583,497.45862,treino
2004-03-27,947.22,1373.9957,160.29715,1037.7991,1657.2191,619.42004,treino
2004-03-28,1049.64,1230.7738,138.53093,955.2062,1469.0587,513.85254,treino
2004-03-29,849.69,1107.6805,127.524994,834.3055,1345.5807,511.2752,treino
2004-03-30,1050.87,1102.3303,125.67009,833.6564,1323.003,489.34668,treino
2004-03-31,949.22,1073.5692,128.77586,795.85736,1287.9379,492.0805,treino
2004-04-01,977.11,1131.9186,127.11494,867.52295,1372.4237,504.90076,treino
2004-04-02,943.69,1066.8832,124.94552,806.3619,1289.4799,483.11798,treino
2004-04-03,927.69,1035.9456,121.19381,793.6497,1257.8296,464.17987,treino
2004-04-04,927.69,1050.3833,119.743416,807.0528,1268.5364,461.48358,treino
2004-04-05,821.26,1048.841,121.97868,808.4998,1279.7632,471.26337,treino
2004-04-06,1011.11,1158.8394,144.52861,849.9274,1400.9279,551.0004,treino
2004-04-07,1163.41,1276.9526,146.67566,996.51996,1542.2375,545.7176,treino
2004-04-08,1560.33,1325.8854,151.00137,1008.9789,1598.4167,589.43787,treino
2004-04-09,2089.22,1247.799,149.37102,931.4639,1507.7853,576.32135,treino
2004-04-10,1672.67,1350.399,170.95515,987.9673,1642.9877,655.0204,treino
2004-04-11,2107.74,1118.847,128.82855,831.959,1347.8673,515.9083,treino
2004-04-12,1996.94,1129.9576,129.91345,848.4474,1367.1785,518.7311,treino
2004-04-13,1344.17,1260.3284,148.72595,955.63654,1502.5581,546.9216,treino
2004-04-14,1017.78,1065.8624,125.67975,818.1992,1312.5239,494.3247,treino
2004-04-15,945.98,990.99133,122.11811,753.28296,1222.9446,469.66162,treino
2004-04-16,927.39,1014.10455,116.171036,814.50085,1217.609,403.10815,treino
2004-04-17,926.39,886.3106,97.04765,700.96545,1080.4055,379.44006,treino
2004-04-18,814.39,875.472,104.55885,676.0782,1085.5438,409.46564,treino
2004-04-19,799.19,856.5652,101.69033,649.64417,1046.1376,396.4934,treino
2004-04-20,790.07,821.6078,93.78415,632.1964,1005.22675,373.03033,treino
2004-04-21,590.71,809.6282,91.61677,627.4322,971.02094,343.58875,treino
2004-04-22,694.27,725.4564,80.4624,549.3786,865.7102,316.3316,treino
2004-04-23,682.65,690.0774,78.29334,532.49335,821.83057,289.33722,treino
2004-04-24,580.85,674.1045,76.38254,525.6364,819.468,293.8316,treino
2004-04-25,812.7,639.93555,73.02622,502.9145,773.74695,270.83246,treino
2004-04-26,579.97,699.8725,78.717064,561.2906,843.1064,281.8158,treino
2004-04-27,806.59,622.5075,72.36626,477.13873,762.2383,285.09955,treino
2004-04-28,466.54,597.0503,65.86946,464.14594,717.4231,253.27716,treino
2004-04-29,489.43,567.6416,72.41239,407.87137,686.2972,278.4258,treino
2004-04-30,587.0,547.4406,58.78043,423.73868,652.7582,229.0195,treino
2004-05-01,585.0,526.1935,59.20301,408.4205,638.2805,229.86002,treino
2004-05-02,517.31,508.19516,57.84427,390.84012,604.87445,214.03433,treino
2004-05-03,471.43,495.29822,56.629692,371.82513,611.356,239.53088,treino
2004-05-04,474.43,493.24817,54.698547,375.031,588.3004,213.26941,treino
2004-05-05,485.54,498.262,59.277977,379.702,610.0785,230.3765,treino
2004-05-06,590.74,477.22458,56.060665,356.253,568.825,212.57202,treino
2004-05-07,353.0,456.70865,52.14984,351.8055,555.41565,203.61014,treino
2004-05-08,465.43,448.5967,57.231186,341.4579,549.20953,207.75165,treino
2004-05-09,467.43,446.07834,50.601555,343.82742,540.7755,196.94809,treino
2004-05-10,469.0,436.96542,52.167835,339.75308,532.4159,192.66281,treino
2004-05-11,450.0,430.33994,46.346603,332.03296,523.0079,190.97491,treino
2004-05-12,489.54,419.79562,49.34362,318.62415,505.22342,186.59927,treino
2004-05-13,484.43,420.45865,49.6836,320.64322,506.90414,186.26093,treino
2004-05-14,365.0,415.51715,46.257973,323.68958,497.10974,173.42017,treino
2004-05-15,469.31,421.83636,49.04945,326.19028,510.374,184.18372,treino
2004-05-16,312.69,435.96634,49.47961,338.4004,523.3581,184.9577,treino
2004-05-17,536.0,427.51114,45.253433,331.46713,508.57983,177.1127,treino
2004-05-18,430.57,435.97223,53.483814,323.36588,532.9848,209.61893,treino
2004-05-19,447.46,468.68286,53.233974,361.66122,562.5952,200.93399,treino
2004-05-20,516.0,476.7738,59.077248,354.24408,584.881,230.6369,treino
2004-05-21,358.0,408.81625,45.55238,317.25833,495.5857,178.32736,treino
2004-05-22,539.54,421.59296,48.170734,331.51944,503.88358,172.36414,treino
2004-05-23,255.46,409.09793,47.988453,314.48517,491.97183,177.48666,treino
2004-05-24,376.0,398.28427,44.303627,301.44217,481.49637,180.0542,treino
2004-05-25,469.54,392.86557,45.088478,302.51367,475.59903,173.08536,treino
2004-05-26,467.43,400.50287,44.65543,307.29025,477.71964,170.42938,treino
2004-05-27,473.31,409.85327,49.87042,306.64072,504.3477,197.70697,treino
2004-05-28,382.0,370.0713,40.77549,286.45425,442.09494,155.64069,treino
2004-05-29,136.26,398.9376,46.185814,305.4558,478.81302,173.35721,treino
2004-05-30,471.43,436.63437,49.642754,331.41516,529.9535,198.53833,treino
2004-05-31,363.0,417.83463,44.464264,333.473,501.21173,167.73874,treino
2004-06-01,492.31,473.94083,51.616634,372.68314,564.6184,191.93527,treino
2004-06-02,381.0,533.6457,60.90386,408.6665,646.33417,237.66766,treino
2004-06-03,488.43,450.3148,52.67154,343.43845,541.9541,198.51566,treino
2004-06-04,372.0,447.8593,48.05794,353.8392,548.6536,194.81442,treino
2004-06-05,487.43,499.04892,56.679203,390.90405,605.0661,214.16205,treino
2004-06-06,491.54,471.25418,54.1409,371.50797,560.85364,189.34567,treino
2004-06-07,375.0,444.72876,46.104965,346.43298,529.3831,182.95013,treino
2004-06-08,381.0,413.69922,45.9745,320.2441,492.53757,172.29346,treino
2004-06-09,376.0,372.0893,40.93798,295.32208,446.44986,151.12778,treino
2004-06-10,377.0,365.3135,40.629112,287.1947,438.08124,150.88654,treino
2004-06-11,375.0,351.87827,43.99781,263.46402,434.0133,170.54929,treino
2004-06-12,375.0,348.64874,37.35628,277.3073,413.08554,135.77823,treino
2004-06-13,376.0,340.5786,35.817635,267.41913,406.12473,138.7056,treino
2004-06-14,325.46,341.7838,36.105675,263.8893,410.398,146.5087,treino
2004-06-15,326.57,338.14862,39.258717,250.5613,407.54312,156.98183,treino
2004-06-16,264.26,350.49063,41.9412,266.87045,422.68542,155.81497,treino
2004-06-17,471.0,328.0207,36.75929,261.21408,400.36533,139.15125,treino
2004-06-18,356.57,332.65927,36.19602,261.27216,398.46228,137.19012,treino
2004-06-19,241.03,330.9051,34.503914,262.00735,396.88205,134.8747,treino
2004-06-20,354.57,327.31494,36.23326,256.69983,391.7784,135.07858,treino
2004-06-21,262.69,317.0119,36.1914,233.68942,379.33182,145.6424,treino
2004-06-22,265.57,309.53967,34.615623,236.08632,370.2533,134.16698,treino
2004-06-23,341.46,308.3637,33.0852,248.54945,378.2023,129.65285,treino
2004-06-24,346.57,357.87704,46.6415,257.91345,439.90915,181.9957,treino
2004-06-25,346.57,293.80508,32.7966,227.90822,355.5819,127.67369,treino
2004-06-26,346.69,297.79416,35.965466,227.14474,363.109,135.96426,treino
2004-06-27,231.03,296.79877,33.147533,228.62625,359.83606,131.20981,treino
2004-06-28,457.0,291.14514,33.72373,224.66425,352.05676,127.39252,treino
2004-06-29,230.15,287.6166,32.567158,217.16751,345.4611,128.29358,treino
2004-06-30,229.26,280.64923,33.04933,213.24376,333.6841,120.44035,treino
2004-07-01,339.46,276.0125,32.67213,214.8002,332.1481,117.3479,treino
2004-07-02,228.15,275.36697,31.593292,210.61774,329.46988,118.85214,treino
2004-07-03,341.69,272.20544,30.378342,207.9714,321.6038,113.632385,treino
2004-07-04,228.03,271.85223,32.028973,209.26689,326.64404,117.37715,treino
2004-07-05,340.57,272.401,28.689392,209.10728,325.04645,115.93916,treino
2004-07-06,227.26,270.6373,32.804337,202.36923,332.03116,129.66193,treino
2004-07-07,342.57,269.10123,30.41898,209.79765,329.43768,119.64003,treino
2004-07-08,237.41,269.2077,30.879192,209.01913,322.39532,113.37619,treino
2004-07-09,346.2,268.22125,29.01205,200.59262,317.37088,116.77826,treino
2004-07-10,564.8,291.35538,33.696762,226.88301,352.4651,125.58208,treino
2004-07-11,299.41,485.56015,76.350105,319.55606,617.04724,297.49118,treino
2004-07-12,250.29,308.31482,34.546627,237.54173,367.55646,130.01472,treino
2004-07-13,466.0,337.00714,37.54009,257.388,405.01593,147.62793,treino
2004-07-14,248.52,338.68384,39.932957,262.7699,409.17682,146.40692,treino
2004-07-15,354.2,314.01904,39.41807,233.54147,384.66885,151.12738,treino
2004-07-16,319.2,297.86584,32.995014,236.07376,353.3271,117.25333,treino
2004-07-17,353.09,285.94748,31.293346,229.41014,343.36658,113.956436,treino
2004-07-18,135.73,279.16614,31.699615,209.90967,330.08533,120.17566,treino
2004-07-19,462.0,267.3036,29.401674,209.41574,316.107,106.69125,treino
2004-07-20,348.2,361.4591,67.77106,209.20642,483.20447,273.99805,treino
2004-07-21,351.09,461.17462,70.994415,311.57617,588.2353,276.65912,treino
2004-07-22,240.73,330.95496,35.937485,256.79236,394.86783,138.07547,treino
2004-07-23,279.61,336.66754,38.797886,259.62515,404.11572,144.49057,treino
2004-07-24,275.61,328.8695,36.153084,254.44127,387.46378,133.0225,treino
2004-07-25,279.61,291.7056,34.176254,217.00533,356.02963,139.0243,treino
2004-07-26,161.81,271.333,30.305843,207.45999,325.42023,117.960236,treino
2004-07-27,277.61,266.45648,32.620728,198.89499,324.85303,125.95804,treino
2004-07-28,279.61,260.33597,31.208687,196.71985,317.2363,120.51645,treino
2004-07-29,284.5,253.90488,30.276413,187.40413,311.1756,123.77147,treino
2004-07-30,177.93,252.98286,27.364988,201.34593,298.5011,97.15517,treino
2004-07-31,287.61,248.20724,26.870285,192.3254,293.5264,101.201004,treino
2004-08-01,286.5,244.38237,29.205584,187.05705,296.53143,109.47438,treino
2004-08-02,287.73,243.05724,27.662783,187.16629,294.34778,107.18149,treino
2004-08-03,286.61,236.15297,27.962421,180.06725,283.7456,103.67836,treino
2004-08-04,289.61,238.64609,28.201586,174.60599,288.75568,114.14969,treino
2004-08-05,180.81,234.64745,26.615461,184.02423,283.31607,99.29184,treino
2004-08-06,177.81,230.80473,28.896564,174.20682,281.1489,106.94208,treino
2004-08-07,257.5,230.43097,26.725145,176.03615,279.33817,103.30202,treino
2004-08-08,287.73,228.18443,25.334785,176.67632,278.13263,101.456314,treino
2004-08-09,252.81,223.81284,27.090126,167.20268,275.69708,108.4944,treino
2004-08-10,73.02,218.24535,26.22723,162.55128,260.79068,98.239395,treino
2004-08-11,512.2,218.72163,25.780783,169.86867,264.58047,94.71181,treino
2004-08-12,73.02,214.41682,25.432793,158.4289,260.70215,102.273254,treino
2004-08-13,96.02,214.31558,25.182972,166.5726,260.69666,94.124054,treino
2004-08-14,145.81,210.40086,24.432182,161.2765,257.82242,96.54591,treino
2004-08-15,299.75,208.38464,23.132523,156.96465,249.54103,92.576385,treino
2004-08-16,221.97,208.7279,23.586008,162.57573,251.55563,88.979904,treino
2004-08-17,321.39,205.12157,25.201311,151.68045,251.00244,99.32199,treino
2004-08-18,220.74,201.61215,22.46979,161.52556,239.2534,77.727844,treino
2004-08-19,219.85,202.63873,22.089027,158.05902,244.95319,86.894165,treino
2004-08-20,222.97,198.94318,23.449686,147.24875,243.70036,96.451614,treino
2004-08-21,319.39,200.24814,21.981441,154.91519,236.68317,81.767975,treino
2004-08-22,202.74,200.79716,21.892696,150.69934,236.36989,85.67055,treino
2004-08-23,222.85,193.15594,21.197517,150.23311,234.0728,83.83969,treino
2004-08-24,225.97,196.47359,22.09139,151.77663,234.10297,82.32634,treino
2004-08-25,226.85,193.08224,22.821701,147.1677,230.66179,83.494095,treino
2004-08-26,131.31,189.41093,22.065598,144.24034,230.30939,86.069046,treino
2004-08-27,415.81,190.11926,22.157158,144.97719,227.97363,82.996445,treino
2004-08-28,225.97,185.36462,21.226656,141.5646,226.9244,85.35979,treino
2004-08-29,228.85,181.65219,20.977356,136.19847,219.7982,83.59973,treino
2004-08-30,128.31,180.75777,22.353622,132.85683,221.38922,88.532394,treino
2004-08-31,225.85,178.13504,21.196962,135.05827,215.27524,80.216965,treino
2004-09-01,133.31,172.04381,21.192331,130.88895,209.10567,78.21672,treino
2004-09-02,133.31,171.59715,20.545143,133.05391,208.06216,75.008255,treino
2004-09-03,328.27,169.74573,19.115158,135.9587,205.10284,69.14415,treino
2004-09-04,132.31,171.70876,20.464739,133.8515,213.23056,79.37906,treino
2004-09-05,233.97,168.96748,20.525806,129.04839,207.32019,78.271805,treino
2004-09-06,138.31,167.67961,21.142714,126.95035,205.79156,78.84122,treino
2004-09-07,257.85,165.86241,21.167,123.78633,206.06834,82.28201,treino
2004-09-08,114.31,167.9005,21.95884,120.90455,205.7245,84.819954,treino
2004-09-09,247.85,171.99086,21.442198,127.01387,210.78833,83.77446,treino
2004-09-10,144.26,155.62097,18.79606,116.03201,189.8335,73.80148,treino
2004-09-11,153.94,155.62646,20.743507,116.417534,194.01767,77.600136,treino
2004-09-12,117.04,152.5065,19.135126,110.50383,185.6868,75.18297,treino
2004-09-13,156.63,152.47824,18.448107,112.45776,187.10161,74.643845,treino
2004-09-14,266.85,148.21527,17.909252,112.107834,180.1861,68.07826,treino
2004-09-15,176.26,147.22658,20.024359,109.939674,181.5604,71.62072,treino
2004-09-16,173.94,177.81866,25.80331,129.13493,225.05835,95.923416,treino
2004-09-17,175.26,146.17955,19.90836,99.426994,179.37358,79.94659,treino
2004-09-18,165.94,144.989,21.145699,99.32816,185.32907,86.00091,treino
2004-09-19,154.31,145.27068,18.847246,109.905205,181.98502,72.07981,treino
2004-09-20,175.26,136.78755,19.225012,98.28446,168.42996,70.1455,treino
2004-09-21,72.41,146.34883,18.644352,106.41169,177.86168,71.44999,treino
2004-09-22,167.57,152.05199,19.603113,113.30146,187.59366,74.2922,treino
2004-09-23,188.63,157.17859,19.46538,117.39418,193.36508,75.9709,treino
2004-09-24,165.31,155.71506,19.86131,117.10768,193.45593,76.34825,treino
2004-09-25,189.57,148.94234,19.51057,110.52922,184.21811,73.68889,treino
2004-09-26,120.09,141.65143,19.188341,99.98823,177.78658,77.79835,treino
2004-09-27,77.24,136.55663,17.722902,99.259285,168.06906,68.80978,treino
2004-09-28,153.63,129.8478,17.323458,95.95903,164.0761,68.117065,treino
2004-09-29,74.78,125.25383,19.183174,87.152626,159.40105,72.24842,treino
2004-09-30,270.0,122.3594,16.018526,90.705086,149.9471,59.242012,treino
2004-10-01,171.89,125.19747,16.638752,94.03177,157.22488,63.193115,treino
2004-10-02,253.23,146.20848,23.346827,102.42376,190.1603,87.736534,treino
2004-10-03,56.55,132.7651,19.888355,94.94288,172.59099,77.64811,treino
2004-10-04,73.78,198.76448,38.51714,117.8022,272.93402,155.13182,treino
2004-10-05,77.67,156.46808,20.471115,116.366684,194.89987,78.53319,treino
2004-10-06,173.89,164.07158,19.439207,123.456245,201.10161,77.64536,treino
2004-10-07,80.67,202.57646,24.535627,154.27138,252.91557,98.644196,treino
2004-10-08,77.67,221.22992,26.976795,167.01018,271.83105,104.82088,treino
2004-10-09,178.89,188.0796,20.57234,147.56995,228.63322,81.06328,treino
2004-10-10,373.33,151.42722,20.423431,110.48312,191.07138,80.58826,treino
2004-10-11,173.89,208.27332,47.520695,105.84079,290.18222,184.34143,treino
2004-10-12,163.89,188.96533,32.342464,117.60109,251.19453,133.59344,treino
2004-10-13,174.89,172.38911,21.253883,127.53511,210.5258,82.99069,treino
2004-10-14,80.67,159.7716,21.63179,117.88517,198.7096,80.824425,treino
2004-10-15,176.89,185.86456,21.772758,145.1544,225.65198,80.497574,treino
2004-10-16,271.11,272.75784,48.09343,184.50444,355.41815,170.91371,treino
2004-10-17,80.67,183.09506,20.364971,139.60555,220.9179,81.31235,treino
2004-10-18,331.96,200.96165,23.181984,150.23721,243.88812,93.65091,treino
2004-10-19,341.28,252.54315,28.34483,196.87001,302.90924,106.03923,treino
2004-10-20,42.98,270.99112,32.001354,202.1822,327.98172,125.799515,treino
2004-10-21,191.03,253.55534,32.19379,183.54787,313.52063,129.97276,treino
2004-10-22,186.32,193.55751,21.551676,153.2522,232.4563,79.2041,treino
2004-10-23,100.93,202.43626,32.603626,136.84506,260.03342,123.188354,treino
2004-10-24,184.52,163.80753,21.387371,122.18429,202.7258,80.54151,treino
2004-10-25,318.28,161.31837,21.514584,113.91018,198.506,84.59582,treino
2004-10-26,181.11,232.59747,38.463993,145.88818,298.67084,152.78265,treino
2004-10-27,184.06,267.9285,57.15686,155.07654,374.19,219.11346,treino
2004-10-28,288.85,181.62827,22.089334,138.21411,223.22153,85.007416,treino
2004-10-29,187.23,226.02667,26.53188,176.19617,274.0909,97.894745,treino
2004-10-30,102.46,198.42378,22.02549,155.22372,243.10245,87.87872,treino
2004-10-31,370.56,189.65968,23.23497,137.19048,234.72485,97.53438,treino
2004-11-01,53.52,173.68906,20.104221,131.25923,209.9372,78.67796,treino
2004-11-02,88.83,161.26588,28.591837,102.95555,213.1377,110.182144,treino
2004-11-03,95.43,147.34042,18.566095,111.38491,179.69821,68.3133,treino
2004-11-04,215.28,168.5921,19.569056,129.19359,204.86993,75.676346,treino
2004-11-05,189.65,165.19518,21.61305,124.15521,201.14853,76.99332,treino
2004-11-06,283.56,182.32928,25.803614,130.7309,230.7239,99.99301,treino
2004-11-07,190.96,249.34099,40.850395,167.7957,316.36304,148.56734,treino
2004-11-08,-0.17,244.5391,43.94818,154.99606,323.90195,168.90588,treino
2004-11-09,4.52,157.6412,18.614681,119.08256,192.0031,72.92054,treino
2004-11-10,81.83,201.77496,22.927118,154.80894,242.40018,87.59123,treino
2004-11-11,365.43,231.32967,27.269066,175.92186,278.02737,102.105515,treino
2004-11-12,169.93,222.67648,26.450071,167.98227,269.16678,101.18451,treino
2004-11-13,98.43,193.23927,24.970669,141.05582,237.5282,96.47238,treino
2004-11-14,198.28,154.96172,19.074078,115.16116,189.55232,74.39116,treino
2004-11-15,95.43,139.33438,17.066612,103.128204,170.79195,67.66374,treino
2004-11-16,298.56,310.6571,60.34805,191.91226,428.0887,236.17645,treino
2004-11-17,216.28,181.60857,24.056467,139.02249,224.86006,85.83757,treino
2004-11-18,304.19,265.4805,50.56944,162.82571,359.1231,196.2974,treino
2004-11-19,296.19,254.51276,43.657387,164.05005,330.2625,166.21246,treino
2004-11-20,296.19,285.79407,42.428097,201.5682,364.861,163.29279,treino
2004-11-21,193.65,308.61426,36.37044,229.92735,375.83408,145.90672,treino
2004-11-22,193.33,324.08487,36.201435,259.31064,396.52612,137.21548,treino
2004-11-23,200.28,275.34775,31.811302,204.75958,334.2793,129.51971,treino
2004-11-24,199.85,238.99664,28.605034,175.7319,288.8865,113.1546,treino
2004-11-25,131.23,222.15887,28.573622,163.08452,274.8028,111.71828,treino
2004-11-26,228.28,202.69043,26.289114,156.44385,253.39186,96.94801,treino
2004-11-27,299.19,182.2433,23.942387,134.08408,224.57513,90.49106,treino
2004-11-28,434.09,220.78342,32.79608,153.5882,279.89743,126.309235,treino
2004-11-29,297.19,225.65807,45.801563,124.345406,303.12976,178.78436,treino
2004-11-30,397.09,271.00882,55.0983,159.03654,369.9407,210.90416,treino
2004-12-01,136.43,240.40924,29.212154,176.08406,289.154,113.06993,treino
2004-12-02,291.56,346.36444,35.797546,276.96536,412.24976,135.2844,treino
2004-12-03,392.09,462.11755,51.724083,352.80737,560.75494,207.94757,treino
2004-12-04,301.19,337.39413,37.369587,259.1457,404.9681,145.82242,treino
2004-12-05,144.49,463.24625,61.056786,333.95535,569.3142,235.35886,treino
2004-12-06,296.56,382.10687,53.13262,266.6645,472.69928,206.03479,treino
2004-12-07,296.87,423.89746,68.32492,290.60043,538.20294,247.60251,treino
2004-12-08,394.09,536.1778,71.6135,397.1817,666.37756,269.19586,treino
2004-12-09,584.91,695.82355,80.51573,537.1744,831.76196,294.5876,treino
2004-12-10,683.13,834.68005,113.507454,583.96204,1018.2771,434.31506,treino
2004-12-11,1068.7,855.2794,98.8451,643.7258,1039.0426,395.31677,treino
2004-12-12,1163.5,775.49805,91.66292,601.77515,954.3745,352.59937,treino
2004-12-13,963.97,980.1325,127.97748,699.5155,1201.6925,502.177,treino
2004-12-14,677.81,693.3835,80.88234,518.39264,830.6338,312.24115,treino
2004-12-15,581.91,551.6514,60.071156,430.73074,661.03705,230.3063,treino
2004-12-16,497.0,416.94064,47.993084,325.18225,505.67004,180.4878,treino
2004-12-17,405.09,520.41785,74.893326,366.83115,654.76025,287.9291,treino
2004-12-18,501.0,468.89105,73.41095,315.77988,610.3127,294.5328,treino
2004-12-19,504.0,444.9263,72.39315,304.98703,571.8436,266.8566,treino
2004-12-20,783.72,580.4935,90.86578,382.91406,742.3463,359.43225,treino
2004-12-21,1464.65,881.0149,141.03989,591.4514,1131.1753,539.7239,treino
2004-12-22,2897.83,1583.5425,211.79031,1165.9431,1941.738,775.7949,treino
2004-12-23,2044.67,2195.8188,284.11093,1620.5623,2738.1177,1117.5554,treino
2004-12-24,2227.85,2128.971,264.73788,1553.5868,2591.074,1037.4872,treino
2004-12-25,2036.72,2605.4014,300.54678,1992.0591,3174.1838,1182.1248,treino
2004-12-26,2230.48,2359.548,280.0767,1774.3064,2855.7607,1081.4543,treino
2004-12-27,2134.14,2351.363,265.4916,1782.2363,2819.2478,1037.0115,treino
2004-12-28,1650.89,1828.6964,216.67522,1406.641,2213.4575,806.8165,treino
2004-12-29,1551.56,1528.9955,186.3332,1166.9276,1832.724,665.7964,treino
2004-12-30,1459.28,1522.823,164.4566,1159.3435,1811.9203,652.5768,treino
2004-12-31,1368.0,1395.3741,152.193,1119.0519,1689.5128,570.46094,treino
2005-01-01,1273.66,1487.8292,176.11919,1115.2048,1814.4438,699.239,treino
2005-01-02,1270.89,1968.3723,274.68524,1347.1971,2414.979,1067.7819,treino
2005-01-03,2028.56,1517.1791,165.1248,1182.2655,1814.1693,631.9038,treino
2005-01-04,3213.22,1812.8252,197.34003,1367.7236,2162.2317,794.50806,treino
2005-01-05,2341.88,2400.2527,322.78235,1631.4755,2980.316,1348.8405,treino
2005-01-06,1892.36,2602.3594,312.40207,2024.1901,3161.7,1137.5099,treino
2005-01-07,2279.22,1992.1907,237.61238,1499.1375,2434.492,935.3545,treino
2005-01-08,1892.28,1938.7302,214.30614,1534.404,2371.9973,837.59326,treino
2005-01-09,1591.35,2063.0767,218.16318,1629.7878,2536.2554,906.4675,treino
2005-01-10,1684.14,1932.6294,221.43541,1478.689,2357.4878,878.7988,treino
2005-01-11,1495.56,1916.7458,228.72687,1461.4182,2340.2708,878.85254,treino
2005-01-12,1794.8,1766.9146,207.86269,1341.0527,2135.0823,794.02954,treino
2005-01-13,1506.38,1748.4336,207.49854,1327.4807,2102.706,775.22534,treino
2005-01-14,1517.87,1632.2113,183.00137,1252.0914,1976.5172,724.4258,treino
2005-01-15,1505.19,1655.9277,203.12968,1241.7328,2024.87,783.1372,treino
2005-01-16,1314.06,1430.2667,160.11646,1103.4009,1710.8279,607.427,treino
2005-01-17,1411.16,1326.6411,151.50972,1024.9164,1632.0881,607.17175,treino
2005-01-18,1582.69,1475.3661,176.12318,1145.6565,1789.5336,643.8771,treino
2005-01-19,2013.41,1872.5546,213.92456,1435.0793,2232.6636,797.5842,treino
2005-01-20,2012.15,2064.738,236.44037,1546.9681,2466.3635,919.3954,treino
2005-01-21,1614.03,1806.6127,213.10342,1416.4803,2206.7317,790.25134,treino
2005-01-22,1414.19,1381.6465,174.56108,986.8552,1694.5428,707.6876,treino
2005-01-23,1312.54,1358.3077,156.26256,1027.9065,1608.4935,580.58704,treino
2005-01-24,1112.46,1173.9631,130.6115,892.8019,1410.1737,517.3718,treino
2005-01-25,1014.46,1324.0571,160.32834,1004.0501,1615.0548,611.0047,treino
2005-01-26,1611.03,1198.9047,135.31462,908.0984,1462.0553,553.9569,treino
2005-01-27,1816.34,1509.0382,167.8702,1187.251,1813.8601,626.60913,treino
2005-01-28,2010.76,2261.66,265.72723,1719.7517,2773.3008,1053.5491,treino
2005-01-29,2306.37,2419.8374,253.92967,1935.7195,2888.0913,952.3718,treino
2005-01-30,2000.61,2082.0012,220.63998,1632.7427,2477.5063,844.7637,treino
2005-01-31,2930.37,2150.0405,248.83846,1652.5325,2600.6753,948.1428,treino
2005-02-01,2856.44,1890.7892,226.8353,1468.183,2314.0317,845.84875,treino
2005-02-02,1960.61,1777.5363,210.42874,1406.1003,2171.441,765.3406,treino
2005-02-03,1662.0,1618.8391,195.44333,1220.7212,1982.0806,761.3594,treino
2005-02-04,1759.54,1600.1676,178.60092,1249.8822,1922.7583,672.8761,treino
2005-02-05,1359.27,1611.0394,182.36586,1258.8137,1958.0243,699.2106,treino
2005-02-06,1559.58,1811.8794,201.71771,1413.0432,2209.497,796.45386,treino
2005-02-07,1661.0,1870.8083,212.1267,1418.2579,2238.4087,820.15076,treino
2005-02-08,1660.0,1602.6051,187.82335,1178.7783,1929.7351,750.9568,treino
2005-02-09,1267.93,1735.4346,194.38052,1304.2476,2076.4937,772.2461,treino
2005-02-10,1113.35,1391.1881,160.28993,1062.7612,1665.2184,602.45715,treino
2005-02-11,1212.65,1277.9812,142.88522,993.45166,1543.047,549.59534,treino
2005-02-12,1115.0,1200.436,143.70107,887.96765,1462.3596,574.39197,treino
2005-02-13,1212.07,1110.0011,139.70032,820.96014,1351.3328,530.3726,treino
2005-02-14,914.42,1247.7262,136.22858,977.52594,1495.7606,518.2347,treino
2005-02-15,912.54,1011.76825,127.26904,758.9977,1261.82,502.82227,treino
2005-02-16,812.0,911.5802,106.695366,688.39233,1089.9053,401.51294,treino
2005-02-17,812.0,823.8866,94.386894,643.55176,997.75085,354.1991,treino
2005-02-18,944.65,770.7019,91.85868,588.27264,941.8298,353.55713,treino
2005-02-19,800.0,988.0398,127.32732,739.837,1226.4794,486.6424,treino
2005-02-20,889.54,1151.2715,134.27422,872.1989,1377.288,505.08905,treino
2005-02-21,862.5,914.4814,102.49592,719.2228,1097.77,378.54724,treino
2005-02-22,841.19,822.6044,94.41233,625.18054,979.82056,354.64,treino
2005-02-23,643.0,716.46027,84.180084,534.96936,850.8187,315.84937,treino
2005-02-24,616.0,661.0631,76.20355,518.3195,795.9458,277.62628,treino
2005-02-25,649.54,636.19464,75.43054,479.01193,763.60077,284.58884,treino
2005-02-26,660.42,768.7471,87.36224,590.7782,924.86017,334.08197,treino
2005-02-27,856.73,937.08575,97.92917,747.9762,1112.5441,364.56787,treino
2005-02-28,855.5,984.35345,110.94289,757.9237,1184.1006,426.17688,treino
2005-03-01,2306.8,991.51196,108.63814,751.9712,1173.1353,421.16406,treino
2005-03-02,2829.72,1238.2355,143.587,933.668,1483.2616,549.59357,treino
2005-03-03,2934.93,1815.8856,240.4184,1313.1776,2256.0715,942.8939,treino
2005-03-04,2855.94,2017.2913,256.2852,1470.8663,2468.1252,997.2589,treino
2005-03-05,2478.37,2503.0613,297.121,1910.6677,3024.3643,1113.6965,treino
2005-03-06,1935.39,1985.3971,244.05359,1476.8401,2393.926,917.08594,treino
2005-03-07,2263.66,1521.9042,177.16702,1172.9868,1836.8479,663.8611,treino
2005-03-08,1734.71,1180.8729,124.10296,923.5785,1421.8956,498.31714,treino
2005-03-09,1509.0,980.1654,118.592285,742.52594,1195.1216,452.59564,treino
2005-03-10,1349.8,1032.3442,114.42761,783.022,1226.0565,443.03455,treino
2005-03-11,1304.48,1282.3121,154.09508,981.12787,1546.9407,565.8128,treino
2005-03-12,1193.91,1059.7402,118.681625,836.4984,1277.6434,441.14502,treino
2005-03-13,1087.0,927.7345,109.56987,689.7591,1125.152,435.39288,treino
2005-03-14,1149.8,943.3604,107.48322,701.2757,1142.3586,441.08295,treino
2005-03-15,1579.98,948.55023,110.95307,720.3846,1129.7681,409.38348,treino
2005-03-16,1278.59,1283.3915,153.1529,941.07245,1535.338,594.26556,treino
2005-03-17,1397.39,1121.8079,136.88309,808.52075,1373.1904,564.6697,treino
2005-03-18,1289.59,1386.1997,156.61685,1083.1757,1671.7776,588.6019,treino
2005-03-19,1856.72,1429.8335,160.33374,1122.5295,1732.5033,609.97375,treino
2005-03-20,1752.56,1386.0714,161.22606,1056.6122,1686.9994,630.3872,treino
2005-03-21,1478.7,1622.9805,191.0563,1208.6725,1930.2229,721.5504,treino
2005-03-22,1193.43,1310.4303,161.10197,982.7903,1574.6108,591.82056,treino
2005-03-23,1195.31,1228.3145,139.87509,943.8702,1497.4789,553.6087,treino
2005-03-24,1305.85,1103.7504,121.59563,854.80096,1320.783,465.982,treino
2005-03-25,1413.28,1194.8766,139.18399,899.37317,1464.5367,565.1636,treino
2005-03-26,1419.39,1431.2098,164.0366,1085.306,1722.023,636.7169,treino
2005-03-27,1302.74,1277.5458,144.56859,997.4472,1544.7244,547.27716,treino
2005-03-28,1216.85,1332.9229,153.14761,1045.7759,1599.9087,554.1328,treino
2005-03-29,1108.97,1142.2683,139.08488,864.2956,1383.8225,519.5269,treino
2005-03-30,995.31,958.65686,110.95967,717.4066,1159.0876,441.68103,treino
2005-03-31,806.0,845.9604,96.54068,657.1885,1018.3917,361.20325,treino
2005-04-01,779.0,787.4853,90.471985,616.77966,955.3893,338.60962,treino
2005-04-02,778.0,734.9391,84.2426,566.1516,879.1728,313.02118,treino
2005-04-03,778.0,764.44714,82.401596,602.94836,906.80493,303.85657,treino
2005-04-04,668.0,660.4439,81.80793,491.66565,822.3314,330.66577,treino
2005-04-05,675.0,638.49066,72.5227,502.15073,773.62537,271.47464,treino
2005-04-06,571.0,598.2468,67.3585,464.696,722.2397,257.54367,treino
2005-04-07,558.0,594.785,69.88989,458.2185,720.5396,262.3211,treino
2005-04-08,642.43,570.85864,66.92457,446.14633,698.7727,252.62637,treino
2005-04-09,448.0,559.0864,70.967865,412.53867,682.1276,269.58896,treino
2005-04-10,641.43,542.72595,57.364246,427.32996,647.2842,219.95422,treino
2005-04-11,547.0,538.095,62.725014,418.8497,649.2554,230.40567,treino
2005-04-12,491.0,524.7326,62.028522,393.83087,633.045,239.21411,treino
2005-04-13,503.0,511.44397,58.53472,397.43814,621.02997,223.59183,treino
2005-04-14,497.0,510.22168,55.12277,396.86377,603.5166,206.65283,treino
2005-04-15,514.0,492.56125,54.292667,377.7188,578.8185,201.09967,treino
2005-04-16,465.0,485.25363,55.44569,379.23532,598.85315,219.61783,treino
2005-04-17,516.0,480.3427,56.239574,369.37732,583.60156,214.22424,treino
2005-04-18,504.0,512.89703,57.389664,395.50607,613.45123,217.94516,treino
2005-04-19,534.0,470.8461,58.21115,353.27405,584.307,231.03296,treino
2005-04-20,497.0,465.65137,52.721493,339.48718,564.8142,225.32703,treino
2005-04-21,506.0,468.604,56.195805,358.0843,564.8089,206.72461,treino
2005-04-22,507.0,474.44168,55.49347,365.497,586.02124,220.52423,treino
2005-04-23,489.0,488.18735,58.31814,362.8325,586.48566,223.65317,treino
2005-04-24,504.0,484.6947,57.471134,356.78696,584.61554,227.82858,treino
2005-04-25,621.54,453.85413,53.179073,351.49448,554.67,203.1755,treino
2005-04-26,391.46,494.33484,55.08002,384.94446,588.7532,203.80872,treino
2005-04-27,380.84,544.9525,62.70975,419.91745,667.8048,247.88736,treino
2005-04-28,397.57,478.80673,64.77131,354.7427,584.6132,229.87051,treino
2005-04-29,1869.0,822.57294,111.8361,591.9631,1031.6212,439.65814,treino
2005-04-30,1185.56,869.3297,119.279106,609.7843,1071.2711,461.48682,treino
2005-05-01,505.0,669.65625,79.53078,514.8206,823.18506,308.36444,treino
2005-05-02,620.43,696.8887,83.36872,526.71606,838.4284,311.71234,treino
2005-05-03,617.54,677.9586,78.811005,508.7827,817.24774,308.46503,treino
2005-05-04,618.43,553.1553,65.36929,421.06613,670.0728,249.00668,treino
2005-05-05,505.0,503.36337,59.068306,386.0433,606.36646,220.32315,treino
2005-05-06,391.57,473.4248,50.511364,372.22803,560.457,188.22894,treino
2005-05-07,504.0,445.692,50.865337,330.42606,534.66364,204.23758,treino
2005-05-08,396.46,428.14752,47.704563,331.5624,512.8616,181.29916,treino
2005-05-09,392.57,417.15958,45.643726,315.90817,494.68655,178.77838,treino
2005-05-10,597.0,408.23187,48.891804,306.02844,495.08765,189.0592,treino
2005-05-11,272.26,397.84735,46.52717,312.42706,480.56888,168.14182,treino
2005-05-12,391.57,395.0505,45.255383,295.13174,477.77518,182.64343,treino
2005-05-13,503.0,383.04678,45.05868,289.68048,466.195,176.51453,treino
2005-05-14,278.03,379.2208,41.177677,293.62442,458.6614,165.03699,treino
2005-05-15,502.0,375.56076,45.260166,269.8126,453.4524,183.6398,treino
2005-05-16,387.57,378.20087,44.004574,290.86334,456.62344,165.7601,treino
2005-05-17,273.26,362.14612,41.456997,279.95193,439.17233,159.2204,treino
2005-05-18,368.03,358.70163,38.884422,287.1094,427.40485,140.29544,treino
2005-05-19,396.57,349.1721,45.66403,259.85654,436.43573,176.5792,treino
2005-05-20,395.69,350.66656,37.508152,272.53455,415.91895,143.3844,treino
2005-05-21,396.57,341.41107,40.051643,263.02606,414.65756,151.6315,treino
2005-05-22,392.46,340.64093,37.100178,267.2184,410.81058,143.59216,treino
2005-05-23,281.15,426.3975,53.07661,320.79257,523.50745,202.71487,treino
2005-05-24,509.0,505.71213,60.175377,379.74744,616.5499,236.80249,treino
2005-05-25,850.85,612.1891,72.39184,458.11307,743.49744,285.38437,treino
2005-05-26,628.0,1102.5856,141.79568,802.492,1356.605,554.113,treino
2005-05-27,741.54,788.1476,91.62076,608.5149,956.8153,348.3004,treino
2005-05-28,747.43,815.65796,95.36526,609.56885,981.1577,371.58887,treino
2005-05-29,617.0,748.5414,80.22306,597.8571,896.6538,298.7967,treino
2005-05-30,621.31,621.6236,67.51032,490.195,741.53467,251.33966,treino
2005-05-31,505.0,532.91064,59.079895,412.5715,642.2267,229.65518,treino
2005-06-01,502.0,451.43,53.482456,330.16025,544.5799,214.41965,treino
2005-06-02,273.26,415.02032,47.384567,318.41217,509.05194,190.63977,treino
2005-06-03,403.46,430.47217,48.62253,336.01425,524.9054,188.89114,treino
2005-06-04,398.57,405.728,45.890972,305.71762,486.11224,180.39462,treino
2005-06-05,386.57,389.43866,45.54951,292.69138,465.37317,172.6818,treino
2005-06-06,395.69,380.28223,41.246,296.29828,451.01303,154.71475,treino
2005-06-07,286.03,374.34186,38.40999,291.6311,448.62292,156.99182,treino
2005-06-08,393.57,364.71255,41.652878,284.254,442.99734,158.74335,treino
2005-06-09,398.57,359.83127,39.85279,272.63696,434.9543,162.31735,treino
2005-06-10,276.26,348.57974,39.900295,262.55563,426.42532,163.86969,treino
2005-06-11,401.46,344.35822,38.73511,266.838,414.20642,147.36841,treino
2005-06-12,334.15,341.88974,39.039425,266.56958,409.93262,143.36304,treino
2005-06-13,277.26,331.4275,40.602646,247.47559,404.5051,157.02951,treino
2005-06-14,440.46,333.45996,37.261703,259.3288,396.78027,137.45148,treino
2005-06-15,315.84,326.5761,36.82702,253.16876,391.64987,138.48111,treino
2005-06-16,292.61,325.62244,36.43365,253.86311,393.8143,139.95119,treino
2005-06-17,389.57,324.0801,35.399994,250.30818,392.85376,142.54558,treino
2005-06-18,279.26,315.6341,35.055656,245.08769,382.79346,137.70576,treino
2005-06-19,618.43,366.7614,40.050068,291.60886,448.318,156.70914,treino
2005-06-20,276.03,341.9319,40.612225,259.9522,412.4971,152.54489,treino
2005-06-21,275.15,431.8837,56.069706,299.32962,526.00806,226.67844,treino
2005-06-22,274.26,381.17923,45.14693,289.02213,463.5733,174.55118,treino
2005-06-23,390.46,377.0167,41.123325,294.19995,449.26505,155.0651,treino
2005-06-24,437.57,381.93243,42.615864,287.87085,460.17426,172.3034,treino
2005-06-25,265.26,358.34598,43.61441,262.01614,429.2328,167.21664,treino
2005-06-26,282.66,339.71808,37.750988,267.49832,406.48535,138.98703,treino
2005-06-27,503.0,326.87408,38.690212,250.68854,401.00003,150.3115,treino
2005-06-28,286.52,309.9658,35.811775,239.66368,372.40317,132.73949,treino
2005-06-29,291.41,311.128,34.85985,233.26595,371.64136,138.37541,treino
2005-06-30,263.61,304.79813,34.564285,228.7763,367.10776,138.33145,treino
2005-07-01,373.41,303.0129,32.89377,236.39375,364.5154,128.12166,treino
2005-07-02,319.41,297.656,34.578827,232.27943,358.5606,126.28117,treino
2005-07-03,264.61,297.3424,33.994865,229.58826,355.4913,125.903046,treino
2005-07-04,322.41,294.029,34.96681,223.39786,355.74908,132.35123,treino
2005-07-05,325.41,286.741,33.15673,219.22821,348.62817,129.39996,treino
2005-07-06,384.29,282.85864,32.68729,218.26747,342.05853,123.79106,treino
2005-07-07,225.73,283.5574,32.332634,220.76187,337.72885,116.96698,treino
2005-07-08,213.61,305.44336,33.916927,238.61299,369.06955,130.45656,treino
2005-07-09,366.41,277.3694,29.744465,214.98985,330.01575,115.025894,treino
2005-07-10,154.81,275.32367,29.66271,217.60559,330.59622,112.99063,treino
2005-07-11,241.5,283.85828,33.589836,216.91443,345.55984,128.64542,treino
2005-07-12,153.93,277.46698,30.889626,217.73515,334.83212,117.09697,treino
2005-07-13,370.41,261.74176,30.148026,205.0821,320.05435,114.972244,treino
2005-07-14,263.61,258.72595,27.689968,202.46776,307.54773,105.07997,treino
2005-07-15,260.61,256.399,29.85366,196.94939,310.22653,113.277145,treino
2005-07-16,264.5,254.47623,27.985573,201.23593,304.9922,103.756256,treino
2005-07-17,376.52,254.01094,29.574236,191.93832,308.69232,116.754,treino
2005-07-18,260.5,251.23997,29.91315,195.28093,306.80084,111.51991,treino
2005-07-19,262.73,267.0385,30.764303,208.15028,322.9717,114.82143,treino
2005-07-20,46.02,246.41307,29.689587,177.41853,295.43643,118.0179,treino
2005-07-21,263.61,244.79352,25.64833,193.61577,290.18475,96.568985,treino
2005-07-22,372.41,252.52214,29.6156,196.91028,306.60773,109.69745,treino
2005-07-23,253.61,257.2534,28.959404,193.39822,309.42178,116.02356,treino
2005-07-24,372.41,242.66792,29.979969,182.91681,301.35062,118.43381,treino
2005-07-25,157.81,250.04773,27.583895,195.8556,302.87094,107.015335,treino
2005-07-26,372.41,286.4104,34.550335,216.72166,350.11746,133.3958,treino
2005-07-27,157.81,255.22346,31.44477,186.14227,305.6962,119.553925,treino
2005-07-28,377.29,267.9565,30.256424,205.32909,322.94223,117.613144,treino
2005-07-29,264.73,259.33438,31.455559,193.1413,312.18942,119.04813,treino
2005-07-30,151.81,244.04688,26.516277,188.2605,292.95276,104.69226,treino
2005-07-31,246.5,245.20555,27.980022,190.64748,297.37524,106.72777,treino
2005-08-01,227.93,234.53386,29.54609,169.6988,289.13522,119.43642,treino
2005-08-02,306.39,232.04916,27.511215,168.89848,281.24667,112.34819,treino
2005-08-03,201.74,227.2726,26.574173,177.61632,275.85388,98.237564,treino
2005-08-04,295.5,226.74687,26.426826,168.27827,270.5366,102.258316,treino
2005-08-05,196.85,220.39467,26.132452,167.79614,270.90698,103.11084,treino
2005-08-06,296.27,219.7654,25.294136,171.40909,265.57333,94.164246,treino
2005-08-07,198.85,220.74417,25.46437,170.30223,266.4559,96.15367,treino
2005-08-08,201.97,216.24294,24.928944,166.32683,262.1305,95.803665,treino
2005-08-09,303.39,214.5803,27.076042,157.63112,261.51276,103.88164,treino
2005-08-10,282.27,214.30731,24.585672,165.2857,260.4347,95.14899,treino
2005-08-11,200.97,222.13174,26.49999,164.21722,268.74643,104.529205,treino
2005-08-12,201.85,213.42964,24.333874,163.70242,259.6942,95.99179,treino
2005-08-13,299.27,206.5837,25.473207,152.72195,251.27757,98.55562,treino
2005-08-14,297.5,217.50545,27.253836,162.24355,267.1603,104.91676,treino
2005-08-15,200.85,215.45204,25.361362,165.92638,263.62317,97.69679,treino
2005-08-16,219.85,202.27257,24.661352,158.3294,248.337,90.0076,treino
2005-08-17,223.74,206.14284,23.864784,153.7402,251.06918,97.32898,treino
2005-08-18,203.85,207.75633,25.56876,159.16129,252.16678,93.00549,treino
2005-08-19,203.97,211.53528,24.70631,162.01389,257.8271,95.8132,treino
2005-08-20,306.39,195.37045,23.060884,148.39026,234.42915,86.038895,treino
2005-08-21,104.31,195.42491,23.082144,143.76666,236.62338,92.85672,treino
2005-08-22,204.74,197.53406,23.041983,152.73659,239.81169,87.0751,treino
2005-08-23,207.85,190.84143,23.000544,142.55762,231.0795,88.52188,treino
2005-08-24,204.97,184.92142,23.70908,137.32918,228.88083,91.55165,treino
2005-08-25,210.85,186.1798,23.274372,136.95442,228.21492,91.2605,treino
2005-08-26,201.85,185.51456,22.672422,137.21402,226.66917,89.455154,treino
2005-08-27,304.27,194.52321,21.680481,151.44992,234.36893,82.91901,treino
2005-08-28,112.31,186.42726,21.949657,144.26045,228.03763,83.777176,treino
2005-08-29,309.5,188.2921,22.639124,137.87874,227.7373,89.85857,treino
2005-08-30,117.57,185.42249,21.250853,141.52917,220.10475,78.57558,treino
2005-08-31,315.59,189.6116,21.981936,147.89986,234.40628,86.506424,treino
2005-09-01,310.5,177.39919,21.12994,135.0408,215.42226,80.381454,treino
2005-09-02,25.24,184.624,22.979654,138.75656,226.00662,87.25006,treino
2005-09-03,285.5,193.42978,23.83213,149.28589,240.65884,91.372955,treino
2005-09-04,115.31,190.48647,25.327116,136.48392,239.09438,102.61046,treino
2005-09-05,317.02,187.54665,21.507204,143.63084,223.05629,79.425446,treino
2005-09-06,108.14,190.81104,23.766916,139.48253,237.12187,97.63934,treino
2005-09-07,245.17,183.33717,21.255028,141.23848,221.81961,80.58113,treino
2005-09-08,231.23,207.76358,27.249077,151.79936,256.66367,104.8643,treino
2005-09-09,103.31,213.43126,25.683226,160.94595,261.08255,100.1366,treino
2005-09-10,293.85,206.1897,23.729725,153.39845,247.345,93.94655,treino
2005-09-11,212.8,220.44188,24.643368,169.65045,262.56616,92.91571,treino
2005-09-12,182.9,210.84637,26.267996,157.77873,256.69556,98.916824,treino
2005-09-13,201.5,200.12807,23.533573,154.61685,244.47691,89.86006,treino
2005-09-14,211.02,184.42809,22.07166,137.98718,222.98926,85.002075,treino
2005-09-15,210.33,179.22705,20.143978,138.44409,216.50726,78.06317,treino
2005-09-16,213.39,173.38316,21.17728,125.80509,208.59012,82.78503,treino
2005-09-17,32.31,243.48924,30.066507,185.09624,298.39987,113.303635,treino
2005-09-18,221.48,351.1425,51.829826,244.17213,446.21207,202.03993,treino
2005-09-19,229.68,229.888,27.447258,174.0323,281.62396,107.59166,treino
2005-09-20,323.5,236.35098,28.680803,174.75423,290.68304,115.92882,treino
2005-09-21,228.8,227.3093,28.086746,169.34161,273.91104,104.56943,treino
2005-09-22,125.94,237.00456,26.005545,186.74074,286.31885,99.57811,treino
2005-09-23,229.48,240.68364,29.478956,177.24423,289.48965,112.24542,treino
2005-09-24,420.56,207.23886,23.93522,159.72119,249.59868,89.87749,treino
2005-09-25,227.11,201.26968,23.76137,155.62349,248.03122,92.40773,treino
2005-09-26,421.56,290.61893,43.31872,207.49597,371.47797,163.982,treino
2005-09-27,86.89,239.8087,27.507008,185.61568,293.41376,107.79808,treino
2005-09-28,238.11,253.28316,29.700703,195.52121,310.64664,115.12543,treino
2005-09-29,238.11,242.42427,28.723303,183.1511,289.39685,106.24576,treino
2005-09-30,235.11,269.2756,32.1751,202.10799,326.969,124.86101,treino
2005-10-01,230.0,220.555,26.466751,163.11577,267.17828,104.062515,treino
2005-10-02,207.23,207.30301,23.154705,162.61844,250.54211,87.923676,treino
2005-10-03,210.11,199.41505,24.803488,147.28592,241.5756,94.28969,treino
2005-10-04,145.89,187.24992,22.973677,144.22435,230.73094,86.50659,treino
2005-10-05,329.33,182.18285,22.90554,131.93068,220.93811,89.00743,treino
2005-10-06,40.67,176.55045,20.537138,134.7401,213.36531,78.62521,treino
2005-10-07,152.89,166.57698,19.961178,123.07562,200.71687,77.64125,treino
2005-10-08,151.89,179.14667,22.090113,133.45164,215.01743,81.56578,treino
2005-10-09,254.11,188.40538,21.549797,146.63313,227.08437,80.45123,treino
2005-10-10,140.89,184.90868,22.520277,142.50143,226.89046,84.38902,treino
2005-10-11,143.89,187.86981,24.1602,139.34859,231.84155,92.492966,treino
2005-10-12,140.89,176.77278,21.239857,130.80614,219.2396,88.43346,treino
2005-10-13,46.67,163.36658,20.537851,121.594055,199.7931,78.19905,treino
2005-10-14,147.89,151.92732,18.098982,116.826004,183.68187,66.855865,treino
2005-10-15,138.89,146.26562,18.518627,110.93352,182.40387,71.47035,treino
2005-10-16,146.83,135.09229,19.027145,99.721756,169.21594,69.49419,treino
2005-10-17,197.74,133.73636,17.631954,98.41468,165.19934,66.78466,treino
2005-10-18,145.52,131.78665,18.00259,95.6618,163.30571,67.64391,treino
2005-10-19,152.83,136.25102,20.291874,97.77936,171.99269,74.21333,treino
2005-10-20,147.52,258.32236,45.67266,163.21997,335.701,172.48102,treino
2005-10-21,58.61,135.54355,18.276949,97.84492,166.521,68.67608,treino
2005-10-22,160.83,144.38933,18.31518,105.154236,176.99684,71.842606,treino
2005-10-23,150.52,164.02553,21.40356,120.40983,201.57913,81.169304,treino
2005-10-24,152.83,171.91106,22.270012,124.51626,211.53856,87.0223,treino
2005-10-25,162.52,220.27542,33.490757,152.25084,280.4218,128.17097,treino
2005-10-26,59.93,169.84863,20.019478,129.58412,205.3482,75.764084,treino
2005-10-27,160.2,195.08801,28.918371,141.62643,250.22447,108.59804,treino
2005-10-28,161.15,200.15022,27.057251,144.19026,244.6385,100.44824,treino
2005-10-29,160.2,235.26862,40.706547,152.96916,302.98343,150.01427,treino
2005-10-30,219.06,225.91878,30.548073,159.62419,282.7154,123.0912,treino
2005-10-31,485.09,370.6203,54.52956,250.27808,471.05267,220.7746,treino
2005-11-01,829.81,323.51514,49.88038,225.64899,415.70093,190.05194,treino
2005-11-02,355.28,523.3646,83.06461,342.97128,672.63324,329.66196,treino
2005-11-03,547.66,455.59094,51.10973,348.11453,545.5997,197.48514,treino
2005-11-04,531.89,595.66473,82.49604,441.67743,741.3461,299.6687,treino
2005-11-05,254.43,482.73422,55.333572,382.9337,578.3777,195.444,treino
2005-11-06,282.37,338.50604,37.871704,262.31946,407.85913,145.53967,treino
2005-11-07,444.56,403.11072,44.45481,320.44687,484.56525,164.11838,treino
2005-11-08,640.0,369.99796,42.295868,274.36392,442.62897,168.26505,treino
2005-11-09,226.43,302.3805,35.55967,224.53905,367.93362,143.39458,treino
2005-11-10,851.91,503.9515,93.8507,325.29193,683.6747,358.38275,treino
2005-11-11,450.19,615.57544,109.95333,395.28842,814.12506,418.83664,treino
2005-11-12,437.19,496.912,57.76099,376.76425,607.55865,230.7944,treino
2005-11-13,352.65,400.26132,45.64325,303.49945,481.69797,178.19852,treino
2005-11-14,355.33,400.77515,47.4361,302.52518,490.41714,187.89197,treino
2005-11-15,359.28,400.75183,44.44033,316.7665,479.74286,162.97635,treino
2005-11-16,449.19,362.74664,40.94992,285.68158,445.23898,159.5574,treino
2005-11-17,833.81,330.4402,38.972584,253.08888,401.28265,148.19377,treino
2005-11-18,829.81,606.55975,123.59342,360.6496,832.9522,472.3026,treino
2005-11-19,727.91,574.9835,78.03367,422.44043,719.3841,296.94366,treino
2005-11-20,811.44,839.4279,129.622,587.4914,1081.7797,494.28827,treino
2005-11-21,1016.57,710.5512,76.844345,558.3807,847.1801,288.79944,treino
2005-11-22,747.91,603.0653,72.099205,454.4209,723.73456,269.31366,treino
2005-11-23,923.72,701.2037,78.561424,524.7019,832.3931,307.69122,treino
2005-11-24,999.67,823.41406,109.60049,596.29425,1042.5221,446.22784,treino
2005-11-25,1893.0,778.76794,90.76679,602.2101,968.54175,366.33167,treino
2005-11-26,1460.74,1042.5103,127.90718,793.0668,1265.8854,472.8186,treino
2005-11-27,1111.54,1047.7402,141.81454,739.61194,1311.3373,571.72534,treino
2005-11-28,1212.11,897.7423,106.76086,679.7938,1085.8722,406.07837,treino
2005-11-29,1182.76,1034.1189,125.43999,768.2817,1242.9015,474.6198,treino
2005-11-30,930.55,1093.7112,144.99196,808.3722,1344.956,536.58386,treino
2005-12-01,834.25,933.6299,101.17486,745.10284,1143.6156,398.51276,treino
2005-12-02,728.91,830.0037,102.740715,600.44916,1006.427,405.97784,treino
2005-12-03,825.81,935.0629,111.71636,711.98206,1132.98,420.99792,treino
2005-12-04,830.13,856.3292,97.38403,656.00183,1023.69763,367.6958,treino
2005-12-05,926.55,824.46344,92.71043,628.3311,994.667,366.33588,treino
2005-12-06,1788.89,902.9359,104.21914,703.30334,1115.3998,412.09644,treino
2005-12-07,1412.4,1209.998,161.20685,880.668,1492.8766,612.20856,treino
2005-12-08,1398.32,1688.7521,233.77023,1221.9542,2083.1487,861.19446,treino
2005-12-09,1384.2,1331.8746,154.94661,1033.5033,1629.4442,595.9409,treino
2005-12-10,2198.56,1249.2046,144.41211,953.41724,1502.0297,548.6124,treino
2005-12-11,2180.56,2002.2206,305.27457,1369.7004,2546.295,1176.5945,treino
2005-12-12,1913.55,1826.5808,215.97185,1409.4884,2211.8088,802.32043,treino
2005-12-13,2233.67,2644.488,289.18198,2102.6685,3174.8777,1072.2092,treino
2005-12-14,4263.78,3037.674,365.99014,2255.0613,3670.1404,1415.0791,treino
2005-12-15,3166.04,3385.726,377.42776,2680.883,4130.288,1449.405,treino
2005-12-16,2698.48,2158.7305,251.10516,1599.2622,2587.6846,988.42236,treino
2005-12-17,2219.57,1918.7695,236.28601,1396.0483,2336.918,940.8696,treino
2005-12-18,1791.55,1738.0676,204.237,1288.5879,2090.269,801.68115,treino
2005-12-19,1768.88,1637.9763,183.11292,1276.5381,1947.7135,671.1754,treino
2005-12-20,1602.0,1876.3662,234.97794,1396.2888,2296.095,899.80615,treino
2005-12-21,1392.02,1426.9083,171.91684,1088.7705,1756.5281,667.75757,treino
2005-12-22,1142.68,1433.8303,176.62068,1085.6682,1758.1261,672.4579,treino
2005-12-23,1172.97,1332.046,159.6073,1013.3386,1592.1862,578.84753,treino
2005-12-24,1227.0,1200.3374,146.42099,870.63983,1467.8047,597.16486,treino
2005-12-25,1068.11,1164.6716,129.1664,902.5061,1399.2201,496.714,treino
2005-12-26,1027.44,1299.4478,163.8163,949.28687,1614.1534,664.8666,treino
2005-12-27,902.97,992.1828,121.26333,765.50287,1199.0063,433.50348,treino
2005-12-28,1106.56,1030.3484,121.22827,786.3407,1233.0977,446.75696,treino
2005-12-29,881.33,912.40845,106.345825,710.28564,1090.9648,380.6792,treino
2005-12-30,874.39,739.37555,88.066284,574.9889,895.3192,320.33032,treino
2005-12-31,804.0,721.689,85.13288,556.7162,871.0961,314.37994,treino
2006-01-01,705.59,672.6028,79.26861,512.9554,819.20795,306.25256,treino
2006-01-02,795.0,744.6893,81.885445,573.58167,899.956,326.37433,treino
2006-01-03,776.89,871.9945,104.971466,630.0343,1045.7263,415.69202,treino
2006-01-04,971.11,840.47217,93.01658,670.3895,1012.1249,341.73535,treino
2006-01-05,1955.13,1329.4258,164.53998,997.11646,1621.4015,624.28503,treino
2006-01-06,1372.69,1635.8005,191.2779,1236.4933,1974.7795,738.28625,treino
2006-01-07,1544.13,1329.4766,151.89836,1023.26355,1587.2767,564.0132,treino
2006-01-08,1262.2,1379.1746,166.99554,1003.96643,1679.9628,675.99634,treino
2006-01-09,1074.5,1283.2991,155.05283,979.75903,1570.1084,590.34937,treino
2006-01-10,1164.32,1166.3872,138.10373,893.35693,1433.2325,539.8756,treino
2006-01-11,886.11,1059.4667,110.867645,835.6031,1247.876,412.2729,treino
2006-01-12,799.0,973.10846,114.57329,746.39484,1179.6984,433.30353,treino
2006-01-13,710.89,867.8916,100.456116,664.4038,1066.871,402.46716,treino
2006-01-14,668.56,755.6977,85.01343,587.1784,920.0248,332.84637,treino
2006-01-15,565.59,668.94934,79.119026,507.25302,806.1678,298.91476,treino
2006-01-16,605.04,609.68945,72.924835,472.56125,740.4237,267.86246,treino
2006-01-17,464.02,577.741,61.6081,443.8646,688.74207,244.87747,treino
2006-01-18,508.0,506.55948,55.851795,385.64178,605.1857,219.54395,treino
2006-01-19,504.0,478.32385,54.638954,361.27,571.73456,210.46457,treino
2006-01-20,406.78,459.3568,54.22144,343.0329,556.2392,213.2063,treino
2006-01-21,404.78,438.70682,50.218334,341.63065,535.2931,193.66245,treino
2006-01-22,417.78,418.3693,46.04431,328.22366,508.9861,180.76245,treino
2006-01-23,425.35,403.91272,43.912895,322.41757,486.71243,164.29486,treino
2006-01-24,398.0,389.7768,43.139347,300.35794,468.6132,168.25525,treino
2006-01-25,409.0,385.95673,42.375706,300.3871,462.42203,162.03494,treino
2006-01-26,395.46,407.44974,51.42582,302.7213,499.31778,196.59647,treino
2006-01-27,468.58,459.674,57.13948,343.77518,564.0346,220.25943,treino
2006-01-28,578.0,500.27063,71.394424,353.83185,625.0178,271.18597,treino
2006-01-29,615.0,518.8012,61.50801,393.97766,622.80786,228.8302,treino
2006-01-30,867.83,1021.15607,162.71857,704.10876,1314.9751,610.86633,treino
2006-01-31,884.43,803.1852,85.953316,628.4013,971.7993,343.398,treino
2006-02-01,730.5,734.3853,88.97406,562.8552,905.96375,343.10852,treino
2006-02-02,794.1,821.62054,98.92421,612.98737,995.9186,382.9312,treino
2006-02-03,697.33,930.7003,114.55707,659.53296,1125.2023,465.6693,treino
2006-02-04,621.34,668.8538,85.21933,468.86093,809.7885,340.92758,treino
2006-02-05,592.54,625.64795,71.045364,471.46832,754.9157,283.4474,treino
2006-02-06,512.54,569.74927,68.14769,427.55658,685.47687,257.9203,treino
2006-02-07,514.0,511.06146,57.492863,392.32812,606.5603,214.23218,treino
2006-02-08,512.0,473.76385,54.07814,366.9836,569.96356,202.97995,treino
2006-02-09,602.42,430.29315,45.33465,340.13867,505.4267,165.28802,treino
2006-02-10,588.54,534.5197,68.00769,400.72586,651.6891,250.96323,treino
2006-02-11,603.65,549.7538,71.847725,394.52762,691.6755,297.14786,treino
2006-02-12,597.54,640.4598,96.338326,456.95398,820.53687,363.5829,treino
2006-02-13,701.96,976.3256,124.449554,747.0425,1216.2356,469.1931,treino
2006-02-14,912.63,999.6145,119.58351,750.3098,1224.1396,473.82983,treino
2006-02-15,889.2,1022.99054,125.31498,763.75116,1242.6008,478.84967,treino
2006-02-16,798.5,961.79065,114.50933,728.13416,1163.1854,435.05127,treino
2006-02-17,811.1,825.1744,88.633316,650.72363,978.0673,327.3437,treino
2006-02-18,599.22,723.8002,79.64029,572.3482,873.9867,301.6385,treino
2006-02-19,537.0,651.9629,73.46364,498.45233,773.9186,275.46625,treino
2006-02-20,555.0,594.6205,71.0905,444.27075,730.211,285.94025,treino
2006-02-21,648.11,529.9248,60.755356,398.47437,637.5589,239.08453,treino
2006-02-22,605.0,585.27264,78.15182,437.03476,731.24695,294.2122,treino
2006-02-23,833.88,492.4886,61.536438,369.1032,605.4823,236.37909,treino
2006-02-24,668.0,770.96423,120.55826,533.5029,967.63446,434.13153,treino
2006-02-25,669.0,614.09033,74.42604,468.91772,750.5339,281.61615,treino
2006-02-26,867.96,846.52814,108.133224,607.46344,1036.995,429.53156,treino
2006-02-27,1311.1,811.7259,91.787315,625.8261,976.2239,350.39777,treino
2006-02-28,761.55,909.69104,107.860565,680.4855,1104.7346,424.24915,treino
2006-03-01,861.83,690.3356,81.09914,507.63632,839.6955,332.05917,treino
2006-03-02,769.41,872.12897,98.910736,680.7864,1063.072,382.28564,treino
2006-03-03,856.89,943.7855,122.340965,674.59424,1157.0602,482.46594,treino
2006-03-04,865.03,722.3155,83.73476,552.45074,868.8528,316.40204,treino
2006-03-05,865.15,677.33856,77.43724,519.8084,820.312,300.5036,treino
2006-03-06,1361.95,1085.5948,138.91208,825.56757,1321.7548,496.1872,treino
2006-03-07,1061.11,1368.4945,181.69144,1030.98,1705.4266,674.44666,treino
2006-03-08,945.69,1267.7021,149.50455,989.39935,1556.7755,567.37616,treino
2006-03-09,957.69,1138.05,135.9441,870.64526,1381.271,510.62573,treino
2006-03-10,1454.37,1061.8138,118.8695,832.07446,1286.8119,454.73743,treino
2006-03-11,1454.37,1242.7639,145.93663,963.11993,1496.758,533.6381,treino
2006-03-12,1254.41,1480.7865,177.49745,1109.5463,1775.5181,665.9718,treino
2006-03-13,1951.06,1381.0929,162.74886,1036.5643,1653.6969,617.13257,treino
2006-03-14,2008.59,1592.3666,182.3159,1211.4318,1919.586,708.1543,treino
2006-03-15,2398.76,1324.075,163.43968,968.07446,1606.1252,638.0508,treino
2006-03-16,2013.15,1738.2566,228.38364,1264.5908,2143.1526,878.56177,treino
2006-03-17,2292.03,1524.084,177.05301,1166.9447,1848.782,681.8373,treino
2006-03-18,2042.87,1621.9059,189.66995,1171.3696,1930.0488,758.6792,treino
2006-03-19,1681.37,2218.9536,284.0694,1662.6971,2717.7217,1055.0245,treino
2006-03-20,1370.66,1741.8425,191.21198,1369.8763,2091.4126,721.53625,treino
2006-03-21,1404.69,1716.992,201.35425,1313.7867,2058.9087,745.12195,treino
2006-03-22,1300.25,1412.6693,160.9397,1070.6635,1710.7756,640.1122,treino
2006-03-23,1091.89,1525.4875,183.20937,1143.8462,1878.0912,734.245,treino
2006-03-24,1100.78,1303.2913,144.48149,1002.2955,1556.1837,553.88824,treino
2006-03-25,1017.98,1163.3597,129.94891,912.58936,1394.2185,481.62915,treino
2006-03-26,1083.78,1263.2351,149.24564,936.60693,1530.1694,593.5625,treino
2006-03-27,984.13,1181.4762,125.47393,935.45996,1420.2458,484.7859,treino
2006-03-28,989.13,1151.4583,129.46503,892.8182,1388.8114,495.99323,treino
2006-03-29,1784.11,990.1372,112.72465,771.5882,1187.4963,415.90814,treino
2006-03-30,987.13,1193.8761,148.37361,894.6247,1458.3705,563.7458,treino
2006-03-31,876.7,954.83966,109.25955,741.88226,1155.351,413.4687,treino
2006-04-01,765.39,877.6598,103.71155,650.72186,1072.2992,421.57733,treino
2006-04-02,762.16,915.9805,92.70489,737.04016,1098.0228,360.98267,treino
2006-04-03,762.28,851.0573,94.47097,667.5262,1024.4177,356.89154,treino
2006-04-04,653.85,790.19446,90.46636,612.7948,952.69794,339.90314,treino
2006-04-05,655.97,723.8797,85.80399,539.81433,872.37885,332.5645,treino
2006-04-06,658.74,683.78564,77.160675,536.05194,817.2422,281.19025,treino
2006-04-07,653.97,737.7009,89.68902,557.52783,898.86694,341.3391,treino
2006-04-08,539.43,663.65826,74.185196,506.90558,792.75555,285.84998,treino
2006-04-09,600.31,724.24,83.79788,548.50323,883.0317,334.52844,treino
2006-04-10,802.39,682.6453,79.52584,511.4723,827.82385,316.35156,treino
2006-04-11,746.74,917.65894,115.296005,672.057,1114.1232,442.06616,treino
2006-04-12,640.43,694.3801,80.8196,529.06744,857.61255,328.5451,treino
2006-04-13,640.43,646.2207,75.94298,497.11212,778.64984,281.53772,treino
2006-04-14,530.0,598.33575,63.973682,470.99005,709.83057,238.84052,treino
2006-04-15,578.0,566.9941,63.310062,430.78314,675.4935,244.71039,treino
2006-04-16,1084.13,556.5442,63.8864,432.49313,683.1112,250.61807,treino
2006-04-17,1542.83,689.9935,87.504456,495.65518,835.8851,340.2299,treino
2006-04-18,684.97,888.1959,127.98221,650.8406,1130.1666,479.32605,treino
2006-04-19,568.43,596.64404,73.19445,450.59647,721.5901,270.99362,treino
2006-04-20,570.31,574.70056,71.195625,438.3501,698.6176,260.26752,treino
2006-04-21,573.43,524.1386,60.514576,412.04395,641.547,229.50305,treino
2006-04-22,457.0,501.10052,54.6129,393.14273,610.0625,216.91977,treino
2006-04-23,573.43,472.57465,54.711937,374.03934,573.5314,199.49203,treino
2006-04-24,459.0,459.30124,54.430313,341.39783,553.3988,212.00098,treino
2006-04-25,356.57,440.31287,47.631313,338.7913,525.36896,186.57767,treino
2006-04-26,363.57,427.8586,52.440346,313.0143,514.7751,201.76077,treino
2006-04-27,468.0,415.11047,47.536903,317.45386,509.54263,192.08878,treino
2006-04-28,350.69,405.83383,42.06998,318.2259,475.82956,157.60367,treino
2006-04-29,456.0,391.7718,44.62137,295.81918,465.05643,169.23724,treino
2006-04-30,456.0,378.6944,45.9782,288.76227,465.22238,176.46011,treino
2006-05-01,349.57,465.41177,58.751297,340.57388,566.8605,226.28659,treino
2006-05-02,463.0,466.68243,53.51435,357.42487,564.6768,207.25195,treino
2006-05-03,344.46,378.62595,44.2055,289.66553,462.55963,172.8941,treino
2006-05-04,457.0,384.36084,45.17991,291.3173,461.34512,170.02783,treino
2006-05-05,347.57,378.82455,45.11704,284.74725,457.61212,172.86487,treino
2006-05-06,379.57,364.26892,42.812798,277.387,437.8519,160.4649,treino
2006-05-07,344.69,350.7828,41.04246,269.14066,431.15176,162.01111,treino
2006-05-08,344.57,345.15097,41.093502,250.03554,416.47385,166.43831,treino
2006-05-09,466.0,372.53967,44.009834,287.60388,449.74237,162.13849,treino
2006-05-10,348.46,434.50153,49.78256,337.49713,529.392,191.8949,treino
2006-05-11,344.57,488.60843,55.325214,366.71906,584.56134,217.84229,treino
2006-05-12,344.57,428.37915,49.471745,332.26694,514.39294,182.126,treino
2006-05-13,472.0,393.46243,46.586617,300.15405,477.40625,177.2522,treino
2006-05-14,343.69,391.1105,47.71446,281.81937,475.54083,193.72147,treino
2006-05-15,347.57,366.41345,41.693195,288.35095,446.13043,157.77948,treino
2006-05-16,348.46,346.18997,38.749252,268.9239,419.39957,150.47568,treino
2006-05-17,343.57,337.57306,39.951096,251.79456,403.2273,151.43274,treino
2006-05-18,237.26,330.3372,36.054718,255.83575,392.89645,137.0607,treino
2006-05-19,254.03,324.47134,35.555847,249.71892,389.41818,139.69926,treino
2006-05-20,333.57,325.95084,36.738758,238.96742,385.30127,146.33385,treino
2006-05-21,451.0,316.9229,34.966034,250.73695,378.49463,127.757675,treino
2006-05-22,329.57,307.88556,35.478455,238.18422,367.32343,129.1392,treino
2006-05-23,239.26,326.57965,36.93186,257.21805,395.12024,137.90219,treino
2006-05-24,239.03,327.74094,36.11691,247.4978,392.76218,145.26437,treino
2006-05-25,279.26,313.73004,34.80771,250.4631,379.69925,129.23615,treino
2006-05-26,394.03,310.2148,33.641556,247.36143,374.23807,126.87663,treino
2006-05-27,274.84,313.9646,36.066193,241.40465,374.00632,132.60167,treino
2006-05-28,358.57,310.76105,37.185516,239.53151,378.7382,139.20668,treino
2006-05-29,236.03,304.7321,37.689503,229.55081,378.01263,148.46182,treino
2006-05-30,240.26,297.99695,35.095627,223.87766,356.08008,132.20242,treino
2006-05-31,349.57,293.43225,33.646442,216.0791,348.6574,132.57831,treino
2006-06-01,351.46,286.7746,32.120586,223.68065,345.98157,122.30092,treino
2006-06-02,352.57,282.0295,31.424128,221.61203,343.63092,122.01889,treino
2006-06-03,239.26,281.6835,31.647142,219.48492,340.59778,121.112854,treino
2006-06-04,241.03,276.25525,31.946331,211.23204,336.41196,125.17992,treino
2006-06-05,239.15,274.6631,33.468025,203.79153,335.40842,131.61688,treino
2006-06-06,243.26,266.3441,30.64336,203.39456,318.88806,115.4935,treino
2006-06-07,238.03,268.0626,32.366142,204.58887,324.76562,120.17676,treino
2006-06-08,237.26,264.9791,29.77848,205.25444,319.06226,113.807816,treino
2006-06-09,264.03,259.93875,30.891903,186.23743,314.27676,128.03934,treino
2006-06-10,310.15,258.75864,28.023905,203.58327,312.13934,108.556076,treino
2006-06-11,196.72,257.40704,28.340206,196.87439,305.53635,108.66196,treino
2006-06-12,304.15,252.8363,27.184687,199.31429,303.9498,104.63551,treino
2006-06-13,186.72,249.62726,27.031351,194.40514,297.17807,102.772934,treino
2006-06-14,301.15,253.95375,31.17336,192.16243,309.97864,117.81621,treino
2006-06-15,188.72,247.42232,27.394398,193.48027,293.61584,100.135574,treino
2006-06-16,303.15,244.36633,28.332811,185.38959,294.55515,109.16556,treino
2006-06-17,302.26,246.7259,26.78184,191.61037,291.87524,100.26488,treino
2006-06-18,203.61,244.21861,28.843222,181.67184,292.22488,110.55304,treino
2006-06-19,204.5,244.59975,26.54568,187.0001,292.00528,105.00517,treino
2006-06-20,241.52,238.01799,28.208534,183.6222,289.15817,105.53598,treino
2006-06-21,225.41,237.13086,26.709106,181.93549,285.65796,103.72247,treino
2006-06-22,221.41,235.50804,26.961739,180.51491,282.5765,102.0616,treino
2006-06-23,222.41,246.60959,28.54204,183.96805,296.96143,112.99338,treino
2006-06-24,221.29,230.01433,26.655785,174.40263,276.73062,102.32799,treino
2006-06-25,265.52,231.32373,26.639526,174.75308,280.26428,105.5112,treino
2006-06-26,319.41,229.42412,25.994383,174.07991,276.0322,101.952286,treino
2006-06-27,321.41,242.51245,27.073374,190.43042,289.04434,98.61392,treino
2006-06-28,208.61,232.58882,26.065365,179.23042,277.51077,98.28035,treino
2006-06-29,207.61,239.56563,27.343039,185.63675,286.7563,101.11954,treino
2006-06-30,205.5,292.89386,38.08585,217.92209,361.87958,143.95749,treino
2006-07-01,315.52,237.57997,26.832344,181.06874,283.95312,102.884384,treino
2006-07-02,205.5,241.33508,28.144085,186.0538,292.4577,106.4039,treino
2006-07-03,207.73,233.13531,27.085844,182.14447,283.17374,101.02927,treino
2006-07-04,316.29,232.33247,24.88889,185.55301,279.5638,94.0108,treino
2006-07-05,206.73,230.33057,25.52991,174.58658,273.30893,98.72235,treino
2006-07-06,206.61,228.36324,24.511518,175.61673,272.14413,96.527405,treino
2006-07-07,208.61,223.94067,25.461102,173.39958,274.66385,101.26427,treino
2006-07-08,317.41,221.83008,25.462656,171.23633,267.91086,96.67453,treino
2006-07-09,208.61,218.3099,24.925358,166.30841,263.40762,97.09921,treino
2006-07-10,209.61,218.10503,24.253534,160.14124,259.64325,99.502014,treino
2006-07-11,318.41,218.51216,27.468927,156.71915,268.58987,111.87073,treino
2006-07-12,204.61,213.4714,23.08924,164.5887,256.62625,92.03755,treino
2006-07-13,207.5,212.76343,24.12896,163.94014,259.6283,95.688156,treino
2006-07-14,113.93,211.73978,24.40749,160.9372,253.82944,92.89224,treino
2006-07-15,218.61,209.35863,23.361156,157.56744,252.2079,94.64046,treino
2006-07-16,234.5,214.124,25.690342,164.47926,260.22778,95.74852,treino
2006-07-17,212.73,205.18246,23.744524,155.63705,249.9945,94.35745,treino
2006-07-18,110.81,202.51001,21.464626,156.29852,242.84662,86.548096,treino
2006-07-19,221.5,193.63008,22.566921,149.52306,233.11281,83.58975,treino
2006-07-20,120.93,197.85582,22.906446,155.89293,244.36778,88.47485,treino
2006-07-21,224.61,193.87277,23.245998,147.77122,236.35347,88.582245,treino
2006-07-22,227.5,193.83904,23.6807,147.66673,237.21523,89.54849,treino
2006-07-23,229.73,192.93178,23.151175,143.17564,236.2628,93.08716,treino
2006-07-24,132.59,189.21648,22.036615,142.3431,228.45631,86.11322,treino
2006-07-25,271.27,185.5558,22.694304,137.99112,226.93355,88.94243,treino
2006-07-26,156.31,179.2528,19.950483,139.54091,216.07626,76.535355,treino
2006-07-27,243.97,184.0219,19.687553,143.6942,217.66293,73.968735,treino
2006-07-28,354.39,180.99466,20.054842,143.66881,218.46698,74.79817,treino
2006-07-29,255.74,179.12077,21.618834,138.53864,219.27965,80.74101,treino
2006-07-30,212.85,182.00937,22.462328,130.80104,220.90564,90.1046,treino
2006-07-31,227.97,176.76265,21.443693,127.08722,216.82458,89.737366,treino
2006-08-01,215.85,182.12697,22.185051,140.93802,224.48396,83.545944,treino
2006-08-02,217.85,195.15472,23.505188,144.05731,234.73915,90.68184,treino
2006-08-03,282.27,208.24046,27.979239,150.40973,256.53467,106.12494,treino
2006-08-04,263.97,192.27129,22.404194,146.83923,232.31561,85.47638,treino
2006-08-05,256.85,194.10175,21.539473,153.17564,233.26485,80.0892,treino
2006-08-06,253.85,197.81853,22.64869,152.46631,239.47028,87.00397,treino
2006-08-07,211.74,187.05312,21.59622,146.8234,228.8961,82.07271,treino
2006-08-08,147.85,178.07643,21.139797,138.90085,218.30742,79.40657,treino
2006-08-09,113.31,171.85631,22.173393,128.39632,209.82779,81.43147,treino
2006-08-10,215.97,168.84253,19.832838,127.91123,204.40909,76.497856,treino
2006-08-11,166.85,166.52003,20.613255,125.697266,205.76077,80.06351,treino
2006-08-12,230.27,163.88829,20.183949,125.34592,199.5243,74.17839,treino
2006-08-13,163.85,161.48842,18.186308,127.28004,194.54817,67.268135,treino
2006-08-14,80.31,158.06245,18.698439,119.03144,189.98894,70.9575,treino
2006-08-15,195.97,154.94197,19.191607,118.429726,189.79771,71.36799,treino
2006-08-16,208.85,152.88791,19.46278,111.37502,187.42413,76.04911,treino
2006-08-17,104.31,149.69824,18.594038,106.06834,180.96967,74.90133,treino
2006-08-18,264.85,147.61497,18.487757,104.68825,179.24806,74.559814,treino
2006-08-19,91.04,156.68784,19.976912,115.53312,194.10565,78.57253,treino
2006-08-20,314.59,175.76575,21.317091,133.6554,219.75871,86.10332,treino
2006-08-21,65.06,141.38152,17.269474,109.99026,174.26437,64.27412,treino
2006-08-22,168.68,144.61484,19.22458,107.725044,177.44441,69.71937,treino
2006-08-23,261.5,147.83902,18.527147,109.33332,182.26646,72.93314,treino
2006-08-24,73.31,146.12953,17.612526,114.86932,181.00606,66.136734,treino
2006-08-25,170.8,151.56952,17.995874,114.67972,185.29909,70.61937,treino
2006-08-26,176.37,145.54767,18.176264,109.42803,180.36,70.93197,treino
2006-08-27,285.5,147.6652,20.529644,102.65086,184.77208,82.121216,treino
2006-08-28,71.89,154.42448,23.405014,111.40459,197.73175,86.32716,treino
2006-08-29,173.85,149.4983,22.515606,103.97172,189.36009,85.388374,treino
2006-08-30,67.31,148.73216,16.94115,113.25583,179.95181,66.695984,treino
2006-08-31,146.8,147.8382,18.679174,110.58162,182.80801,72.226395,treino
2006-09-01,330.56,157.73524,18.32746,118.15427,191.50076,73.3465,treino
2006-09-02,218.39,177.2645,25.44308,126.354164,222.36307,96.0089,treino
2006-09-03,120.48,178.79736,28.91655,124.107834,230.34727,106.23944,treino
2006-09-04,229.33,164.7482,20.039186,126.23641,204.5939,78.35749,treino
2006-09-05,153.85,182.55484,20.735636,141.96304,220.2463,78.283264,treino
2006-09-06,110.85,191.56345,21.761093,145.81412,231.67078,85.85666,treino
2006-09-07,122.48,188.2091,23.698326,136.4334,235.80663,99.37323,treino
2006-09-08,226.33,182.88907,21.801199,138.52933,222.86668,84.33736,treino
2006-09-09,120.85,172.60397,20.205,131.2591,209.57898,78.319885,treino
2006-09-10,150.8,160.96262,18.881815,122.957436,193.69023,70.732796,treino
2006-09-11,124.37,152.46492,19.024794,113.13815,185.96915,72.83099,treino
2006-09-12,120.17,149.40085,18.87641,110.31291,183.37492,73.06201,treino
2006-09-13,233.45,147.30602,18.693222,106.60235,182.1453,75.542946,treino
2006-09-14,133.11,146.56079,19.076576,104.90232,177.28816,72.38584,treino
2006-09-15,160.11,136.79031,19.178295,93.85061,168.81396,74.963356,treino
2006-09-16,161.0,132.23291,17.560379,97.30158,165.3863,68.084724,treino
2006-09-17,162.23,134.88097,18.030958,100.87914,164.72504,63.845894,treino
2006-09-18,180.11,126.3418,16.183155,91.383255,153.99004,62.60678,treino
2006-09-19,181.11,113.478584,15.842855,79.51165,142.43823,62.926582,treino
2006-09-20,313.22,124.532524,18.85249,85.62882,160.04686,74.41804,treino
2006-09-21,355.45,290.1297,84.42175,111.79502,444.0974,332.3024,treino
2006-09-22,334.33,327.64594,50.78595,232.97838,421.69598,188.7176,treino
2006-09-23,193.0,319.315,55.79969,194.696,424.78986,230.09386,treino
2006-09-24,325.45,316.0398,41.70787,229.59282,392.19165,162.59883,treino
2006-09-25,272.33,306.76065,42.61133,228.2623,383.34735,155.08505,treino
2006-09-26,174.0,250.30203,28.322338,191.59573,300.26917,108.67343,treino
2006-09-27,176.23,229.4088,27.51317,175.25923,278.26205,103.00282,treino
2006-09-28,275.33,212.40753,23.775383,159.95467,254.30034,94.34567,treino
2006-09-29,279.22,191.27248,22.840939,146.38786,231.97134,85.58348,treino
2006-09-30,180.23,197.18907,24.932556,149.99553,243.36978,93.37425,treino
2006-10-01,182.11,164.0291,21.291496,117.80768,200.56181,82.754135,treino
2006-10-02,109.89,159.61246,22.944834,111.64562,200.71812,89.0725,treino
2006-10-03,108.89,174.16331,22.78861,125.70247,213.79773,88.09526,treino
2006-10-04,291.33,160.1297,21.87284,113.33206,196.61699,83.28493,treino
2006-10-05,181.0,191.95544,30.81874,127.25848,247.52454,120.26606,treino
2006-10-06,377.67,186.4736,27.452427,132.56122,231.37735,98.81613,treino
2006-10-07,279.22,288.42685,50.665077,183.44135,374.04633,190.60498,treino
2006-10-08,379.67,392.27542,71.561844,243.33028,530.0339,286.7036,treino
2006-10-09,381.56,267.67902,28.98531,205.55946,322.69254,117.13307,treino
2006-10-10,284.33,508.8114,68.07578,357.35376,618.3014,260.94763,treino
2006-10-11,380.56,403.06836,50.756737,306.74948,496.12643,189.37695,treino
2006-10-12,383.19,427.49335,52.86702,329.71967,522.88794,193.16827,treino
2006-10-13,288.28,365.4386,53.735096,261.10352,469.03516,207.93164,treino
2006-10-14,478.66,270.51074,36.815784,199.76044,337.2529,137.49246,treino
2006-10-15,476.89,405.98108,58.260464,274.48996,507.89056,233.4006,treino
2006-10-16,471.78,515.74554,83.14689,332.35883,658.9212,326.56238,treino
2006-10-17,576.0,432.54086,53.768757,319.61542,531.3029,211.6875,treino
2006-10-18,670.22,567.5052,76.43249,418.77988,703.9531,285.17325,treino
2006-10-19,673.11,616.9228,98.75843,402.16187,794.2179,392.05603,treino
2006-10-20,767.25,502.99182,70.459435,368.2487,630.20557,261.95688,treino
2006-10-21,666.91,489.42865,54.869728,383.71967,578.27527,194.5556,treino
2006-10-22,556.09,555.0236,62.18355,424.56967,662.9187,238.34903,treino
2006-10-23,500.75,590.21857,73.16112,453.92596,716.84863,262.92267,treino
2006-10-24,395.45,490.46707,54.394966,382.50955,597.9557,215.44614,treino
2006-10-25,402.96,400.98145,44.73561,319.3652,481.33527,161.97006,treino
2006-10-26,407.28,331.43768,38.82785,252.73679,400.2818,147.54501,treino
2006-10-27,403.33,318.18085,37.05083,238.05162,382.40903,144.3574,treino
2006-10-28,405.65,268.0529,33.691654,201.78415,325.26276,123.47861,treino
2006-10-29,208.03,260.46518,31.935703,189.38147,316.86847,127.487,treino
2006-10-30,206.32,246.39911,27.877972,183.8037,294.0954,110.2917,treino
2006-10-31,210.03,208.9289,23.545444,159.98177,251.36139,91.37962,treino
2006-11-01,491.67,239.7137,29.058271,180.34094,294.26657,113.92563,treino
2006-11-02,493.56,412.8257,85.75955,254.55432,585.3913,330.83698,treino
2006-11-03,501.19,352.8126,48.65696,255.72203,439.90527,184.18324,treino
2006-11-04,632.0,396.7401,47.800705,295.26965,473.1962,177.92654,treino
2006-11-05,693.0,537.94867,67.39831,399.51047,657.006,257.4955,treino
2006-11-06,692.0,581.32086,70.40513,444.5239,706.4459,261.92203,treino
2006-11-07,881.81,528.679,54.6844,421.35962,623.6838,202.32416,treino
2006-11-08,693.0,714.6113,95.525215,525.3705,887.0111,361.64062,treino
2006-11-09,2233.67,534.3851,67.04809,398.3763,652.44556,254.06924,treino
2006-11-10,880.81,562.8008,80.82011,378.44263,709.5249,331.08228,treino
2006-11-11,591.09,547.9146,69.91148,404.2044,674.3015,270.0971,treino
2006-11-12,591.09,462.26785,54.38047,350.92487,556.9165,205.99164,treino
2006-11-13,498.75,428.27634,50.23892,315.94812,516.50604,200.55792,treino
2006-11-14,594.89,539.4034,89.55741,361.25275,706.6477,345.39496,treino
2006-11-15,493.56,448.15634,50.234657,347.40158,544.47473,197.07315,treino
2006-11-16,400.96,408.66367,47.167854,311.62292,489.35016,177.72723,treino
2006-11-17,403.28,512.6408,65.76448,388.20667,627.6172,239.41052,treino
2006-11-18,492.56,387.69873,46.7432,279.9046,465.96957,186.06497,treino
2006-11-19,588.78,398.86887,49.42539,299.80505,484.16068,184.35562,treino
2006-11-20,450.56,651.2617,86.39023,471.76276,812.77246,341.0097,treino
2006-11-21,401.28,459.20334,51.14619,350.1468,554.54266,204.39587,treino
2006-11-22,501.19,392.58572,50.152843,288.25296,484.93436,196.6814,treino
2006-11-23,401.33,367.04315,41.640858,290.46832,438.25125,147.78293,treino
2006-11-24,410.65,536.9362,68.52518,418.0809,656.57056,238.48965,treino
2006-11-25,397.28,380.15332,42.62604,297.7127,460.2378,162.52509,treino
2006-11-26,597.09,469.64734,56.355247,356.07544,571.2291,215.15369,treino
2006-11-27,787.91,694.0389,97.32003,498.9642,881.4093,382.4451,treino
2006-11-28,1075.63,519.71686,76.17351,381.4549,660.4203,278.9654,treino
2006-11-29,1082.77,756.6604,110.80606,534.46063,958.65955,424.1989,treino
2006-11-30,1843.89,724.6873,86.30587,543.1024,884.61194,341.50952,treino
2006-12-01,2613.3,1138.0718,120.98532,893.8277,1358.0643,464.23663,treino
2006-12-02,1357.4,1010.84686,113.65949,776.3808,1226.3192,449.93842,treino
2006-12-03,935.06,857.2001,96.91624,671.966,1038.3583,366.39227,treino
2006-12-04,1039.48,755.6418,90.63193,547.90784,898.87103,350.9632,treino
2006-12-05,1003.11,870.1942,99.777405,677.8621,1047.6066,369.74445,treino
2006-12-06,1033.11,906.6001,110.89955,671.1617,1122.2158,451.05414,treino
2006-12-07,1336.78,858.4469,97.28738,658.98334,1029.8514,370.8681,treino
2006-12-08,2284.78,1287.2637,160.69237,956.81384,1601.6277,644.81384,treino
2006-12-09,2274.44,1640.1074,199.96893,1246.3779,2016.4891,770.1112,treino
2006-12-10,2834.78,1821.8602,218.62714,1405.358,2202.3892,797.0311,treino
2006-12-11,3031.11,2223.1628,261.26642,1656.7838,2688.3352,1031.5514,treino
2006-12-12,4144.12,3073.0835,361.29968,2347.3071,3698.7617,1351.4546,treino
2006-12-13,3310.09,2781.8198,318.14215,2161.7375,3382.6846,1220.947,treino
2006-12-14,3852.09,2411.863,303.8684,1801.4999,3006.0615,1204.5616,treino
2006-12-15,3158.48,2208.2388,264.88492,1664.0747,2685.397,1021.32227,treino
2006-12-16,4113.28,2980.7104,356.2244,2256.455,3660.6035,1404.1484,treino
2006-12-17,3199.63,2941.71,344.5755,2308.2085,3617.976,1309.7676,treino
2006-12-18,2792.69,2175.622,241.64702,1693.4373,2598.1492,904.7119,treino
2006-12-19,2849.61,1996.2148,223.99141,1522.7999,2409.6685,886.8685,treino
2006-12-20,2055.31,1824.0118,219.74738,1354.4435,2211.6177,857.1742,treino
2006-12-21,2154.85,1742.8844,190.54141,1334.5697,2083.749,749.1793,treino
2006-12-22,1858.12,1577.4603,186.01709,1209.644,1884.0084,674.3644,treino
2006-12-23,1655.28,1522.9276,169.71992,1152.9972,1797.0059,644.00867,treino
2006-12-24,1766.65,1671.8877,205.35277,1226.8364,2007.9482,781.1118,treino
2006-12-25,1770.53,1472.0533,168.12108,1118.9236,1771.9348,653.0112,treino
2006-12-26,1971.04,1722.0641,197.06073,1265.6582,2067.0774,801.4192,treino
2006-12-27,2161.85,1984.6023,231.49744,1482.5764,2375.0298,892.45337,treino
2006-12-28,3643.45,2262.3896,261.2793,1753.8776,2790.844,1036.9664,treino
2006-12-29,2370.56,1872.8956,215.92499,1376.8367,2239.3179,862.4812,treino
2006-12-30,3443.57,2178.0073,267.71255,1581.7974,2677.898,1096.1006,treino
2006-12-31,2531.59,2586.866,334.23148,1824.424,3161.4807,1337.0568,treino
2007-01-01,2729.94,2298.3503,297.4883,1707.3704,2834.151,1126.7805,treino
2007-01-02,3053.82,2225.5142,251.69084,1685.6533,2616.9766,931.32324,treino
2007-01-03,3258.19,2638.318,307.06088,2021.6577,3187.856,1166.1982,treino
2007-01-04,3451.91,2818.458,305.31058,2254.2725,3345.299,1091.0266,treino
2007-01-05,3552.33,2928.984,313.76605,2335.68,3534.5874,1198.9075,treino
2007-01-06,3055.34,3195.3313,355.83188,2494.6787,3855.972,1361.2932,treino
2007-01-07,2702.54,2792.3877,328.63147,2110.3806,3423.4294,1313.0488,treino
2007-01-08,2551.4,2432.376,275.5261,1848.5691,2955.621,1107.052,treino
2007-01-09,2467.41,2276.553,267.27716,1752.5875,2787.5447,1034.9572,treino
2007-01-10,2436.53,2172.224,251.23285,1614.4635,2635.9111,1021.44763,treino
2007-01-11,2574.87,2142.5688,235.39311,1673.227,2575.9463,902.71924,treino
2007-01-12,2705.36,2116.65,249.94452,1589.5039,2602.1965,1012.6926,treino
2007-01-13,3157.17,2273.6155,255.8334,1726.0781,2715.9902,989.9121,treino
2007-01-14,3554.86,2585.042,320.20203,1933.1342,3114.9902,1181.8561,treino
2007-01-15,3762.99,2664.7166,293.27426,2067.0405,3210.3047,1143.2642,treino
2007-01-16,3237.36,3345.8955,380.87445,2633.0725,4011.474,1378.4016,treino
2007-01-17,2952.8,3137.3691,349.8894,2476.6538,3794.4053,1317.7515,treino
2007-01-18,2861.66,2799.6416,309.1727,2136.0757,3306.8325,1170.7568,treino
2007-01-19,2765.24,2945.1812,318.072,2338.4126,3510.35,1171.9375,treino
2007-01-20,2771.17,2634.4146,314.36365,1925.6936,3180.8022,1255.1086,treino
2007-01-21,2846.0,2586.7908,292.75986,2032.9731,3144.8765,1111.9033,treino
2007-01-22,3043.58,2544.8596,305.5151,1935.1946,3085.7993,1150.6047,treino
2007-01-23,3230.56,2552.0935,283.2204,2024.8596,3037.9763,1013.1167,treino
2007-01-24,2932.97,3124.208,383.91052,2304.852,3771.1965,1466.3445,treino
2007-01-25,2867.76,2882.7712,302.77744,2232.2363,3446.9001,1214.6638,treino
2007-01-26,2851.04,3156.8694,384.52573,2408.843,3844.1633,1435.3203,treino
2007-01-27,2948.21,3376.7073,394.09863,2492.4087,4088.4902,1596.0815,treino
2007-01-28,3142.02,3436.8906,403.08585,2624.3333,4138.995,1514.6619,treino
2007-01-29,3671.82,2854.6584,346.43427,2093.691,3478.5576,1384.8667,treino
2007-01-30,3848.9,3528.1716,389.83026,2675.6719,4189.298,1513.626,treino
2007-01-31,3754.85,3696.5662,452.28293,2824.4636,4440.134,1615.6702,treino
2007-02-01,3821.64,3110.799,328.9091,2379.9333,3747.2988,1367.3655,treino
2007-02-02,3612.09,2596.8008,293.05316,2000.157,3156.0464,1155.8894,treino
2007-02-03,2963.08,2699.2886,312.6178,2061.2065,3247.2234,1186.0168,treino
2007-02-04,2850.47,2427.443,265.89914,1924.4347,2909.2092,984.77454,treino
2007-02-05,2958.69,2509.6814,275.20837,1963.3994,2991.8916,1028.4922,treino
2007-02-06,3292.33,2627.863,310.49222,2031.7004,3206.2363,1174.5359,treino
2007-02-07,3018.12,3249.7832,381.27466,2537.6167,3912.5645,1374.9478,treino
2007-02-08,2778.83,3052.3254,341.68295,2364.156,3661.3196,1297.1636,treino
2007-02-09,2496.16,2522.993,277.44995,1975.515,3079.5178,1104.0028,treino
2007-02-10,2407.07,2342.0195,253.35207,1821.7128,2795.176,973.46326,treino
2007-02-11,2744.51,2205.538,253.00258,1721.2621,2696.7954,975.5333,treino
2007-02-12,3164.63,2591.4382,292.403,2047.1244,3136.985,1089.8607,treino
2007-02-13,2704.7,2509.7166,304.54782,1858.5286,3047.5674,1189.0388,treino
2007-02-14,2493.62,2319.1995,266.87262,1786.2858,2765.1096,978.82385,treino
2007-02-15,2273.54,2133.478,248.69807,1671.6023,2614.7317,943.1294,treino
2007-02-16,2164.25,1982.832,229.09059,1504.7112,2403.833,899.1218,treino
2007-02-17,2055.59,1896.6252,232.6303,1432.9812,2284.9814,852.00024,treino
2007-02-18,2056.65,1981.6852,229.1417,1522.0983,2393.1064,871.0082,treino
2007-02-19,2204.56,1925.3446,220.67482,1457.619,2353.1807,895.56165,treino
2007-02-20,2094.82,1963.3408,211.10884,1517.2012,2401.724,884.52295,treino
2007-02-21,1876.85,1746.6339,190.92757,1382.4086,2064.9963,682.58777,treino
2007-02-22,1705.25,1622.5859,194.50148,1251.6354,1975.1858,723.5504,treino
2007-02-23,1595.52,1572.56,180.6526,1207.8239,1885.3846,677.5608,treino
2007-02-24,1478.19,1503.8798,182.67375,1135.7125,1867.0381,731.32556,treino
2007-02-25,1415.11,1514.6658,174.99307,1151.7833,1834.3589,682.57556,treino
2007-02-26,1344.47,1403.3037,162.28482,1068.221,1711.8105,643.5896,treino
2007-02-27,1232.57,1342.8789,151.50168,1062.9958,1605.023,542.0271,treino
2007-02-28,1028.98,1201.9224,131.11847,931.8863,1436.6512,504.76495,treino
2007-03-01,1050.07,1100.0692,129.60661,852.075,1341.4226,489.3476,treino
2007-03-02,968.5,1028.062,124.32291,780.49976,1241.9727,461.4729,treino
2007-03-03,970.39,970.0215,115.65869,753.98505,1184.5028,430.51776,treino
2007-03-04,884.76,916.68176,108.98646,717.74786,1116.944,399.1961,treino
2007-03-05,867.1,870.40533,98.92317,686.9707,1056.9607,369.99,treino
2007-03-06,860.37,828.9139,93.424866,633.24677,1005.1593,371.91254,treino
2007-03-07,848.8,794.8894,89.45729,616.6531,962.03723,345.38416,treino
2007-03-08,820.69,780.3449,92.8686,582.06366,953.537,371.47333,treino
2007-03-09,766.93,784.15784,89.0425,610.899,937.95056,327.05157,treino
2007-03-10,769.11,736.03503,80.31073,565.2328,882.6885,317.4557,treino
2007-03-11,762.6,693.0109,78.27929,547.2639,830.3709,283.107,treino
2007-03-12,745.2,672.76404,79.624855,519.59863,818.645,299.0464,treino
2007-03-13,651.43,656.2182,75.645645,508.03366,800.81836,292.7847,treino
2007-03-14,679.54,636.32495,66.20811,501.4815,765.1458,263.6643,treino
2007-03-15,703.43,627.6227,72.29187,474.92416,757.79126,282.8671,treino
2007-03-16,742.35,648.085,75.90486,498.52466,797.8007,299.27606,treino
2007-03-17,728.43,732.43805,89.94286,543.06775,879.2115,336.14374,treino
2007-03-18,790.97,773.1555,96.96216,566.20435,944.1108,377.90643,treino
2007-03-19,795.29,741.4619,88.87518,539.01196,903.3861,364.37415,treino
2007-03-20,794.85,714.2669,85.78712,537.9614,870.30707,332.34564,treino
2007-03-21,825.62,919.0684,107.05699,711.24457,1129.3601,418.11554,treino
2007-03-22,827.33,832.7138,98.25475,632.9084,1001.95703,369.04865,treino
2007-03-23,789.54,745.7579,84.54884,550.8684,903.40247,352.53406,treino
2007-03-24,789.92,693.36743,80.03772,531.1531,825.40204,294.24896,treino
2007-03-25,692.46,684.06683,82.47644,522.5832,832.3406,309.7574,treino
2007-03-26,772.26,668.662,79.65493,487.18478,812.577,325.39224,treino
2007-03-27,654.24,634.4402,77.50892,474.58493,767.12866,292.54373,treino
2007-03-28,643.72,597.2082,73.00382,440.37253,727.86536,287.49283,treino
2007-03-29,685.74,555.97876,65.15934,432.3523,677.74023,245.38794,treino
2007-03-30,723.19,536.1734,64.628136,406.2831,654.6603,248.37717,treino
2007-03-31,657.16,530.1241,56.164383,428.3775,636.4416,208.06409,treino
2007-04-01,496.41,508.9101,58.58742,373.04623,608.99725,235.95102,treino
2007-04-02,496.64,494.04526,58.46275,363.01318,589.4741,226.46094,treino
2007-04-03,609.68,477.9019,56.770645,371.21774,578.2984,207.08066,treino
2007-04-04,495.11,476.58136,49.722885,375.5758,575.0835,199.50769,treino
2007-04-05,586.88,467.15176,49.43395,367.19394,557.0118,189.81784,treino
2007-04-06,406.57,485.765,56.278683,378.15244,578.92004,200.76761,treino
2007-04-07,519.0,507.3602,58.46464,390.6296,617.2509,226.6213,treino
2007-04-08,632.43,618.3804,72.889404,480.0819,754.84357,274.76166,treino
2007-04-09,747.45,735.3702,95.53108,539.2574,897.29987,358.04248,treino
2007-04-10,747.47,675.47424,78.33139,518.8874,806.825,287.93762,treino
2007-04-11,634.43,589.6232,72.36851,443.83292,724.448,280.61508,treino
2007-04-12,634.43,598.4427,67.5855,470.04352,736.4635,266.41998,treino
2007-04-13,520.45,561.5795,61.057854,449.32812,675.21234,225.88422,treino
2007-04-14,633.65,518.17834,60.94065,393.40903,618.432,225.02298,treino
2007-04-15,519.0,489.72525,52.12837,393.54373,586.559,193.01529,treino
2007-04-16,520.0,480.63983,55.45854,370.04617,574.42786,204.38168,treino
2007-04-17,633.33,648.8177,93.67843,459.7084,812.9096,353.2012,treino
2007-04-18,520.0,470.72324,54.98364,366.54843,571.63947,205.09103,treino
2007-04-19,550.56,445.39905,50.16168,351.12012,538.04083,186.92072,treino
2007-04-20,520.0,450.7971,52.44246,349.56845,551.63995,202.0715,treino
2007-04-21,519.0,465.9689,53.11805,361.98752,565.5838,203.59628,treino
2007-04-22,518.0,624.663,75.208015,476.9989,766.6034,289.6045,treino
2007-04-23,519.58,698.4334,96.25949,499.8258,864.0284,364.20258,treino
2007-04-24,520.37,506.34882,60.963764,373.23453,625.0405,251.806,treino
2007-04-25,519.0,525.2013,58.979195,410.09775,630.18304,220.0853,treino
2007-04-26,520.0,510.2536,57.97389,387.1431,623.7133,236.57022,treino
2007-04-27,521.0,505.0714,59.60509,390.0825,609.623,219.5405,treino
2007-04-28,633.7,635.53906,76.42072,490.60126,787.7395,297.13824,treino
2007-04-29,520.0,510.85422,54.0989,411.35098,612.9078,201.5568,treino
2007-04-30,520.0,453.22736,52.765095,343.75082,551.934,208.1832,treino
2007-05-01,519.0,450.36902,54.029808,341.51202,546.71405,205.20203,treino
2007-05-02,533.0,453.20975,51.38368,338.2445,549.8333,211.5888,treino
2007-05-03,584.12,432.89285,48.272022,341.7928,522.57465,180.78186,treino
2007-05-04,407.69,410.98862,47.937107,304.49237,493.9811,189.48874,treino
2007-05-05,408.14,385.18576,43.540543,293.99408,460.03638,166.0423,treino
2007-05-06,521.21,379.9078,44.14893,293.56683,456.38455,162.81772,treino
2007-05-07,407.46,364.99103,42.917747,285.51404,442.91043,157.3964,treino
2007-05-08,407.57,360.17984,40.321968,278.27542,433.24854,154.97311,treino
2007-05-09,407.58,359.78738,41.324375,271.25385,435.83206,164.57822,treino
2007-05-10,294.26,358.86844,40.934635,258.3394,430.30084,171.96146,treino
2007-05-11,293.03,350.26303,40.960793,261.13065,417.35388,156.22324,treino
2007-05-12,292.26,344.817,34.9516,274.80673,410.49228,135.68555,treino
2007-05-13,405.57,335.5663,38.58591,253.60962,404.34036,150.73074,treino
2007-05-14,292.83,329.98123,37.666183,247.8225,395.3153,147.49281,treino
2007-05-15,403.35,332.64517,39.65854,244.3665,401.33392,156.96742,treino
2007-05-16,401.69,346.64297,41.440384,272.94363,427.94525,155.00162,treino
2007-05-17,399.52,344.49216,39.29999,273.69495,418.89374,145.19879,treino
2007-05-18,292.74,331.62372,34.526527,260.8453,391.78732,130.94202,treino
2007-05-19,293.16,322.76492,38.37608,240.83789,394.80792,153.97003,treino
2007-05-20,406.36,317.37573,35.54642,244.6353,378.64835,134.01305,treino
2007-05-21,291.56,312.34018,33.277534,244.22093,366.71622,122.495285,treino
2007-05-22,291.7,306.70926,35.255695,241.0262,370.89276,129.86656,treino
2007-05-23,404.27,337.35843,39.50446,248.45844,409.05322,160.59479,treino
2007-05-24,290.69,362.59564,42.913933,270.3876,437.6701,167.2825,treino
2007-05-25,290.54,321.50247,33.149467,255.53178,383.83466,128.30287,treino
2007-05-26,292.2,327.3718,35.744087,255.26556,393.66013,138.39456,treino
2007-05-27,406.17,347.03122,38.91118,280.62994,421.74945,141.1195,treino
2007-05-28,405.34,460.65652,64.18471,330.00174,567.44366,237.44193,treino
2007-05-29,407.13,330.60907,38.014755,247.538,395.335,147.797,treino
2007-05-30,298.11,327.52838,39.54922,243.03262,398.3342,155.30157,treino
2007-05-31,302.98,319.56592,37.564854,241.0461,384.47253,143.42644,treino
2007-06-01,302.9,322.51462,36.45408,248.06792,390.04468,141.97676,treino
2007-06-02,411.81,322.82846,35.83297,250.69812,393.44772,142.7496,treino
2007-06-03,412.32,320.7656,34.937828,242.77763,379.27264,136.49501,treino
2007-06-04,302.41,379.99158,41.680946,302.27222,458.18274,155.91052,treino
2007-06-05,303.29,298.41516,35.16989,227.67105,360.66388,132.99283,treino
2007-06-06,304.52,297.9592,35.931465,226.00836,363.76846,137.7601,treino
2007-06-07,304.41,291.33856,32.975258,216.49953,347.7194,131.21986,treino
2007-06-08,414.09,287.6742,31.954773,224.07292,340.1286,116.05568,treino
2007-06-09,309.52,285.20618,32.218388,224.08537,342.59506,118.50969,treino
2007-06-10,403.79,277.26987,32.935345,205.89217,334.7382,128.84602,treino
2007-06-11,271.81,271.27658,30.690975,202.52219,328.2786,125.75641,treino
2007-06-12,386.42,272.36984,30.757883,214.40793,327.37027,112.96234,treino
2007-06-13,295.41,270.11707,28.439615,218.61133,320.57797,101.966644,treino
2007-06-14,304.29,279.87857,31.866116,208.24368,335.44034,127.196655,treino
2007-06-15,196.9,280.89847,30.913343,217.71098,335.64557,117.934586,treino
2007-06-16,305.79,256.23575,29.545906,198.29034,310.52194,112.2316,treino
2007-06-17,305.52,253.50851,27.428127,199.33694,305.5311,106.19415,treino
2007-06-18,305.78,251.97495,29.020607,190.41614,297.0084,106.592255,treino
2007-06-19,305.41,250.58255,29.017014,188.10579,301.09943,112.99364,treino
2007-06-20,196.81,252.46529,30.358173,188.48993,305.8261,117.33618,treino
2007-06-21,305.41,247.84682,29.684181,187.2792,299.49664,112.21744,treino
2007-06-22,196.8,247.85414,28.806623,183.61455,295.59592,111.98137,treino
2007-06-23,304.84,246.24323,25.131142,190.58707,294.16617,103.5791,treino
2007-06-24,305.41,244.24791,27.148897,184.81502,286.11255,101.29753,treino
2007-06-25,196.77,240.22052,25.545443,190.13818,288.08554,97.94736,treino
2007-06-26,306.41,235.08794,26.19806,183.34328,286.12277,102.779495,treino
2007-06-27,197.61,235.87895,26.943615,184.69347,287.41617,102.7227,treino
2007-06-28,223.61,234.84326,27.407036,180.8459,282.19067,101.34477,treino
2007-06-29,305.34,231.23029,25.861916,180.40335,284.05923,103.65588,treino
2007-06-30,197.61,230.72015,25.800257,180.06853,274.1823,94.113785,treino
2007-07-01,305.41,229.81387,25.819618,176.83765,273.65475,96.81711,treino
2007-07-02,306.41,225.53946,25.042313,169.92003,271.4361,101.51607,treino
2007-07-03,197.61,222.35756,24.330847,173.40108,263.60507,90.203995,treino
2007-07-04,306.54,220.71284,25.282324,174.01175,265.00275,90.991,treino
2007-07-05,198.55,215.47572,24.617033,167.75665,259.34042,91.58377,treino
2007-07-06,197.38,217.19002,23.366665,169.22214,258.2475,89.02536,treino
2007-07-07,304.91,217.45947,24.848902,164.95187,259.2012,94.24933,treino
2007-07-08,195.88,211.52847,24.110666,165.84872,260.9853,95.136566,treino
2007-07-09,304.48,210.40399,23.980783,165.86714,255.08406,89.21692,treino
2007-07-10,195.61,215.24623,23.243792,167.11258,256.36066,89.24808,treino
2007-07-11,195.23,214.50644,24.714354,165.21387,259.95758,94.74371,treino
2007-07-12,304.32,205.99806,22.402256,158.56029,242.37692,83.816635,treino
2007-07-13,226.38,203.5558,25.556469,148.52266,250.53772,102.01506,treino
2007-07-14,226.27,201.35316,22.953718,156.0222,245.49684,89.47464,treino
2007-07-15,226.27,198.73824,24.258162,145.15097,242.0066,96.85564,treino
2007-07-16,325.5,200.49947,22.081934,155.01128,240.51192,85.50064,treino
2007-07-17,226.04,200.19182,21.10976,160.21082,240.35396,80.14314,treino
2007-07-18,227.27,198.346,24.479683,147.26164,241.36269,94.10104,treino
2007-07-19,226.29,195.797,22.344913,148.217,239.21071,90.99371,treino
2007-07-20,226.28,191.83817,23.994106,143.70645,235.99078,92.28433,treino
2007-07-21,226.56,192.58057,21.806807,150.0789,231.96176,81.88286,treino
2007-07-22,227.0,195.11586,22.094952,151.37991,236.45564,85.07573,treino
2007-07-23,225.9,191.49692,22.419813,149.49265,232.6189,83.12625,treino
2007-07-24,324.68,193.29355,21.389421,149.54387,231.47038,81.92651,treino
2007-07-25,224.43,207.26633,27.954191,151.47406,256.90714,105.433075,treino
2007-07-26,224.72,187.8735,23.212582,137.97781,233.17683,95.19902,treino
2007-07-27,224.31,192.19499,23.096651,143.25877,233.53542,90.27664,treino
2007-07-28,324.21,272.6193,58.446087,153.97906,380.48242,226.50336,treino
2007-07-29,225.21,224.30193,25.867762,175.37149,271.27612,95.90463,treino
2007-07-30,324.66,211.80167,24.15825,168.53943,258.75604,90.21661,treino
2007-07-31,263.71,215.94254,24.238752,168.73796,259.9394,91.20143,treino
2007-08-01,167.43,220.56073,27.518208,164.28983,268.49792,104.2081,treino
2007-08-02,236.42,213.9451,24.247183,168.09738,256.20517,88.10779,treino
2007-08-03,236.52,208.63293,23.233637,160.9832,251.06628,90.083084,treino
2007-08-04,236.28,197.76173,24.749043,145.8756,245.87791,100.00232,treino
2007-08-05,237.44,192.7786,21.99978,150.454,232.84274,82.38875,treino
2007-08-06,252.0,192.66934,23.23107,142.3083,235.90271,93.594406,treino
2007-08-07,239.97,191.05476,23.068068,145.88268,231.36024,85.47757,treino
2007-08-08,146.74,184.95926,21.196098,138.80719,222.83151,84.02432,treino
2007-08-09,144.61,183.1992,21.557383,139.09627,226.58258,87.48631,treino
2007-08-10,247.16,185.97102,21.62983,145.90376,227.00024,81.09648,treino
2007-08-11,146.83,179.36937,21.413675,134.9579,217.31894,82.36104,treino
2007-08-12,148.66,178.82854,20.42559,140.37991,217.89406,77.514145,treino
2007-08-13,190.08,174.91795,21.501963,134.73386,215.95972,81.22586,treino
2007-08-14,238.95,171.95181,21.54508,133.62178,212.99593,79.374146,treino
2007-08-15,238.82,175.33447,19.085094,136.9642,214.8615,77.89729,treino
2007-08-16,243.64,168.06265,19.31704,130.87938,205.79556,74.91618,treino
2007-08-17,146.34,169.98364,19.508558,132.1009,207.22539,75.12448,treino
2007-08-18,139.47,169.7279,19.020468,130.82239,204.30214,73.47975,treino
2007-08-19,148.72,162.89417,20.195738,124.15244,203.03189,78.87945,treino
2007-08-20,142.72,161.87648,19.560211,121.59636,199.56241,77.96605,treino
2007-08-21,239.71,160.34695,18.332323,123.89622,198.19484,74.29862,treino
2007-08-22,140.23,161.58443,18.97284,120.905525,196.15987,75.25434,treino
2007-08-23,246.95,160.42065,18.653156,125.91649,196.91127,70.99478,treino
2007-08-24,144.31,159.09435,20.795536,114.76215,195.80702,81.04487,treino
2007-08-25,239.74,152.55722,18.860233,114.941666,188.13371,73.19205,treino
2007-08-26,148.31,147.10063,18.36163,110.49561,178.36249,67.866875,treino
2007-08-27,240.1,151.14459,19.38331,114.55181,188.45369,73.90188,treino
2007-08-28,137.19,153.81212,17.716705,118.02536,188.90213,70.87677,treino
2007-08-29,136.81,144.53958,17.247025,107.52006,175.01172,67.49166,treino
2007-08-30,147.75,142.24252,18.10324,102.00753,174.80818,72.80065,treino
2007-08-31,290.72,144.36244,19.129793,107.40803,180.42455,73.01652,treino
2007-09-01,168.48,140.5544,18.161295,106.122375,177.87811,71.75574,treino
2007-09-02,167.4,141.38608,18.262152,105.58921,173.9614,68.372185,treino
2007-09-03,170.89,139.6337,16.866034,106.97967,171.03795,64.05828,treino
2007-09-04,178.04,139.16733,16.835766,105.60818,171.09181,65.483635,treino
2007-09-05,167.26,134.91014,17.774622,98.53,168.33629,69.80629,treino
2007-09-06,75.31,136.55443,18.746952,101.65056,172.42455,70.77399,treino
2007-09-07,168.33,136.56458,17.029615,104.469986,168.77142,64.30144,treino
2007-09-08,170.08,133.72359,17.006794,99.22561,165.30185,66.07624,treino
2007-09-09,181.5,130.37843,18.85126,92.661026,166.13342,73.4724,treino
2007-09-10,182.36,129.08469,17.095057,96.15319,161.79541,65.64222,treino
2007-09-11,182.08,125.808464,17.921444,89.98194,160.33243,70.35049,treino
2007-09-12,181.46,125.9993,17.399052,93.838936,159.6036,65.76467,treino
2007-09-13,84.09,124.06629,15.721909,93.577324,153.84853,60.271202,treino
2007-09-14,83.23,125.48577,15.351669,94.09089,152.41785,58.326958,treino
2007-09-15,180.7,124.06409,16.755049,88.44769,151.90974,63.46205,treino
2007-09-16,181.82,124.52306,17.327505,90.99076,155.50293,64.51217,treino
2007-09-17,84.55,123.44759,17.913446,85.81105,155.22003,69.40898,treino
2007-09-18,181.23,121.785416,15.613848,90.280525,151.92119,61.640663,treino
2007-09-19,84.09,122.372604,16.426899,87.75245,149.7946,62.042152,treino
2007-09-20,85.06,120.34892,16.860575,87.527016,149.9815,62.45449,treino
2007-09-21,182.2,119.44968,16.449183,85.65272,148.54065,62.88793,treino
2007-09-22,181.67,120.323685,17.008125,90.43892,152.71051,62.27159,treino
2007-09-23,173.04,108.469955,13.933613,80.296,132.42375,52.127754,treino
2007-09-24,199.63,108.184975,15.025459,79.57984,136.2233,56.643456,treino
2007-09-25,102.89,107.37248,15.954873,76.295235,136.90334,60.6081,treino
2007-09-26,86.21,107.61774,15.749179,75.589775,137.11499,61.525215,treino
2007-09-27,83.96,106.82893,15.312615,71.81318,137.08109,65.26791,treino
2007-09-28,82.95,108.536285,17.144814,72.2629,138.14513,65.882225,treino
2007-09-29,180.08,98.89722,15.8138895,64.75223,126.61228,61.860054,treino
2007-09-30,181.3,99.10877,14.200666,70.779854,124.76396,53.984108,treino
2007-10-01,93.85,109.02852,17.7423,71.97677,139.71057,67.7338,treino
2007-10-02,86.96,112.044426,14.897098,82.13645,138.18486,56.04841,treino
2007-10-03,95.04,110.23672,14.712416,80.3474,138.08493,57.737534,treino
2007-10-04,184.22,110.74363,15.451521,82.293396,139.67944,57.386047,treino
2007-10-05,91.08,111.70681,15.449641,82.78065,141.68822,58.90757,treino
2007-10-06,89.55,114.34548,15.334114,84.838104,143.48352,58.645416,treino
2007-10-07,92.75,108.694016,16.091335,71.314415,137.04356,65.72915,treino
2007-10-08,82.51,103.29667,15.273629,71.8543,130.62325,58.768944,treino
2007-10-09,101.2,99.658646,13.40463,72.255455,123.62007,51.364616,treino
2007-10-10,98.25,97.68155,14.705389,67.71659,123.12395,55.407356,treino
2007-10-11,99.61,93.0048,13.376273,68.2243,120.11078,51.886482,treino
2007-10-12,97.95,92.97867,14.254523,62.02311,118.502266,56.479156,treino
2007-10-13,82.12,89.56777,12.946391,63.01855,113.27441,50.255856,treino
2007-10-14,102.52,88.356384,13.95634,60.528175,114.65015,54.12197,treino
2007-10-15,109.07,78.515366,13.853903,51.28867,101.87408,50.585407,treino
2007-10-16,89.35,84.67272,13.31668,59.627934,108.6329,49.004963,treino
2007-10-17,101.27,80.28175,14.1450815,51.434963,105.805176,54.370213,treino
2007-10-18,113.83,78.88818,16.697933,48.344994,109.146385,60.80139,treino
2007-10-19,107.23,168.97835,36.33164,93.72014,236.09877,142.37863,treino
2007-10-20,104.75,237.17755,33.20968,166.4992,295.74216,129.24295,treino
2007-10-21,194.3,128.54453,16.885511,94.38483,159.0413,64.65648,treino
2007-10-22,145.68,197.97768,23.745686,148.31303,245.77258,97.45955,treino
2007-10-23,217.19,215.04399,29.48559,156.02243,267.37225,111.34982,treino
2007-10-24,276.72,162.58444,19.93386,125.67521,202.65218,76.97697,treino
2007-10-25,131.04,272.02927,56.668964,171.1419,387.17587,216.03397,treino
2007-10-26,124.59,208.53642,33.228184,137.29056,264.82117,127.53061,treino
2007-10-27,221.23,169.93962,20.861782,129.26465,205.54587,76.28122,treino
2007-10-28,119.03,172.08356,20.906355,130.73466,213.92798,83.19331,treino
2007-10-29,128.78,242.56755,26.87549,184.11462,293.79544,109.68082,treino
2007-10-30,163.39,235.13583,29.373203,178.01886,285.38434,107.36548,treino
2007-10-31,153.41,246.7031,34.13246,170.19882,308.70352,138.5047,treino
2007-11-01,126.51,186.36688,21.51601,145.474,226.26291,80.78891,treino
2007-11-02,142.88,232.48193,37.07845,153.60654,292.88052,139.27399,treino
2007-11-03,120.0,243.60576,55.92739,129.48961,350.65424,221.16463,treino
2007-11-04,229.02,267.02036,42.87867,180.16383,338.0705,157.90666,treino
2007-11-05,147.75,292.78354,73.86595,130.2409,425.8511,295.6102,treino
2007-11-06,209.03,229.76672,29.306505,165.35857,282.2774,116.91884,treino
2007-11-07,156.68,348.57397,56.31198,221.9264,453.6108,231.6844,treino
2007-11-08,247.78,269.40012,32.463604,195.8765,330.76096,134.88446,treino
2007-11-09,352.57,346.2723,40.128666,263.48935,429.1563,165.66696,treino
2007-11-10,325.96,425.19858,47.548668,335.67212,518.9037,183.23157,treino
2007-11-11,341.46,371.0202,48.455948,276.24496,461.8196,185.57465,treino
2007-11-12,334.2,341.12122,39.3795,260.1246,413.0979,152.9733,treino
2007-11-13,333.76,379.88092,69.66335,248.82202,509.64346,260.82144,treino
2007-11-14,314.41,291.99728,35.1238,214.00923,353.86734,139.85811,treino
2007-11-15,335.93,315.41214,33.089054,240.60641,369.62576,129.01935,treino
2007-11-16,320.58,348.1966,37.597816,266.7871,415.8885,149.10138,treino
2007-11-17,235.98,336.20398,39.767582,253.61905,405.11163,151.49258,treino
2007-11-18,321.72,294.45645,34.607967,223.17882,355.58752,132.4087,treino
2007-11-19,328.34,282.82266,35.70402,217.06555,348.52805,131.4625,treino
2007-11-20,138.84,315.27505,46.08195,209.20946,397.98618,188.77672,treino
2007-11-21,327.65,277.56665,36.782555,203.94135,339.6288,135.68747,treino
2007-11-22,148.82,221.37698,24.972572,174.23462,267.97565,93.74103,treino
2007-11-23,146.86,230.24893,28.221523,173.92256,278.48135,104.55879,treino
2007-11-24,284.18,237.32532,25.598246,182.96683,283.2158,100.24896,treino
2007-11-25,113.37,279.35355,36.45559,203.99742,338.39633,134.39891,treino
2007-11-26,284.61,298.67273,55.661293,194.4202,425.34537,230.92517,treino
2007-11-27,295.2,394.68762,74.071785,252.38983,538.3607,285.9709,treino
2007-11-28,286.88,285.40085,36.77802,210.91441,355.27966,144.36525,treino
2007-11-29,309.0,309.48267,37.584957,230.63222,374.58447,143.95226,treino
2007-11-30,282.83,397.16113,45.23092,312.11166,480.6446,168.53293,treino
2007-12-01,290.11,314.9233,37.2218,240.95464,384.05914,143.1045,treino
2007-12-02,195.87,235.02351,27.8841,180.49728,285.39606,104.89877,treino
2007-12-03,195.96,216.39592,24.223507,172.47891,259.53287,87.053955,treino
2007-12-04,283.64,237.33427,29.271328,180.58066,287.06433,106.48367,treino
2007-12-05,275.13,265.96118,38.2588,191.76196,330.5198,138.75784,treino
2007-12-06,257.62,212.92236,23.733587,164.61896,255.61597,90.99701,treino
2007-12-07,370.21,242.0273,31.477987,177.77274,295.3805,117.60776,treino
2007-12-08,361.8,264.43527,45.665558,176.29791,347.104,170.80609,treino
2007-12-09,443.85,766.49115,196.46664,371.67773,1120.9504,749.2727,treino
2007-12-10,462.61,306.6049,34.18453,232.96674,366.93726,133.97052,treino
2007-12-11,489.49,273.1763,30.550507,201.58559,327.24072,125.655136,treino
2007-12-12,516.78,292.778,34.28415,220.49382,356.85025,136.35643,treino
2007-12-13,522.14,281.40808,29.58106,222.98874,335.56015,112.57141,treino
2007-12-14,529.33,349.73996,45.987446,264.385,431.45462,167.06961,treino
2007-12-15,524.52,424.1497,67.19738,294.03027,538.19855,244.16827,treino
2007-12-16,588.46,472.93668,65.46799,336.7271,577.4934,240.7663,treino
2007-12-17,517.37,392.708,46.3558,306.14566,480.9441,174.79843,treino
2007-12-18,548.02,468.34583,50.769577,356.66278,552.51886,195.85608,treino
2007-12-19,708.55,465.16147,50.68053,371.60406,559.20337,187.5993,treino
2007-12-20,1135.65,719.02277,141.70953,414.37476,968.5736,554.19885,treino
2007-12-21,1089.56,1094.2151,160.89395,754.0274,1358.6073,604.5799,treino
2007-12-22,1243.69,1306.101,156.79723,1019.8264,1589.7188,569.89233,treino
2007-12-23,1320.31,1388.1531,149.36606,1085.3792,1659.481,574.1018,treino
2007-12-24,1245.28,1308.304,162.99492,971.58624,1608.6869,637.10065,treino
2007-12-25,1244.74,1140.675,138.78116,857.5671,1399.1484,541.58136,treino
2007-12-26,1249.68,1206.4595,129.82481,961.5839,1442.6072,481.02325,treino
2007-12-27,864.04,1095.9634,117.59529,868.0115,1303.4113,435.39978,treino
2007-12-28,864.86,930.89154,106.90737,714.3959,1118.6117,404.21582,treino
2007-12-29,558.03,789.3829,89.69166,596.1079,937.63135,341.52344,treino
2007-12-30,479.0,659.31793,71.09845,519.7449,792.4039,272.659,treino
2007-12-31,490.76,555.60864,65.29351,433.8266,679.80444,245.97784,treino
2008-01-01,488.16,470.31427,51.1833,368.6818,560.6383,191.95651,treino
2008-01-02,327.93,409.13693,45.74879,313.34265,493.78314,180.44049,treino
2008-01-03,361.62,389.23233,46.101444,298.3902,477.40015,179.00995,treino
2008-01-04,306.24,326.87512,37.66647,249.94469,392.64926,142.70457,treino
2008-01-05,393.46,336.0572,37.93732,261.04745,406.89172,145.84427,treino
2008-01-06,457.39,361.55307,61.848415,245.0607,484.12793,239.06723,treino
2008-01-07,531.67,603.8208,92.44801,398.98904,767.5675,368.57846,treino
2008-01-08,473.16,496.77713,61.559315,382.5888,606.9965,224.40771,treino
2008-01-09,548.78,393.7548,49.23442,290.47247,479.93167,189.4592,treino
2008-01-10,556.67,468.00208,54.41324,355.23163,565.1435,209.91187,treino
2008-01-11,617.06,514.3513,58.68263,385.72995,615.8939,230.16397,treino
2008-01-12,616.06,526.18024,61.791164,392.00894,631.0412,239.03226,treino
2008-01-13,698.44,934.7979,138.08922,647.29846,1190.7156,543.4171,treino
2008-01-14,918.61,1000.9789,108.680176,773.28046,1208.4407,435.16022,treino
2008-01-15,913.61,704.94934,87.4792,522.08136,859.8814,337.80005,treino
2008-01-16,770.83,705.80304,82.81766,543.1879,856.6648,313.47687,treino
2008-01-17,626.06,763.16473,90.63708,561.5484,926.1034,364.555,treino
2008-01-18,545.67,727.37933,87.44675,543.09595,882.9055,339.80957,treino
2008-01-19,771.72,524.1092,60.504112,396.2131,631.8399,235.6268,treino
2008-01-20,759.34,582.18646,65.64123,420.85965,701.23456,280.3749,treino
2008-01-21,892.39,777.5202,102.87243,578.16205,960.0698,381.90778,treino
2008-01-22,1045.17,854.6973,110.59678,645.18616,1049.82,404.6338,treino
2008-01-23,1227.94,1053.6705,134.825,755.79596,1290.6746,534.8786,treino
2008-01-24,1483.38,1078.0337,119.6449,840.9259,1315.0707,474.14478,treino
2008-01-25,1401.5,1437.278,171.54626,1072.5726,1760.8766,688.30396,treino
2008-01-26,1474.89,1605.4825,207.87202,1179.3021,2008.181,828.8789,treino
2008-01-27,2011.73,2356.4167,306.5789,1773.8809,2916.3757,1142.4949,treino
2008-01-28,2243.78,2351.3767,302.5794,1702.1948,2930.2068,1228.012,treino
2008-01-29,2233.35,2488.15,315.392,1886.4486,3040.348,1153.8993,treino
2008-01-30,2396.64,2823.355,334.4265,2201.844,3469.1785,1267.3345,treino
2008-01-31,2679.02,3073.0225,342.25412,2377.4434,3685.59,1308.1467,treino
2008-02-01,3134.34,2925.9268,320.2673,2274.0312,3585.818,1311.7869,treino
2008-02-02,3171.3,2701.2466,308.14755,2069.1348,3271.9814,1202.8467,treino
2008-02-03,2903.28,2558.0505,284.9507,1980.4469,3085.3513,1104.9044,treino
2008-02-04,2727.98,2966.9973,377.69797,2175.9255,3673.2288,1497.3032,treino
2008-02-05,3004.07,3336.4072,373.5851,2600.2605,4083.5674,1483.3069,treino
2008-02-06,3296.69,3213.488,410.28836,2292.7666,3873.139,1580.3723,treino
2008-02-07,3269.59,3224.2122,389.69592,2347.7725,3896.875,1549.1025,treino
2008-02-08,3179.31,3659.4924,396.1096,2861.3005,4341.552,1480.2512,treino
2008-02-09,3130.02,3402.956,415.90955,2559.7913,4176.1143,1616.323,treino
2008-02-10,2947.83,3179.5786,389.96646,2299.742,3896.009,1596.2671,treino
2008-02-11,2752.02,3008.2332,346.4214,2227.3816,3638.0942,1410.7126,treino
2008-02-12,2558.77,2867.5476,333.7211,2150.173,3443.0986,1292.9255,treino
2008-02-13,2369.19,2558.477,294.5378,1943.1097,3079.0625,1135.9528,treino
2008-02-14,2173.63,2446.8467,281.02173,1897.6284,2922.0454,1024.417,treino
2008-02-15,2085.67,2311.3313,277.8855,1748.0189,2781.562,1033.5431,treino
2008-02-16,1980.5,2237.6252,274.3596,1706.4095,2723.9114,1017.50183,treino
2008-02-17,1876.54,2074.9421,231.31914,1574.1622,2499.1528,924.9906,treino
2008-02-18,1684.46,1958.763,237.53575,1479.6008,2374.5178,894.917,treino
2008-02-19,1591.56,2066.6387,229.42091,1619.3381,2534.1267,914.7886,treino
2008-02-20,1594.7,1975.8921,217.40073,1471.8695,2335.283,863.41345,treino
2008-02-21,1604.56,1827.8093,198.9375,1417.6072,2193.851,776.2439,treino
2008-02-22,1504.22,1720.1195,195.20021,1343.0118,2039.2163,696.20447,treino
2008-02-23,1307.78,1600.9789,185.86095,1244.0205,1938.6837,694.6632,treino
2008-02-24,1307.78,1527.2739,172.51778,1210.8185,1852.7677,641.9492,treino
2008-02-25,1306.66,1947.3561,227.871,1500.1859,2373.5315,873.3456,treino
2008-02-26,1309.89,2271.0605,288.58997,1714.2064,2824.6707,1110.4642,treino
2008-02-27,1327.78,1569.2375,205.49982,1127.5466,1931.733,804.1864,treino
2008-02-28,1247.56,1442.6339,161.9424,1136.5886,1762.2981,625.7095,treino
2008-02-29,1161.33,1279.6682,151.55699,955.022,1549.6959,594.67395,treino
2008-03-01,1066.11,1485.2871,177.21675,1134.1792,1862.6708,728.4916,treino
2008-03-02,1067.11,1393.6989,166.61995,1061.461,1685.001,623.5399,treino
2008-03-03,1128.22,1075.5227,125.167984,823.1833,1307.5996,484.41632,treino
2008-03-04,929.83,1201.6489,138.84349,898.9901,1434.2319,535.2418,treino
2008-03-05,1015.86,1121.5806,125.78723,856.9274,1332.5465,475.61908,treino
2008-03-06,830.98,1143.7681,131.50168,882.21844,1389.0746,506.85614,treino
2008-03-07,1040.37,1364.8735,153.27887,1030.3976,1656.7694,626.3718,treino
2008-03-08,1149.96,1701.061,239.38544,1219.1776,2147.5037,928.32605,treino
2008-03-09,1308.3,1315.3732,160.86269,955.4573,1588.7932,633.33594,treino
2008-03-10,1395.14,1204.7305,131.79947,954.9247,1470.2556,515.33093,treino
2008-03-11,1300.84,1122.7645,129.36436,852.1485,1373.1234,520.9749,treino
2008-03-12,1408.52,1329.6786,153.04324,1055.5581,1613.8363,558.2782,treino
2008-03-13,1549.8,1644.03,205.69254,1199.9597,2006.2206,806.26086,treino
2008-03-14,1846.61,1472.4918,175.5296,1096.7738,1756.9664,660.1926,treino
2008-03-15,2127.56,1837.9788,217.3628,1411.8239,2253.7712,841.9474,treino
2008-03-16,2175.59,2951.7493,332.75436,2319.5425,3601.421,1281.8784,treino
2008-03-17,2428.55,2655.0786,301.4663,2088.096,3226.572,1138.4761,treino
2008-03-18,2637.39,2349.6123,277.50903,1808.2686,2862.438,1054.1694,treino
2008-03-19,2548.74,2028.1279,225.54494,1575.1277,2439.2166,864.08887,treino
2008-03-20,1942.4,1637.8508,186.63098,1215.8219,1961.8328,746.01086,treino
2008-03-21,1645.02,1551.1108,166.26802,1233.7198,1886.5829,652.86304,treino
2008-03-22,1477.75,1470.3672,153.57059,1146.7821,1742.4192,595.6371,treino
2008-03-23,1410.49,1508.6145,167.81252,1202.2697,1795.817,593.54736,treino
2008-03-24,1417.37,1520.1262,175.70595,1157.578,1841.0986,683.5206,treino
2008-03-25,1424.37,1658.8583,185.67056,1299.893,1995.2681,695.3751,treino
2008-03-26,1641.96,1577.2089,174.8537,1245.2322,1882.7504,637.5182,treino
2008-03-27,1519.17,1568.5725,173.5586,1238.418,1895.4617,657.0437,treino
2008-03-28,1423.37,1762.0115,203.77248,1382.5042,2136.7952,754.291,treino
2008-03-29,1421.37,1276.3665,142.05695,985.0175,1503.6345,518.617,treino
2008-03-30,1311.57,1240.1354,135.35735,942.5463,1467.5997,525.0534,treino
2008-03-31,1312.57,1179.0309,141.91658,922.3181,1447.0055,524.6874,treino
2008-04-01,1192.78,1112.5723,137.54305,819.8017,1344.5387,524.737,treino
2008-04-02,987.19,1077.1796,118.45008,826.9019,1277.0333,450.1314,treino
2008-04-03,987.19,941.3379,111.30517,714.4273,1133.0621,418.63483,treino
2008-04-04,978.19,995.19,113.825165,768.9741,1194.6267,425.6526,treino
2008-04-05,1095.98,1161.572,138.5114,916.34973,1408.5059,492.15613,treino
2008-04-06,1437.29,1511.3693,165.78513,1201.7108,1832.2888,630.578,treino
2008-04-07,1913.23,1818.3998,207.29321,1357.07,2152.0159,794.9459,treino
2008-04-08,1800.69,1466.0211,167.34865,1126.2582,1793.2703,667.0121,treino
2008-04-09,1553.83,1337.7245,158.33905,1010.548,1635.7296,625.18164,treino
2008-04-10,1456.29,1416.3805,158.10422,1099.8094,1680.9149,581.10547,treino
2008-04-11,1350.1,1421.4109,162.35133,1066.8708,1714.0221,647.15125,treino
2008-04-12,1336.87,1427.3032,168.04654,1092.1526,1738.621,646.4684,treino
2008-04-13,1235.56,1398.2034,174.73401,1042.7435,1700.1168,657.3733,treino
2008-04-14,1234.56,1321.9062,153.72818,994.87915,1592.3403,597.4612,treino
2008-04-15,1121.13,1282.1904,151.7282,978.0386,1554.2283,576.1897,treino
2008-04-16,1027.28,1188.2675,137.58803,934.64844,1451.6029,516.95447,treino
2008-04-17,1034.39,1167.9753,125.60795,921.14044,1411.8805,490.74005,treino
2008-04-18,1033.16,1141.7539,132.33374,858.32367,1362.3407,504.01703,treino
2008-04-19,919.97,1117.5934,132.57858,845.56775,1336.5919,491.02417,treino
2008-04-20,919.74,1062.3467,126.85217,804.05994,1275.6157,471.5558,treino
2008-04-21,807.43,1180.0143,141.6113,901.19507,1444.1298,542.9347,treino
2008-04-22,918.97,1021.34406,113.60613,770.9526,1216.4805,445.5279,treino
2008-04-23,807.43,994.53784,121.08958,758.6223,1224.76,466.1377,treino
2008-04-24,919.74,963.4376,106.24197,761.6758,1173.5295,411.85376,treino
2008-04-25,807.43,913.6853,107.2393,694.8902,1118.4429,423.55267,treino
2008-04-26,806.54,896.1978,97.79217,732.8781,1084.0016,351.12347,treino
2008-04-27,693.0,855.9692,96.69618,650.3697,1020.8093,370.43964,treino
2008-04-28,727.26,827.8613,85.26903,662.833,1001.4674,338.6344,treino
2008-04-29,819.4,768.5847,84.794495,599.03973,918.04663,319.0069,treino
2008-04-30,684.26,703.50195,83.19017,523.03625,857.8871,334.85083,treino
2008-05-01,818.63,654.1719,70.0762,526.2959,784.04205,257.74615,treino
2008-05-02,551.0,755.5652,85.03558,591.0604,906.3313,315.27087,treino
2008-05-03,550.0,638.51965,73.84415,474.7564,764.46594,289.70953,treino
2008-05-04,550.0,639.2688,72.86404,478.84903,774.49304,295.644,treino
2008-05-05,684.26,634.28204,70.90819,491.92865,760.39056,268.4619,treino
2008-05-06,542.0,630.1899,71.56771,501.4718,763.4892,262.0174,treino
2008-05-07,448.74,610.6928,71.33863,469.55945,744.49054,274.9311,treino
2008-05-08,541.0,589.74554,68.72316,468.71536,719.0814,250.36606,treino
2008-05-09,539.0,575.6949,67.330826,446.95853,699.1911,252.23257,treino
2008-05-10,538.0,554.997,59.40568,428.17923,656.7363,228.5571,treino
2008-05-11,535.0,538.17206,61.499153,413.40915,645.82764,232.41849,treino
2008-05-12,509.0,533.6111,60.50765,409.63306,637.20764,227.57458,treino
2008-05-13,368.74,527.7981,58.902485,399.17606,632.2628,233.08676,treino
2008-05-14,512.0,513.33826,63.05527,367.1623,614.2398,247.07751,treino
2008-05-15,500.0,510.97662,57.956867,386.39038,621.7204,235.33002,treino
2008-05-16,508.0,503.68802,61.548756,375.9555,594.3692,218.4137,treino
2008-05-17,510.0,499.16553,55.00005,382.189,589.6937,207.50473,treino
2008-05-18,375.62,486.88147,52.468166,384.27054,588.6743,204.40378,treino
2008-05-19,375.74,483.86417,52.037624,377.6631,574.4328,196.76971,treino
2008-05-20,510.0,474.97275,53.14603,365.37186,568.12384,202.75198,treino
2008-05-21,501.0,477.27762,51.634304,361.29285,572.63855,211.3457,treino
2008-05-22,510.0,469.78787,52.89065,362.77692,562.9347,200.15778,treino
2008-05-23,375.86,457.56943,54.491425,352.54,558.5978,206.05777,treino
2008-05-24,510.0,455.1677,54.959938,345.94214,554.5301,208.58795,treino
2008-05-25,375.74,454.64902,51.159782,351.90622,549.08746,197.18124,treino
2008-05-26,510.0,442.15207,51.362938,332.5411,533.3035,200.76242,treino
2008-05-27,375.74,437.60812,50.213043,329.58505,531.69037,202.10532,treino
2008-05-28,284.03,428.50977,51.212856,323.2565,518.99426,195.73776,treino
2008-05-29,397.57,424.96497,50.39044,319.44257,508.41068,188.96811,treino
2008-05-30,510.0,420.6367,48.027172,321.55206,510.30142,188.74936,treino
2008-05-31,397.69,409.25363,49.138542,313.29126,495.94254,182.65128,treino
2008-06-01,395.57,410.97134,48.57595,308.24954,501.4232,193.17365,treino
2008-06-02,280.03,427.54843,47.26329,332.65817,511.48495,178.82678,treino
2008-06-03,395.57,407.05475,47.576103,306.4907,494.6805,188.18982,treino
2008-06-04,398.69,401.0897,47.288273,303.0929,478.22568,175.13278,treino
2008-06-05,397.57,396.86893,48.788364,296.31696,484.12946,187.8125,treino
2008-06-06,397.46,401.30283,45.537445,306.67578,483.7395,177.06372,treino
2008-06-07,397.57,390.00995,42.294296,304.08255,458.33667,154.25412,treino
2008-06-08,279.26,383.91956,43.3638,297.93674,465.8508,167.91406,treino
2008-06-09,397.57,379.62634,45.070473,291.85788,465.991,174.13312,treino
2008-06-10,397.46,365.62073,41.582535,285.4157,439.2209,153.80518,treino
2008-06-11,398.57,364.79428,42.689087,277.859,435.19052,157.33151,treino
2008-06-12,285.26,357.82385,42.695816,269.3152,435.0928,165.77762,treino
2008-06-13,398.57,361.9493,44.360527,264.0119,438.98816,174.97626,treino
2008-06-14,398.46,361.03845,38.350086,284.04114,429.06943,145.02829,treino
2008-06-15,286.15,350.56503,38.737194,272.62048,422.00095,149.38046,treino
2008-06-16,286.26,346.74368,38.857773,269.54105,415.61542,146.07437,treino
2008-06-17,400.46,348.1835,41.50216,258.31586,421.389,163.07315,treino
2008-06-18,289.15,346.6826,35.849262,275.84106,410.5369,134.69583,treino
2008-06-19,399.69,331.06793,39.73462,249.87775,402.598,152.72025,treino
2008-06-20,400.57,334.7199,38.04949,256.87073,403.56082,146.6901,treino
2008-06-21,287.03,331.48837,38.514435,246.03639,399.6074,153.571,treino
2008-06-22,289.26,331.43808,35.121788,256.37555,393.01068,136.63513,treino
2008-06-23,289.03,332.80603,41.512863,258.5259,402.94888,144.42297,treino
2008-06-24,403.57,353.8267,40.664413,267.75494,426.002,158.24707,treino
2008-06-25,290.26,359.20056,41.015926,272.7738,430.63623,157.86243,treino
2008-06-26,399.57,341.4137,35.88089,268.63785,410.2223,141.58444,treino
2008-06-27,394.46,338.70935,39.95458,253.80823,404.26324,150.45502,treino
2008-06-28,281.15,334.2392,36.820667,258.8619,397.5957,138.7338,treino
2008-06-29,282.26,331.54913,36.966038,254.59715,401.25748,146.66032,treino
2008-06-30,281.03,329.5387,36.047066,249.32901,389.7,140.371,treino
2008-07-01,281.26,318.34003,37.64826,243.87706,387.47958,143.60252,treino
2008-07-02,281.03,311.2817,33.658764,242.68065,370.75214,128.07149,treino
2008-07-03,282.15,314.13364,34.15418,246.55849,374.59433,128.03584,treino
2008-07-04,282.26,318.3132,36.78747,237.45996,381.22342,143.76346,treino
2008-07-05,285.03,302.89624,34.608017,232.75539,363.62198,130.8666,treino
2008-07-06,276.26,299.186,36.31664,224.09001,361.50287,137.41286,treino
2008-07-07,325.03,301.1281,32.88647,237.35791,360.07013,122.71222,treino
2008-07-08,386.15,297.27136,36.69878,220.65291,360.2271,139.5742,treino
2008-07-09,272.26,294.4432,33.63587,227.29478,359.3042,132.00941,treino
2008-07-10,276.03,287.49243,32.83399,216.0466,353.52164,137.47504,treino
2008-07-11,277.26,287.11414,36.4827,203.72026,348.93533,145.21507,treino
2008-07-12,277.03,285.6331,29.633919,227.87036,338.89392,111.02356,treino
2008-07-13,278.15,287.4298,33.148327,212.54936,350.13016,137.5808,treino
2008-07-14,164.72,283.20392,31.145231,215.47144,337.93643,122.465,treino
2008-07-15,267.15,278.1258,32.581715,209.77763,337.23816,127.460526,treino
2008-07-16,198.72,276.45923,31.269573,209.89102,326.44647,116.55545,treino
2008-07-17,279.15,274.72327,29.644358,213.6418,329.07614,115.43434,treino
2008-07-18,280.26,273.36093,30.882896,211.00613,325.7714,114.76526,treino
2008-07-19,278.03,272.89035,29.81341,204.4985,323.95346,119.454956,treino
2008-07-20,166.84,271.92334,31.417599,205.93044,326.93613,121.00569,treino
2008-07-21,280.03,265.3569,32.344543,208.91945,324.7492,115.82976,treino
2008-07-22,279.26,262.74576,30.5431,200.3552,317.4247,117.06952,treino
2008-07-23,281.03,259.2357,28.615223,205.23772,311.8758,106.63808,treino
2008-07-24,202.84,258.20932,28.329466,207.17029,311.6301,104.45981,treino
2008-07-25,290.66,255.7996,30.983639,188.33183,311.71112,123.37929,treino
2008-07-26,218.73,247.02872,26.344402,196.78256,293.85782,97.07526,treino
2008-07-27,215.61,246.03166,28.573986,183.65833,298.7313,115.07297,treino
2008-07-28,219.61,246.71318,27.355122,190.81389,297.51337,106.69948,treino
2008-07-29,221.61,242.88367,29.013119,191.45421,296.79086,105.336655,treino
2008-07-30,322.41,283.02072,35.62693,207.89534,347.40063,139.5053,treino
2008-07-31,224.61,240.7108,26.362211,182.53386,290.15298,107.619125,treino
2008-08-01,218.5,232.8449,26.173681,179.33156,277.42426,98.0927,treino
2008-08-02,297.52,235.24152,27.231682,179.39404,286.0974,106.70337,treino
2008-08-03,218.5,233.34868,27.478228,176.99596,285.66986,108.673904,treino
2008-08-04,222.73,233.02602,25.5577,181.44283,280.58694,99.14412,treino
2008-08-05,220.61,233.30367,27.89485,175.57307,281.98035,106.40727,treino
2008-08-06,221.61,306.71677,43.810394,205.92476,385.6384,179.71364,treino
2008-08-07,242.61,238.15721,25.526295,180.78615,287.11298,106.32683,treino
2008-08-08,221.5,241.64919,28.69697,187.22614,292.79953,105.573395,treino
2008-08-09,220.73,244.05833,26.424992,193.46628,294.8737,101.40741,treino
2008-08-10,225.61,251.34862,27.728422,195.15384,298.83902,103.68518,treino
2008-08-11,260.61,240.64336,29.105244,182.17064,292.731,110.56035,treino
2008-08-12,248.61,233.7252,27.834417,179.65135,280.56076,100.90941,treino
2008-08-13,158.81,224.32613,24.205374,179.2033,269.35208,90.14879,treino
2008-08-14,227.61,222.38179,23.756819,178.86647,266.77814,87.91167,treino
2008-08-15,227.61,220.71666,24.975103,166.87433,266.84738,99.97305,treino
2008-08-16,227.5,216.88918,23.1794,171.03963,258.90128,87.86165,treino
2008-08-17,264.73,212.96846,24.923977,165.87656,256.9329,91.056335,treino
2008-08-18,201.61,212.82687,23.037825,161.8954,257.48605,95.59065,treino
2008-08-19,162.7,203.77469,23.763771,156.40561,247.59361,91.188,treino
2008-08-20,173.93,200.40587,25.072882,154.1585,246.8254,92.6669,treino
2008-08-21,250.61,201.2196,22.872223,154.28362,240.51213,86.228516,treino
2008-08-22,120.81,202.35188,24.006552,153.407,243.1017,89.6947,treino
2008-08-23,182.7,202.44772,23.246853,158.54407,244.58342,86.03935,treino
2008-08-24,230.93,196.00772,21.941767,144.89867,234.01129,89.112625,treino
2008-08-25,108.02,192.48691,23.544186,142.04335,238.41986,96.37651,treino
2008-08-26,198.85,191.44716,22.631104,142.47809,230.39967,87.921585,treino
2008-08-27,201.85,190.07675,22.20545,143.96155,228.46754,84.506,treino
2008-08-28,211.74,191.09831,21.716938,147.95227,230.35315,82.40088,treino
2008-08-29,184.31,188.47601,21.754152,146.74472,227.64426,80.899536,treino
2008-08-30,185.31,192.36205,23.988396,143.65405,234.74509,91.091034,treino
2008-08-31,208.85,305.89352,45.45829,215.4841,386.43414,170.95004,treino
2008-09-01,172.5,194.93153,23.008905,148.09018,239.33151,91.24133,treino
2008-09-02,206.27,208.9497,25.490528,153.90665,255.01611,101.10947,treino
2008-09-03,161.85,227.35529,24.998096,179.11214,274.53598,95.42384,treino
2008-09-04,157.97,215.91943,23.908298,161.5208,254.5269,93.0061,treino
2008-09-05,194.85,206.11394,23.882471,158.90381,247.59506,88.69125,treino
2008-09-06,233.85,195.21399,21.344563,149.89294,233.69078,83.79784,treino
2008-09-07,193.31,189.43236,20.693922,151.62624,229.70137,78.075134,treino
2008-09-08,194.31,187.12558,21.96884,143.53488,225.51251,81.97763,treino
2008-09-09,175.74,178.55403,22.871931,134.84558,217.78961,82.94403,treino
2008-09-10,167.85,179.24358,20.108702,144.09665,215.04579,70.94914,treino
2008-09-11,266.5,173.86475,20.264217,133.62857,213.76823,80.13966,treino
2008-09-12,163.85,173.92546,20.331812,126.26987,210.06802,83.79816,treino
2008-09-13,121.31,172.98059,19.303488,131.78171,210.84082,79.05911,treino
2008-09-14,187.31,169.289,19.389688,131.46573,202.9278,71.46207,treino
2008-09-15,156.31,183.70052,24.647463,130.54933,226.26144,95.71211,treino
2008-09-16,248.74,190.79599,29.357464,129.30075,241.2241,111.923355,treino
2008-09-17,251.85,238.74838,40.327995,159.49863,316.76456,157.26593,treino
2008-09-18,171.31,228.65714,27.919714,173.6643,282.08957,108.42526,treino
2008-09-19,201.63,211.98389,25.126415,164.28471,262.01492,97.73021,treino
2008-09-20,229.23,256.93854,31.792849,184.53743,312.20337,127.66594,treino
2008-09-21,192.31,314.09946,59.669518,181.86765,421.5874,239.71976,treino
2008-09-22,264.11,324.62598,49.004356,217.48933,410.3659,192.87657,treino
2008-09-23,303.17,258.78143,30.317728,197.31854,313.63303,116.31448,treino
2008-09-24,300.74,274.1905,31.682785,209.08171,332.43433,123.352615,treino
2008-09-25,303.17,306.39325,35.683678,232.55313,370.976,138.42288,treino
2008-09-26,406.45,356.5107,44.016487,269.5442,438.24045,168.69626,treino
2008-09-27,400.59,481.12323,89.70992,288.26285,652.90106,364.6382,treino
2008-09-28,408.5,321.0454,37.670692,246.682,390.99872,144.31671,treino
2008-09-29,316.11,304.5626,32.859463,240.4004,362.74298,122.342575,treino
2008-09-30,310.17,316.31955,38.41282,230.06226,378.33414,148.27188,treino
2008-10-01,308.74,274.92447,31.402126,212.42981,333.56665,121.13684,treino
2008-10-02,216.06,273.197,33.964645,209.71486,337.91617,128.20131,treino
2008-10-03,216.14,236.3687,26.515635,186.29625,285.6432,99.34694,treino
2008-10-04,215.06,219.45917,26.437704,166.64474,269.89087,103.246124,treino
2008-10-05,205.14,207.85365,25.234684,156.67694,251.11186,94.43492,treino
2008-10-06,202.31,227.01736,29.532356,159.62962,280.9589,121.32927,treino
2008-10-07,214.06,223.24815,30.079998,168.7294,277.20883,108.47943,treino
2008-10-08,202.19,357.02472,49.08072,254.14162,438.58878,184.44716,treino
2008-10-09,227.16,290.12897,39.252644,202.94754,356.16043,153.21289,treino
2008-10-10,227.39,310.23624,39.71828,232.45924,381.22827,148.76903,treino
2008-10-11,232.22,263.02264,33.022484,197.9137,322.66318,124.74948,treino
2008-10-12,246.11,267.988,32.460056,199.18431,326.88867,127.70436,treino
2008-10-13,246.34,264.67923,30.357,205.84431,317.3184,111.474075,treino
2008-10-14,253.22,245.96724,28.778894,186.33794,299.5266,113.188675,treino
2008-10-15,230.22,220.80609,25.263687,172.34196,270.96307,98.62111,treino
2008-10-16,158.44,190.56223,22.543367,146.74802,232.53497,85.78696,treino
2008-10-17,230.89,179.48087,20.305172,135.64044,216.2355,80.59506,treino
2008-10-18,122.67,172.42906,19.59186,134.28392,207.71754,73.433624,treino
2008-10-19,151.89,244.15393,33.212933,170.72112,300.95325,130.23213,treino
2008-10-20,203.11,279.0044,36.570988,206.16895,343.26727,137.09833,treino
2008-10-21,129.67,207.39095,25.087734,150.08083,254.32887,104.24805,treino
2008-10-22,237.89,244.03513,28.135075,189.88449,296.01236,106.12787,treino
2008-10-23,141.67,178.00162,20.45911,135.02518,214.98146,79.95628,treino
2008-10-24,142.67,186.65527,22.0419,140.9714,227.65045,86.67905,treino
2008-10-25,146.98,179.29843,22.48017,132.0141,220.47687,88.46277,treino
2008-10-26,145.93,164.97676,20.484396,116.991554,198.27782,81.28626,treino
2008-10-27,58.7,161.09915,20.073645,122.95531,198.61191,75.6566,treino
2008-10-28,153.98,153.08022,18.987734,113.45736,188.18867,74.731316,treino
2008-10-29,131.13,143.7525,19.11237,105.64387,180.08955,74.44569,treino
2008-10-30,140.32,134.94939,16.530354,101.30411,162.1343,60.830185,treino
2008-10-31,156.93,125.65341,15.890362,96.48957,157.01146,60.52189,treino
2008-11-01,59.7,230.32802,46.197235,136.19746,313.85193,177.65446,treino
2008-11-02,168.98,132.40968,16.92291,97.19103,162.71127,65.52024,treino
2008-11-03,61.02,138.06006,16.607248,103.09128,168.08426,64.99298,treino
2008-11-04,131.52,169.21776,29.358738,113.602486,223.04796,109.44547,treino
2008-11-05,231.94,169.612,23.915468,120.60101,211.98335,91.38234,treino
2008-11-06,227.23,218.47224,29.348358,159.84412,273.66528,113.82117,treino
2008-11-07,331.28,264.1418,34.94395,189.20955,328.73703,139.52748,treino
2008-11-08,361.85,273.17343,35.82965,197.60222,336.96826,139.36604,treino
2008-11-09,374.45,261.82846,43.623566,176.49983,335.28503,158.7852,treino
2008-11-10,512.78,340.58157,59.19263,225.2202,446.45007,221.22987,treino
2008-11-11,518.09,394.02563,46.67125,291.29984,473.93954,182.63971,treino
2008-11-12,684.19,407.55466,60.47199,267.9423,508.23172,240.28943,treino
2008-11-13,620.85,363.30142,46.996006,273.7988,449.79938,176.00058,treino
2008-11-14,712.67,632.51654,99.48859,442.03738,823.8254,381.788,treino
2008-11-15,712.56,486.40155,56.162266,371.48483,583.1851,211.70029,treino
2008-11-16,713.19,390.26868,46.69049,302.2963,475.2361,172.93982,treino
2008-11-17,718.19,378.9362,43.781315,286.41934,451.6931,165.27377,treino
2008-11-18,713.75,808.7424,128.19855,556.4248,1038.354,481.9292,treino
2008-11-19,699.67,527.7051,57.346767,406.71906,626.8691,220.15002,treino
2008-11-20,572.65,443.27652,53.95578,322.58435,531.07684,208.4925,treino
2008-11-21,566.19,534.41895,63.38503,404.35242,651.6315,247.27905,treino
2008-11-22,452.85,418.6243,49.260956,326.22986,509.7602,183.53033,treino
2008-11-23,412.67,338.97037,35.38309,267.27374,402.5841,135.31036,treino
2008-11-24,402.56,315.76382,35.961807,241.97557,386.58926,144.6137,treino
2008-11-25,424.19,332.36853,39.641552,250.60217,404.43408,153.83191,treino
2008-11-26,419.28,287.87448,30.274889,224.15541,342.9042,118.748795,treino
2008-11-27,363.11,393.10254,56.021076,279.05722,496.0669,217.00967,treino
2008-11-28,374.06,401.052,47.98153,306.016,487.78513,181.76913,treino
2008-11-29,379.37,284.34402,33.829865,214.49382,350.9458,136.45198,treino
2008-11-30,377.94,397.60526,46.984844,307.13806,483.28577,176.1477,treino
2008-12-01,366.23,435.86276,51.39956,336.73422,527.0644,190.33017,treino
2008-12-02,371.28,440.765,52.202545,339.25937,533.194,193.9346,treino
2008-12-03,324.85,343.77008,41.30299,259.60965,418.3464,158.73676,treino
2008-12-04,226.23,249.1251,27.889235,190.41733,296.6178,106.20047,treino
2008-12-05,225.37,233.09972,26.710417,177.43503,282.80884,105.37381,treino
2008-12-06,315.28,221.65062,24.197386,171.48586,264.88965,93.40379,treino
2008-12-07,217.94,215.45094,24.823515,162.54059,262.84674,100.30615,treino
2008-12-08,304.45,198.585,22.752043,156.4141,243.83997,87.42587,treino
2008-12-09,219.06,208.28296,27.622177,151.80621,259.18057,107.37436,treino
2008-12-10,317.85,179.85394,22.257587,136.44057,221.23834,84.797775,treino
2008-12-11,179.32,181.55695,27.03485,126.68982,228.93364,102.24382,treino
2008-12-12,286.46,186.39186,26.006582,131.55013,233.17867,101.62854,treino
2008-12-13,285.03,383.66486,88.44356,208.49254,564.2599,355.76733,treino
2008-12-14,153.98,472.3862,87.21127,309.64603,623.07275,313.42673,treino
2008-12-15,475.92,631.6767,97.86569,449.59113,813.57916,363.98804,treino
2008-12-16,1053.08,1176.4498,167.65216,830.7715,1483.7563,652.98486,treino
2008-12-17,2054.71,2374.8743,277.2599,1792.7776,2835.0347,1042.2571,treino
2008-12-18,2834.11,3288.3438,415.99283,2514.1763,4100.577,1586.4009,treino
2008-12-19,3060.93,4576.931,516.01447,3505.6445,5453.5723,1947.9277,treino
2008-12-20,3148.83,5201.905,686.2195,3808.1758,6277.6997,2469.524,treino
2008-12-21,3507.04,4287.4844,478.92648,3345.0254,5157.743,1812.7178,treino
2008-12-22,4170.33,2298.4985,260.3835,1761.0331,2775.8386,1014.80554,treino
2008-12-23,3522.72,1938.8977,223.70218,1520.1274,2368.2444,848.11694,treino
2008-12-24,2910.76,2289.6682,287.03592,1706.7556,2838.519,1131.7634,treino
2008-12-25,2480.88,2181.3486,266.53455,1640.9296,2644.5042,1003.5746,treino
2008-12-26,2571.34,1799.43,212.7509,1359.3668,2208.4817,849.11487,treino
2008-12-27,2668.44,2711.6567,336.62552,2039.4824,3392.446,1352.9636,treino
2008-12-28,3665.0,3719.2263,442.21246,2872.2388,4515.74,1643.5015,treino
2008-12-29,3680.62,3502.6868,408.03943,2685.7773,4235.5825,1549.8052,treino
2008-12-30,3134.36,3033.023,360.35703,2324.123,3730.5261,1406.4031,treino
2008-12-31,2924.48,2638.9495,293.61633,2078.944,3193.3184,1114.3743,treino
2009-01-01,2883.69,2671.8743,291.39386,2092.402,3209.4365,1117.0344,treino
2009-01-02,2893.14,2419.1274,296.01105,1788.4637,2895.7437,1107.2799,treino
2009-01-03,2695.67,2478.5005,301.9291,1852.9971,2998.053,1145.0559,treino
2009-01-04,2561.37,2325.3047,276.19247,1739.1111,2824.2139,1085.1028,treino
2009-01-05,2642.37,2570.748,278.00812,2024.2382,3122.9558,1098.7177,treino
2009-01-06,2440.18,2343.0386,266.31625,1777.8298,2863.303,1085.4731,treino
2009-01-07,2250.34,2100.077,238.15427,1592.3406,2558.4292,966.0886,treino
2009-01-08,1922.03,1896.1736,226.58057,1425.3141,2318.5503,893.2362,treino
2009-01-09,1640.19,1627.2202,187.0739,1196.2202,1958.9526,762.7324,treino
2009-01-10,1341.46,1418.2528,154.42578,1124.4938,1688.8151,564.3213,treino
2009-01-11,1198.35,1247.1527,142.53922,925.5375,1495.994,570.45654,treino
2009-01-12,1095.0,1145.2085,131.83195,884.16943,1383.5923,499.42285,treino
2009-01-13,828.0,1025.3333,125.04817,776.79504,1260.7273,483.93225,treino
2009-01-14,843.0,1056.8348,120.052574,817.007,1278.5948,461.58783,treino
2009-01-15,943.65,992.49207,114.4414,765.28375,1200.737,435.4533,treino
2009-01-16,944.54,935.02655,112.09523,696.05817,1126.525,430.46686,treino
2009-01-17,1142.5,1037.0663,121.75379,770.1058,1237.5356,467.42987,treino
2009-01-18,1141.73,1257.6954,152.01526,940.8465,1523.2339,582.3874,treino
2009-01-19,1377.11,1456.0269,165.24994,1135.815,1751.9751,616.16016,treino
2009-01-20,1835.37,1755.2648,216.66803,1330.1338,2159.337,829.2031,treino
2009-01-21,2062.91,1754.4976,210.2501,1308.1763,2113.0117,804.83545,treino
2009-01-22,2354.37,2297.5334,241.18857,1844.0708,2767.3801,923.3093,treino
2009-01-23,2527.83,2754.5056,334.81015,2081.0151,3377.232,1296.2168,treino
2009-01-24,3047.15,2602.3672,282.31778,1993.0265,3100.0886,1107.0621,treino
2009-01-25,3269.94,2741.2444,311.63202,2131.728,3322.5374,1190.8093,treino
2009-01-26,3053.35,2191.5913,244.44437,1715.9987,2613.0962,897.09753,treino
2009-01-27,2512.37,2244.6133,253.2961,1719.4005,2663.1667,943.76624,treino
2009-01-28,2180.98,2759.2725,330.64352,2100.338,3339.1814,1238.8435,treino
2009-01-29,1957.39,2323.266,267.83542,1770.8462,2799.7498,1028.9036,treino
2009-01-30,1845.59,2249.489,249.9752,1724.5592,2728.3362,1003.777,treino
2009-01-31,1836.59,2164.0361,254.91444,1657.4487,2626.0845,968.63574,treino
2009-02-01,1846.59,2307.579,268.8305,1766.2917,2780.2212,1013.92944,treino
2009-02-02,1959.39,2197.6328,249.63878,1711.647,2668.2827,956.63574,treino
2009-02-03,2070.07,2094.0789,240.47635,1572.8622,2499.6418,926.77966,treino
2009-02-04,2170.98,1853.4808,224.89388,1423.4828,2262.385,838.9022,treino
2009-02-05,2096.71,1772.0519,193.51575,1391.6073,2105.2935,713.68616,treino
2009-02-06,2008.29,2057.7366,229.67311,1561.4622,2458.6704,897.20825,treino
2009-02-07,1897.73,1937.321,227.92477,1469.6831,2370.3857,900.70264,treino
2009-02-08,1892.61,2022.8906,232.12875,1526.7898,2454.1436,927.35376,treino
2009-02-09,1894.61,1993.0289,234.66551,1502.1687,2429.1016,926.93286,treino
2009-02-10,2004.41,2159.0022,247.68842,1665.1272,2609.8557,944.7285,treino
2009-02-11,2124.59,1835.7281,219.24127,1398.5056,2202.2266,803.72095,treino
2009-02-12,2173.98,2298.9592,262.97144,1747.6467,2787.533,1039.8862,treino
2009-02-13,2229.98,2418.7969,287.05402,1838.4155,2920.5798,1082.1643,treino
2009-02-14,2511.37,3145.9238,383.46393,2299.5266,3790.793,1491.2664,treino
2009-02-15,2623.17,3022.8972,339.90085,2320.3948,3612.3499,1291.9551,treino
2009-02-16,2719.96,2560.4568,307.90793,1923.5153,3129.4355,1205.9203,treino
2009-02-17,2297.78,2222.9724,251.77072,1674.723,2646.9915,972.26843,treino
2009-02-18,1859.59,1883.4738,215.4731,1448.6411,2265.9153,817.2742,treino
2009-02-19,1632.43,1673.4407,193.43158,1287.5153,2040.1191,752.6039,treino
2009-02-20,1553.74,1641.7546,173.55362,1292.002,1958.2288,666.2268,treino
2009-02-21,1546.97,1599.4265,187.71019,1236.6282,1952.2728,715.64465,treino
2009-02-22,1553.74,1679.188,180.97226,1362.8146,2031.6185,668.80396,treino
2009-02-23,1553.85,1853.711,218.39185,1441.8641,2267.8027,825.9386,treino
2009-02-24,1597.28,1830.1167,210.52194,1408.7518,2231.9387,823.1869,treino
2009-02-25,1800.56,2064.0486,244.90851,1521.6921,2516.373,994.6809,treino
2009-02-26,2022.52,2157.2622,242.41164,1644.0093,2556.1775,912.1682,treino
2009-02-27,1804.87,1873.679,235.50946,1399.0426,2338.205,939.1625,treino
2009-02-28,1576.13,1723.4148,195.97571,1318.8103,2046.5026,727.69226,treino
2009-03-01,1574.13,1597.067,177.68149,1248.5757,1915.8994,667.3237,treino
2009-03-02,1359.7,1519.2947,163.13513,1178.1133,1794.6786,616.5653,treino
2009-03-03,1378.13,1449.8501,168.74722,1130.0603,1782.1401,652.07983,treino
2009-03-04,1379.13,1399.3798,162.05885,1069.5043,1688.6377,619.1334,treino
2009-03-05,1264.82,1315.3845,151.45348,1005.8758,1595.553,589.6772,treino
2009-03-06,1259.7,1273.013,149.02711,994.04376,1549.3658,555.3221,treino
2009-03-07,1148.16,1400.2858,166.0419,1086.4154,1681.4773,595.0619,treino
2009-03-08,1144.39,1424.4779,165.90767,1070.4093,1735.3805,664.9712,treino
2009-03-09,1033.74,1385.045,167.6379,1004.10223,1687.5361,683.4339,treino
2009-03-10,1033.97,1376.3104,173.30835,1008.3358,1666.0693,657.7335,treino
2009-03-11,1032.74,1117.3575,126.34455,859.2815,1341.4231,482.1416,treino
2009-03-12,919.43,984.932,114.26064,771.47046,1187.5602,416.08972,treino
2009-03-13,959.7,1069.9259,132.7137,823.7144,1302.7349,479.02045,treino
2009-03-14,975.82,1106.5074,122.698425,848.6261,1321.8981,473.27197,treino
2009-03-15,1097.13,1047.4774,124.66767,758.73846,1287.5691,528.8306,treino
2009-03-16,1081.13,1241.9924,137.16615,970.13947,1479.8649,509.7254,treino
2009-03-17,1225.22,1749.9656,206.55098,1306.996,2136.837,829.84094,treino
2009-03-18,1207.04,1246.9874,151.27074,951.67255,1545.6558,593.9832,treino
2009-03-19,1191.66,1308.0089,145.87506,998.2003,1543.911,545.7107,treino
2009-03-20,1196.89,1233.1931,137.59413,951.96643,1474.4417,522.4752,treino
2009-03-21,1178.78,1191.6829,136.48102,917.2105,1439.7714,522.56085,treino
2009-03-22,1303.92,1101.6998,119.390755,833.9354,1315.5254,481.58997,treino
2009-03-23,1398.04,1522.4911,172.20639,1193.0809,1859.3026,666.2217,treino
2009-03-24,1465.26,1515.1538,184.16718,1139.3384,1870.3959,731.0575,treino
2009-03-25,1600.74,1274.7476,140.79546,998.421,1546.2047,547.7837,treino
2009-03-26,1668.96,1849.609,231.81155,1348.713,2265.6055,916.89246,treino
2009-03-27,1799.34,1557.3024,177.55948,1211.8207,1872.5148,660.6941,treino
2009-03-28,1849.74,1564.2096,187.87863,1211.78,1895.5106,683.7306,treino
2009-03-29,1907.52,1332.0757,162.74042,1007.92346,1638.5238,630.60034,treino
2009-03-30,2042.78,1500.0635,168.29724,1167.752,1798.443,630.69104,treino
2009-03-31,2206.0,2082.8557,233.5399,1619.2532,2528.473,909.2197,treino
2009-04-01,2330.26,1847.4484,207.71954,1420.1842,2236.4868,816.3026,treino
2009-04-02,2360.26,1822.7169,203.41487,1402.2347,2184.613,782.3783,treino
2009-04-03,2196.0,1741.6257,217.93967,1317.4006,2163.8848,846.48413,treino
2009-04-04,2042.14,1435.6503,171.23268,1071.186,1741.8293,670.6433,treino
2009-04-05,1932.89,1327.2228,152.3175,1001.43134,1600.975,599.54364,treino
2009-04-06,1825.66,1359.5723,156.43776,1042.5753,1654.3986,611.82324,treino
2009-04-07,1818.63,1600.5565,188.52213,1185.856,1918.6241,732.7682,treino
2009-04-08,1653.0,1715.5891,196.86708,1296.297,2067.307,771.0099,treino
2009-04-09,1633.0,1750.8077,196.94678,1343.4089,2093.7278,750.31885,treino
2009-04-10,1518.74,1441.6372,155.49371,1126.1097,1725.7504,599.6406,treino
2009-04-11,1517.62,1351.7473,168.84558,991.64954,1676.204,684.55444,treino
2009-04-12,1518.74,1253.725,135.98314,966.29016,1499.4849,533.1947,treino
2009-04-13,1532.0,1210.2208,141.3396,915.5408,1483.0459,567.5051,treino
2009-04-14,1441.26,1478.2618,169.32993,1143.7573,1790.6902,646.93286,treino
2009-04-15,1293.0,1313.5428,144.86563,1005.32245,1578.2333,572.9108,treino
2009-04-16,1231.0,1271.4697,148.01176,959.68353,1526.7501,567.0666,treino
2009-04-17,1173.74,1440.2562,163.68198,1120.1768,1762.7837,642.60693,treino
2009-04-18,1143.0,1199.7677,146.85582,896.40027,1460.6552,564.2549,treino
2009-04-19,1027.26,1137.9578,116.97365,892.5876,1360.0293,467.4417,treino
2009-04-20,1041.38,1046.4762,128.6118,781.1121,1270.4565,489.34442,treino
2009-04-21,908.0,977.66815,109.3665,747.99164,1160.9182,412.92657,treino
2009-04-22,859.0,915.54407,107.709274,707.7691,1096.8121,389.04303,treino
2009-04-23,847.0,852.2841,103.74112,645.7054,1017.82623,372.12085,treino
2009-04-24,691.0,820.0886,94.938934,643.0831,1000.708,357.62488,treino
2009-04-25,692.0,785.9218,82.99535,612.0238,931.1726,319.1488,treino
2009-04-26,652.62,758.524,85.32514,606.694,913.00604,306.31207,treino
2009-04-27,650.74,716.9303,81.7064,549.0203,852.8893,303.86896,treino
2009-04-28,733.0,709.09656,79.50049,553.29004,850.46277,297.17273,treino
2009-04-29,690.0,681.84973,79.447556,514.5057,824.6075,310.1018,treino
2009-04-30,710.0,664.04065,82.62359,492.9123,806.8281,313.91583,treino
2009-05-01,843.63,719.80914,81.66106,558.2709,858.362,300.09113,treino
2009-05-02,713.0,728.76794,89.46878,528.77924,877.9651,349.18585,treino
2009-05-03,808.0,770.03674,90.55416,577.7253,934.28876,356.56348,treino
2009-05-04,663.0,825.29675,96.90989,620.1586,986.83655,366.67792,treino
2009-05-05,764.0,726.6561,85.667244,551.7376,875.5947,323.85712,treino
2009-05-06,683.0,798.5048,85.45206,619.3981,954.83887,335.4408,treino
2009-05-07,692.0,720.7008,77.312454,562.3088,861.05066,298.74188,treino
2009-05-08,674.0,714.7029,81.99319,550.3404,863.8905,313.5501,treino
2009-05-09,667.0,698.62195,73.579926,534.9517,836.3755,301.42377,treino
2009-05-10,675.0,665.3337,78.59788,497.56567,815.54736,317.9817,treino
2009-05-11,680.0,647.85724,71.46175,506.62408,785.5136,278.88953,treino
2009-05-12,595.0,638.98285,75.30221,489.51538,763.1937,273.67834,treino
2009-05-13,657.0,590.36896,67.35318,429.8538,708.34924,278.49545,treino
2009-05-14,524.62,584.05774,70.30982,444.99594,717.91486,272.9189,treino
2009-05-15,559.0,586.5517,66.09981,446.636,706.02527,259.38928,treino
2009-05-16,552.0,599.4778,66.03256,471.87036,719.3555,247.48517,treino
2009-05-17,560.0,567.9348,67.314705,439.08624,705.48334,266.3971,treino
2009-05-18,559.0,552.2837,62.199215,423.87848,658.6814,234.80292,treino
2009-05-19,553.0,528.07446,58.920464,417.92108,626.6008,208.67975,treino
2009-05-20,557.0,524.28345,59.589973,398.82968,633.774,234.9443,treino
2009-05-21,508.0,521.6396,59.883823,388.7141,622.7685,234.05438,treino
2009-05-22,652.38,514.7153,56.95175,399.81772,623.33954,223.52182,treino
2009-05-23,517.0,501.7177,57.829094,387.50534,598.79645,211.2911,treino
2009-05-24,501.0,487.92358,59.509823,351.3297,593.46405,242.13434,treino
2009-05-25,489.0,483.59317,57.34061,361.15414,574.6792,213.52505,treino
2009-05-26,365.62,478.1881,57.425396,346.20035,579.2363,233.03598,treino
2009-05-27,499.0,477.30823,57.514668,359.17102,582.6171,223.4461,treino
2009-05-28,499.0,482.92694,56.535152,375.74374,589.90234,214.1586,treino
2009-05-29,499.0,470.90936,53.68065,362.60617,571.3468,208.74063,treino
2009-05-30,362.74,454.81177,53.88719,332.1777,558.9201,226.7424,treino
2009-05-31,500.0,445.5922,53.107857,323.80453,541.66046,217.85593,treino
2009-06-01,500.0,495.6548,52.270634,398.14877,593.0147,194.86594,treino
2009-06-02,365.86,445.82663,53.61641,333.0523,539.4095,206.35718,treino
2009-06-03,495.0,450.10214,55.404366,336.2703,555.35315,219.08286,treino
2009-06-04,366.74,461.1685,53.22113,349.77722,554.0747,204.29749,treino
2009-06-05,510.11,476.99866,53.133507,360.19702,573.3298,213.13275,treino
2009-06-06,348.56,490.01114,55.17539,381.37308,588.4989,207.12582,treino
2009-06-07,479.7,423.96735,44.89392,331.08768,507.77548,176.6878,treino
2009-06-08,351.44,417.83542,45.740063,331.08417,501.6302,170.54602,treino
2009-06-09,480.7,423.1201,47.329113,323.25903,505.56345,182.30441,treino
2009-06-10,336.07,410.5249,46.10407,314.55844,491.97964,177.4212,treino
2009-06-11,416.84,410.55032,49.476265,320.92065,500.83548,179.91483,treino
2009-06-12,388.57,410.602,46.886833,321.80753,501.92975,180.12222,treino
2009-06-13,387.46,426.98373,44.628853,344.77954,507.18985,162.41031,treino
2009-06-14,498.0,438.50558,45.537243,342.7481,514.7185,171.9704,treino
2009-06-15,384.57,429.85486,49.824364,323.39697,518.7892,195.39221,treino
2009-06-16,389.57,408.89294,47.822178,316.36063,495.8109,179.45029,treino
2009-06-17,502.0,405.67047,46.003372,309.08682,493.0225,183.93567,treino
2009-06-18,388.69,399.28574,44.0247,311.83716,489.3888,177.55164,treino
2009-06-19,395.57,390.2988,45.799973,289.16547,470.9543,181.78885,treino
2009-06-20,387.46,381.06354,45.169308,293.62845,458.45657,164.82812,treino
2009-06-21,501.0,389.16663,42.9806,303.42374,470.66223,167.2385,treino
2009-06-22,387.57,386.66806,44.955166,294.25745,468.17676,173.91931,treino
2009-06-23,383.57,383.24854,44.989365,282.12027,460.31503,178.19476,treino
2009-06-24,386.69,375.71796,44.452168,291.03464,457.37436,166.33972,treino
2009-06-25,500.0,378.3461,43.038567,295.05258,452.36575,157.31317,treino
2009-06-26,386.57,385.3419,43.17417,294.13385,464.97656,170.84271,treino
2009-06-27,386.46,456.6396,54.727955,336.2033,554.89813,218.69482,treino
2009-06-28,384.57,406.36746,51.99009,313.42416,498.91098,185.48682,treino
2009-06-29,404.57,391.92014,43.988678,301.64392,468.3973,166.75339,treino
2009-06-30,500.0,428.34924,52.25494,311.2458,527.0499,215.80414,treino
2009-07-01,387.69,424.48785,49.859196,318.34015,511.0137,192.67355,treino
2009-07-02,502.0,409.5747,47.351093,314.7071,495.4545,180.7474,treino
2009-07-03,383.57,405.48358,46.482277,322.4405,489.9564,167.5159,treino
2009-07-04,392.46,386.51608,42.8878,300.54797,460.76077,160.2128,treino
2009-07-05,278.15,350.0594,37.736477,269.92532,418.76538,148.84006,treino
2009-07-06,389.69,344.28067,39.4613,259.45453,413.31372,153.85919,treino
2009-07-07,383.57,339.73773,37.223,261.72482,408.24194,146.51712,treino
2009-07-08,393.46,335.58185,40.603592,257.69696,410.59772,152.90076,treino
2009-07-09,280.15,340.03494,36.8741,266.21735,405.43948,139.22214,treino
2009-07-10,387.69,332.2584,38.397663,258.78073,397.04388,138.26315,treino
2009-07-11,388.57,331.75925,36.317413,257.29376,399.91504,142.62128,treino
2009-07-12,391.46,347.9714,37.402428,271.9553,413.8666,141.91132,treino
2009-07-13,389.57,320.41693,37.03316,246.96294,387.83987,140.87694,treino
2009-07-14,334.26,321.63376,35.07815,255.6855,387.3929,131.70741,treino
2009-07-15,344.03,318.37802,35.70049,252.53207,379.74313,127.21106,treino
2009-07-16,360.15,313.37247,35.169277,250.51901,376.3627,125.84369,treino
2009-07-17,353.26,319.93573,36.046783,243.52357,385.1444,141.62083,treino
2009-07-18,309.61,313.26022,39.101112,237.65764,383.6013,145.94365,treino
2009-07-19,316.3,306.36078,35.45177,239.07475,371.37408,132.29933,treino
2009-07-20,345.44,293.19547,35.15997,221.61465,358.3251,136.71045,treino
2009-07-21,246.59,302.50803,33.76678,236.51897,361.9729,125.45393,treino
2009-07-22,357.02,300.24222,33.474102,232.20583,357.45853,125.2527,treino
2009-07-23,357.13,298.12015,34.07578,232.01704,361.5385,129.52147,treino
2009-07-24,356.9,295.56708,32.909645,232.82245,356.81696,123.99451,treino
2009-07-25,230.71,297.31113,33.780468,228.72661,357.7506,129.024,treino
2009-07-26,298.87,291.4692,33.75446,225.19637,350.50964,125.31328,treino
2009-07-27,341.61,286.7793,32.09739,222.00653,347.00452,124.997986,treino
2009-07-28,337.81,291.466,32.2998,225.55603,348.5602,123.00418,treino
2009-07-29,254.02,284.56366,35.23935,212.8199,350.68433,137.86443,treino
2009-07-30,354.7,279.29715,30.638103,217.63464,332.67236,115.03772,treino
2009-07-31,236.02,278.40723,29.728615,223.1182,339.99905,116.88086,treino
2009-08-01,348.93,277.34628,31.619993,211.01085,330.29114,119.28029,treino
2009-08-02,262.02,271.51514,28.899723,212.2722,326.11108,113.83888,treino
2009-08-03,263.02,268.2532,31.148273,208.31487,325.8779,117.563034,treino
2009-08-04,259.02,265.69736,29.591082,204.64243,324.92596,120.28354,treino
2009-08-05,260.02,263.1582,30.07924,201.23903,314.9464,113.70738,treino
2009-08-06,260.02,253.04536,28.76697,197.2976,307.97437,110.67676,treino
2009-08-07,261.02,253.77399,28.24357,204.652,310.74634,106.094345,treino
2009-08-08,261.02,248.82942,27.089607,197.75014,301.3567,103.60655,treino
2009-08-09,262.02,248.79276,27.442997,192.8798,294.70355,101.823746,treino
2009-08-10,273.81,248.839,30.026558,191.17288,306.33047,115.15759,treino
2009-08-11,250.81,240.1103,27.608467,186.35931,293.4662,107.10687,treino
2009-08-12,250.81,237.11472,27.318272,182.86359,285.0407,102.177124,treino
2009-08-13,287.7,234.39351,24.253925,185.85071,275.16803,89.31732,treino
2009-08-14,272.02,229.99547,26.033436,172.82335,276.7207,103.897354,treino
2009-08-15,242.93,232.51212,26.387844,173.9844,278.18716,104.20276,treino
2009-08-16,267.02,229.63242,24.237175,179.93953,271.5864,91.646866,treino
2009-08-17,266.02,227.77502,25.298325,177.17952,276.63995,99.460434,treino
2009-08-18,316.31,224.25854,23.653393,182.21123,262.1083,79.89708,treino
2009-08-19,216.66,224.2168,26.398226,166.2398,275.3701,109.13028,treino
2009-08-20,216.78,225.76357,26.061935,170.51988,276.83914,106.31926,treino
2009-08-21,317.31,221.28932,24.273554,173.03215,264.85938,91.827225,treino
2009-08-22,224.89,218.47536,23.583347,167.73418,261.2781,93.54393,treino
2009-08-23,313.31,278.95752,32.5408,208.31567,337.45016,129.13449,treino
2009-08-24,257.74,313.15692,54.727383,200.63875,405.9698,205.33104,treino
2009-08-25,306.5,271.66336,31.737724,210.68117,328.69266,118.01149,treino
2009-08-26,315.85,310.63174,38.611813,235.5854,372.8566,137.2712,treino
2009-08-27,326.31,297.79904,31.898798,241.45244,357.87216,116.41972,treino
2009-08-28,428.85,324.98996,36.694317,257.4841,399.92416,142.44006,treino
2009-08-29,330.31,312.1835,35.468197,234.22424,377.71204,143.4878,treino
2009-08-30,330.31,293.59027,33.312042,223.25272,351.13763,127.88492,treino
2009-08-31,231.78,267.66763,29.470493,209.17267,318.6115,109.43884,treino
2009-09-01,333.31,248.41731,28.171299,191.81119,297.26428,105.453094,treino
2009-09-02,233.78,235.50992,26.468628,181.31976,279.05386,97.7341,treino
2009-09-03,334.31,257.76022,31.552444,192.8879,321.3142,128.42632,treino
2009-09-04,235.66,293.511,36.659714,218.7887,357.1243,138.3356,treino
2009-09-05,336.31,297.49002,36.872276,223.93127,369.19763,145.26636,treino
2009-09-06,326.31,336.64648,46.586735,239.07794,423.1607,184.08276,treino
2009-09-07,335.63,316.96228,44.695484,207.91214,392.29068,184.37854,treino
2009-09-08,347.57,262.68332,30.460155,191.721,318.7112,126.99022,treino
2009-09-09,339.63,273.0872,30.934076,209.80638,333.50418,123.6978,treino
2009-09-10,355.57,284.86862,32.169296,220.23915,339.77817,119.53902,treino
2009-09-11,347.31,269.87604,31.991186,202.72092,326.56378,123.842865,treino
2009-09-12,253.52,256.04626,30.862398,195.72456,306.8804,111.15584,treino
2009-09-13,356.14,252.94284,28.534084,196.58707,309.19846,112.61139,treino
2009-09-14,256.84,248.44888,30.714546,184.67404,301.7379,117.06387,treino
2009-09-15,252.41,302.8515,38.337677,224.3223,369.66016,145.33786,treino
2009-09-16,287.31,270.6251,32.672546,198.34323,329.8835,131.54028,treino
2009-09-17,256.35,231.45245,29.247694,165.08722,281.38403,116.296814,treino
2009-09-18,248.98,227.87529,25.715008,175.41138,273.8724,98.46103,treino
2009-09-19,257.04,221.95578,24.611958,173.00644,265.10403,92.097595,treino
2009-09-20,248.89,228.84468,26.937878,174.29494,279.80664,105.5117,treino
2009-09-21,259.04,239.76338,30.725088,175.8484,299.30353,123.455124,treino
2009-09-22,255.09,516.1351,86.816284,347.51428,673.5555,326.0412,treino
2009-09-23,264.24,385.23856,48.62562,266.50647,469.6258,203.11932,treino
2009-09-24,257.52,415.0494,64.47949,275.5616,521.69824,246.13663,treino
2009-09-25,358.89,421.6056,47.33626,321.96338,507.64203,185.67865,treino
2009-09-26,363.89,314.16904,34.75912,240.36665,373.65082,133.28416,treino
2009-09-27,366.89,307.03412,35.365593,235.42117,365.98972,130.56854,treino
2009-09-28,367.89,302.10312,36.33344,223.24815,364.3551,141.10695,treino
2009-09-29,367.89,278.39285,30.576157,214.60669,335.66678,121.06009,treino
2009-09-30,268.67,253.54076,29.798174,193.9927,305.9685,111.9758,treino
2009-10-01,273.67,236.81102,28.086002,177.46715,289.8136,112.34645,treino
2009-10-02,278.67,227.35414,27.958553,163.86247,273.58966,109.72719,treino
2009-10-03,278.55,239.82729,29.082115,181.42262,289.11276,107.69014,treino
2009-10-04,188.56,333.09338,43.45496,244.39261,411.29007,166.89746,treino
2009-10-05,299.67,228.45847,25.386543,179.71092,273.9998,94.288864,treino
2009-10-06,289.67,256.2342,27.927353,204.77234,308.6351,103.86276,treino
2009-10-07,282.55,284.74512,35.38498,212.30887,353.05493,140.74606,treino
2009-10-08,190.56,359.6331,53.4982,253.15704,457.0711,203.91406,treino
2009-10-09,188.44,287.64514,33.41922,219.2521,347.65332,128.40121,treino
2009-10-10,289.55,281.11728,33.395027,201.89735,338.79004,136.89268,treino
2009-10-11,390.32,372.5117,40.555523,286.80838,446.76843,159.96005,treino
2009-10-12,298.93,392.569,50.573364,293.20297,479.81693,186.61395,treino
2009-10-13,298.61,394.8111,45.070385,298.0333,475.66342,177.63013,treino
2009-10-14,306.52,333.75015,38.844593,257.01767,407.2513,150.23364,treino
2009-10-15,253.83,342.87152,44.286472,254.4265,426.4891,172.0626,treino
2009-10-16,349.74,309.94934,35.50429,242.61595,377.02502,134.40907,treino
2009-10-17,282.52,362.38467,47.38478,262.0746,447.40533,185.33075,treino
2009-10-18,340.83,380.23294,48.063198,287.0264,468.73685,181.71045,treino
2009-10-19,445.33,463.33673,50.453373,369.10297,563.23846,194.1355,treino
2009-10-20,525.19,929.3723,109.22058,716.0446,1123.9989,407.95428,treino
2009-10-21,639.09,654.6154,76.81636,490.51614,786.89056,296.37442,treino
2009-10-22,731.0,864.87445,120.64317,638.1607,1086.5864,448.42572,treino
2009-10-23,834.91,869.4913,95.19065,686.0663,1057.7662,371.69995,treino
2009-10-24,928.81,796.9489,86.75569,624.59644,946.5829,321.98645,treino
2009-10-25,833.22,839.70557,94.72643,632.49664,1017.74243,385.2458,treino
2009-10-26,739.0,752.72815,85.90144,579.1736,910.53876,331.36517,treino
2009-10-27,745.22,965.48987,166.35188,603.86816,1298.7433,694.8751,treino
2009-10-28,737.0,798.87354,91.09374,629.14233,965.13983,335.9975,treino
2009-10-29,675.78,795.4721,92.0337,625.5213,958.787,333.2657,treino
2009-10-30,661.87,827.3269,105.06913,605.53595,1013.41034,407.8744,treino
2009-10-31,572.28,573.39154,63.203808,443.48538,685.3946,241.90921,treino
2009-11-01,471.43,503.91165,60.1508,381.71692,615.807,234.09009,treino
2009-11-02,379.83,455.31046,51.28529,357.16098,550.12744,192.96646,treino
2009-11-03,474.74,502.189,58.861668,383.08057,611.23975,228.15918,treino
2009-11-04,378.52,519.44586,57.49706,396.12762,628.02795,231.90033,treino
2009-11-05,478.94,474.52917,56.34092,366.9123,583.0872,216.17493,treino
2009-11-06,473.23,439.42484,51.158035,332.25244,522.54755,190.2951,treino
2009-11-07,482.37,425.8599,46.107838,328.82373,510.2011,181.37738,treino
2009-11-08,475.43,428.3303,46.377926,325.8755,505.2455,179.37003,treino
2009-11-09,467.74,386.6634,44.420284,295.63635,459.2852,163.64883,treino
2009-11-10,500.94,653.6491,106.70954,439.3931,844.0674,404.6743,treino
2009-11-11,882.0,1023.37396,124.19015,766.1061,1232.6139,466.5078,treino
2009-11-12,674.89,823.57245,98.47997,589.2036,999.5952,410.3916,treino
2009-11-13,665.11,611.97327,70.64189,455.6115,738.3105,282.69897,treino
2009-11-14,666.34,632.50195,68.267685,491.27713,760.6818,269.4047,treino
2009-11-15,662.66,599.3897,71.912704,456.44974,720.5859,264.13614,treino
2009-11-16,469.45,558.5944,58.50432,440.44714,655.4865,215.03937,treino
2009-11-17,471.96,516.71466,61.197636,398.07574,622.1774,224.10168,treino
2009-11-18,380.94,491.75766,52.95534,382.08234,591.3832,209.30084,treino
2009-11-19,279.32,450.91647,51.402977,343.86893,542.4008,198.53189,treino
2009-11-20,285.03,397.48767,43.519382,316.13165,483.78168,167.65002,treino
2009-11-21,185.41,398.61588,47.863865,303.4081,487.5907,184.18259,treino
2009-11-22,186.61,374.77286,41.964348,291.14005,450.56625,159.42621,treino
2009-11-23,299.83,344.51495,40.37517,261.58133,416.76288,155.18155,treino
2009-11-24,198.56,321.6264,36.08079,253.0974,386.9151,133.8177,treino
2009-11-25,188.98,315.34818,32.458893,241.96672,370.504,128.53728,treino
2009-11-26,243.46,376.86914,44.93639,275.41272,458.1519,182.73917,treino
2009-11-27,219.11,295.1632,32.746754,227.1289,350.2876,123.15869,treino
2009-11-28,280.96,496.68817,73.14486,352.70496,614.1725,261.46753,treino
2009-11-29,313.28,358.07654,44.67449,255.94377,431.2227,175.27892,treino
2009-11-30,415.19,420.81387,57.855385,290.60687,522.22577,231.6189,treino
2009-12-01,429.19,494.93652,60.50206,364.5255,596.2984,231.77289,treino
2009-12-02,506.09,612.9965,76.06665,466.67575,747.55994,280.8842,treino
2009-12-03,501.66,658.66705,73.26508,511.1034,791.9373,280.83392,treino
2009-12-04,672.34,846.1228,130.70811,583.113,1074.5436,491.4306,treino
2009-12-05,1236.35,1395.1136,181.06346,1040.4713,1719.6954,679.2241,treino
2009-12-06,1748.46,1840.3131,228.49936,1377.9275,2250.5874,872.6599,treino
2009-12-07,2127.09,1479.6436,184.68803,1091.2366,1812.1556,720.91907,treino
2009-12-08,2038.76,1616.5911,178.16623,1273.6199,1959.8557,686.23584,treino
2009-12-09,1731.46,1446.0643,165.23653,1150.8248,1765.7787,614.95386,treino
2009-12-10,1361.83,1410.9458,161.67145,1068.5942,1688.4453,619.8511,treino
2009-12-11,1136.76,1145.741,139.98116,865.3747,1404.1792,538.8045,treino
2009-12-12,1047.8,1028.0117,108.84185,819.7615,1227.7058,407.94434,treino
2009-12-13,967.63,868.0655,108.711266,628.27386,1054.7297,426.45587,treino
2009-12-14,868.67,960.3769,109.87228,759.01794,1170.9065,411.88855,treino
2009-12-15,942.26,1102.8066,130.74667,848.1148,1343.1376,495.02277,treino
2009-12-16,842.72,914.24835,109.08429,684.9453,1098.3217,413.37634,treino
2009-12-17,956.44,921.80054,103.619934,723.0645,1114.5142,391.44965,treino
2009-12-18,850.67,829.9398,98.68855,635.3373,1001.62585,366.28857,treino
2009-12-19,838.72,709.47595,86.89524,537.8121,857.74603,319.93396,treino
2009-12-20,764.91,764.4888,91.2499,569.45935,929.3017,359.84235,treino
2009-12-21,652.91,643.22437,75.85089,491.8699,782.78705,290.91714,treino
2009-12-22,660.22,709.1586,86.701416,521.2479,859.79785,338.54993,treino
2009-12-23,660.22,693.67236,80.61402,536.3495,832.868,296.5185,treino
2009-12-24,661.22,714.34564,80.07932,557.69257,864.4175,306.7249,treino
2009-12-25,754.44,822.48737,98.97202,633.99005,1002.8845,368.89447,treino
2009-12-26,926.63,803.4105,106.27023,593.9154,983.94763,390.03223,treino
2009-12-27,1023.68,658.14746,80.17893,496.40485,803.1054,306.70056,treino
2009-12-28,1114.87,1078.5867,138.8513,771.0201,1324.4995,553.47943,treino
2009-12-29,1311.83,1402.8093,176.61258,1061.4371,1748.3517,686.91455,treino
2009-12-30,1499.65,1353.9825,157.75523,1032.1884,1658.618,626.4297,treino
2009-12-31,1881.91,1427.1489,164.70442,1114.2478,1702.0793,587.83154,treino
2010-01-01,1605.44,1401.5852,158.00706,1068.0806,1659.3508,591.27026,treino
2010-01-02,1314.78,1325.1995,161.86304,971.27734,1630.7562,659.4789,treino
2010-01-03,1217.56,1180.1045,136.48602,917.1102,1434.9587,517.8485,treino
2010-01-04,1056.11,954.77966,102.51757,755.3137,1142.0924,386.7787,treino
2010-01-05,725.44,842.95807,97.42029,644.5655,1015.30695,370.74146,treino
2010-01-06,920.77,918.57355,103.872116,691.41223,1104.5337,413.12146,treino
2010-01-07,949.0,1000.0031,117.93484,756.3698,1210.0355,453.6657,treino
2010-01-08,928.89,975.6312,109.92887,732.44696,1182.143,449.69598,treino
2010-01-09,923.89,1032.4067,114.800514,801.6912,1239.1482,437.45697,treino
2010-01-10,930.89,844.7864,102.39917,635.36383,1037.2772,401.9134,treino
2010-01-11,779.44,734.14795,87.131966,570.92114,889.06964,318.1485,treino
2010-01-12,662.0,698.7072,79.982315,537.81415,839.69464,301.8805,treino
2010-01-13,543.78,909.93823,108.36131,702.2531,1126.4718,424.2187,treino
2010-01-14,743.22,670.4313,71.820564,515.7875,794.3615,278.57404,treino
2010-01-15,644.22,650.0319,79.031105,489.00635,792.31464,303.3083,treino
2010-01-16,645.11,703.0508,82.67379,544.24274,856.7778,312.53503,treino
2010-01-17,493.89,632.0247,67.22162,476.23767,741.8179,265.5802,treino
2010-01-18,465.78,668.7305,78.57186,507.07553,808.3795,301.304,treino
2010-01-19,541.0,614.6325,69.68404,467.78604,739.6811,271.89505,treino
2010-01-20,557.0,688.6103,87.787125,517.7161,855.8932,338.17706,treino
2010-01-21,668.22,623.6056,71.24677,476.18384,757.80756,281.62372,treino
2010-01-22,642.11,644.04565,77.4518,489.07086,788.7806,299.70972,treino
2010-01-23,739.34,688.50336,73.19199,541.5164,825.88245,284.36603,treino
2010-01-24,741.44,791.2201,92.300415,618.94666,973.5437,354.59705,treino
2010-01-25,818.33,971.65356,108.22866,750.70703,1161.6182,410.91113,treino
2010-01-26,664.0,1059.3379,125.22614,795.7428,1307.7036,511.96082,treino
2010-01-27,661.0,1121.5437,137.55289,852.61804,1363.349,510.73096,treino
2010-01-28,661.0,1036.9412,108.08255,812.6821,1254.4453,441.76318,treino
2010-01-29,649.34,897.9347,106.480316,682.71356,1072.5251,389.81158,treino
2010-01-30,645.22,837.06195,106.128365,623.36127,1045.2588,421.89752,treino
2010-01-31,507.44,751.9396,88.91364,591.56006,902.64014,311.08008,treino
2010-02-01,461.67,670.2006,73.8831,527.5814,803.4711,275.8897,treino
2010-02-02,397.22,602.2044,65.941475,468.08536,725.2747,257.18936,treino
2010-02-03,368.45,539.2198,62.818035,427.95038,658.95984,231.00946,treino
2010-02-04,382.33,503.3838,59.87463,372.55676,602.1228,229.56604,treino
2010-02-05,290.33,477.75613,56.644875,361.45157,589.0783,227.62674,treino
2010-02-06,374.56,580.58655,68.15554,446.48135,704.40125,257.9199,treino
2010-02-07,360.33,574.18713,67.81365,447.93515,684.7674,236.83224,treino
2010-02-08,360.33,483.38095,55.44756,366.2763,589.65125,223.37494,treino
2010-02-09,362.22,490.15125,57.46665,369.36447,586.8672,217.50272,treino
2010-02-10,363.45,464.11682,53.658226,356.3173,549.5387,193.2214,treino
2010-02-11,364.33,430.60947,47.95828,336.45068,518.0411,181.5904,treino
2010-02-12,307.0,439.4311,49.88242,341.1033,531.9435,190.84018,treino
2010-02-13,361.45,406.46332,48.71667,304.59738,488.6686,184.07123,treino
2010-02-14,357.33,380.23645,46.13574,283.99078,455.1172,171.1264,treino
2010-02-15,355.33,361.8271,42.999447,274.52097,440.43082,165.90985,treino
2010-02-16,318.11,348.96265,38.24874,269.1473,419.83206,150.68475,treino
2010-02-17,261.11,327.2977,35.513767,254.57832,392.57358,137.99525,treino
2010-02-18,260.11,335.85522,36.633537,264.55176,407.38242,142.83066,treino
2010-02-19,321.33,453.98,62.483315,316.87018,563.5728,246.70264,treino
2010-02-20,260.33,434.64355,50.28149,322.41986,518.18304,195.76318,treino
2010-02-21,286.74,363.97073,44.20022,277.6389,446.295,168.65613,treino
2010-02-22,323.28,362.07672,42.511494,280.35095,439.36557,159.01462,treino
2010-02-23,293.33,344.3568,39.764244,262.1223,414.71585,152.59354,treino
2010-02-24,381.78,317.55292,37.415833,238.3763,384.60928,146.23299,treino
2010-02-25,354.87,326.3435,36.35971,247.23816,388.76303,141.52487,treino
2010-02-26,438.09,423.18738,50.554577,324.0319,515.32367,191.29178,treino
2010-02-27,568.91,442.05875,49.78962,341.07565,525.78033,184.70468,treino
2010-02-28,760.35,524.6971,63.225937,397.83228,644.9413,247.10901,treino
2010-03-01,1067.39,854.83014,148.66125,529.10614,1133.6688,604.5627,treino
2010-03-02,1354.37,1118.6105,150.56216,811.6188,1392.8057,581.1869,treino
2010-03-03,1746.89,1619.3616,208.18724,1196.1938,2014.3496,818.15576,treino
2010-03-04,1843.0,1493.9922,166.79086,1173.7262,1822.877,649.15076,treino
2010-03-05,1745.0,1582.0209,174.01086,1211.711,1917.723,706.01196,treino
2010-03-06,1548.44,1643.6852,180.93228,1221.2131,1961.4938,740.28064,treino
2010-03-07,1410.0,1822.413,216.9837,1366.3354,2193.1086,826.7732,treino
2010-03-08,1301.78,1424.645,174.81992,1036.9905,1716.5305,679.54004,treino
2010-03-09,1301.78,1508.5745,164.27063,1154.9465,1793.0594,638.1129,treino
2010-03-10,1142.22,1291.2594,150.15562,951.9913,1546.8474,594.85614,treino
2010-03-11,1143.45,1188.1198,131.09723,901.2667,1420.441,519.1743,treino
2010-03-12,944.11,1163.5558,135.20026,896.37616,1407.0183,510.64215,treino
2010-03-13,887.03,1094.3737,131.12115,783.62024,1315.474,531.85376,treino
2010-03-14,842.1,928.33075,103.61806,725.6096,1114.9274,389.31775,treino
2010-03-15,835.67,1032.261,113.196434,833.16797,1247.5194,414.35144,treino
2010-03-16,841.5,952.9174,102.36942,728.1099,1131.7778,403.6679,treino
2010-03-17,844.41,1026.1747,127.80506,782.9617,1251.513,468.55127,treino
2010-03-18,738.44,981.03284,115.10646,755.49835,1187.9084,432.4101,treino
2010-03-19,668.44,925.9023,105.692024,695.75946,1117.4121,421.65265,treino
2010-03-20,721.5,838.2304,102.120636,621.4541,1037.4595,416.00537,treino
2010-03-21,720.73,746.29956,76.43204,586.79694,887.6427,300.84576,treino
2010-03-22,740.5,850.83936,97.165924,646.3515,1028.3842,382.03265,treino
2010-03-23,779.88,837.78296,100.517624,639.5776,1021.4365,381.85895,treino
2010-03-24,735.55,1083.0922,138.52759,758.35724,1311.5029,553.1457,treino
2010-03-25,723.88,796.6573,88.96107,626.2737,958.5025,332.22882,treino
2010-03-26,620.96,725.0062,91.13945,526.0491,895.4062,369.35712,treino
2010-03-27,622.19,651.73737,68.83388,523.06287,772.94604,249.88318,treino
2010-03-28,521.22,595.0209,60.73441,475.6277,704.07477,228.44708,treino
2010-03-29,565.22,545.4059,60.420628,413.31177,658.0487,244.73694,treino
2010-03-30,576.22,523.4303,62.607407,403.87115,629.5632,225.69202,treino
2010-03-31,665.44,527.8921,56.775646,413.71295,624.6255,210.91254,treino
2010-04-01,670.07,602.44586,80.2578,448.05148,742.9839,294.9324,treino
2010-04-02,674.96,629.0321,69.920944,492.30396,755.3026,262.99866,treino
2010-04-03,775.73,725.71185,87.52731,561.78595,871.12994,309.344,treino
2010-04-04,774.61,726.10254,96.21059,537.27185,904.782,367.51013,treino
2010-04-05,747.67,654.1805,73.76366,497.99323,790.3015,292.3083,treino
2010-04-06,705.44,839.8863,100.711205,629.3502,1019.0205,389.6703,treino
2010-04-07,671.07,690.9892,80.49348,542.1695,837.3442,295.17468,treino
2010-04-08,572.42,630.4826,74.937225,467.6817,758.51105,290.82935,treino
2010-04-09,577.54,649.1384,70.958565,497.9183,787.2893,289.371,treino
2010-04-10,467.0,612.2875,73.27044,458.6774,757.6915,299.01413,treino
2010-04-11,466.0,590.6747,63.302696,448.92618,699.7429,250.81674,treino
2010-04-12,467.0,544.2197,62.039265,421.46298,651.9836,230.5206,treino
2010-04-13,373.46,500.15536,58.299942,379.54214,610.3288,230.78665,treino
2010-04-14,345.58,466.64307,55.694004,344.90726,564.84485,219.93759,treino
2010-04-15,420.0,417.50925,46.105087,321.41125,497.86148,176.45023,treino
2010-04-16,330.46,396.16492,43.86571,301.8609,476.69574,174.83484,treino
2010-04-17,328.46,392.51746,43.7292,302.81216,470.91577,168.1036,treino
2010-04-18,326.66,385.03204,42.11447,308.27927,459.12808,150.84882,treino
2010-04-19,332.89,372.5263,43.101143,283.04517,450.18515,167.13998,treino
2010-04-20,350.78,365.82272,38.924286,280.50418,442.48907,161.9849,treino
2010-04-21,351.78,361.76205,39.62395,278.82706,433.7986,154.97156,treino
2010-04-22,349.78,355.48828,39.0058,282.1918,429.3513,147.15948,treino
2010-04-23,446.0,352.0533,37.271347,271.17242,413.42123,142.24881,treino
2010-04-24,347.35,340.5342,38.8623,259.91516,405.99744,146.08228,treino
2010-04-25,341.04,336.06,39.522808,257.77835,408.51358,150.73523,treino
2010-04-26,358.93,330.82962,38.960533,253.15865,407.56015,154.4015,treino
2010-04-27,346.35,335.8504,36.274742,251.78488,399.38852,147.60364,treino
2010-04-28,285.5,321.99838,37.594524,251.09064,391.84753,140.7569,treino
2010-04-29,300.12,319.39883,37.884827,239.89041,386.21616,146.32574,treino
2010-04-30,263.45,361.48904,41.334583,286.3764,432.76288,146.38647,treino
2010-05-01,239.59,340.27423,38.415398,259.83936,407.4953,147.65594,treino
2010-05-02,303.04,312.6582,36.50755,233.27045,374.15475,140.88431,treino
2010-05-03,309.12,316.1982,35.611954,244.02338,376.2327,132.20932,treino
2010-05-04,347.89,318.80994,35.95137,248.02527,380.80298,132.77771,treino
2010-05-05,271.56,312.58585,36.853218,234.06819,376.91983,142.85164,treino
2010-05-06,262.12,334.77338,38.18471,261.1439,400.39526,139.25137,treino
2010-05-07,322.5,297.95306,35.2731,223.45122,356.56906,133.11784,treino
2010-05-08,313.85,293.58658,34.62045,222.94308,351.4887,128.54562,treino
2010-05-09,320.48,327.74008,37.069904,254.56038,394.0677,139.50731,treino
2010-05-10,226.14,376.59598,44.6639,283.3402,457.7377,174.39749,treino
2010-05-11,317.17,382.58655,45.13652,287.08386,463.40762,176.32376,treino
2010-05-12,326.23,323.92993,35.674015,256.2601,387.558,131.29791,treino
2010-05-13,299.85,324.38025,35.0991,246.45323,392.27612,145.82289,treino
2010-05-14,226.57,314.0755,33.404488,258.62265,381.41696,122.79431,treino
2010-05-15,324.11,302.1455,34.245773,231.51338,366.86575,135.35237,treino
2010-05-16,314.11,299.93924,33.962894,231.59683,360.18295,128.58612,treino
2010-05-17,214.89,289.21436,34.192738,219.95609,347.1691,127.21301,treino
2010-05-18,331.0,277.95123,33.866734,208.8776,338.44702,129.56943,treino
2010-05-19,312.23,314.02417,39.488598,231.83534,382.35144,150.5161,treino
2010-05-20,331.11,387.09808,52.79176,271.86313,486.45038,214.58725,treino
2010-05-21,332.11,307.73544,35.981094,235.74557,374.26755,138.52197,treino
2010-05-22,335.11,381.75806,44.044395,303.85065,463.2428,159.39215,treino
2010-05-23,236.89,344.9456,41.41418,265.44522,419.20993,153.76471,treino
2010-05-24,336.0,346.1657,36.25332,269.0499,405.40027,136.35037,treino
2010-05-25,239.89,318.11728,35.313023,248.36021,380.40988,132.04967,treino
2010-05-26,336.23,380.15295,52.020214,267.1345,471.28076,204.14627,treino
2010-05-27,240.89,294.54153,35.476086,226.77002,356.19888,129.42886,treino
2010-05-28,339.11,290.62402,34.16416,217.8247,353.05072,135.22601,treino
2010-05-29,279.33,302.13092,33.518764,235.8295,363.8308,128.00131,treino
2010-05-30,247.56,292.3675,32.499348,227.5169,348.1832,120.66629,treino
2010-05-31,356.78,285.16125,30.893423,219.8609,343.5555,123.69461,treino
2010-06-01,260.56,268.18045,30.599615,200.98463,324.62976,123.64513,treino
2010-06-02,261.56,260.1558,30.931093,197.51727,314.26062,116.74335,treino
2010-06-03,263.44,309.4096,36.77405,235.10228,375.56866,140.46638,treino
2010-06-04,263.67,304.26715,34.141106,237.4075,362.58807,125.18057,treino
2010-06-05,263.56,273.17093,30.025341,208.16391,328.2378,120.07388,treino
2010-06-06,263.56,254.37256,28.212826,197.62756,312.48578,114.858215,treino
2010-06-07,167.33,250.97516,28.87833,196.01736,304.16357,108.14621,treino
2010-06-08,255.56,248.35323,28.608173,188.62494,298.05893,109.43399,treino
2010-06-09,223.33,254.71445,26.724222,196.20836,303.07635,106.868,treino
2010-06-10,247.89,249.52383,28.482737,193.92723,299.96777,106.04054,treino
2010-06-11,149.98,244.0663,28.327215,190.3491,293.8135,103.4644,treino
2010-06-12,254.03,239.41837,29.045118,184.11824,292.8174,108.69917,treino
2010-06-13,177.45,237.97768,27.252523,185.34207,280.80896,95.46689,treino
2010-06-14,258.87,232.89766,25.390196,176.91954,277.75058,100.83104,treino
2010-06-15,152.28,232.76913,25.027994,181.72256,275.64508,93.922516,treino
2010-06-16,266.75,226.50948,25.075674,177.49411,272.07697,94.582855,treino
2010-06-17,151.45,233.5263,28.644096,173.78499,285.70743,111.92244,treino
2010-06-18,243.87,233.94518,24.969429,187.77643,279.9933,92.21686,treino
2010-06-19,157.28,225.54721,26.524824,173.6267,276.59262,102.96593,treino
2010-06-20,244.75,223.55678,26.834097,162.03995,269.88657,107.84662,treino
2010-06-21,145.45,221.47878,27.024288,170.2416,270.58112,100.33952,treino
2010-06-22,244.87,221.70718,25.352962,170.27577,267.46133,97.18556,treino
2010-06-23,250.19,220.51637,27.005774,164.82874,270.68176,105.85303,treino
2010-06-24,154.85,218.69229,26.959995,159.7271,268.33173,108.60463,treino
2010-06-25,245.67,215.75667,25.860466,166.17152,265.22244,99.05092,treino
2010-06-26,147.65,216.66519,25.649721,164.11925,263.50998,99.39073,treino
2010-06-27,247.19,213.17793,26.42928,155.27496,257.07956,101.804596,treino
2010-06-28,249.19,214.1737,24.986277,158.17203,258.0212,99.84918,treino
2010-06-29,135.33,214.70598,25.833832,161.61115,262.6685,101.05734,treino
2010-06-30,243.56,210.65433,25.233408,160.18752,257.72006,97.53255,treino
2010-07-01,153.28,203.36891,24.551373,156.06645,247.04855,90.9821,treino
2010-07-02,250.19,203.23238,23.938824,154.76236,246.25693,91.49457,treino
2010-07-03,149.33,200.89044,24.241608,147.51894,249.28683,101.7679,treino
2010-07-04,247.56,197.87788,25.68802,143.91418,240.87402,96.95984,treino
2010-07-05,157.28,197.35262,22.220516,150.86975,236.27951,85.40976,treino
2010-07-06,252.19,196.7828,21.310661,159.79831,239.8044,80.00609,treino
2010-07-07,151.33,198.49162,22.730326,152.20197,241.36507,89.1631,treino
2010-07-08,153.65,194.20905,22.750746,145.35027,240.6276,95.27733,treino
2010-07-09,158.28,194.63934,23.090063,148.84122,233.7548,84.91359,treino
2010-07-10,153.65,195.69722,23.880735,150.66737,242.14177,91.474396,treino
2010-07-11,153.33,190.62183,23.455835,144.00995,233.0113,89.00136,treino
2010-07-12,160.28,192.0959,22.454622,145.44875,233.07303,87.62428,treino
2010-07-13,157.85,192.61794,23.28136,143.32248,235.07436,91.75188,treino
2010-07-14,154.45,187.00789,23.37238,141.86572,229.8038,87.93808,treino
2010-07-15,157.96,187.16783,23.400343,136.03323,231.00917,94.97594,treino
2010-07-16,164.28,192.85529,21.574629,150.52582,230.98727,80.46146,treino
2010-07-17,151.33,188.92015,21.899696,147.03056,230.68599,83.655426,treino
2010-07-18,153.65,191.43756,20.37697,149.34253,232.84645,83.50392,treino
2010-07-19,145.28,191.00563,20.64007,145.86728,231.0282,85.16092,treino
2010-07-20,186.65,192.12508,23.055098,149.67256,232.27803,82.60547,treino
2010-07-21,102.52,184.16437,20.258497,143.98875,221.06165,77.07289,treino
2010-07-22,105.83,184.79524,21.371897,141.88939,223.90558,82.01619,treino
2010-07-23,199.43,182.09546,22.589191,141.8621,226.20612,84.34401,treino
2010-07-24,110.46,180.73642,21.38623,136.52097,220.43376,83.912796,treino
2010-07-25,207.37,177.78448,22.806707,134.80489,218.46802,83.66313,treino
2010-07-26,78.11,175.44394,20.021988,134.8163,211.60579,76.78949,treino
2010-07-27,161.96,173.42828,21.445547,129.37672,210.73923,81.3625,treino
2010-07-28,166.28,170.14331,20.134653,131.6928,203.41542,71.722626,treino
2010-07-29,71.11,171.83932,19.720177,132.95583,208.77249,75.816666,treino
2010-07-30,154.96,165.85268,21.45806,124.33932,207.01807,82.67875,treino
2010-07-31,154.28,165.04582,21.326757,119.827065,202.525,82.69793,treino
2010-08-01,59.37,163.12001,18.702627,130.2026,201.66975,71.46715,treino
2010-08-02,150.65,161.97882,19.944847,118.854744,196.59526,77.74052,treino
2010-08-03,135.33,158.04655,20.492554,117.54062,195.49924,77.95862,treino
2010-08-04,153.28,159.40077,20.935503,115.30032,197.40796,82.107635,treino
2010-08-05,66.74,155.53719,20.144276,113.65361,189.22873,75.57512,treino
2010-08-06,159.33,154.50465,20.773872,112.49352,192.49713,80.00361,treino
2010-08-07,167.28,154.64252,19.97944,115.73186,195.33511,79.60326,treino
2010-08-08,167.28,151.9235,19.04519,112.48549,186.07413,73.58864,treino
2010-08-09,72.37,147.60551,18.628927,110.870804,181.04903,70.17822,treino
2010-08-10,161.33,146.08098,18.728119,108.50842,180.47372,71.9653,treino
2010-08-11,67.31,144.66666,18.023563,106.79699,176.42738,69.630394,treino
2010-08-12,69.74,143.0942,19.944323,102.57769,179.16003,76.582344,treino
2010-08-13,69.86,142.72585,19.521023,101.39833,178.5036,77.10527,treino
2010-08-14,177.35,142.18854,18.004623,105.45983,175.97508,70.51525,treino
2010-08-15,87.07,136.97815,16.49715,106.34809,167.58684,61.238747,treino
2010-08-16,89.63,132.87477,17.716806,99.68247,164.72862,65.04615,treino
2010-08-17,60.81,132.92923,18.21755,94.35243,165.97922,71.626785,treino
2010-08-18,145.46,134.98094,19.111088,96.863144,170.13306,73.26991,treino
2010-08-19,78.69,131.37308,18.471651,95.794716,164.92609,69.13137,treino
2010-08-20,67.63,131.07492,19.527613,90.83328,165.57349,74.740204,treino
2010-08-21,148.28,130.80197,17.551243,94.599144,162.98589,68.38674,treino
2010-08-22,60.0,128.05244,17.012617,90.27313,158.17647,67.903336,treino
2010-08-23,59.31,127.13235,18.735178,89.26465,160.93146,71.66681,treino
2010-08-24,93.78,127.652916,17.062284,89.83407,158.7779,68.943825,treino
2010-08-25,66.81,125.95659,16.256918,94.76396,156.80038,62.036423,treino
2010-08-26,66.5,127.32225,17.457766,91.698135,155.24242,63.54428,treino
2010-08-27,72.19,129.50226,16.788969,94.98849,156.9994,62.010918,treino
2010-08-28,86.13,125.01334,18.090803,87.0821,157.50972,70.42762,treino
2010-08-29,55.87,125.642006,17.175676,90.80759,158.51572,67.70813,treino
2010-08-30,62.81,122.40103,17.184893,87.14436,152.89487,65.7505,treino
2010-08-31,130.69,117.463684,16.501469,83.93065,146.54778,62.617126,treino
2010-09-01,87.63,117.25074,17.16424,82.60137,144.21094,61.609566,treino
2010-09-02,51.37,116.16711,16.818623,80.6221,145.11679,64.49469,treino
2010-09-03,63.31,113.8139,16.464449,82.111176,143.15552,61.044342,treino
2010-09-04,61.0,107.7587,15.958501,77.41652,136.86867,59.45215,treino
2010-09-05,65.51,110.21637,15.6289015,80.699776,137.42209,56.722313,treino
2010-09-06,103.52,106.69585,15.141706,76.15078,134.72363,58.572853,treino
2010-09-07,98.67,105.88711,14.767128,72.35209,134.54433,62.192238,treino
2010-09-08,99.72,142.89966,23.866129,95.78219,186.93489,91.1527,treino
2010-09-09,53.11,109.77058,15.64174,77.8408,139.88545,62.044655,treino
2010-09-10,40.78,109.02031,14.989185,78.88652,135.93211,57.045593,treino
2010-09-11,48.72,114.27482,16.002947,83.969666,146.66664,62.696976,treino
2010-09-12,94.11,121.522995,17.0004,86.17807,153.39496,67.21689,treino
2010-09-13,67.11,118.61909,16.686964,82.723816,148.87209,66.14827,treino
2010-09-14,98.67,114.9141,16.769855,80.758,145.46832,64.71032,treino
2010-09-15,91.72,111.803024,16.688543,76.40371,139.8878,63.484093,treino
2010-09-16,90.41,112.05104,16.23726,79.58061,143.06465,63.48404,treino
2010-09-17,91.29,109.315056,16.016962,76.42667,140.78629,64.35962,treino
2010-09-18,90.52,105.62378,15.63368,76.76807,137.2338,60.46573,treino
2010-09-19,100.67,105.392204,15.186793,74.683365,133.57913,58.895767,treino
2010-09-20,93.72,101.52144,14.382951,72.128044,125.500114,53.37207,treino
2010-09-21,92.41,98.94046,15.344084,67.757614,124.95724,57.199623,treino
2010-09-22,96.29,96.25013,15.733661,67.22711,126.653465,59.426353,treino
2010-09-23,108.52,98.65325,14.880521,68.4885,125.1603,56.6718,treino
2010-09-24,128.67,101.19108,15.384144,68.51973,128.27728,59.757553,treino
2010-09-25,96.72,99.004105,14.456312,68.37888,124.70846,56.329575,treino
2010-09-26,106.41,100.227234,16.012756,68.6726,131.4955,62.8229,treino
2010-09-27,118.55,214.6546,46.2628,111.75994,303.85345,192.0935,treino
2010-09-28,136.56,222.08041,42.009834,142.65234,297.1672,154.51486,treino
2010-09-29,211.83,287.5511,45.595127,193.86176,368.2901,174.42834,treino
2010-09-30,221.4,271.00546,37.957123,187.74242,345.3826,157.64018,treino
2010-10-01,220.0,271.6079,32.070168,213.0695,332.20892,119.13942,treino
2010-10-02,218.4,324.3346,51.23329,202.6627,401.06235,198.39964,treino
2010-10-03,217.95,261.29385,27.818485,206.01746,309.63287,103.61542,treino
2010-10-04,207.83,401.37918,78.346245,237.1231,534.5895,297.46637,treino
2010-10-05,275.22,381.09738,55.19575,272.5921,480.8858,208.2937,treino
2010-10-06,275.11,343.85693,39.15352,264.41473,410.61755,146.20282,treino
2010-10-07,304.34,381.05017,45.0833,295.3132,462.5531,167.2399,treino
2010-10-08,297.79,408.4889,54.37129,276.83127,507.5516,230.72034,treino
2010-10-09,364.3,442.21866,53.64275,338.4235,539.3801,200.95663,treino
2010-10-10,328.11,349.94638,39.3364,267.76358,419.1623,151.39871,treino
2010-10-11,345.06,325.19452,32.821037,261.98184,383.76285,121.781006,treino
2010-10-12,267.78,338.0235,41.431797,255.40605,415.09192,159.68587,treino
2010-10-13,229.41,279.66855,31.40693,215.2951,336.0318,120.736694,treino
2010-10-14,189.74,242.66786,29.33271,185.37997,296.48337,111.10339,treino
2010-10-15,210.67,228.40672,32.698776,160.86337,283.2269,122.363525,treino
2010-10-16,156.06,221.3138,24.722692,168.34633,262.63736,94.29103,treino
2010-10-17,201.77,253.8156,31.992712,190.2617,306.82614,116.56444,treino
2010-10-18,193.81,248.4776,37.872612,164.87091,314.43643,149.56552,treino
2010-10-19,294.34,332.53592,44.104065,240.46025,411.58167,171.12141,treino
2010-10-20,302.11,380.7722,42.550903,296.94553,449.4665,152.52097,treino
2010-10-21,296.34,370.64188,37.471794,300.8785,445.48642,144.60791,treino
2010-10-22,296.22,258.9079,31.16947,200.54413,320.98065,120.43652,treino
2010-10-23,218.83,248.11432,30.550304,190.32373,301.5035,111.17978,treino
2010-10-24,217.4,209.21088,25.54174,160.97198,256.8868,95.914825,treino
2010-10-25,212.0,260.3119,34.0113,189.24327,318.6351,129.39183,treino
2010-10-26,216.4,215.0231,33.157314,144.33255,273.37537,129.04282,treino
2010-10-27,220.95,209.57115,31.567022,144.24477,264.20935,119.964584,treino
2010-10-28,221.83,180.05173,21.961042,137.04956,218.87509,81.82553,treino
2010-10-29,221.72,237.85365,25.64907,187.23424,283.06476,95.83052,treino
2010-10-30,296.34,309.85837,48.421116,212.22385,394.08728,181.86343,treino
2010-10-31,372.61,359.89072,69.923454,226.91896,493.00894,266.08997,treino
2010-11-01,525.39,382.68384,56.317085,268.80405,486.33755,217.53351,treino
2010-11-02,603.66,376.5652,50.41859,276.98178,466.69888,189.7171,treino
2010-11-03,603.89,378.43015,48.1664,280.98087,460.86963,179.88876,treino
2010-11-04,678.05,345.5728,37.313507,274.21313,422.6171,148.40396,treino
2010-11-05,675.28,540.768,75.97427,385.8625,667.3738,281.5113,treino
2010-11-06,754.87,646.7564,122.35341,397.37668,861.00604,463.62936,treino
2010-11-07,761.81,707.87506,103.705376,492.0963,892.1927,400.09637,treino
2010-11-08,689.05,487.00775,56.30894,367.78888,592.53516,224.74628,treino
2010-11-09,752.67,622.6941,67.175804,471.5091,738.2781,266.76898,treino
2010-11-10,677.17,691.26514,81.85574,512.86206,843.98206,331.12,treino
2010-11-11,908.65,708.79047,78.13896,538.3771,872.679,334.30194,treino
2010-11-12,761.81,511.33176,57.927822,392.02493,618.96844,226.94351,treino
2010-11-13,829.94,501.6264,57.587643,382.2478,600.0235,217.7757,treino
2010-11-14,751.44,557.75446,67.187065,411.99454,673.28345,261.2889,treino
2010-11-15,826.94,1030.8636,163.75795,704.5695,1323.1548,618.58527,treino
2010-11-16,837.2,689.3953,92.77793,516.31995,868.13794,351.818,treino
2010-11-17,752.87,822.46387,126.52502,562.7565,1049.3186,486.56213,treino
2010-11-18,748.67,677.0785,75.21501,534.0067,816.49774,282.49103,treino
2010-11-19,746.56,784.4707,93.50902,590.306,953.3277,363.02167,treino
2010-11-20,825.26,741.11383,82.93312,584.384,907.10547,322.7215,treino
2010-11-21,832.2,773.9204,89.91078,585.1681,940.54114,355.37305,treino
2010-11-22,897.33,822.5138,113.9759,598.0772,1045.7954,447.7182,treino
2010-11-23,853.17,959.11084,113.660835,721.2049,1151.2657,430.06085,treino
2010-11-24,903.65,763.3833,86.35338,585.98474,916.57275,330.588,treino
2010-11-25,829.2,883.8121,102.212776,677.0449,1074.9906,397.94568,treino
2010-11-26,897.33,819.6795,95.79208,642.97095,989.4044,346.43347,treino
2010-11-27,843.0,1035.2761,130.49173,763.08826,1262.901,499.81274,treino
2010-11-28,929.0,817.17914,101.29069,614.60657,999.5377,384.93115,treino
2010-11-29,879.0,740.1902,79.72448,597.2875,891.36255,294.07507,treino
2010-11-30,873.0,924.11926,146.3291,589.21985,1171.9672,582.7473,treino
2010-12-01,786.0,807.1887,110.85426,578.6405,1005.508,426.8675,treino
2010-12-02,879.0,631.63654,74.15055,475.95697,763.73785,287.78088,treino
2010-12-03,998.0,645.88513,76.88678,490.40793,780.938,290.53006,treino
2010-12-04,1036.0,931.8321,111.87066,703.9305,1138.2128,434.2823,treino
2010-12-05,1078.0,951.15533,113.11222,731.4517,1173.291,441.8393,treino
2010-12-06,1188.0,1668.4078,260.49704,1151.7456,2145.5693,993.8237,treino
2010-12-07,1215.0,1363.9403,146.53189,1069.1622,1610.146,540.98376,treino
2010-12-08,1254.0,1483.2827,174.96167,1107.517,1789.5831,682.06616,treino
2010-12-09,1218.0,1146.1586,122.57118,897.85394,1361.8109,463.95697,treino
2010-12-10,1031.0,997.42615,114.627266,741.2127,1206.3353,465.12262,treino
2010-12-11,989.0,850.6709,96.37332,635.70734,1019.2549,383.54755,treino
2010-12-12,937.0,808.3163,97.86286,592.4988,976.843,384.34424,treino
2010-12-13,874.0,667.9435,72.95962,512.4463,784.7795,272.3332,treino
2010-12-14,865.0,706.14734,83.35454,528.39136,854.2294,325.838,treino
2010-12-15,764.0,1083.597,140.63484,798.13245,1307.5446,509.4121,treino
2010-12-16,788.0,1143.9144,138.65503,902.5005,1411.6752,509.17468,treino
2010-12-17,908.0,1091.321,126.03362,843.63367,1307.4534,463.8197,treino
2010-12-18,796.0,1160.8829,139.86557,859.30566,1406.4855,547.1798,treino
2010-12-19,890.0,1038.6232,118.61624,761.9662,1256.6738,494.70764,treino
2010-12-20,896.0,885.4309,104.73935,655.2683,1077.6239,422.3556,treino
2010-12-21,835.0,703.36383,88.06775,525.69855,859.74384,334.0453,treino
2010-12-22,898.0,644.98456,72.47423,499.5099,786.7673,287.2574,treino
2010-12-23,803.0,669.5027,83.62583,511.40277,821.0713,309.66852,treino
2010-12-24,895.0,711.32623,83.722786,541.3123,854.8266,313.51428,treino
2010-12-25,898.0,721.7565,85.111374,536.9264,875.69366,338.76727,treino
2010-12-26,1084.0,878.7975,101.66833,680.5455,1071.7123,391.1668,treino
2010-12-27,1269.0,1427.6547,173.13498,1100.9198,1754.3193,653.39954,treino
2010-12-28,1656.0,1259.758,149.26227,964.29425,1526.0107,561.7165,treino
2010-12-29,1923.0,1470.0375,176.0465,1110.8983,1770.4673,659.569,treino
2010-12-30,2205.0,1656.1976,185.15915,1285.5233,1988.7457,703.2224,treino
2010-12-31,2534.11,1793.515,217.14774,1347.5375,2171.1638,823.62634,treino
2011-01-01,2630.02,2312.2285,304.7894,1692.6819,2817.5366,1124.8547,treino
2011-01-02,2651.59,2126.281,237.95178,1603.9089,2538.1824,934.27344,treino
2011-01-03,2622.5,2203.819,259.19974,1688.8844,2621.5747,932.6903,treino
2011-01-04,2461.52,2190.3044,252.8105,1745.189,2658.158,912.969,treino
2011-01-05,2370.3,2447.6846,279.568,1882.8794,2954.3638,1071.4844,treino
2011-01-06,2264.07,2632.3384,305.92572,2014.7544,3174.8503,1160.096,treino
2011-01-07,2096.94,3186.14,381.2567,2402.2605,3864.8188,1462.5583,treino
2011-01-08,1978.67,2526.6982,281.00928,1990.3011,3054.1768,1063.8756,treino
2011-01-09,1775.28,2110.9158,236.46497,1654.5536,2547.8003,893.2467,treino
2011-01-10,1599.35,1748.9735,191.01585,1338.0819,2095.5708,757.4889,treino
2011-01-11,1503.44,1717.3313,188.83801,1357.9166,2098.3447,740.4281,treino
2011-01-12,1599.55,1625.1958,191.13391,1226.2296,1973.6027,747.37305,treino
2011-01-13,1774.78,1707.0669,194.56587,1325.122,2081.435,756.3131,treino
2011-01-14,1945.77,1816.7402,196.2251,1425.9446,2168.0051,742.06055,treino
2011-01-15,2008.23,1993.614,228.68915,1534.8423,2418.0808,883.2385,treino
2011-01-16,1948.11,2346.026,269.31937,1780.8845,2829.4011,1048.5166,treino
2011-01-17,1879.89,2251.7488,247.48537,1732.8859,2693.7476,960.8617,treino
2011-01-18,1757.33,2090.6526,248.14304,1622.2415,2531.1929,908.9514,treino
2011-01-19,1570.26,1993.3285,232.01382,1500.7014,2433.0078,932.3064,treino
2011-01-20,1450.3,1667.9753,196.26587,1239.5001,2018.3588,778.85864,treino
2011-01-21,1358.72,1602.1174,187.51079,1190.6642,1917.3151,726.6509,treino
2011-01-22,1256.1,1457.5763,167.35677,1119.1477,1786.1658,667.01807,treino
2011-01-23,1163.34,1323.9354,146.58087,1050.5065,1579.466,528.9595,treino
2011-01-24,1078.69,1312.2408,144.18738,1022.0718,1573.8761,551.8043,treino
2011-01-25,1009.18,1275.4177,148.74655,977.9731,1573.1354,595.1623,treino
2011-01-26,911.8,1116.312,134.91321,818.09314,1333.4536,515.3605,treino
2011-01-27,801.87,1006.58813,107.36448,792.4932,1215.7986,423.30536,treino
2011-01-28,741.13,914.86707,111.935165,692.0709,1097.0823,405.01135,treino
2011-01-29,708.71,835.7835,101.60604,625.2284,1006.6405,381.4121,treino
2011-01-30,630.86,768.9088,90.62156,589.0483,947.0719,358.02362,treino
2011-01-31,595.87,777.50165,104.5894,565.5414,957.4268,391.88544,treino
2011-02-01,593.0,735.2941,88.401955,556.88434,901.4584,344.57404,treino
2011-02-02,549.0,723.3712,83.16271,540.776,867.1883,326.4123,treino
2011-02-03,542.95,695.6006,78.39452,533.36694,843.0194,309.65247,treino
2011-02-04,530.86,683.50964,79.9222,519.73,818.69,298.96002,treino
2011-02-05,522.95,648.03107,71.426,514.7886,784.5831,269.79456,treino
2011-02-06,513.09,603.00793,69.23726,453.74255,721.65094,267.9084,treino
2011-02-07,496.09,528.2144,61.96959,401.39923,644.189,242.7898,treino
2011-02-08,493.05,513.2178,58.414856,383.2282,619.4007,236.17249,treino
2011-02-09,470.0,476.1337,56.92178,358.8431,575.65076,216.80765,treino
2011-02-10,455.95,471.16916,56.45935,358.04922,572.9376,214.8884,treino
2011-02-11,462.91,470.47626,54.17874,357.53763,567.9572,210.41959,treino
2011-02-12,445.0,564.97,63.169518,445.30014,687.5451,242.24496,treino
2011-02-13,449.38,491.94647,53.246613,389.21024,586.46625,197.25601,treino
2011-02-14,433.45,584.795,70.65792,446.74765,724.95447,278.20682,treino
2011-02-15,421.7,513.5083,60.744816,387.87668,629.29083,241.41415,treino
2011-02-16,402.94,457.5182,53.796516,351.58905,548.59033,197.00128,treino
2011-02-17,407.67,512.0989,59.58015,395.88367,620.12164,224.23798,treino
2011-02-18,392.67,448.7254,50.508934,344.88916,531.7512,186.86206,treino
2011-02-19,404.11,445.4024,51.53172,347.6663,544.9451,197.27884,treino
2011-02-20,425.83,462.19318,52.234592,357.29578,554.53406,197.23828,treino
2011-02-21,456.56,425.63385,48.974922,337.31546,512.10986,174.7944,treino
2011-02-22,492.3,419.72473,46.17133,328.78018,507.82843,179.04825,treino
2011-02-23,510.69,474.7119,56.150364,355.877,571.49786,215.62085,treino
2011-02-24,547.49,528.3225,61.045536,409.18903,634.7422,225.55316,treino
2011-02-25,603.23,660.80475,94.14033,471.4695,834.1439,362.6744,treino
2011-02-26,657.63,705.10547,95.919754,509.9417,897.5489,387.60718,treino
2011-02-27,734.05,673.5767,85.67181,501.09955,827.26666,326.1671,treino
2011-02-28,803.66,730.1383,94.710655,528.26874,914.497,386.22827,treino
2011-03-01,875.31,748.22107,98.584206,551.70325,932.46564,380.7624,treino
2011-03-02,1000.97,1107.7179,121.081116,856.9015,1327.2119,470.31042,treino
2011-03-03,1167.22,1187.2157,147.1548,856.78906,1448.3994,591.61035,treino
2011-03-04,1565.45,1363.8419,173.3949,1020.88586,1688.2458,667.36,treino
2011-03-05,2119.56,1678.3246,231.61719,1211.9246,2107.73,895.8054,treino
2011-03-06,2547.16,1994.184,314.2491,1378.5457,2556.938,1178.3923,treino
2011-03-07,2925.43,2813.2139,333.91827,2190.703,3459.7896,1269.0867,treino
2011-03-08,3123.62,2708.2927,326.32938,2069.4014,3297.0076,1227.6062,treino
2011-03-09,2887.81,3203.4707,361.90497,2385.0178,3809.0415,1424.0237,treino
2011-03-10,2611.93,2355.9814,264.95157,1802.7966,2821.833,1019.0364,treino
2011-03-11,2388.45,2315.356,263.99817,1732.543,2810.4321,1077.8892,treino
2011-03-12,2386.33,2174.131,249.24487,1671.9423,2614.2422,942.2999,treino
2011-03-13,2613.93,2401.8076,287.91864,1825.4038,2913.4668,1088.063,treino
2011-03-14,2643.93,2024.6147,248.09062,1546.9272,2517.312,970.38477,treino
2011-03-15,2578.98,2225.097,257.17426,1750.1987,2695.2256,945.02686,treino
2011-03-16,2772.52,2213.9922,253.87071,1664.4974,2721.0847,1056.5873,treino
2011-03-17,3322.8,2815.5354,345.09207,2077.8086,3459.2178,1381.4092,treino
2011-03-18,3492.91,2313.6785,278.69724,1694.4674,2861.0168,1166.5494,treino
2011-03-19,3223.31,2418.7563,282.50464,1863.3799,2933.345,1069.9651,treino
2011-03-20,2808.38,2183.4087,256.22708,1651.9001,2662.3835,1010.4834,treino
2011-03-21,2408.37,2104.6553,226.36308,1652.2888,2568.9192,916.6304,treino
2011-03-22,2086.34,1914.5841,219.11055,1495.4369,2315.5588,820.12195,treino
2011-03-23,1869.03,1868.3638,212.04948,1399.3387,2244.7356,845.39685,treino
2011-03-24,1798.0,1818.513,216.90724,1429.9812,2191.1409,761.15967,treino
2011-03-25,1815.49,1763.1456,204.09103,1342.455,2153.674,811.2191,treino
2011-03-26,1753.3,1710.5941,205.84892,1321.8773,2113.701,791.8236,treino
2011-03-27,1682.78,1671.3104,200.15578,1287.738,2027.5637,739.8257,treino
2011-03-28,1611.26,1636.07,193.92555,1195.238,1948.13,752.89197,treino
2011-03-29,1584.0,1599.2612,189.97359,1207.5549,1984.2635,776.7086,treino
2011-03-30,1538.37,1783.044,204.31198,1368.864,2127.049,758.18506,treino
2011-03-31,1385.6,1496.0862,175.25446,1122.3301,1794.5645,672.2344,treino
2011-04-01,1354.74,1486.2023,170.84529,1112.4521,1779.6881,667.23596,treino
2011-04-02,1351.74,1389.3666,162.97353,1068.6007,1687.262,618.66125,treino
2011-04-03,1696.66,1457.8549,164.40675,1145.8865,1771.9675,626.08105,treino
2011-04-04,1994.93,1403.979,175.16956,1051.6628,1728.5273,676.8645,treino
2011-04-05,1850.56,1931.6823,233.15176,1484.6409,2372.4233,887.7825,treino
2011-04-06,1546.66,1927.5687,219.76666,1481.2505,2344.328,863.0774,treino
2011-04-07,1397.38,1527.6617,185.34593,1122.007,1853.3374,731.33044,treino
2011-04-08,1312.28,1306.4387,150.22668,1011.81775,1578.1658,566.348,treino
2011-04-09,1230.72,1229.7742,155.45773,905.68567,1498.4957,592.81006,treino
2011-04-10,1167.5,1290.8717,147.37727,981.1494,1568.1595,587.01013,treino
2011-04-11,1113.87,1140.411,130.402,881.45056,1386.9584,505.5078,treino
2011-04-12,1019.02,1160.9847,130.47705,918.65436,1401.2434,482.58905,treino
2011-04-13,992.94,1145.3431,124.020355,913.90894,1378.5991,464.6902,treino
2011-04-14,980.33,1152.6494,127.42774,852.508,1387.6556,535.14764,treino
2011-04-15,938.76,1040.166,111.37547,827.5083,1281.5702,454.0619,treino
2011-04-16,886.09,948.3602,104.733154,738.5299,1136.7478,398.2179,treino
2011-04-17,817.57,884.17096,107.95276,665.6782,1062.5627,396.88452,treino
2011-04-18,773.58,837.009,94.27586,646.1597,1017.53516,371.37543,treino
2011-04-19,729.69,778.45544,91.073135,608.342,946.1091,337.7671,treino
2011-04-20,708.28,750.2786,77.74888,600.15967,893.9646,293.80493,treino
2011-04-21,674.0,724.9366,80.18818,556.02325,870.16656,314.1433,treino
2011-04-22,662.57,701.8722,77.54257,549.0603,838.3978,289.33752,treino
2011-04-23,648.15,683.75934,86.85668,505.3389,826.30304,320.96414,treino
2011-04-24,634.72,677.7597,72.83722,546.8307,814.76215,267.93146,treino
2011-04-25,621.34,641.3381,76.34343,485.01627,777.0623,292.04605,treino
2011-04-26,607.93,619.8495,72.08148,473.02673,751.7703,278.7436,treino
2011-04-27,618.31,728.9501,88.68686,541.4316,887.2227,345.79114,treino
2011-04-28,602.28,662.6847,74.10295,515.1359,807.2881,292.15216,treino
2011-04-29,614.66,824.37006,96.5519,626.79376,1027.5593,400.76556,treino
2011-04-30,586.83,691.1412,76.63381,550.3036,826.40216,276.09857,treino
2011-05-01,588.83,705.52875,81.44308,553.0528,864.11163,311.05884,treino
2011-05-02,586.83,673.11536,75.25866,511.57397,799.8715,288.29755,treino
2011-05-03,573.43,632.7432,71.25783,493.33344,764.87604,271.5426,treino
2011-05-04,547.57,613.17816,66.827255,466.76913,733.925,267.15585,treino
2011-05-05,545.43,589.0888,67.592804,448.7142,711.06525,262.35104,treino
2011-05-06,568.43,593.99335,70.45937,456.64316,723.4018,266.75864,treino
2011-05-07,547.57,577.42365,65.51242,437.02438,694.0905,257.06613,treino
2011-05-08,528.33,540.8892,58.083492,426.3763,657.8641,231.48776,treino
2011-05-09,514.34,536.36224,61.181805,419.25507,643.24457,223.9895,treino
2011-05-10,481.48,524.29,62.52678,396.28104,648.9481,252.66708,treino
2011-05-11,467.02,500.23718,52.36539,399.93616,596.01605,196.0799,treino
2011-05-12,467.02,496.1345,56.803577,380.11505,592.712,212.59692,treino
2011-05-13,456.85,476.12375,56.604366,363.88736,585.4376,221.55026,treino
2011-05-14,451.88,469.6751,57.906208,347.94455,567.0124,219.06784,treino
2011-05-15,439.43,459.27905,51.31083,362.72174,553.29016,190.56842,treino
2011-05-16,439.43,448.65543,49.914455,337.26614,536.78864,199.52249,treino
2011-05-17,446.0,484.2528,52.936745,376.0094,583.6774,207.66803,treino
2011-05-18,443.57,443.1275,52.345062,338.163,540.0271,201.8641,treino
2011-05-19,416.7,443.13788,49.162216,350.49976,539.8457,189.34595,treino
2011-05-20,418.69,431.57565,51.87625,328.34897,522.67163,194.32266,treino
2011-05-21,398.39,432.10825,51.602142,327.8501,527.84607,199.99597,treino
2011-05-22,420.72,427.84586,46.9715,332.25708,521.295,189.0379,treino
2011-05-23,383.44,426.92416,46.81714,338.97806,521.74384,182.76578,treino
2011-05-24,411.34,421.8261,49.12445,323.49982,513.52026,190.02045,treino
2011-05-25,405.76,415.45322,46.261745,307.70508,497.08456,189.37949,treino
2011-05-26,380.48,405.85892,46.154095,297.7948,482.028,184.23322,treino
2011-05-27,379.44,397.6155,46.642746,310.79364,477.4371,166.64346,treino
2011-05-28,366.02,397.73093,43.91769,305.27698,468.65967,163.38269,treino
2011-05-29,379.42,385.35663,47.715675,294.0957,471.1698,177.0741,treino
2011-05-30,361.94,386.32858,44.04212,295.54147,462.10648,166.565,treino
2011-05-31,369.65,376.3718,43.58495,289.88797,459.53177,169.6438,treino
2011-06-01,358.27,376.5818,42.81627,289.56775,458.8283,169.26056,treino
2011-06-02,359.09,378.5182,44.130062,278.75864,451.19736,172.43872,treino
2011-06-03,360.32,374.04715,44.47737,273.43668,452.4505,179.01382,treino
2011-06-04,325.37,365.62366,45.68281,264.96893,445.69855,180.72961,treino
2011-06-05,329.81,360.33624,41.191734,271.23654,431.34824,160.1117,treino
2011-06-06,346.31,355.96744,42.16636,259.8052,425.82538,166.02017,treino
2011-06-07,344.08,355.31216,38.63729,279.52435,431.44708,151.92273,treino
2011-06-08,355.48,357.06934,37.580082,279.44608,421.8642,142.41812,treino
2011-06-09,355.33,401.7167,46.842003,306.54584,481.47992,174.93408,treino
2011-06-10,366.87,419.95197,50.335003,323.417,509.5601,186.1431,treino
2011-06-11,355.29,380.36267,45.575565,286.54254,459.7177,173.17517,treino
2011-06-12,390.55,405.7285,43.44006,311.12537,483.73645,172.61108,treino
2011-06-13,389.32,419.4533,49.27369,324.672,510.27304,185.60104,treino
2011-06-14,368.87,408.2899,46.8947,314.91782,497.2328,182.31497,treino
2011-06-15,368.63,373.19983,43.746067,281.33072,446.3764,165.04568,treino
2011-06-16,357.5,356.1559,40.339516,273.21155,432.24686,159.03531,treino
2011-06-17,357.31,392.0925,41.143143,314.1954,465.6889,151.4935,treino
2011-06-18,336.72,348.27237,39.71586,265.25296,419.8344,154.58145,treino
2011-06-19,336.84,345.70862,38.526794,272.69196,412.0845,139.39255,treino
2011-06-20,336.61,342.30447,38.117252,267.3258,413.24783,145.92203,treino
2011-06-21,334.84,339.63046,40.081978,260.05627,416.88998,156.83371,treino
2011-06-22,320.61,362.92197,42.097652,274.07465,435.6997,161.62506,treino
2011-06-23,334.43,364.04977,37.64311,288.75003,436.25403,147.504,treino
2011-06-24,332.45,359.07025,39.261127,278.0057,428.763,150.7573,treino
2011-06-25,325.68,358.1423,40.51926,276.36853,430.79904,154.43051,treino
2011-06-26,337.87,356.96,38.990948,272.69293,428.10248,155.40955,treino
2011-06-27,334.61,351.1254,37.88562,272.21185,422.3498,150.13794,treino
2011-06-28,334.84,345.3393,38.280834,266.3668,421.34915,154.98236,treino
2011-06-29,327.95,342.24765,39.237072,264.57703,413.5674,148.99039,treino
2011-06-30,326.73,336.54428,36.642017,256.9366,398.26392,141.3273,treino
2011-07-01,326.48,335.0533,38.879147,255.0325,410.23697,155.20447,treino
2011-07-02,338.61,327.42072,38.052967,248.3715,394.29242,145.92091,treino
2011-07-03,328.48,326.46112,37.579132,249.06735,391.9824,142.91504,treino
2011-07-04,320.97,300.98752,36.411594,226.93375,363.47708,136.54333,treino
2011-07-05,294.32,306.0384,35.020157,234.51286,370.1185,135.60564,treino
2011-07-06,305.81,306.4904,34.70551,234.35309,373.062,138.70892,treino
2011-07-07,269.62,296.00345,34.161686,229.25938,360.03122,130.77184,treino
2011-07-08,290.73,291.45926,32.39345,225.608,349.65466,124.04666,treino
2011-07-09,269.97,283.88785,29.360355,224.79413,334.86658,110.07245,treino
2011-07-10,280.65,283.61066,31.008406,213.99356,341.86124,127.867676,treino
2011-07-11,281.64,280.52377,33.973392,213.3706,339.38525,126.01465,treino
2011-07-12,267.29,275.27838,32.30607,208.33032,329.09006,120.759735,treino
2011-07-13,260.41,274.10904,31.662155,209.76813,334.5643,124.79617,treino
2011-07-14,271.29,276.6542,29.625536,221.96292,333.5168,111.553894,treino
2011-07-15,268.19,281.23038,31.097507,223.95894,338.4635,114.50456,treino
2011-07-16,290.14,277.89072,31.909597,208.73692,334.01712,125.2802,treino
2011-07-17,290.81,270.59805,31.824919,207.33482,326.8566,119.521774,treino
2011-07-18,277.86,271.3535,31.743303,212.47081,331.30093,118.830124,treino
2011-07-19,270.0,267.53085,32.206406,196.4664,325.87418,129.40778,treino
2011-07-20,268.05,260.38687,27.962467,209.58363,315.72406,106.14043,treino
2011-07-21,257.09,261.2891,28.202734,208.36209,312.30206,103.93997,treino
2011-07-22,258.25,260.2242,30.98189,196.5946,318.54373,121.94913,treino
2011-07-23,270.05,260.80972,32.06247,191.49127,319.78653,128.29526,treino
2011-07-24,260.94,266.35596,31.958231,202.69992,329.09622,126.3963,treino
2011-07-25,258.87,265.2324,30.21173,198.28922,318.50317,120.21396,treino
2011-07-26,251.39,267.5491,29.210615,208.69415,319.55917,110.86502,treino
2011-07-27,259.59,262.9255,31.50175,190.01729,315.52893,125.51164,treino
2011-07-28,235.81,265.8172,26.960627,209.82776,314.20203,104.37427,treino
2011-07-29,243.94,265.21045,30.637432,205.06776,320.82712,115.75935,treino
2011-07-30,233.97,258.5741,30.302944,193.96146,310.36374,116.40228,treino
2011-07-31,211.3,241.59903,26.653402,188.56322,292.92914,104.36592,treino
2011-08-01,208.37,235.08693,26.148956,183.28026,285.92426,102.644,treino
2011-08-02,187.55,237.097,24.888502,185.84131,281.3866,95.54529,treino
2011-08-03,198.42,229.56216,27.612404,173.49365,280.72122,107.22757,treino
2011-08-04,187.54,219.4208,24.533924,164.33511,268.2776,103.942474,treino
2011-08-05,210.3,211.23083,24.023619,160.26656,255.72,95.453445,treino
2011-08-06,189.54,209.52765,26.010668,157.49287,252.61417,95.12129,treino
2011-08-07,205.06,215.29987,23.818073,172.06166,259.09897,87.03731,treino
2011-08-08,213.23,220.09604,26.298632,173.86685,269.4806,95.61374,treino
2011-08-09,214.27,226.13518,26.555418,173.38304,271.66495,98.281906,treino
2011-08-10,216.22,224.14268,24.597363,181.29291,268.71097,87.41806,treino
2011-08-11,226.2,225.33012,26.326822,169.29327,270.75888,101.46561,treino
2011-08-12,216.22,218.59456,25.289537,166.2809,263.68985,97.40895,treino
2011-08-13,216.22,217.097,22.806843,173.49507,261.80505,88.30998,treino
2011-08-14,223.18,213.51205,24.262873,168.83647,257.03964,88.20317,treino
2011-08-15,212.22,212.16887,23.985413,165.42162,255.85481,90.4332,treino
2011-08-16,232.13,218.66023,23.9722,169.88872,262.19128,92.30257,treino
2011-08-17,223.18,211.38632,26.004385,159.21701,258.29224,99.075226,treino
2011-08-18,224.18,207.09238,24.018969,155.39497,248.89967,93.5047,treino
2011-08-19,194.31,200.3311,23.626457,153.30971,239.65002,86.34032,treino
2011-08-20,195.31,202.33208,23.6195,156.31482,243.8531,87.538284,treino
2011-08-21,206.26,201.64323,22.958006,155.62083,247.63159,92.01076,treino
2011-08-22,197.66,200.92204,23.545103,155.95273,242.27057,86.31784,treino
2011-08-23,206.78,200.6627,23.225151,147.9976,243.69965,95.70204,treino
2011-08-24,201.21,198.29639,23.523346,150.57133,243.14525,92.57391,treino
2011-08-25,197.28,195.81117,23.44975,146.42769,235.68889,89.2612,treino
2011-08-26,199.31,193.99522,21.669209,146.4954,235.13892,88.64351,treino
2011-08-27,200.31,195.92787,24.478785,147.77338,238.0854,90.31203,treino
2011-08-28,202.31,193.28339,24.520573,140.34851,237.88979,97.541275,treino
2011-08-29,191.94,197.92859,23.693356,152.83797,237.79892,84.96095,treino
2011-08-30,195.9,184.92638,23.398447,143.8286,226.87933,83.050735,treino
2011-08-31,170.18,178.40851,21.122526,139.46109,217.3921,77.931015,treino
2011-09-01,177.14,169.80356,20.571524,132.68492,206.19109,73.506165,treino
2011-09-02,176.16,164.86737,19.773834,126.462036,201.49437,75.03233,treino
2011-09-03,174.27,165.47269,20.847898,125.23513,205.01956,79.78443,treino
2011-09-04,169.32,146.06573,18.141973,113.41893,180.18863,66.7697,treino
2011-09-05,159.2,144.71687,19.5375,103.99059,179.52881,75.538216,treino
2011-09-06,165.5,139.94012,18.231642,107.22101,173.4974,66.2764,treino
2011-09-07,156.7,142.13591,17.506422,109.367386,174.84137,65.47398,treino
2011-09-08,147.94,137.41145,16.786087,105.03154,166.45311,61.42157,treino
2011-09-09,147.22,133.94952,17.139776,97.67369,164.7179,67.044205,treino
2011-09-10,137.64,134.09924,17.393446,100.78125,167.73685,66.9556,treino
2011-09-11,152.26,136.67538,18.837145,99.904236,169.80045,69.89621,treino
2011-09-12,151.61,131.22075,17.975721,93.2637,165.35039,72.086685,treino
2011-09-13,145.2,127.936676,17.02243,92.93823,154.96877,62.030533,treino
2011-09-14,132.69,117.62318,16.281132,90.40739,150.93437,60.526985,treino
2011-09-15,150.81,163.81236,26.023943,106.61092,207.11403,100.503105,treino
2011-09-16,142.94,137.75003,17.499826,100.75434,169.9595,69.20516,treino
2011-09-17,146.4,122.50153,15.786065,90.69868,150.52008,59.821404,treino
2011-09-18,157.42,124.862816,15.611903,95.58044,154.10205,58.521614,treino
2011-09-19,145.72,138.35757,17.275425,103.066376,169.10297,66.03659,treino
2011-09-20,133.67,135.84796,17.369337,101.63291,167.29745,65.66454,treino
2011-09-21,127.67,132.55652,17.6161,94.509026,161.89845,67.38943,treino
2011-09-22,100.55,124.82466,15.946262,92.86306,153.79613,60.933067,treino
2011-09-23,106.62,119.02768,15.650731,89.177,147.06143,57.88443,treino
2011-09-24,100.78,117.34043,15.711973,86.155365,149.23386,63.07849,treino
2011-09-25,112.5,113.76961,16.141607,77.973404,139.22998,61.256577,treino
2011-09-26,117.75,113.680374,15.878894,79.532135,141.64545,62.11331,treino
2011-09-27,97.58,109.562996,14.68468,79.28753,135.21579,55.92826,treino
2011-09-28,111.5,111.15668,14.726734,80.2609,139.67458,59.413673,treino
2011-09-29,94.06,107.281105,14.944442,79.09227,132.73871,53.64644,treino
2011-09-30,94.97,104.47074,14.719318,75.66084,133.76288,58.102036,treino
2011-10-01,96.86,104.14935,15.303721,74.34156,132.20865,57.86709,treino
2011-10-02,111.94,103.79743,14.970547,75.25795,131.8207,56.562744,treino
2011-10-03,106.49,111.254425,30.276442,50.641132,164.61122,113.97009,treino
2011-10-04,113.15,128.12274,20.680113,90.456375,167.61752,77.16115,treino
2011-10-05,111.58,114.64287,16.183414,84.834595,141.27365,56.439056,treino
2011-10-06,115.52,133.54709,25.093695,86.62926,181.38486,94.7556,treino
2011-10-07,122.07,119.39521,15.494838,90.21018,145.75812,55.547935,treino
2011-10-08,141.98,119.24145,16.316479,89.77579,152.16759,62.3918,treino
2011-10-09,166.03,129.90994,17.806818,93.42547,162.61496,69.18949,treino
2011-10-10,170.77,153.84375,35.91717,79.36159,218.4998,139.13821,treino
2011-10-11,189.41,133.5738,18.490196,101.36033,166.015,64.65467,treino
2011-10-12,217.34,181.20929,25.63959,126.54717,229.25839,102.71122,treino
2011-10-13,258.3,162.66974,26.007412,109.56346,210.25108,100.68762,treino
2011-10-14,291.35,195.78789,26.334564,145.73416,242.32753,96.59337,treino
2011-10-15,317.15,379.3544,82.03404,204.79054,516.6339,311.84338,treino
2011-10-16,349.23,423.89496,80.68626,254.30453,572.17413,317.8696,treino
2011-10-17,376.19,352.3013,44.30103,250.77321,423.0489,172.27568,treino
2011-10-18,383.25,370.1971,50.107426,264.43222,450.09277,185.66055,treino
2011-10-19,379.46,290.65195,34.084484,228.45107,353.78186,125.330795,treino
2011-10-20,370.36,309.01447,33.727592,241.07257,372.48535,131.41278,treino
2011-10-21,346.75,268.0697,30.047098,207.83382,322.07867,114.24486,treino
2011-10-22,326.58,334.23752,59.61326,221.98653,435.46918,213.48265,treino
2011-10-23,294.99,378.95413,72.89023,248.07747,515.77124,267.6938,treino
2011-10-24,264.59,325.764,56.57444,226.09814,426.9101,200.81195,treino
2011-10-25,258.19,226.93974,26.34069,171.8272,270.9586,99.13139,treino
2011-10-26,254.68,278.16772,37.987446,187.85481,349.0291,161.1743,treino
2011-10-27,267.34,300.85223,47.26695,211.32582,391.57544,180.24962,treino
2011-10-28,276.13,302.84424,38.286465,217.31543,366.53146,149.21603,treino
2011-10-29,264.84,281.54282,40.29808,191.36436,355.4843,164.11995,treino
2011-10-30,266.16,308.79123,41.138954,224.38045,384.7331,160.35265,treino
2011-10-31,251.95,252.74063,31.742504,188.91132,309.9589,121.04758,treino
2011-11-01,225.45,248.57658,29.78803,182.13277,298.1206,115.98784,treino
2011-11-02,209.25,211.16925,26.3801,155.91075,258.46042,102.54967,treino
2011-11-03,190.92,195.13348,23.798363,146.75694,239.52562,92.76868,treino
2011-11-04,180.92,176.69592,20.59553,132.92094,213.26543,80.34448,treino
2011-11-05,182.27,169.80055,20.239544,129.5604,205.61876,76.058365,treino
2011-11-06,165.92,159.67253,19.468987,123.8194,194.8029,70.983505,treino
2011-11-07,166.87,134.03914,17.190487,98.143875,166.30281,68.158936,treino
2011-11-08,155.44,140.39058,19.966888,94.39206,176.62315,82.231094,treino
2011-11-09,141.54,134.63066,18.850561,93.199615,169.32616,76.12654,treino
2011-11-10,132.81,132.74016,16.736813,96.29485,162.61072,66.315865,treino
2011-11-11,145.83,129.72601,17.30987,95.496994,160.57712,65.080124,treino
2011-11-12,143.52,226.12846,41.63448,148.12915,303.07404,154.94489,treino
2011-11-13,160.95,225.9587,38.94392,144.72713,303.00687,158.27974,treino
2011-11-14,177.19,283.94296,40.547592,204.5555,357.11136,152.55586,treino
2011-11-15,239.55,382.83963,82.43113,216.49858,536.77563,320.27704,treino
2011-11-16,294.82,397.20123,73.69255,244.053,529.4594,285.40643,treino
2011-11-17,334.69,334.54446,39.758743,250.06746,407.7368,157.66933,treino
2011-11-18,386.83,362.55713,41.221645,287.0808,444.53006,157.44925,treino
2011-11-19,420.45,383.79858,48.76484,288.71194,478.9287,190.21677,treino
2011-11-20,422.07,332.52072,48.841988,221.9919,412.40015,190.40825,treino
2011-11-21,450.55,243.40308,28.228683,183.92574,294.85596,110.93022,treino
2011-11-22,490.51,357.17392,71.043236,196.26895,470.16196,273.893,treino
2011-11-23,529.98,376.51205,59.043175,260.89868,475.01736,214.11868,treino
2011-11-24,564.93,393.44464,46.111305,301.18002,476.4406,175.26059,treino
2011-11-25,666.0,330.59555,42.95755,240.34656,404.78882,164.44226,treino
2011-11-26,779.47,388.0713,63.446674,250.64246,518.16455,267.5221,treino
2011-11-27,861.2,778.5108,132.84007,510.84006,1041.2103,530.37024,treino
2011-11-28,886.83,744.1699,89.97519,564.0822,901.7972,337.71497,treino
2011-11-29,895.53,828.20465,105.8696,615.8772,1015.0148,399.13757,treino
2011-11-30,871.67,714.9068,75.29657,581.6296,862.2003,280.57074,treino
2011-12-01,872.62,652.13354,76.09636,502.54816,789.8195,287.27136,treino
2011-12-02,862.74,667.9171,75.03553,521.98676,808.57446,286.5877,treino
2011-12-03,829.18,576.8088,62.850723,449.87756,684.21014,234.33258,treino
2011-12-04,814.76,560.84393,71.05661,407.82443,695.05743,287.233,treino
2011-12-05,800.79,670.731,76.50162,521.3826,803.7654,282.38275,treino
2011-12-06,808.17,717.2172,85.26464,539.67957,862.66095,322.98138,treino
2011-12-07,834.41,774.2522,99.20974,559.7328,937.12726,377.39447,treino
2011-12-08,880.23,768.56305,85.689926,598.2141,935.9371,337.72296,treino
2011-12-09,932.56,738.96045,92.996254,575.7181,920.2744,344.55634,treino
2011-12-10,1018.08,976.8196,111.02505,764.1885,1174.8895,410.70105,treino
2011-12-11,1110.39,1011.9023,109.53086,804.4708,1209.695,405.22412,treino
2011-12-12,1178.89,911.764,106.23075,702.01587,1113.6655,411.64966,treino
2011-12-13,1305.83,939.85,100.806274,748.63806,1131.7191,383.08105,treino
2011-12-14,1409.18,1149.7848,128.60704,891.2003,1365.8385,474.63818,treino
2011-12-15,1543.56,1508.7101,167.81747,1176.021,1833.1335,657.11255,treino
2011-12-16,2216.05,1909.9434,220.36569,1481.3601,2313.8538,832.49365,treino
2011-12-17,3749.0,3352.2405,377.25473,2552.6643,4003.4072,1450.7429,treino
2011-12-18,4233.31,4500.8936,532.415,3406.9656,5449.0596,2042.094,treino
2011-12-19,3682.33,3087.8384,374.53763,2337.0293,3745.816,1408.7866,treino
2011-12-20,3390.67,3348.7307,383.56165,2581.0012,3968.2485,1387.2473,treino
2011-12-21,3153.0,2489.2603,270.7899,1960.3053,3007.5176,1047.2123,treino
2011-12-22,2435.5,1914.3142,204.5177,1526.5293,2294.3984,767.86914,treino
2011-12-23,2007.8,1481.983,168.88585,1150.1212,1804.5205,654.3993,treino
2011-12-24,1575.51,1426.6509,144.32915,1122.1154,1653.329,531.2136,treino
2011-12-25,1469.07,1341.9255,151.10173,1047.7057,1634.1173,586.4116,treino
2011-12-26,1414.32,1457.3446,171.63223,1151.5376,1774.1552,622.61755,treino
2011-12-27,1483.68,1485.4928,173.2096,1151.4626,1795.8539,644.39124,treino
2011-12-28,2195.43,1891.7346,213.40918,1476.4807,2294.3237,817.843,treino
2011-12-29,2407.75,2003.4208,226.33107,1519.3267,2403.353,884.02637,treino
2011-12-30,2508.52,2526.8972,294.41357,1920.6561,3045.3684,1124.7123,treino
2011-12-31,2730.07,2110.2683,238.62617,1620.7666,2585.5867,964.82007,treino
2012-01-01,3136.53,2796.632,332.7908,2111.9958,3393.8833,1281.8875,treino
2012-01-02,3371.39,3757.5447,488.25787,2761.5618,4738.8594,1977.2976,treino
2012-01-03,3388.13,3680.5388,418.2101,2816.3362,4481.6655,1665.3293,treino
2012-01-04,3680.52,3566.955,437.28555,2726.8188,4388.5024,1661.6836,treino
2012-01-05,4106.52,5084.676,582.8575,3880.9275,6166.1914,2285.264,treino
2012-01-06,4624.09,3784.8572,436.40128,2897.4915,4555.829,1658.3376,treino
2012-01-07,4696.19,4469.8057,525.39703,3374.7139,5427.506,2052.792,treino
2012-01-08,3956.96,3546.045,420.50043,2763.6692,4387.4087,1623.7395,treino
2012-01-09,3326.39,3023.5881,360.78317,2319.1367,3622.5583,1303.4216,treino
2012-01-10,3055.8,2916.2163,347.31693,2210.9375,3589.4045,1378.467,treino
2012-01-11,3222.59,2816.491,333.17743,2189.9272,3470.367,1280.4397,treino
2012-01-12,2888.2,3118.3914,357.62183,2361.7666,3747.3945,1385.6279,treino
2012-01-13,2855.2,3226.981,376.18228,2464.0437,3893.5176,1429.4739,treino
2012-01-14,2662.61,3533.599,376.21027,2737.1997,4218.585,1481.3853,treino
2012-01-15,2442.02,2940.9795,331.601,2374.439,3622.756,1248.3171,treino
2012-01-16,2447.02,2691.9578,307.02545,2059.4155,3196.515,1137.0994,treino
2012-01-17,2547.7,2299.7825,262.74283,1739.4612,2783.2568,1043.7957,treino
2012-01-18,2433.02,1977.7361,222.49959,1529.2543,2365.976,836.7218,treino
2012-01-19,2472.93,2166.586,258.46683,1634.8909,2656.244,1021.353,treino
2012-01-20,2340.81,1946.6952,210.84525,1470.7981,2333.531,862.7329,treino
2012-01-21,2165.52,1677.7366,179.46964,1281.3114,1982.2059,700.89453,treino
2012-01-22,2164.66,1570.8469,181.37323,1187.6248,1868.9253,681.30054,treino
2012-01-23,2071.36,1535.288,182.95216,1165.9039,1870.5062,704.6023,treino
2012-01-24,1897.31,1384.1099,157.13062,1052.5731,1684.6898,632.1167,treino
2012-01-25,1823.93,1281.9651,141.77766,980.01544,1569.5103,589.4948,treino
2012-01-26,1915.35,1132.8037,126.558846,863.64166,1380.2836,516.6419,treino
2012-01-27,1818.04,1327.7849,152.65086,1008.1297,1596.957,588.82733,treino
2012-01-28,2017.0,1140.5846,138.81822,860.11847,1394.5642,534.44574,treino
2012-01-29,2093.96,1218.9945,143.48763,930.5354,1482.1127,551.5773,treino
2012-01-30,2185.15,1374.2664,162.2924,1053.855,1686.6129,632.75793,treino
2012-01-31,2508.37,1350.9966,150.36615,1055.261,1637.9629,582.7019,treino
2012-02-01,2033.41,1336.5109,152.30307,1026.7136,1589.2765,562.56287,treino
2012-02-02,1632.15,1163.587,137.49274,904.2158,1416.9248,512.709,treino
2012-02-03,1423.07,1009.40094,110.310295,792.3108,1223.7365,431.42566,treino
2012-02-04,1314.5,921.29803,104.30497,693.446,1111.5059,418.05988,treino
2012-02-05,1032.48,913.7373,105.55263,696.15094,1089.4485,393.29755,treino
2012-02-06,993.5,820.5745,93.98291,637.29504,987.25323,349.9582,treino
2012-02-07,894.48,758.02545,80.64977,588.2086,892.87506,304.66644,treino
2012-02-08,890.71,700.82367,84.72078,537.887,865.5426,327.65558,treino
2012-02-09,884.59,770.44244,89.80486,575.7264,924.87463,349.14825,treino
2012-02-10,957.39,786.4745,88.46358,601.1766,933.85516,332.6786,treino
2012-02-11,1216.98,1075.7416,128.65875,831.4195,1349.3368,517.9173,treino
2012-02-12,1524.25,869.8129,105.60109,649.8135,1063.9968,414.18335,treino
2012-02-13,1304.69,1239.5841,140.49268,941.12714,1481.7418,540.6147,treino
2012-02-14,1117.98,1093.4133,123.22707,836.95386,1306.4113,469.4574,treino
2012-02-15,1059.19,1060.7117,130.2216,820.6672,1310.5585,489.8913,treino
2012-02-16,968.39,1054.2875,110.132545,818.10345,1258.3062,440.2027,treino
2012-02-17,963.39,967.27686,113.14588,756.03143,1181.8862,425.8548,treino
2012-02-18,846.59,875.1365,99.06983,676.60236,1059.8945,383.29218,treino
2012-02-19,803.59,833.6043,98.98315,643.6474,1018.00696,374.35956,treino
2012-02-20,852.59,751.10956,90.91547,573.98926,911.43915,337.4499,treino
2012-02-21,732.8,718.69226,88.147934,534.79816,888.6215,353.82336,treino
2012-02-22,721.68,748.1521,89.20051,566.6914,903.3816,336.6902,treino
2012-02-23,717.91,711.9921,83.07494,547.9414,856.75745,308.81604,treino
2012-02-24,744.8,685.6213,79.569855,532.6777,846.45825,313.78058,treino
2012-02-25,638.0,732.3857,79.88804,573.38855,883.10443,309.71588,treino
2012-02-26,607.0,665.5758,80.41572,498.0229,809.54846,311.52557,treino
2012-02-27,626.0,658.9292,80.37594,492.33932,795.402,303.06265,treino
2012-02-28,593.0,622.00073,74.61358,459.29312,740.1063,280.8132,treino
2012-02-29,570.0,590.73706,64.40855,468.77313,705.75085,236.97772,treino
2012-03-01,582.0,581.8909,65.91672,450.58246,698.8856,248.30316,treino
2012-03-02,453.29,554.607,61.965214,427.15015,664.8063,237.65613,treino
2012-03-03,441.32,521.65393,57.97848,404.12912,633.31494,229.18582,treino
2012-03-04,453.41,493.27573,56.395763,376.88486,589.8542,212.96933,treino
2012-03-05,427.29,476.21933,57.012993,366.8348,585.4855,218.65067,treino
2012-03-06,467.32,467.6247,55.79989,355.06415,566.3602,211.29608,treino
2012-03-07,356.41,458.56677,52.838806,356.8376,553.8061,196.9685,treino
2012-03-08,465.2,448.82156,48.07985,355.5544,538.3278,182.7734,treino
2012-03-09,460.41,432.7197,50.597137,340.4948,529.7503,189.2555,treino
2012-03-10,462.41,428.20508,49.662758,323.6555,520.8057,197.15024,treino
2012-03-11,462.29,472.91776,57.689632,346.2554,574.8249,228.56949,treino
2012-03-12,412.52,703.5517,103.68676,490.78015,900.0287,409.24854,treino
2012-03-13,461.41,672.4678,80.08636,513.56244,820.6612,307.09875,treino
2012-03-14,597.0,624.0441,74.52851,470.9847,754.35645,283.37173,treino
2012-03-15,938.39,747.3973,94.33163,576.96875,917.1278,340.15906,treino
2012-03-16,1101.19,877.853,104.36825,667.7322,1078.0808,410.34863,treino
2012-03-17,1101.19,926.08124,116.54929,696.535,1132.2334,435.69843,treino
2012-03-18,1077.19,902.9149,100.0446,711.97723,1083.837,371.8598,treino
2012-03-19,1024.07,834.03064,98.91651,624.4921,1018.7066,394.21448,treino
2012-03-20,975.5,781.10956,92.15856,581.4361,939.6817,358.2456,treino
2012-03-21,865.48,718.3866,79.80721,564.99365,861.35895,296.3653,treino
2012-03-22,726.91,653.92316,73.37903,502.0032,791.4354,289.43222,treino
2012-03-23,567.09,765.8671,98.7768,555.14374,953.26776,398.12402,treino
2012-03-24,677.0,620.1595,67.90586,491.84717,746.4291,254.58191,treino
2012-03-25,703.71,662.3108,74.504135,528.3599,799.0493,270.6894,treino
2012-03-26,683.59,791.00726,95.40488,598.1488,953.9538,355.805,treino
2012-03-27,706.59,761.1322,83.39338,595.9893,911.1059,315.11658,treino
2012-03-28,724.59,750.5243,87.962166,575.9175,895.3575,319.44,treino
2012-03-29,737.48,898.11804,103.67675,673.45105,1085.3485,411.89746,treino
2012-03-30,727.71,920.43176,100.53698,723.94965,1111.2123,387.26263,treino
2012-03-31,840.27,845.69214,97.45146,646.81384,1020.892,374.0782,treino
2012-04-01,732.71,828.0271,100.16791,603.51447,993.97107,390.4566,treino
2012-04-02,840.27,769.76166,87.25493,601.6921,927.9421,326.25,treino
2012-04-03,719.71,773.7335,84.64508,611.4863,927.90955,316.42322,treino
2012-04-04,719.59,711.38837,84.20526,536.2758,856.07117,319.79535,treino
2012-04-05,722.59,629.4661,69.33381,481.6433,755.8326,274.18927,treino
2012-04-06,722.59,675.56506,76.073586,514.3052,815.6901,301.38495,treino
2012-04-07,613.8,843.44653,108.23618,646.9137,1037.6206,390.7069,treino
2012-04-08,613.68,604.18866,72.74957,458.5407,730.9196,272.3789,treino
2012-04-09,613.91,675.4373,81.486496,525.2742,817.8154,292.54126,treino
2012-04-10,617.43,643.5232,81.25197,475.1875,779.1901,304.00262,treino
2012-04-11,611.31,562.61646,64.86634,418.2854,678.7821,260.4967,treino
2012-04-12,514.0,524.8201,57.561653,403.35895,621.6634,218.30444,treino
2012-04-13,513.0,484.76343,56.454674,371.1871,584.61774,213.43063,treino
2012-04-14,400.69,459.11194,50.85231,352.1379,544.74316,192.60526,treino
2012-04-15,505.0,433.09088,49.86419,334.35876,525.93695,191.57819,treino
2012-04-16,378.57,412.42642,44.99591,320.26395,494.3693,174.10535,treino
2012-04-17,393.09,596.6059,74.58471,428.3946,726.3226,297.92798,treino
2012-04-18,482.32,517.32684,59.259552,389.8329,626.1325,236.29962,treino
2012-04-19,446.41,476.75595,53.103508,359.98984,571.90875,211.91891,treino
2012-04-20,387.29,471.89307,52.020767,373.17407,571.90704,198.73297,treino
2012-04-21,505.0,456.80396,52.203926,350.354,554.2283,203.87427,treino
2012-04-22,505.0,471.5076,58.218903,345.03806,570.2456,225.20755,treino
2012-04-23,393.32,447.3015,46.27822,358.54712,535.97406,177.42694,treino
2012-04-24,503.0,440.9821,50.41257,336.89362,537.75195,200.85834,treino
2012-04-25,393.41,546.40924,72.663475,411.78528,684.53625,272.75098,treino
2012-04-26,477.29,456.50443,50.539238,365.01917,554.4016,189.38245,treino
2012-04-27,477.52,678.5772,83.40605,500.71228,817.42554,316.71326,treino
2012-04-28,475.41,484.59134,57.463516,365.23257,580.9967,215.76413,treino
2012-04-29,461.41,457.17517,52.76728,347.12018,555.59076,208.47058,treino
2012-04-30,455.41,467.71442,48.361446,370.32898,561.8136,191.48462,treino
2012-05-01,415.29,448.2441,47.67727,354.63596,543.71484,189.07889,treino
2012-05-02,400.32,412.31207,45.56686,316.60028,490.9182,174.31793,treino
2012-05-03,404.2,410.74078,44.67305,319.14746,496.92065,177.7732,treino
2012-05-04,440.41,404.18008,44.899536,317.53122,486.38553,168.85431,treino
2012-05-05,349.61,397.36633,42.949463,302.49298,470.16785,167.67487,treino
2012-05-06,400.41,374.46268,41.335922,293.31845,447.07596,153.7575,treino
2012-05-07,398.09,372.31934,38.658688,293.84018,446.69705,152.85687,treino
2012-05-08,392.32,353.7145,41.97361,271.36826,429.45535,158.0871,treino
2012-05-09,392.2,362.4357,40.135197,271.98,425.47885,153.49884,treino
2012-05-10,399.2,347.09482,39.007816,270.7108,417.37885,146.66806,treino
2012-05-11,405.2,343.8508,40.39907,264.94446,418.1728,153.22833,treino
2012-05-12,399.09,338.6361,40.89302,253.54105,409.13242,155.59137,treino
2012-05-13,296.52,331.76804,38.25785,252.95235,398.3751,145.42274,treino
2012-05-14,392.2,333.33627,40.839592,260.19858,412.32666,152.12808,treino
2012-05-15,399.2,420.5004,54.36996,309.11877,513.6781,204.55933,treino
2012-05-16,400.09,448.31094,50.253063,350.97098,539.4626,188.49161,treino
2012-05-17,400.32,404.73126,46.47057,306.82135,486.88934,180.068,treino
2012-05-18,291.41,386.36935,42.864517,305.98254,467.00345,161.0209,treino
2012-05-19,401.2,370.94305,39.705288,296.42892,447.7478,151.31888,treino
2012-05-20,396.09,354.9188,39.661263,273.2315,423.75284,150.52133,treino
2012-05-21,395.32,341.3236,37.197,273.92673,410.85873,136.932,treino
2012-05-22,397.2,336.46777,39.38638,259.09515,402.56244,143.46729,treino
2012-05-23,405.2,325.31848,36.806164,249.39305,392.46475,143.0717,treino
2012-05-24,299.29,324.81418,34.743176,250.16402,387.42636,137.26234,treino
2012-05-25,311.73,349.82788,39.678726,264.42175,417.977,153.55524,treino
2012-05-26,331.61,372.81525,45.307735,267.263,447.5733,180.3103,treino
2012-05-27,314.61,333.43527,38.60984,247.66705,397.1907,149.52365,treino
2012-05-28,351.41,354.10373,39.91764,272.45007,424.61093,152.16086,treino
2012-05-29,453.41,435.29083,48.66773,340.75073,523.2981,182.54736,treino
2012-05-30,348.61,387.40497,42.094776,295.7147,465.3331,169.61841,treino
2012-05-31,457.41,361.13797,39.18415,277.99115,430.95093,152.95978,treino
2012-06-01,310.61,340.4916,40.484936,259.3173,408.89758,149.58029,treino
2012-06-02,346.61,349.6088,39.988964,272.24997,424.49838,152.24841,treino
2012-06-03,346.61,359.86893,39.28706,283.48264,429.84738,146.36475,treino
2012-06-04,354.5,330.81683,37.88477,257.386,401.16068,143.77469,treino
2012-06-05,357.73,455.42636,58.4586,332.95932,560.9169,227.95755,treino
2012-06-06,358.61,547.2411,76.50437,388.0567,682.0841,294.0274,treino
2012-06-07,358.61,649.9965,73.82243,498.66364,783.62366,284.96002,treino
2012-06-08,519.09,691.0033,75.86181,532.20526,832.9152,300.70996,treino
2012-06-09,469.52,728.4955,79.53908,574.2049,883.51105,309.30615,treino
2012-06-10,571.2,589.4565,71.84985,435.90973,715.2631,279.3534,treino
2012-06-11,586.2,544.0815,66.68594,392.5389,655.97437,263.43546,treino
2012-06-12,542.0,485.23303,56.869858,363.45734,587.2158,223.75848,treino
2012-06-13,489.09,419.7992,48.2398,312.83063,502.69684,189.86621,treino
2012-06-14,375.52,389.18048,46.005802,293.23907,469.3865,176.14743,treino
2012-06-15,358.41,363.70972,39.659985,280.03516,432.32587,152.29071,treino
2012-06-16,443.35,345.20142,37.05669,265.83453,409.12164,143.28711,treino
2012-06-17,320.5,329.23132,36.645077,256.69608,392.9039,136.20782,treino
2012-06-18,334.27,322.73026,38.57963,245.05568,398.72357,153.6679,treino
2012-06-19,268.85,324.9487,37.462475,255.13512,400.12933,144.99422,treino
2012-06-20,386.5,321.44824,34.75834,249.75345,379.33566,129.58221,treino
2012-06-21,300.85,350.21796,45.47212,260.28833,437.2577,176.96936,treino
2012-06-22,301.74,337.4384,39.40921,265.0584,405.5441,140.48569,treino
2012-06-23,302.85,323.8616,36.174446,250.27013,392.683,142.41289,treino
2012-06-24,291.97,346.27548,37.741665,273.34592,415.27075,141.92484,treino
2012-06-25,395.39,421.31775,48.02709,326.26392,507.38507,181.12115,treino
2012-06-26,373.27,404.92764,44.215015,320.86316,487.93723,167.07407,treino
2012-06-27,351.5,357.68954,39.11589,277.2832,425.66418,148.38098,treino
2012-06-28,382.27,336.3282,40.857723,249.13527,406.21872,157.08345,treino
2012-06-29,296.85,311.36212,36.130917,233.8548,372.98715,139.13235,treino
2012-06-30,395.5,304.3962,33.82714,230.98137,363.15414,132.17278,treino
2012-07-01,299.85,300.4112,32.802013,229.72308,359.87878,130.1557,treino
2012-07-02,299.74,286.06824,34.77855,216.56136,345.01242,128.45107,treino
2012-07-03,315.5,289.68323,30.309559,229.49167,344.74792,115.256256,treino
2012-07-04,250.39,287.3516,31.719183,223.36317,348.18588,124.82271,treino
2012-07-05,249.27,281.3517,31.482103,218.3464,341.21005,122.86365,treino
2012-07-06,267.5,279.67096,32.22523,212.07768,333.78656,121.70888,treino
2012-07-07,268.27,277.1948,29.695795,215.78922,330.2897,114.50049,treino
2012-07-08,248.5,271.5017,31.21074,210.22513,332.35162,122.126495,treino
2012-07-09,260.39,264.30627,30.162422,203.51215,323.5314,120.01926,treino
2012-07-10,232.27,258.72284,28.862995,189.09763,307.04388,117.94626,treino
2012-07-11,230.5,261.05276,28.594765,203.72905,313.89066,110.161606,treino
2012-07-12,248.27,259.29938,28.220903,198.18773,306.42172,108.23399,treino
2012-07-13,200.75,257.32306,29.73076,203.0346,313.85883,110.82422,treino
2012-07-14,290.38,254.46979,28.344398,197.16226,305.42896,108.26669,treino
2012-07-15,291.18,245.97633,27.171652,185.49928,294.25064,108.75136,treino
2012-07-16,238.6,254.86154,30.16009,195.8429,311.95413,116.11124,treino
2012-07-17,244.39,257.25443,29.689293,200.27812,315.21494,114.93681,treino
2012-07-18,245.49,237.51968,28.90695,178.93634,285.05518,106.118835,treino
2012-07-19,244.06,242.66933,26.899403,191.06882,292.35547,101.28665,treino
2012-07-20,236.6,244.80292,27.718801,190.35616,295.75668,105.40053,treino
2012-07-21,226.88,249.60304,28.151562,196.53493,300.6121,104.07716,treino
2012-07-22,224.12,247.09474,28.417809,190.32816,300.71918,110.39102,treino
2012-07-23,237.73,245.59492,28.639341,181.79703,295.39175,113.59473,treino
2012-07-24,227.79,241.15805,28.833567,182.2033,290.9562,108.752914,treino
2012-07-25,222.61,225.26411,25.06156,172.83171,275.71747,102.88576,treino
2012-07-26,218.63,229.3711,26.193922,181.42659,280.7043,99.277725,treino
2012-07-27,205.18,238.48575,27.74115,182.81564,293.72766,110.91202,treino
2012-07-28,225.5,235.19818,25.64127,183.45789,282.59454,99.13666,treino
2012-07-29,196.33,232.6875,25.630713,181.15924,279.2074,98.04816,treino
2012-07-30,217.99,230.28033,26.688278,174.93567,276.15173,101.216064,treino
2012-07-31,195.64,227.70316,26.15443,174.87772,275.80795,100.93024,treino
2012-08-01,205.87,223.81854,26.576126,164.07526,268.4851,104.40985,treino
2012-08-02,202.11,221.98213,25.054052,171.70201,269.2104,97.50838,treino
2012-08-03,200.83,217.41074,24.13234,167.49924,260.02084,92.52161,treino
2012-08-04,215.46,220.31058,24.249052,166.49261,262.2003,95.70767,treino
2012-08-05,183.17,214.94897,24.88738,160.41159,258.55814,98.146545,treino
2012-08-06,199.95,209.26884,25.832859,160.5707,254.30014,93.72945,treino
2012-08-07,192.04,207.49217,22.172573,163.58221,248.4366,84.854385,treino
2012-08-08,197.06,209.19621,24.041729,161.17502,250.19342,89.0184,treino
2012-08-09,187.06,203.94104,23.139057,155.5204,246.88254,91.36214,treino
2012-08-10,204.97,206.45285,23.259619,155.99948,247.27658,91.2771,treino
2012-08-11,189.45,204.1267,24.09854,158.38914,244.56398,86.174835,treino
2012-08-12,202.83,199.6205,23.75497,151.18053,243.07309,91.89256,treino
2012-08-13,184.39,200.2057,24.558594,149.77008,244.66779,94.897705,treino
2012-08-14,186.78,199.82918,23.649824,149.58113,243.20271,93.62158,treino
2012-08-15,180.11,198.86423,24.700954,149.87668,241.97456,92.097885,treino
2012-08-16,196.17,194.8846,22.747248,147.83253,237.29936,89.46683,treino
2012-08-17,167.94,199.2211,22.313118,156.45085,241.63304,85.18219,treino
2012-08-18,197.11,190.5768,23.337753,143.64702,234.43399,90.78697,treino
2012-08-19,177.67,192.59409,22.59571,149.00204,232.60704,83.604996,treino
2012-08-20,177.57,189.7052,23.108212,146.04004,231.6547,85.614655,treino
2012-08-21,168.98,189.22981,22.139069,141.74306,227.65787,85.91481,treino
2012-08-22,169.0,187.79279,22.103603,142.80254,226.75032,83.947784,treino
2012-08-23,180.67,183.17342,21.672659,137.62544,223.64749,86.02205,treino
2012-08-24,161.22,184.85646,22.655611,135.05464,225.44383,90.38919,treino
2012-08-25,162.22,183.1478,22.260702,140.36273,225.99164,85.62891,treino
2012-08-26,162.22,182.82689,21.761126,133.82283,218.46104,84.638214,treino
2012-08-27,172.89,179.94801,20.80637,140.0707,217.43579,77.3651,treino
2012-08-28,163.18,185.52692,21.966509,136.28949,226.66971,90.38022,treino
2012-08-29,163.29,195.89977,22.570889,145.80083,237.82118,92.020355,treino
2012-08-30,173.98,200.12477,25.231213,148.96057,245.75719,96.796616,treino
2012-08-31,182.39,200.25644,24.410532,147.25705,239.47787,92.220825,treino
2012-09-01,174.94,194.748,21.98809,153.50221,237.86842,84.36621,treino
2012-09-02,166.28,195.9537,23.117825,147.74908,238.93948,91.1904,treino
2012-09-03,172.16,187.60298,22.749971,143.89519,231.154,87.25882,treino
2012-09-04,150.54,185.9463,22.902327,141.14658,226.25774,85.11116,treino
2012-09-05,151.83,183.22163,22.861633,136.29688,223.03014,86.73326,treino
2012-09-06,146.66,177.72047,20.776814,141.48112,219.841,78.35988,treino
2012-09-07,150.76,163.09395,20.321728,124.272316,202.24318,77.97086,treino
2012-09-08,178.84,163.42865,19.03494,126.23811,201.03583,74.797714,treino
2012-09-09,153.37,157.77419,19.914566,114.90156,193.18425,78.28269,treino
2012-09-10,174.47,153.51056,18.764715,113.14469,188.46844,75.32375,treino
2012-09-11,155.86,150.88307,19.699537,108.78026,185.34491,76.56465,treino
2012-09-12,160.1,139.0289,17.151503,103.91225,168.54971,64.63747,treino
2012-09-13,162.23,137.73563,18.002457,97.880486,169.29202,71.41154,treino
2012-09-14,163.81,134.23734,19.733337,89.67805,168.55537,78.87733,treino
2012-09-15,147.19,137.97923,19.936834,96.29622,172.94736,76.65114,treino
2012-09-16,139.3,147.65727,19.556417,108.855255,180.90596,72.050705,treino
2012-09-17,142.6,126.75663,17.063221,91.26348,156.01285,64.74937,treino
2012-09-18,145.46,126.05277,17.697348,89.849556,159.55159,69.702034,treino
2012-09-19,150.3,125.45688,17.05882,91.713486,156.49713,64.783646,treino
2012-09-20,150.06,132.51189,17.773901,97.40437,164.3147,66.910324,treino
2012-09-21,141.65,123.66648,18.199015,87.7092,159.438,71.728806,treino
2012-09-22,148.06,152.4917,28.927088,92.20486,201.4682,109.26334,treino
2012-09-23,174.24,149.14676,18.418009,111.72587,180.02504,68.29917,treino
2012-09-24,176.39,142.13757,18.517424,104.03976,177.95523,73.915474,treino
2012-09-25,184.86,158.78635,25.016577,109.06243,201.16,92.09757,treino
2012-09-26,167.77,263.75903,51.4852,165.87073,358.61954,192.74881,treino
2012-09-27,170.93,170.66092,20.15344,133.4891,209.25583,75.76672,treino
2012-09-28,172.7,163.38425,19.458755,123.76277,198.80017,75.0374,treino
2012-09-29,171.45,189.57672,23.25789,144.15698,230.2569,86.099915,treino
2012-09-30,159.05,184.89223,23.474886,135.89905,226.80377,90.904724,treino
2012-10-01,160.69,166.57098,20.526915,125.994965,205.75148,79.756516,treino
2012-10-02,181.45,145.87761,18.911335,103.86426,180.59814,76.73389,treino
2012-10-03,169.85,138.92876,19.44672,97.422714,172.557,75.13429,treino
2012-10-04,155.2,129.98201,17.830748,95.71698,163.59798,67.881,treino
2012-10-05,141.35,127.53682,17.415115,94.656006,159.11261,64.456604,treino
2012-10-06,154.01,123.86726,16.074715,93.10441,153.90247,60.798058,treino
2012-10-07,151.22,120.51656,16.976322,86.98076,150.37408,63.393326,treino
2012-10-08,148.44,114.753975,15.28616,83.072044,142.92479,59.852745,treino
2012-10-09,147.44,112.15076,15.199406,77.89342,139.91304,62.019623,treino
2012-10-10,154.22,108.29556,16.061895,76.442986,137.41954,60.976555,treino
2012-10-11,144.75,108.22762,14.89355,77.39975,137.18634,59.78659,treino
2012-10-12,140.28,119.40516,17.330378,82.47662,154.10988,71.633255,treino
2012-10-13,127.08,182.28767,38.439186,110.01324,252.83997,142.82672,treino
2012-10-14,119.75,152.9082,23.046087,102.2371,194.34084,92.10374,treino
2012-10-15,112.5,176.72678,25.07342,131.7535,225.48117,93.72768,treino
2012-10-16,121.92,128.24173,17.831202,91.4184,159.07237,67.65397,treino
2012-10-17,141.97,136.49405,18.320818,99.82718,170.54976,70.72258,treino
2012-10-18,120.54,136.79851,18.831417,102.20691,172.26126,70.05435,treino
2012-10-19,116.87,133.06534,17.370153,96.50272,163.22491,66.72219,treino
2012-10-20,126.33,182.36543,34.145218,114.791664,253.54326,138.75159,treino
2012-10-21,90.18,131.87459,17.255983,94.766045,161.32365,66.55761,treino
2012-10-22,128.63,136.94302,20.265778,94.3142,170.73688,76.422676,treino
2012-10-23,142.79,160.79771,26.7884,103.52276,212.51584,108.99308,treino
2012-10-24,125.99,206.93103,42.578068,120.46369,284.611,164.14731,treino
2012-10-25,100.19,148.1614,20.035055,104.87334,186.47144,81.5981,treino
2012-10-26,102.88,167.88452,21.896383,123.64398,207.17067,83.52669,treino
2012-10-27,122.04,148.23793,19.40919,109.76781,182.69356,72.92575,treino
2012-10-28,147.12,147.14212,18.264637,109.50528,179.82379,70.31851,treino
2012-10-29,145.03,128.29076,17.923344,88.590965,158.1751,69.58413,treino
2012-10-30,151.09,134.33636,17.927206,97.76178,168.55978,70.798004,treino
2012-10-31,184.18,146.75452,23.101387,99.55953,194.68657,95.12704,treino
2012-11-01,231.97,141.8457,20.241299,100.99078,178.73828,77.7475,treino
2012-11-02,263.33,264.2629,60.17153,152.47624,378.5773,226.10106,treino
2012-11-03,343.15,404.7078,68.2176,267.41,525.94305,258.53305,treino
2012-11-04,401.78,354.37228,63.31509,225.05792,473.53195,248.47403,treino
2012-11-05,427.33,208.40976,32.48757,139.8803,259.77927,119.89897,treino
2012-11-06,413.8,233.85596,28.682112,171.18253,288.92337,117.740845,treino
2012-11-07,399.74,309.80347,48.22592,212.23665,387.30573,175.06908,treino
2012-11-08,487.44,376.45386,65.31956,245.35135,488.76288,243.41153,treino
2012-11-09,712.61,401.6822,71.253296,250.17882,537.7666,287.58777,treino
2012-11-10,670.61,644.6365,134.6023,352.49988,909.8078,557.3079,treino
2012-11-11,525.11,436.12943,58.151276,320.21994,542.1544,221.93448,treino
2012-11-12,415.34,388.6363,50.855843,290.33392,476.74554,186.41162,treino
2012-11-13,789.05,471.2138,55.63733,359.0202,568.9372,209.91699,treino
2012-11-14,797.28,583.06195,74.05175,436.56317,710.45874,273.89557,treino
2012-11-15,491.61,620.0227,77.03488,460.7974,755.9686,295.17123,treino
2012-11-16,637.39,561.63354,76.240074,400.55032,699.1214,298.57108,treino
2012-11-17,634.27,651.5636,84.65741,472.16455,804.2571,332.09253,treino
2012-11-18,440.73,529.06134,61.037174,406.91934,633.84534,226.926,treino
2012-11-19,478.0,527.67645,58.08346,406.11432,633.65576,227.54144,treino
2012-11-20,555.27,585.27466,76.7909,434.3279,712.0452,277.71732,treino
2012-11-21,401.73,455.38245,57.713852,332.6921,563.29785,230.60574,treino
2012-11-22,286.72,343.71323,41.118824,255.96744,413.8714,157.90396,treino
2012-11-23,549.0,306.75107,32.86469,236.69685,359.72098,123.024124,treino
2012-11-24,640.7,292.7785,32.85361,229.3061,352.79807,123.49196,treino
2012-11-25,700.86,342.64398,53.689327,232.04192,433.7173,201.67537,treino
2012-11-26,486.0,562.6956,75.37618,398.86176,705.8679,307.00616,treino
2012-11-27,618.39,528.84216,72.65733,382.99716,665.01874,282.02158,treino
2012-11-28,623.5,461.50974,49.28445,356.3437,545.2247,188.88098,treino
2012-11-29,410.11,531.4668,63.33647,404.98865,642.72565,237.737,treino
2012-11-30,487.73,479.42932,55.70107,369.5674,585.97253,216.40512,treino
2012-12-01,487.61,443.17517,55.034462,334.93222,546.7556,211.8234,treino
2012-12-02,411.11,423.397,47.54484,324.61362,505.99866,181.38504,treino
2012-12-03,406.34,348.0183,41.26861,274.33414,426.8885,152.55435,treino
2012-12-04,251.7,349.3308,41.26953,268.65408,419.75388,151.0998,treino
2012-12-05,256.5,373.88992,45.688847,279.50198,458.57968,179.0777,treino
2012-12-06,300.75,369.77405,43.359947,279.0042,445.0266,166.0224,treino
2012-12-07,338.78,396.50995,38.963375,320.20404,466.8881,146.68405,treino
2012-12-08,301.58,311.59747,37.059723,236.17874,372.16388,135.98514,treino
2012-12-09,263.56,356.08545,48.699043,259.2526,443.8694,184.61679,treino
2012-12-10,253.19,297.8545,40.15421,214.59952,366.55634,151.95682,treino
2012-12-11,258.13,360.50415,45.129055,274.10223,438.77835,164.67612,treino
2012-12-12,252.33,342.78433,42.71782,254.7095,426.139,171.4295,treino
2012-12-13,283.44,419.46878,54.589954,308.2425,515.062,206.81952,treino
2012-12-14,343.56,548.91156,92.01291,372.08945,724.95184,352.8624,treino
2012-12-15,347.06,486.44635,57.03953,372.7598,587.9376,215.17783,treino
2012-12-16,351.44,483.89343,55.638306,368.68164,589.48553,220.8039,treino
2012-12-17,377.72,479.25058,53.76688,378.98175,576.4507,197.46893,treino
2012-12-18,402.44,488.84958,54.147408,383.5889,590.323,206.7341,treino
2012-12-19,333.06,400.22025,43.639797,309.8845,475.22046,165.33597,treino
2012-12-20,336.06,543.9654,71.34922,381.53763,684.9863,303.4487,treino
2012-12-21,337.06,381.26364,46.01406,276.5716,455.62668,179.05508,treino
2012-12-22,336.06,394.80453,50.951393,300.1696,483.7341,183.56451,treino
2012-12-23,336.06,341.131,39.378304,263.80173,413.94275,150.14102,treino
2012-12-24,367.56,345.05423,40.948914,261.3754,419.87628,158.50089,treino
2012-12-25,344.06,365.93918,42.3645,272.27814,435.39752,163.11938,treino
2012-12-26,268.55,341.1236,40.31758,257.26913,412.2531,154.98398,treino
2012-12-27,270.67,315.48196,35.487034,240.16301,383.7481,143.5851,treino
2012-12-28,195.39,375.63025,53.791035,267.00394,463.3169,196.31296,treino
2012-12-29,196.16,416.2292,66.75807,283.85596,534.99097,251.13501,treino
2012-12-30,256.67,378.73297,48.960587,280.012,466.58054,186.56854,treino
2012-12-31,233.78,258.34793,30.498955,195.0,309.29764,114.29764,treino
2013-01-01,201.89,245.48312,29.749123,183.11867,301.92535,118.80669,treino
2013-01-02,159.18,229.70338,27.447363,178.3394,279.4206,101.08119,treino
2013-01-03,134.47,217.43115,27.424433,171.08415,266.24136,95.15721,treino
2013-01-04,132.25,213.94817,24.483751,163.95203,256.75177,92.79974,treino
2013-01-05,145.1,202.96169,24.046175,159.18355,251.73067,92.54712,treino
2013-01-06,161.61,183.86786,21.715412,139.84787,223.7711,83.92323,treino
2013-01-07,197.63,205.47946,26.662012,151.57916,251.99669,100.41753,treino
2013-01-08,255.83,349.7078,71.114006,205.63043,479.70102,274.0706,treino
2013-01-09,278.51,318.7334,64.185165,195.35417,438.81238,243.4582,treino
2013-01-10,338.5,522.0485,102.03615,319.7091,702.73315,383.02405,treino
2013-01-11,439.32,452.37192,80.77174,290.40277,600.43567,310.0329,treino
2013-01-12,551.51,484.11823,58.10644,370.09216,583.87134,213.77917,treino
2013-01-13,632.96,611.83905,75.40236,460.24683,753.2705,293.02368,treino
2013-01-14,749.85,929.76135,124.48618,679.3258,1152.1488,472.823,treino
2013-01-15,840.06,919.7992,104.11503,711.6874,1114.8317,403.1443,treino
2013-01-16,886.67,793.20795,92.247345,588.13086,942.44116,354.3103,treino
2013-01-17,906.66,794.23883,95.90465,609.71765,975.7964,366.07874,treino
2013-01-18,920.35,818.5906,93.08628,645.3023,996.1022,350.79987,treino
2013-01-19,936.36,829.6076,97.67684,628.35254,1009.07355,380.721,treino
2013-01-20,941.79,1128.7767,141.31169,837.34937,1368.7168,531.36743,treino
2013-01-21,877.22,984.0479,122.48637,749.8564,1206.801,456.94464,treino
2013-01-22,764.58,795.3268,97.17461,613.96136,970.6403,356.67896,treino
2013-01-23,707.69,537.4672,59.565937,418.00143,650.18317,232.18173,treino
2013-01-24,677.37,493.41132,57.470764,377.3816,595.1616,217.78003,treino
2013-01-25,663.86,602.54236,70.740814,459.7449,726.4721,266.7272,treino
2013-01-26,706.56,837.3577,126.16498,582.1476,1083.1398,500.9922,treino
2013-01-27,1222.89,1013.61646,124.895035,769.18524,1243.1063,473.92108,treino
2013-01-28,1687.11,1647.9668,227.06866,1177.0039,2047.3044,870.30054,treino
2013-01-29,1999.78,1911.5623,230.18275,1492.5571,2344.0842,851.5271,treino
2013-01-30,1922.5,1810.4875,201.05966,1390.1105,2182.9995,792.88904,treino
2013-01-31,1840.0,1823.5779,210.2825,1372.5837,2218.7158,846.1321,treino
2013-02-01,1721.8,1644.6082,187.46004,1277.0088,1949.5293,672.5205,treino
2013-02-02,1624.41,2052.7097,233.16687,1580.0557,2499.7434,919.68774,treino
2013-02-03,1613.41,2214.2102,260.60727,1665.1835,2700.7566,1035.5731,treino
2013-02-04,1628.15,1851.0583,225.76997,1400.0731,2261.842,861.7689,treino
2013-02-05,1629.09,1860.5875,218.1222,1418.337,2280.1309,861.7938,treino
2013-02-06,1637.41,2180.1306,264.95975,1641.8595,2685.1099,1043.2504,treino
2013-02-07,1550.27,2081.1853,229.34166,1607.4658,2480.5369,873.07104,treino
2013-02-08,1489.32,1811.6298,190.74002,1475.7329,2161.39,685.657,treino
2013-02-09,1326.17,1555.8859,181.41908,1175.0883,1861.7346,686.64636,treino
2013-02-10,1232.57,1442.311,173.93126,1075.1049,1742.0029,666.8981,treino
2013-02-11,1153.19,1316.731,145.76578,1016.099,1568.8228,552.72375,treino
2013-02-12,1042.96,1219.7318,141.44505,942.1119,1485.8887,543.7768,treino
2013-02-13,966.89,1123.7589,122.07333,903.54614,1349.5618,446.01562,treino
2013-02-14,814.59,1018.2401,119.88186,783.18945,1228.3108,445.12134,treino
2013-02-15,670.56,843.6757,96.24076,669.56177,1012.1014,342.5396,treino
2013-02-16,571.71,746.44617,88.1017,568.37836,902.04047,333.6621,treino
2013-02-17,518.37,675.75305,75.80568,527.8786,819.00275,291.12415,treino
2013-02-18,463.58,606.5505,66.18316,465.80594,731.15936,265.35342,treino
2013-02-19,437.27,541.90564,65.414154,406.8471,659.76935,252.92224,treino
2013-02-20,400.57,504.4972,54.45293,399.22763,601.936,202.70834,treino
2013-02-21,370.25,466.76517,48.30412,376.2936,558.4648,182.17117,treino
2013-02-22,339.53,441.89145,48.410435,343.80338,532.39606,188.59268,treino
2013-02-23,325.31,481.54483,59.117756,364.40506,593.22003,228.81497,treino
2013-02-24,323.06,392.06436,45.438713,296.015,475.0571,179.04208,treino
2013-02-25,331.96,382.56412,44.30154,299.78668,465.35046,165.56378,treino
2013-02-26,365.15,382.43332,44.71272,293.0676,464.49976,171.43216,treino
2013-02-27,514.46,496.60428,66.23477,364.27997,616.94617,252.6662,treino
2013-02-28,615.3,527.3196,96.08522,328.7075,717.98553,389.27805,treino
2013-03-01,650.33,731.60767,156.08644,393.20786,1001.34424,608.13635,treino
2013-03-02,659.08,839.41754,122.208084,587.0975,1052.8584,465.76093,treino
2013-03-03,654.9,760.0941,98.25723,563.1379,934.1895,371.05164,treino
2013-03-04,656.54,688.65546,82.34451,521.3519,839.23596,317.88403,treino
2013-03-05,614.67,782.94727,90.389755,593.2888,937.51056,344.22174,treino
2013-03-06,605.33,891.6229,99.00932,682.2698,1076.3685,394.09875,treino
2013-03-07,625.34,707.16034,80.330345,548.54,859.90717,311.3672,treino
2013-03-08,616.16,774.5055,86.87567,610.4012,923.3986,312.99744,treino
2013-03-09,591.44,672.65936,80.4961,506.49402,830.1708,323.67676,treino
2013-03-10,564.82,653.7869,75.62072,502.87726,804.78076,301.9035,treino
2013-03-11,538.08,647.56915,80.25464,469.45166,783.828,314.37634,treino
2013-03-12,517.82,680.8634,81.37673,520.64825,829.8042,309.15594,treino
2013-03-13,492.13,662.431,70.70498,531.4168,785.97107,254.55426,treino
2013-03-14,476.0,740.1179,90.62633,538.09296,907.0321,368.93915,treino
2013-03-15,467.44,526.83093,57.7806,405.20825,637.2243,232.01605,treino
2013-03-16,473.0,568.4163,64.94684,453.2926,688.5683,235.2757,treino
2013-03-17,461.0,501.51395,58.815327,377.2146,606.3738,229.15918,treino
2013-03-18,450.44,465.90604,51.235355,359.67474,548.7116,189.03687,treino
2013-03-19,443.87,449.75275,55.32838,342.79816,542.63007,199.83191,treino
2013-03-20,452.44,531.497,67.07545,386.45355,651.56775,265.1142,treino
2013-03-21,457.56,509.52057,64.57696,394.1344,635.9171,241.78271,treino
2013-03-22,484.13,512.1792,76.79821,352.90903,653.94824,301.0392,treino
2013-03-23,518.39,478.40228,56.124573,367.29956,581.7224,214.42285,treino
2013-03-24,584.81,496.34958,53.672733,383.47318,586.00195,202.52878,treino
2013-03-25,697.91,666.5772,82.68002,505.84464,807.5824,301.73776,treino
2013-03-26,831.28,661.9218,81.225174,491.22498,789.69025,298.46527,treino
2013-03-27,986.63,711.62866,90.763954,513.81134,871.43604,357.6247,treino
2013-03-28,999.67,709.1353,84.262764,564.1138,861.70856,297.5948,treino
2013-03-29,925.59,771.2907,88.890945,571.36127,928.3846,357.02332,treino
2013-03-30,785.55,734.05426,85.45908,553.84424,872.45483,318.6106,treino
2013-03-31,666.8,652.72833,78.49474,494.35196,803.55194,309.19998,treino
2013-04-01,564.91,585.75726,68.27564,431.157,709.50476,278.34775,treino
2013-04-02,540.77,688.0151,83.329155,494.01562,832.4708,338.4552,treino
2013-04-03,557.33,588.09216,68.23146,461.3044,724.03156,262.72714,treino
2013-04-04,599.11,711.3274,85.67667,527.0376,882.7105,355.6729,treino
2013-04-05,645.19,678.1731,81.7346,494.38623,827.5689,333.18268,treino
2013-04-06,719.31,807.73865,100.43535,603.77924,987.3925,383.61328,treino
2013-04-07,803.86,748.2651,79.011215,596.46674,915.01086,318.54413,treino
2013-04-08,943.28,841.92786,92.76361,675.228,1014.74664,339.51862,treino
2013-04-09,1041.81,805.8997,89.96471,628.1751,981.1585,352.9834,treino
2013-04-10,1118.41,910.4727,104.21795,693.2753,1094.6453,401.36993,treino
2013-04-11,1075.83,856.33997,98.342224,657.00354,1038.3583,381.35474,treino
2013-04-12,999.17,717.54456,82.14405,540.4198,861.0031,320.5833,treino
2013-04-13,985.73,769.1489,84.76605,568.5819,924.197,355.6151,treino
2013-04-14,917.77,926.4306,113.775795,693.6965,1145.5284,451.83197,treino
2013-04-15,807.81,743.0933,93.87549,555.0673,910.2195,355.15216,treino
2013-04-16,737.37,809.5171,89.304115,621.5515,976.51294,354.96143,treino
2013-04-17,668.81,779.3799,88.59395,597.0294,937.151,340.12158,treino
2013-04-18,576.91,702.4071,81.410774,543.11096,852.7793,309.66833,treino
2013-04-19,521.04,622.03265,71.70685,464.97308,749.1097,284.1366,treino
2013-04-20,445.96,535.24786,61.848797,418.8823,663.0415,244.15921,treino
2013-04-21,426.06,493.67285,55.531933,370.75836,595.5103,224.75195,treino
2013-04-22,408.07,457.17932,51.481136,351.51944,559.0299,207.51047,treino
2013-04-23,379.6,436.57257,48.382874,324.94287,519.36786,194.42499,treino
2013-04-24,341.64,417.39993,47.769077,321.2996,507.52127,186.22168,treino
2013-04-25,324.28,389.0008,45.35509,290.43243,473.18964,182.7572,treino
2013-04-26,298.33,363.39972,42.32712,271.42813,443.4505,172.02237,treino
2013-04-27,284.81,351.08304,37.692516,281.46936,420.12875,138.6594,treino
2013-04-28,280.34,340.5446,38.526287,263.25342,406.75616,143.50275,treino
2013-04-29,286.69,330.85147,38.69843,250.36407,402.9841,152.62003,treino
2013-04-30,285.06,322.1331,35.622448,247.38036,394.6778,147.29744,treino
2013-05-01,276.04,312.04428,34.31483,247.57281,376.58298,129.01016,treino
2013-05-02,279.09,307.67413,33.313553,235.09686,366.43222,131.33536,treino
2013-05-03,284.19,301.5081,34.673084,227.24745,362.21274,134.96529,treino
2013-05-04,284.19,295.64255,32.75724,231.5579,358.90347,127.345566,treino
2013-05-05,277.7,285.05667,33.97227,213.08624,341.84177,128.75552,treino
2013-05-06,270.3,287.38055,31.899807,220.69354,343.8922,123.19867,treino
2013-05-07,258.19,283.04126,31.6312,219.74365,340.32715,120.583496,treino
2013-05-08,255.71,280.8818,30.577518,220.36098,335.53046,115.16948,treino
2013-05-09,238.12,274.22333,31.974215,204.2959,328.46234,124.16644,treino
2013-05-10,234.26,267.89978,31.936361,204.08241,327.1792,123.09679,treino
2013-05-11,222.92,262.01096,29.444775,203.98793,315.60016,111.61223,treino
2013-05-12,218.75,259.1398,28.367935,201.60905,311.38486,109.7758,treino
2013-05-13,217.5,254.82315,27.492023,194.03796,306.1679,112.129944,treino
2013-05-14,219.78,253.42424,29.58641,195.95459,310.7181,114.76352,treino
2013-05-15,215.53,248.56026,27.278759,195.79741,296.5784,100.78099,treino
2013-05-16,216.24,249.58716,27.695082,194.9406,298.10355,103.16295,treino
2013-05-17,216.66,249.49915,26.801384,191.1988,295.31308,104.11427,treino
2013-05-18,218.74,244.45284,29.868795,176.71658,294.81638,118.09979,treino
2013-05-19,221.44,242.3142,27.515491,182.43724,294.40717,111.969925,treino
2013-05-20,212.72,243.25084,27.552813,181.53105,290.29504,108.76399,treino
2013-05-21,210.48,243.98076,26.12957,196.73466,292.37042,95.63576,treino
2013-05-22,208.17,239.59589,28.22443,183.96329,291.85687,107.893585,treino
2013-05-23,215.77,242.96268,26.558548,195.16264,289.85913,94.69649,treino
2013-05-24,229.41,279.99362,36.41702,201.23224,348.41406,147.18182,treino
2013-05-25,250.9,237.68736,26.796179,183.49675,290.63593,107.139175,treino
2013-05-26,290.05,237.04503,25.500431,187.7985,283.67352,95.87503,treino
2013-05-27,341.67,284.99298,34.856724,217.60823,349.0113,131.40306,treino
2013-05-28,370.67,449.05667,77.34637,283.1988,602.89197,319.69318,treino
2013-05-29,394.69,497.78522,103.76868,290.46097,691.6718,401.21085,treino
2013-05-30,436.12,490.1603,57.288273,369.80972,591.9052,222.09549,treino
2013-05-31,461.32,457.51254,53.801373,347.77374,557.53845,209.76471,treino
2013-06-01,462.0,454.3951,49.437492,358.833,550.40765,191.57465,treino
2013-06-02,458.0,507.1236,56.412292,398.24112,603.96326,205.72214,treino
2013-06-03,441.57,620.6279,72.313286,474.43356,753.5685,279.13492,treino
2013-06-04,420.61,455.16495,54.499584,351.8849,558.9613,207.07642,treino
2013-06-05,407.48,406.40714,43.642197,309.50742,484.66776,175.16034,treino
2013-06-06,398.92,426.31165,49.154293,331.20477,519.469,188.26422,treino
2013-06-07,382.74,381.7184,46.36503,283.91132,464.8449,180.9336,treino
2013-06-08,352.56,354.63965,38.89385,275.25983,421.9356,146.67578,treino
2013-06-09,319.28,322.67606,36.438175,246.98631,388.9908,142.0045,treino
2013-06-10,309.61,305.78397,36.05644,231.63542,380.98572,149.3503,treino
2013-06-11,290.67,288.97726,31.131962,230.75978,347.72842,116.96864,treino
2013-06-12,275.37,274.2957,33.145237,200.75566,335.89667,135.141,treino
2013-06-13,261.33,263.1384,29.191046,205.23001,318.8093,113.579285,treino
2013-06-14,251.72,260.44833,28.846195,200.3165,312.4239,112.10739,treino
2013-06-15,232.71,254.16606,27.88912,202.01501,302.36658,100.35156,treino
2013-06-16,228.57,252.24693,27.322445,191.50584,300.90994,109.4041,treino
2013-06-17,219.67,281.50613,33.778164,213.70256,345.26816,131.5656,treino
2013-06-18,214.93,243.40279,24.80727,191.14755,291.6294,100.48184,treino
2013-06-19,211.34,238.26987,26.875456,186.51663,284.54776,98.03113,treino
2013-06-20,202.67,232.44763,24.096764,180.30154,271.81793,91.51639,treino
2013-06-21,206.52,233.93893,25.150223,186.16383,279.20786,93.04402,treino
2013-06-22,206.26,249.82887,29.157637,192.89005,301.33493,108.444885,treino
2013-06-23,202.47,231.08862,25.910154,179.53511,282.08868,102.55357,treino
2013-06-24,209.49,224.32558,25.549395,170.10692,268.73724,98.630325,treino
2013-06-25,211.21,222.10167,24.949167,166.30806,266.96707,100.65901,treino
2013-06-26,208.0,221.36044,27.067976,165.26451,269.84933,104.58482,treino
2013-06-27,208.57,221.10632,25.482462,172.94968,263.25888,90.309204,treino
2013-06-28,207.46,214.49428,23.106085,172.49738,263.26202,90.76465,treino
2013-06-29,205.96,232.74484,26.62616,183.42955,286.99164,103.56209,treino
2013-06-30,200.34,213.37056,23.125332,167.61464,256.15384,88.5392,treino
2013-07-01,196.28,211.68163,22.352001,162.68547,254.21527,91.5298,treino
2013-07-02,189.33,238.59805,29.468294,179.81966,295.2338,115.41414,treino
2013-07-03,186.24,210.76224,24.584696,154.67357,251.5621,96.888535,treino
2013-07-04,184.15,203.98203,22.671251,158.56389,248.25017,89.68628,treino
2013-07-05,185.31,203.19394,22.34144,157.88995,242.3886,84.49864,treino
2013-07-06,183.31,205.1729,21.837675,163.49823,244.87773,81.3795,treino
2013-07-07,183.33,201.80217,23.221212,161.37039,242.04578,80.675385,treino
2013-07-08,183.01,196.79935,22.883707,149.81432,241.21606,91.40175,treino
2013-07-09,182.29,199.28867,21.717813,151.10307,235.80865,84.70558,treino
2013-07-10,180.57,192.80934,21.64709,147.21376,230.3631,83.14934,treino
2013-07-11,186.53,192.48918,20.360172,151.31898,231.66003,80.34105,treino
2013-07-12,179.85,192.36076,22.26666,146.18854,231.85884,85.6703,treino
2013-07-13,183.82,191.58546,21.15336,149.59653,228.17513,78.5786,treino
2013-07-14,178.5,190.85205,21.586332,147.29399,232.56969,85.275696,treino
2013-07-15,178.91,188.24786,21.939627,142.59572,226.98412,84.3884,treino
2013-07-16,172.46,186.3231,21.446993,144.7354,229.11827,84.38287,treino
2013-07-17,179.44,179.25716,21.339539,133.37038,216.68887,83.3185,treino
2013-07-18,173.47,182.2616,19.548239,142.02075,217.36845,75.3477,treino
2013-07-19,175.73,185.28658,23.77407,140.38503,226.61069,86.22566,treino
2013-07-20,175.9,176.2079,22.523174,130.55527,220.3283,89.773026,treino
2013-07-21,172.63,173.32922,20.14314,132.7048,208.9231,76.21829,treino
2013-07-22,173.69,170.72772,19.834154,130.64325,206.29532,75.65207,treino
2013-07-23,170.27,170.1784,18.325605,134.33766,206.8656,72.52794,treino
2013-07-24,170.85,171.66585,19.717474,131.9135,207.48373,75.57024,treino
2013-07-25,164.47,162.13963,18.743307,125.53233,197.87033,72.338,treino
2013-07-26,166.47,171.55405,18.111057,130.6591,207.14987,76.49077,treino
2013-07-27,166.98,169.36581,21.917303,125.81502,211.11336,85.29834,treino
2013-07-28,171.22,174.3081,22.250471,129.36409,210.75993,81.39584,treino
2013-07-29,172.2,172.38863,19.727652,132.21852,212.58328,80.36476,treino
2013-07-30,164.53,170.25435,19.839397,126.521385,205.75978,79.238396,treino
2013-07-31,159.89,169.89014,19.284567,130.35056,205.72748,75.37692,treino
2013-08-01,153.22,165.82555,19.308731,126.77742,199.99861,73.22119,treino
2013-08-02,154.19,161.04579,19.368345,120.635025,194.32533,73.69031,treino
2013-08-03,144.87,163.66815,19.28938,124.41018,198.55894,74.148766,treino
2013-08-04,147.89,158.30093,18.910566,119.16145,191.76666,72.60521,treino
2013-08-05,143.26,153.90913,18.941664,115.502655,188.38094,72.87828,treino
2013-08-06,140.27,151.27122,18.40874,112.47977,183.3869,70.907135,treino
2013-08-07,141.97,151.11917,19.167213,115.18825,188.5539,73.36565,treino
2013-08-08,141.61,149.29129,18.521727,107.960655,184.20685,76.24619,treino
2013-08-09,134.33,147.83748,19.344475,108.8347,180.93806,72.10336,treino
2013-08-10,136.06,143.93634,17.530748,113.12393,177.37274,64.24881,treino
2013-08-11,134.06,142.92996,16.73452,111.05457,175.84677,64.7922,treino
2013-08-12,127.69,141.04675,17.924217,104.5252,172.72519,68.19999,treino
2013-08-13,131.69,139.63498,19.091785,97.61871,173.5253,75.906586,treino
2013-08-14,125.06,136.44385,17.678234,98.9821,165.13866,66.156555,treino
2013-08-15,127.06,132.87656,17.479925,96.92761,163.14774,66.22012,treino
2013-08-16,129.33,127.47961,15.905137,97.59978,156.81389,59.21411,treino
2013-08-17,127.06,130.4601,18.338669,89.664795,161.52496,71.86017,treino
2013-08-18,126.06,125.63021,17.543884,91.16129,156.57755,65.41625,treino
2013-08-19,125.06,137.56146,21.361477,95.93569,177.88153,81.94584,treino
2013-08-20,128.7,127.76863,16.186314,93.646416,156.70879,63.06237,treino
2013-08-21,121.06,124.12574,15.878577,89.21275,153.10149,63.888733,treino
2013-08-22,120.44,126.1488,15.587709,91.7775,156.23378,64.45628,treino
2013-08-23,119.44,136.31085,17.813337,100.51149,168.6982,68.18671,treino
2013-08-24,121.69,133.88065,16.312325,102.42778,162.30196,59.874176,treino
2013-08-25,115.16,126.52655,16.882668,92.62273,157.09709,64.474365,treino
2013-08-26,113.34,119.886826,16.143936,87.87337,149.91496,62.041595,treino
2013-08-27,112.34,118.29944,14.760399,88.9508,145.01527,56.064476,treino
2013-08-28,107.75,114.06755,16.217665,79.82983,146.05023,66.220406,treino
2013-08-29,112.19,109.57411,16.069534,76.79916,138.47656,61.677406,treino
2013-08-30,109.9,109.6856,15.937024,77.06633,137.57173,60.5054,treino
2013-08-31,101.78,108.143005,14.752697,78.705894,134.47737,55.771477,treino
2013-09-01,99.31,110.26056,15.62078,77.16471,136.2412,59.076485,treino
2013-09-02,93.38,106.41321,15.248162,78.10447,135.43181,57.32734,treino
2013-09-03,89.49,104.01999,15.042244,68.50645,129.6851,61.178658,treino
2013-09-04,89.31,118.3109,21.519148,75.5231,157.7303,82.2072,treino
2013-09-05,91.75,171.12991,35.482166,96.49257,233.31319,136.82062,treino
2013-09-06,91.41,109.57925,14.535731,80.78788,134.79399,54.00611,treino
2013-09-07,94.65,112.5321,15.340521,82.76463,140.61148,57.846848,treino
2013-09-08,99.12,113.929,15.835033,80.621185,140.04292,59.421738,treino
2013-09-09,97.47,119.60259,16.034664,88.99594,147.54526,58.549316,treino
2013-09-10,96.35,115.574646,16.488758,82.29043,145.31992,63.029488,treino
2013-09-11,99.5,118.98292,16.158953,86.91347,149.73799,62.824524,treino
2013-09-12,101.16,108.06922,14.803224,80.334114,134.88469,54.550575,treino
2013-09-13,102.64,106.583694,14.699163,78.08776,132.51668,54.428917,treino
2013-09-14,107.06,102.47096,15.0226,72.69955,129.39261,56.69306,treino
2013-09-15,106.06,103.95482,14.438829,75.90237,131.4885,55.58613,treino
2013-09-16,107.48,97.76935,14.010857,70.07728,122.939995,52.862717,treino
2013-09-17,105.26,119.35376,20.643297,78.65522,159.29816,80.64294,treino
2013-09-18,107.0,165.55927,54.512978,60.848454,270.41656,209.56812,treino
2013-09-19,109.78,122.35584,15.541645,89.25387,151.34732,62.093452,treino
2013-09-20,115.8,134.95071,20.269993,89.345924,170.00006,80.65414,treino
2013-09-21,117.89,133.60963,17.821878,96.158134,166.01634,69.85821,treino
2013-09-22,126.57,138.87646,18.424238,100.436424,172.67996,72.24354,treino
2013-09-23,129.94,171.08379,28.83247,111.908104,221.68565,109.77755,treino
2013-09-24,130.89,148.9954,22.179232,107.4525,190.55737,83.10487,treino
2013-09-25,139.1,127.71082,17.177929,91.06848,159.50351,68.43503,treino
2013-09-26,140.14,102.77146,14.121822,74.431526,128.86938,54.43786,treino
2013-09-27,139.09,103.19695,14.201189,74.09426,129.99341,55.899147,treino
2013-09-28,139.32,178.68053,22.472946,130.70168,219.58698,88.8853,treino
2013-09-29,134.96,141.26263,31.148647,72.36704,201.07173,128.70468,treino
2013-09-30,137.78,216.51549,61.21513,98.55978,332.74792,234.18814,treino
2013-10-01,138.06,190.58174,33.93958,119.46675,256.4333,136.96654,treino
2013-10-02,140.92,172.06778,24.717735,119.145584,215.72899,96.583405,treino
2013-10-03,135.21,150.71118,24.347818,102.434685,197.17581,94.74113,treino
2013-10-04,137.64,199.48125,25.974741,149.57327,244.3922,94.818924,treino
2013-10-05,141.69,226.37709,31.773117,166.85321,284.85678,118.00357,treino
2013-10-06,149.87,305.57227,37.388313,228.50769,369.72018,141.2125,treino
2013-10-07,149.53,301.1453,34.397457,228.82315,366.23746,137.4143,treino
2013-10-08,156.48,284.21744,39.695354,207.06125,358.11053,151.04929,treino
2013-10-09,155.56,257.24628,41.350647,179.80554,328.22714,148.4216,treino
2013-10-10,155.51,202.2968,25.38034,152.80606,249.67032,96.86426,treino
2013-10-11,150.06,177.19809,20.76446,130.68422,213.3837,82.69948,treino
2013-10-12,149.35,169.98157,21.009205,128.34912,209.50859,81.15947,treino
2013-10-13,148.57,169.0352,18.699133,131.26141,203.01163,71.75021,treino
2013-10-14,156.38,160.07848,19.228014,117.94806,193.85136,75.903305,treino
2013-10-15,154.75,151.6779,19.124165,111.43531,184.04861,72.613304,treino
2013-10-16,161.84,169.01488,34.53941,101.0725,233.7615,132.689,treino
2013-10-17,166.92,265.37845,60.267673,151.43434,382.49185,231.05751,treino
2013-10-18,188.36,299.91608,50.20135,196.89415,398.97995,202.0858,treino
2013-10-19,209.31,392.63983,56.338844,271.85242,493.23434,221.38193,treino
2013-10-20,234.19,291.0598,32.023556,224.52826,345.6605,121.13223,treino
2013-10-21,243.63,366.93024,40.693996,284.45157,441.17868,156.72711,treino
2013-10-22,258.61,334.24582,36.415825,253.96912,402.41772,148.44861,treino
2013-10-23,258.04,273.8131,31.155983,210.26096,327.38037,117.119415,treino
2013-10-24,237.67,237.35565,27.648453,186.4975,290.75232,104.25482,treino
2013-10-25,226.58,219.40297,25.356565,169.20192,263.69537,94.493454,treino
2013-10-26,209.36,200.56255,23.29424,157.23425,244.70477,87.47052,treino
2013-10-27,190.76,188.48761,22.24987,142.26201,230.03104,87.76903,treino
2013-10-28,170.85,171.84512,20.506512,128.2255,206.70514,78.479645,treino
2013-10-29,167.7,182.06418,33.252472,119.33566,242.7981,123.46243,treino
2013-10-30,156.98,160.32321,23.065224,119.58009,201.81926,82.23917,treino
2013-10-31,154.29,162.12718,23.073742,120.09904,204.3935,84.29446,treino
2013-11-01,151.88,143.97752,17.527552,102.612366,173.7621,71.149734,treino
2013-11-02,157.96,158.5931,18.526184,122.55097,191.24432,68.69335,treino
2013-11-03,155.72,158.15552,19.463863,119.93645,194.30289,74.36644,treino
2013-11-04,152.41,162.2513,20.453688,119.48461,197.9105,78.425896,treino
2013-11-05,164.2,177.03456,21.732584,130.72629,217.36606,86.63977,treino
2013-11-06,168.93,286.70435,67.385216,145.26805,420.09784,274.82977,treino
2013-11-07,184.19,256.59375,54.32133,150.53618,360.68198,210.1458,treino
2013-11-08,208.27,262.88885,49.974102,161.60864,362.8438,201.23517,treino
2013-11-09,222.69,194.71706,21.334476,150.5094,231.78069,81.271286,treino
2013-11-10,225.62,202.54619,23.41222,158.09285,246.91783,88.82498,treino
2013-11-11,230.94,246.03984,27.725533,189.76724,298.11438,108.34714,treino
2013-11-12,228.73,246.94847,27.404686,188.68939,293.98175,105.29236,treino
2013-11-13,225.37,324.43994,53.484547,226.28334,423.03778,196.75444,treino
2013-11-14,219.58,178.90765,21.088627,139.87012,218.90292,79.03281,treino
2013-11-15,212.58,167.0373,19.939363,126.71998,201.31134,74.59136,treino
2013-11-16,205.01,144.65665,16.749329,115.49649,175.81766,60.321167,treino
2013-11-17,203.22,165.31673,28.390839,109.04624,217.86075,108.81451,treino
2013-11-18,198.8,221.25449,51.318836,111.49152,317.82483,206.33331,treino
2013-11-19,197.58,130.22691,17.218159,93.1398,160.82263,67.68283,treino
2013-11-20,209.58,117.16662,15.393438,88.87174,144.86739,55.995644,treino
2013-11-21,224.16,115.85879,15.637515,82.065125,143.00368,60.938553,treino
2013-11-22,243.52,132.33383,20.877878,93.76033,173.14897,79.38864,treino
2013-11-23,272.67,201.25528,41.07016,121.94537,275.29175,153.34637,treino
2013-11-24,318.54,226.08263,41.466164,145.78893,305.0091,159.22017,treino
2013-11-25,400.77,326.94308,74.76495,172.90479,461.0927,288.18793,treino
2013-11-26,476.0,461.8198,109.08042,248.76869,674.98663,426.21796,treino
2013-11-27,533.87,483.34824,59.48345,372.83414,601.14716,228.31302,treino
2013-11-28,582.17,650.532,75.40631,493.08984,793.31274,300.2229,treino
2013-11-29,609.31,899.02563,106.93415,689.87726,1083.7654,393.88812,treino
2013-11-30,623.46,897.2655,107.33052,669.5591,1081.5039,411.94482,treino
2013-12-01,641.82,912.7081,123.180046,649.2501,1154.8025,505.55237,treino
2013-12-02,682.33,633.5365,68.83257,490.4433,756.3423,265.899,treino
2013-12-03,711.27,694.72144,85.76575,514.68695,843.0264,328.33948,treino
2013-12-04,756.56,632.1714,74.91708,468.70258,759.08997,290.3874,treino
2013-12-05,771.71,627.6452,71.05619,489.40018,757.28204,267.88187,treino
2013-12-06,801.86,868.44556,128.9389,610.49817,1122.4136,511.9154,treino
2013-12-07,800.86,681.81274,78.0413,524.51733,833.28546,308.76813,treino
2013-12-08,806.65,692.781,84.26223,494.65768,835.0417,340.384,treino
2013-12-09,814.22,673.32983,82.22341,495.81427,825.27454,329.46027,treino
2013-12-10,882.67,563.3063,66.82334,437.86655,687.0923,249.22574,treino
2013-12-11,901.68,848.4722,123.30087,610.00635,1093.2823,483.276,treino
2013-12-12,1020.6,753.66675,102.83224,564.74866,940.13617,375.3875,treino
2013-12-13,1133.72,778.9404,91.032295,600.21606,947.48114,347.26508,treino
2013-12-14,1159.57,815.3382,93.51735,629.74115,988.2767,358.53552,treino
2013-12-15,1171.0,777.4218,92.37997,593.4393,937.49585,344.05658,treino
2013-12-16,1161.29,837.8869,104.2871,596.66187,1017.40045,420.7386,treino
2013-12-17,1120.72,779.40295,96.650635,584.7544,962.6339,377.87952,treino
2013-12-18,1086.16,704.7439,81.87348,540.24695,859.6275,319.38055,treino
2013-12-19,1056.59,690.29346,80.24317,546.11835,847.0206,300.90228,treino
2013-12-20,1021.03,775.4958,88.948906,604.0498,944.83246,340.78265,treino
2013-12-21,1052.59,899.64856,134.00533,589.3945,1132.2346,542.84015,treino
2013-12-22,1442.95,738.2523,90.36665,549.51697,904.30664,354.78967,treino
2013-12-23,1408.27,718.70374,82.512,540.20233,862.06445,321.86212,treino
2013-12-24,1194.54,799.5248,99.90711,587.1311,983.2114,396.08032,treino
2013-12-25,1069.62,736.7629,79.76391,576.5261,883.7192,307.19305,treino
2013-12-26,925.34,912.3281,106.71883,698.8374,1110.1875,411.3501,treino
2013-12-27,863.92,932.3853,106.32461,725.1587,1126.6412,401.48254,treino
2013-12-28,787.65,749.3686,89.69337,556.19116,929.14166,372.9505,treino
2013-12-29,803.39,674.61945,74.35633,522.23956,807.5473,285.30774,treino
2013-12-30,681.33,626.3909,72.10212,489.51324,764.628,275.11475,treino
2013-12-31,673.27,576.43164,67.48336,444.76508,711.0938,266.32874,treino
2014-01-01,694.61,497.71494,55.774136,384.8218,599.2689,214.44711,treino
2014-01-02,617.6,430.69513,45.923656,338.81635,513.03937,174.22302,treino
2014-01-03,573.81,451.00912,49.87545,351.109,541.6777,190.56866,treino
2014-01-04,472.0,442.0771,50.487755,320.4481,527.0608,206.6127,treino
2014-01-05,404.75,404.32837,44.88673,315.30875,488.2729,172.96414,treino
2014-01-06,357.88,340.1701,38.744957,261.8338,411.314,149.4802,treino
2014-01-07,311.72,305.14798,34.888184,233.79416,365.3028,131.50864,treino
2014-01-08,339.62,279.42365,32.39106,214.92413,341.36066,126.43652,treino
2014-01-09,290.73,262.17285,29.580622,206.15614,314.68823,108.53209,treino
2014-01-10,292.67,258.21863,29.231691,207.08215,313.71756,106.63541,treino
2014-01-11,227.74,268.9657,32.371902,204.19586,322.84497,118.64911,treino
2014-01-12,214.34,234.00774,27.252485,175.61525,277.83392,102.21867,treino
2014-01-13,202.24,229.18419,27.12688,171.5593,274.1118,102.55249,treino
2014-01-14,210.22,217.25002,26.232561,165.11586,263.22415,98.10829,treino
2014-01-15,211.94,248.27997,34.334984,173.62794,309.83548,136.20753,treino
2014-01-16,235.81,201.60854,22.258217,153.70007,241.70236,88.00229,treino
2014-01-17,258.5,203.82445,28.045048,146.09975,254.56372,108.463974,treino
2014-01-18,296.5,302.83905,38.90994,225.24037,374.9334,149.69304,treino
2014-01-19,341.43,448.6676,68.49372,301.91165,564.596,262.68436,treino
2014-01-20,360.12,331.1006,39.59909,253.96892,400.71613,146.74721,treino
2014-01-21,419.32,426.83026,48.013767,326.15823,517.4055,191.24728,treino
2014-01-22,431.39,493.13202,68.06822,356.52994,616.9504,260.42044,treino
2014-01-23,428.3,564.7433,71.70287,429.94724,697.00745,267.0602,treino
2014-01-24,398.9,387.00357,42.259735,295.69037,461.89655,166.20618,treino
2014-01-25,397.31,385.51297,46.064335,290.6009,464.6329,174.03201,treino
2014-01-26,365.0,336.7924,39.532066,253.47617,400.24884,146.77267,treino
2014-01-27,297.35,322.48026,37.520542,233.85143,389.01367,155.16225,treino
2014-01-28,243.28,354.55893,45.184975,260.93204,428.33505,167.40302,treino
2014-01-29,214.11,257.82294,29.60197,201.1003,314.63495,113.53465,treino
2014-01-30,196.59,232.78014,26.507101,178.07692,282.85944,104.78252,treino
2014-01-31,173.86,216.48024,23.6063,166.5997,261.32007,94.72037,treino
2014-02-01,154.14,205.77592,22.81136,155.01634,245.26678,90.25044,treino
2014-02-02,131.29,190.77846,22.956083,146.01918,230.92929,84.91011,treino
2014-02-03,113.4,182.5199,21.936491,133.41147,220.9716,87.560135,treino
2014-02-04,108.13,177.49138,21.248854,135.48082,215.84167,80.360855,treino
2014-02-05,104.35,174.03984,20.070677,128.78122,212.03548,83.25426,treino
2014-02-06,105.24,164.50421,19.035261,124.8893,197.45557,72.56627,treino
2014-02-07,97.52,155.80092,19.830301,117.91405,187.89034,69.97629,treino
2014-02-08,90.22,147.55074,18.145782,108.84398,181.14407,72.300095,treino
2014-02-09,90.81,136.02605,17.81396,100.325485,166.57915,66.25366,treino
2014-02-10,92.41,135.63841,16.491089,101.25894,166.4076,65.14865,treino
2014-02-11,94.83,127.69069,16.437658,93.80816,159.50462,65.696465,treino
2014-02-12,99.34,125.164986,16.122244,91.720406,154.38673,62.66633,treino
2014-02-13,102.56,141.7912,19.229803,103.98503,180.13788,76.15285,treino
2014-02-14,98.09,154.90257,30.457336,95.94355,210.23975,114.296196,treino
2014-02-15,97.61,172.53699,26.525393,119.71176,218.74646,99.0347,treino
2014-02-16,103.7,125.45985,17.636606,90.227234,157.76624,67.539,treino
2014-02-17,114.46,165.25932,34.97565,98.16245,231.26138,133.09894,treino
2014-02-18,138.93,131.31645,22.02032,87.388596,171.91345,84.52486,treino
2014-02-19,151.84,164.02115,21.966202,115.65476,201.26962,85.61486,treino
2014-02-20,166.71,165.40498,19.572247,121.91026,203.91386,82.0036,treino
2014-02-21,171.07,193.17467,23.280548,142.4892,230.28812,87.79892,treino
2014-02-22,168.29,174.95166,21.536602,132.09312,212.51001,80.416885,treino
2014-02-23,156.71,144.22948,18.363255,109.82986,178.07124,68.24139,treino
2014-02-24,153.94,129.97707,16.892689,98.48362,160.44208,61.958458,treino
2014-02-25,143.37,120.947174,16.833727,86.925125,152.29482,65.36969,treino
2014-02-26,138.58,116.799416,17.52651,80.44157,148.79602,68.354454,treino
2014-02-27,128.01,106.40853,16.160557,73.81532,133.75731,59.941986,treino
2014-02-28,124.22,265.46338,59.205624,139.9801,372.60153,232.62143,treino
2014-03-01,118.44,274.52786,52.30549,162.19762,369.73022,207.53261,treino
2014-03-02,131.01,186.30759,24.229132,135.44836,230.15508,94.70671,treino
2014-03-03,142.58,203.48396,30.611921,146.70592,264.16696,117.461044,treino
2014-03-04,174.24,177.14526,19.43723,138.47337,211.43604,72.96266,treino
2014-03-05,217.11,159.49094,21.386541,118.57267,199.52856,80.955894,treino
2014-03-06,269.19,178.66237,27.092583,119.74516,227.57826,107.8331,treino
2014-03-07,298.13,366.27637,71.110306,231.76907,507.07736,275.3083,treino
2014-03-08,298.13,252.35487,37.983383,169.4746,318.2807,148.8061,treino
2014-03-09,286.56,264.80548,34.432384,195.83221,328.13303,132.30081,treino
2014-03-10,264.41,401.90973,48.96905,300.19116,485.6159,185.42474,treino
2014-03-11,241.26,265.62625,31.865404,202.80656,321.85825,119.05168,treino
2014-03-12,195.96,236.92325,27.094242,183.07164,284.19574,101.1241,treino
2014-03-13,167.03,214.7575,24.690159,166.08565,260.475,94.38936,treino
2014-03-14,143.88,178.58838,22.446886,133.3693,221.0805,87.71121,treino
2014-03-15,132.31,153.83968,19.950943,113.95647,188.24292,74.28645,treino
2014-03-16,114.53,140.1308,20.469847,96.063446,174.99336,78.92992,treino
2014-03-17,117.53,127.32544,16.385897,95.307495,157.3601,62.052612,treino
2014-03-18,119.6,116.04275,16.51216,82.69134,147.99074,65.2994,treino
2014-03-19,115.52,110.88569,16.477545,76.53152,142.32896,65.79745,treino
2014-03-20,127.33,93.89024,14.338184,64.626755,122.46287,57.836113,treino
2014-03-21,139.68,124.1671,17.450176,88.73566,158.2526,69.51694,treino
2014-03-22,166.69,129.59282,21.026558,86.514626,165.52026,79.00564,treino
2014-03-23,192.84,129.51054,17.823502,89.656044,159.83417,70.17812,treino
2014-03-24,200.56,258.37262,74.49249,116.14372,393.68475,277.54102,treino
2014-03-25,183.89,192.02895,26.519604,137.18936,236.22679,99.03743,treino
2014-03-26,184.41,175.32693,20.41506,129.08315,212.88966,83.80652,treino
2014-03-27,183.56,150.35475,18.721487,113.52413,182.10643,68.5823,treino
2014-03-28,176.77,128.78827,18.871832,92.32762,161.00348,68.67586,treino
2014-03-29,188.81,145.52533,21.58576,102.47259,185.83452,83.36193,treino
2014-03-30,197.44,124.303734,16.423716,91.234,152.77396,61.539955,treino
2014-03-31,217.56,198.93205,36.244972,126.80789,263.85724,137.04935,treino
2014-04-01,239.78,224.37195,37.971558,154.11049,296.36307,142.25258,treino
2014-04-02,251.78,400.48203,72.35194,249.74219,528.86816,279.12598,treino
2014-04-03,265.0,311.63943,38.455727,237.3052,384.4359,147.1307,treino
2014-04-04,271.22,291.67413,34.509884,225.19507,352.2179,127.02283,treino
2014-04-05,272.22,278.87302,28.793179,226.01256,331.4258,105.41325,treino
2014-04-06,260.11,275.55383,30.723433,212.15775,335.60068,123.44293,treino
2014-04-07,244.44,231.60516,27.016596,175.4625,278.97614,103.51364,treino
2014-04-08,238.89,192.54504,22.616804,145.36299,229.78693,84.423935,treino
2014-04-09,232.78,161.84415,20.366194,119.844215,201.08493,81.240715,treino
2014-04-10,227.78,181.82275,22.896648,137.19914,220.64897,83.44983,treino
2014-04-11,211.11,204.80016,44.917095,110.66415,283.51056,172.8464,treino
2014-04-12,194.44,331.0586,55.518238,218.23305,421.59665,203.3636,treino
2014-04-13,192.06,155.12807,19.696987,112.13247,192.9844,80.85194,treino
2014-04-14,186.34,327.40024,51.59778,226.52983,421.09158,194.56175,treino
2014-04-15,180.56,239.85533,34.323414,175.26602,308.48828,133.22226,treino
2014-04-16,175.77,213.09918,26.066164,154.24126,261.23285,106.99159,treino
2014-04-17,187.04,263.83743,39.8365,174.51361,337.9628,163.44919,treino
2014-04-18,177.78,268.2517,38.68719,188.92274,336.95435,148.0316,treino
2014-04-19,183.44,196.81956,23.066322,138.75822,233.97319,95.214966,treino
2014-04-20,197.44,270.392,42.27528,191.61919,350.87558,159.2564,treino
2014-04-21,210.67,203.84828,24.942423,153.8885,250.83607,96.94757,treino
2014-04-22,214.67,165.77884,19.05032,126.93734,204.03711,77.09977,treino
2014-04-23,211.74,232.30904,47.77613,145.23138,326.05765,180.82626,treino
2014-04-24,193.49,177.36842,21.273556,134.47372,215.78535,81.31163,treino
2014-04-25,171.77,185.21835,23.050852,137.93431,227.77477,89.840454,treino
2014-04-26,148.62,178.55048,20.775873,137.34236,215.92488,78.58252,treino
2014-04-27,136.36,196.60648,21.139526,151.7839,232.58757,80.803665,treino
2014-04-28,135.33,199.73805,22.863277,150.19052,239.56813,89.37761,treino
2014-04-29,126.36,184.451,21.474136,141.02216,222.41345,81.3913,treino
2014-04-30,122.47,155.89111,19.83861,114.03194,193.88669,79.85475,treino
2014-05-01,121.59,131.40869,16.79853,100.5845,162.61885,62.034348,treino
2014-05-02,120.22,120.801155,16.170502,84.79146,150.59702,65.80556,treino
2014-05-03,120.22,112.70652,15.041571,79.28511,141.30067,62.015564,treino
2014-05-04,115.13,109.3959,14.475498,78.420044,135.32039,56.900345,treino
2014-05-05,119.69,105.31913,15.466592,73.24869,133.58072,60.33203,treino
2014-05-06,122.5,100.19893,14.3996315,71.44985,124.50794,53.05809,treino
2014-05-07,121.11,98.72219,14.925923,68.6401,125.29159,56.65149,treino
2014-05-08,122.66,96.72025,15.112539,67.788246,123.22739,55.43914,treino
2014-05-09,120.11,120.57944,18.406778,85.77465,155.1922,69.41755,treino
2014-05-10,118.1,95.64619,14.766186,62.01849,120.86302,58.844532,treino
2014-05-11,103.44,99.28913,14.131071,70.75908,123.76902,53.00994,treino
2014-05-12,93.49,88.00219,14.019834,56.85303,111.92489,55.071857,treino
2014-05-13,90.96,90.18382,14.736101,60.480793,118.16206,57.68127,treino
2014-05-14,84.08,85.8669,13.210211,56.243748,109.77294,53.529194,treino
2014-05-15,88.48,80.20451,12.5277815,53.74481,104.40944,50.66463,treino
2014-05-16,84.39,81.23836,12.071513,58.01313,102.72755,44.714417,treino
2014-05-17,88.56,78.13528,12.371982,54.867535,103.23313,48.365597,treino
2014-05-18,88.22,86.36819,15.842742,55.451958,116.05177,60.599815,treino
2014-05-19,91.33,76.30884,13.158628,49.680473,99.716286,50.035812,treino
2014-05-20,88.33,78.45942,12.984189,52.69852,102.19333,49.49481,treino
2014-05-21,84.78,75.43342,13.114596,47.659904,98.277695,50.61779,treino
2014-05-22,85.33,76.9316,11.789041,54.613323,97.61924,43.005917,treino
2014-05-23,83.78,75.70381,13.15015,48.059727,103.04869,54.988964,treino
2014-05-24,84.78,78.293594,12.270538,53.51782,98.72682,45.209003,treino
2014-05-25,87.32,73.73799,12.601034,48.96218,97.04986,48.087677,treino
2014-05-26,88.18,98.42566,18.90574,64.00377,132.94888,68.945114,treino
2014-05-27,88.48,99.81401,24.485346,50.577835,146.89337,96.31554,treino
2014-05-28,84.78,76.60324,12.029148,53.57372,98.550354,44.976635,treino
2014-05-29,80.67,82.129875,12.264338,58.00546,103.757126,45.751667,treino
2014-05-30,80.11,85.82219,13.184133,59.86321,111.30309,51.439884,treino
2014-05-31,80.67,97.1385,13.752135,69.90968,125.54778,55.6381,treino
2014-06-01,75.11,89.93973,13.28568,62.650234,114.3434,51.693165,treino
2014-06-02,81.67,75.31831,13.705079,50.6484,101.56155,50.913147,treino
2014-06-03,71.56,79.607666,13.307556,52.99367,103.9234,50.92973,treino
2014-06-04,81.67,77.84732,12.653391,53.70839,100.64661,46.938217,treino
2014-06-05,80.67,79.55018,13.327427,54.333958,103.71223,49.37827,treino
2014-06-06,76.22,75.19301,12.349825,50.72324,98.58975,47.866512,treino
2014-06-07,76.22,75.22013,12.591733,46.72767,98.02102,51.29335,treino
2014-06-08,73.29,75.523346,12.9003525,50.852043,100.8422,49.990158,treino
2014-06-09,75.6,73.45849,12.621903,49.958965,97.242714,47.28375,treino
2014-06-10,82.31,70.2906,12.538648,48.936123,94.46787,45.53175,treino
2014-06-11,81.78,67.3946,11.831299,42.899227,87.45431,44.55508,treino
2014-06-12,77.22,65.83108,12.72242,41.278767,92.89856,51.619793,treino
2014-06-13,77.22,63.21936,11.591127,40.455006,85.626,45.170994,treino
2014-06-14,78.22,61.11351,11.615842,37.28291,82.71582,45.43291,treino
2014-06-15,72.67,58.981102,11.759356,35.610363,80.248825,44.638462,treino
2014-06-16,71.67,56.628777,10.942404,34.36534,77.499084,43.133743,treino
2014-06-17,67.11,56.09281,11.081466,33.67221,77.37944,43.70723,treino
2014-06-18,68.11,55.407127,11.329777,30.955877,76.15933,45.203453,treino
2014-06-19,68.11,56.30288,11.144376,34.688713,75.48942,40.800705,treino
2014-06-20,68.11,56.872883,11.592641,32.77822,78.506836,45.728615,treino
2014-06-21,63.56,55.425613,12.100634,29.819693,80.22363,50.40394,treino
2014-06-22,63.56,54.559425,10.927596,33.517746,74.75169,41.233948,treino
2014-06-23,66.56,53.999596,11.342267,28.888159,75.33102,46.442856,treino
2014-06-24,62.01,54.055756,12.532299,27.283388,77.14378,49.860397,treino
2014-06-25,64.56,53.907757,11.192828,30.524734,76.612335,46.0876,treino
2014-06-26,64.56,52.84287,11.519528,29.805803,74.41135,44.605545,treino
2014-06-27,59.0,54.557316,11.823735,29.925901,73.02902,43.10312,treino
2014-06-28,60.0,54.30029,11.611691,31.519672,75.4333,43.913624,treino
2014-06-29,60.0,53.965034,12.913928,28.551136,79.1369,50.585766,treino
2014-06-30,60.0,52.268547,11.532675,30.284382,74.83456,44.550175,treino
2014-07-01,55.44,52.20432,12.11767,28.694857,74.75473,46.059875,treino
2014-07-02,56.0,52.20287,11.384131,32.098267,77.22956,45.131294,treino
2014-07-03,58.56,52.84316,11.747802,29.023703,79.14637,50.122665,treino
2014-07-04,57.56,49.54091,11.531201,28.133432,73.64613,45.512703,treino
2014-07-05,57.56,50.746384,12.376598,25.926466,72.33656,46.410095,treino
2014-07-06,57.67,49.936638,11.157862,30.438911,71.55274,41.11383,treino
2014-07-07,53.46,50.220695,11.396629,27.710722,72.73388,45.023155,treino
2014-07-08,55.93,49.119617,11.415329,26.275398,69.88238,43.60698,treino
2014-07-09,56.63,49.873215,10.4169445,28.90271,71.161545,42.258835,treino
2014-07-10,50.0,55.02237,13.292768,31.24606,81.77535,50.529293,treino
2014-07-11,50.0,54.055607,14.503921,27.053352,79.995995,52.942642,treino
2014-07-12,50.0,48.48279,10.786363,25.844406,69.88726,44.042854,treino
2014-07-13,48.44,48.323353,12.212627,22.889841,71.75742,48.867584,treino
2014-07-14,48.44,47.41472,11.451131,23.74147,69.749084,46.007614,treino
2014-07-15,49.44,48.530704,11.800816,25.60081,71.94697,46.34616,treino
2014-07-16,51.89,48.729816,12.071397,27.874212,72.74745,44.873238,treino
2014-07-17,51.33,49.38915,11.943379,25.83339,71.008415,45.175026,treino
2014-07-18,54.11,47.512627,11.6947,23.73246,69.40198,45.669518,treino
2014-07-19,58.58,48.72058,11.6367235,28.223213,72.604774,44.38156,treino
2014-07-20,67.38,47.678493,11.740256,25.149954,70.760796,45.61084,treino
2014-07-21,72.24,46.464195,11.169057,25.208574,68.02538,42.81681,treino
2014-07-22,78.03,46.046455,11.334339,25.326683,69.37909,44.052406,treino
2014-07-23,86.44,44.515,10.871331,24.16326,65.778366,41.615105,treino
2014-07-24,97.78,43.987312,10.418513,25.207396,65.76144,40.55404,treino
2014-07-25,104.49,154.55975,51.254337,50.411823,258.0907,207.67888,treino
2014-07-26,108.19,105.291214,34.079857,38.533535,169.97171,131.43817,treino
2014-07-27,107.5,166.87363,51.15884,62.701157,269.6505,206.94936,treino
2014-07-28,107.96,132.15575,28.073956,77.02633,186.15636,109.13003,treino
2014-07-29,107.96,90.66414,12.877859,66.71401,113.51733,46.803314,treino
2014-07-30,107.5,97.980156,14.864273,69.41591,125.83265,56.41674,treino
2014-07-31,103.33,104.87243,14.785618,73.565094,130.45508,56.889984,treino
2014-08-01,99.17,92.89995,14.89199,61.930637,118.62218,56.69154,treino
2014-08-02,95.15,79.85468,13.659926,53.13326,107.127045,53.993786,treino
2014-08-03,90.0,69.493065,12.877494,44.329506,94.20176,49.872253,treino
2014-08-04,82.06,63.09912,11.940378,39.79268,85.39914,45.60646,treino
2014-08-05,75.5,61.53651,12.272802,37.980305,85.75559,47.775288,treino
2014-08-06,66.78,55.21769,11.884892,33.460567,78.94251,45.481945,treino
2014-08-07,62.15,55.03222,11.237499,31.35159,75.38424,44.03265,treino
2014-08-08,56.75,50.859283,11.313442,28.383646,70.8467,42.46306,treino
2014-08-09,56.36,49.422813,11.805376,25.451378,71.98215,46.53077,treino
2014-08-10,56.59,51.403805,11.82341,30.62988,74.98728,44.3574,treino
2014-08-11,58.44,47.100643,12.090891,27.085596,71.053955,43.96836,treino
2014-08-12,58.75,45.51187,11.117176,22.810482,65.44773,42.63725,treino
2014-08-13,60.06,45.30865,11.245157,22.83019,67.37265,44.542458,treino
2014-08-14,56.59,43.795822,10.685192,21.06133,63.590813,42.52948,treino
2014-08-15,54.74,45.872246,10.975148,24.88628,67.665535,42.779255,treino
2014-08-16,52.89,44.890102,11.385893,23.691133,65.89272,42.20159,treino
2014-08-17,49.26,44.159473,12.10877,23.222404,67.41004,44.187637,treino
2014-08-18,47.41,44.817913,11.38257,22.596561,65.40072,42.804157,treino
2014-08-19,45.29,42.5897,10.982398,21.454441,63.143566,41.689125,treino
2014-08-20,43.38,43.188324,11.569739,22.977415,65.52394,42.546524,treino
2014-08-21,44.69,43.11203,12.241798,18.889675,66.134026,47.24435,treino
2014-08-22,44.92,44.46681,11.35547,23.885082,68.47839,44.59331,treino
2014-08-23,45.61,43.989662,11.385306,22.291546,67.56088,45.269337,treino
2014-08-24,45.92,42.46057,10.78585,20.348106,64.24576,43.89765,treino
2014-08-25,50.78,42.206715,11.760507,20.177307,67.23724,47.059937,treino
2014-08-26,49.87,42.411797,12.505253,16.83435,65.69743,48.863083,treino
2014-08-27,50.47,41.933987,12.243788,18.981028,66.02012,47.039093,treino
2014-08-28,49.47,40.61006,11.854001,18.731163,63.488625,44.75746,treino
2014-08-29,50.47,43.527283,14.906986,13.837073,71.12374,57.286667,treino
2014-08-30,49.47,40.312527,10.550533,20.247974,60.157932,39.909958,treino
2014-08-31,45.61,39.883286,11.482627,16.545568,60.93623,44.390663,treino
2014-09-01,40.75,39.51285,11.74233,17.862537,65.21173,47.349194,treino
2014-09-02,38.61,39.726112,12.441289,15.100023,62.48725,47.38723,treino
2014-09-03,41.33,42.484722,15.332205,12.364093,73.074776,60.710682,treino
2014-09-04,41.33,49.727627,12.412211,26.882427,75.952644,49.070217,treino
2014-09-05,41.33,40.846333,12.1023245,17.858765,64.973656,47.11489,treino
2014-09-06,42.33,42.605213,11.920419,18.32484,64.54809,46.223248,treino
2014-09-07,36.47,41.203835,12.460473,17.01581,65.14167,48.125862,treino
2014-09-08,27.75,42.11971,11.880447,20.68446,65.71029,45.02583,treino
2014-09-09,27.75,40.922935,12.648914,16.664227,66.6179,49.95367,treino
2014-09-10,22.89,41.22733,12.362164,19.323982,66.83319,47.50921,treino
2014-09-11,22.89,40.666344,12.392904,17.579155,64.5267,46.947548,treino
2014-09-12,22.89,40.52148,12.280239,16.750368,65.624054,48.873688,treino
2014-09-13,28.75,39.309643,12.056499,12.796177,63.23984,50.443665,treino
2014-09-14,29.75,40.440685,11.614926,16.740335,63.178196,46.43786,treino
2014-09-15,29.75,38.24457,12.309529,15.931753,62.774918,46.843163,treino
2014-09-16,32.61,39.3128,12.561524,15.399576,62.68245,47.282875,treino
2014-09-17,28.75,39.13926,12.36583,17.599176,62.50756,44.908386,treino
2014-09-18,31.61,36.87804,11.520171,17.116022,60.46981,43.35379,treino
2014-09-19,35.61,37.446857,11.449627,16.065357,59.085716,43.02036,treino
2014-09-20,39.47,37.24742,11.86364,15.315135,60.76723,45.452095,treino
2014-09-21,39.47,36.580433,12.614532,14.083236,62.554886,48.47165,treino
2014-09-22,34.61,33.443428,10.080062,13.451025,53.42045,39.96942,treino
2014-09-23,29.75,37.681732,11.902729,15.832041,60.639355,44.807312,treino
2014-09-24,26.89,37.154552,11.184075,17.542618,59.788834,42.246216,treino
2014-09-25,28.89,38.592907,11.514658,17.576666,62.147488,44.570824,treino
2014-09-26,25.61,38.085583,11.822627,16.288715,61.87039,45.581676,treino
2014-09-27,21.89,38.922935,12.5576515,15.039674,63.31097,48.271297,treino
2014-09-28,21.03,37.902798,13.406308,13.367229,66.39618,53.02895,treino
2014-09-29,16.17,46.491047,13.680322,19.993504,73.93646,53.94296,treino
2014-09-30,16.17,38.402416,11.462528,17.836077,59.930588,42.094513,treino
2014-10-01,16.03,40.100677,13.196936,16.854786,66.61979,49.765003,treino
2014-10-02,14.89,63.838516,20.619946,21.565369,107.15198,85.58661,treino
2014-10-03,14.19,39.041378,12.171481,16.000774,64.157616,48.15684,treino
2014-10-04,13.5,39.471367,12.774787,14.557667,64.42541,49.86774,treino
2014-10-05,13.19,37.45598,12.336547,14.770393,62.90631,48.135918,treino
2014-10-06,9.41,37.625046,11.202332,16.488367,60.78196,44.293594,treino
2014-10-07,11.33,36.601738,11.532914,16.015461,62.02138,46.00592,treino
2014-10-08,11.42,46.349113,12.09646,24.191902,70.28562,46.09372,treino
2014-10-09,11.51,37.209015,11.809745,15.21591,58.929455,43.713547,treino
2014-10-10,11.67,37.670925,11.702326,15.293446,60.125114,44.83167,treino
2014-10-11,12.37,37.62715,11.831827,15.667669,59.618763,43.951096,treino
2014-10-12,16.85,38.062397,12.455753,15.036651,64.70302,49.666367,treino
2014-10-13,16.54,37.103466,11.412496,15.679463,58.82073,43.141266,treino
2014-10-14,16.15,38.11712,11.620145,15.982761,61.371185,45.388424,treino
2014-10-15,19.85,37.603416,11.855229,14.221626,59.46216,45.240532,treino
2014-10-16,21.09,37.787704,12.016469,15.731346,61.14731,45.415962,treino
2014-10-17,23.33,36.748447,12.345089,13.21419,60.17949,46.9653,treino
2014-10-18,18.7,38.235477,12.254556,13.028918,60.373436,47.344517,treino
2014-10-19,16.85,49.01777,12.494496,23.337599,74.610435,51.272835,treino
2014-10-20,14.54,47.134365,13.088045,22.402176,72.65302,50.250847,treino
2014-10-21,17.55,158.75832,36.218056,85.64029,224.74596,139.10567,treino
2014-10-22,23.25,52.451538,21.447752,11.20118,99.99673,88.79555,treino
2014-10-23,27.8,40.772514,11.707876,19.020271,62.092777,43.072506,treino
2014-10-24,27.33,41.17115,12.090316,17.906446,65.26052,47.354073,treino
2014-10-25,27.8,58.95642,15.062059,32.79725,90.73068,57.933434,treino
2014-10-26,30.65,111.94539,41.43809,34.517704,192.91147,158.39377,treino
2014-10-27,38.98,100.49723,34.806797,29.735703,159.41519,129.67949,treino
2014-10-28,47.17,53.64469,11.216105,30.451733,74.167595,43.715862,treino
2014-10-29,53.75,46.22455,11.730163,23.157377,68.62916,45.47178,treino
2014-10-30,65.03,48.49784,11.347936,27.17952,70.71646,43.53694,treino
2014-10-31,82.62,244.98695,42.88917,152.41335,319.19833,166.78499,treino
2014-11-01,82.62,87.46343,25.49563,37.454018,135.58249,98.12847,treino
2014-11-02,65.57,106.34227,24.813519,56.950966,152.78572,95.834755,treino
2014-11-03,68.83,50.88452,12.038605,26.600487,74.42658,47.826096,treino
2014-11-04,80.17,42.726078,11.131486,22.073513,64.20842,42.134907,treino
2014-11-05,71.67,45.217396,12.385746,21.000856,71.23856,50.23771,treino
2014-11-06,58.26,145.9456,27.762316,88.73796,197.21928,108.48132,treino
2014-11-07,66.82,85.63086,18.70173,47.100613,118.6624,71.56178,treino
2014-11-08,75.62,53.19432,12.570642,28.974634,77.44555,48.470917,treino
2014-11-09,88.81,47.104958,12.142573,25.244898,73.23025,47.98535,treino
2014-11-10,110.81,59.19521,16.550215,24.936321,92.07796,67.14163,treino
2014-11-11,111.27,62.269947,12.590018,33.554153,83.69632,50.142166,treino
2014-11-12,107.33,55.868126,11.74245,32.463463,76.75758,44.29412,treino
2014-11-13,116.67,126.69831,28.714464,66.537415,177.02754,110.49013,treino
2014-11-14,132.33,121.07189,26.521414,64.28073,167.64651,103.36578,treino
2014-11-15,153.4,168.18741,42.49897,82.350426,244.29514,161.9447,treino
2014-11-16,159.19,91.31878,17.366266,56.224728,122.72161,66.49689,treino
2014-11-17,159.19,73.44,13.407009,48.56802,97.94355,49.37553,treino
2014-11-18,168.98,65.28637,12.984926,39.493893,88.990265,49.496372,treino
2014-11-19,194.37,55.082527,12.13084,29.921503,77.28169,47.36019,treino
2014-11-20,218.29,51.452137,11.640901,28.212988,73.47504,45.262047,treino
2014-11-21,219.83,45.80989,12.539482,22.724161,70.84116,48.117004,treino
2014-11-22,235.57,43.402916,11.432545,22.721949,66.53366,43.811714,treino
2014-11-23,282.33,341.5371,78.57851,173.66345,484.6859,311.02246,treino
2014-11-24,314.67,177.66725,48.249237,82.23174,271.4162,189.18445,treino
2014-11-25,370.07,197.08685,44.26558,101.15413,277.71704,176.56291,treino
2014-11-26,433.19,313.14932,69.61375,174.4063,437.1322,262.7259,treino
2014-11-27,523.85,476.14865,80.17501,313.43408,626.5789,313.14484,treino
2014-11-28,620.61,610.8403,89.85919,430.50497,753.0985,322.59354,treino
2014-11-29,761.81,919.2073,126.23579,652.3407,1126.2695,473.92883,treino
2014-11-30,994.15,1046.8096,129.0408,781.2214,1266.9203,485.6989,treino
2014-12-01,842.22,1130.0245,138.6172,837.7729,1384.322,546.54913,treino
2014-12-02,820.86,941.9281,105.03768,719.32874,1119.2754,399.94666,treino
2014-12-03,741.08,788.27124,93.2223,601.5601,950.6381,349.078,treino
2014-12-04,645.86,855.6004,96.36676,666.38635,1015.4407,349.05432,treino
2014-12-05,579.81,670.1264,83.31832,499.10132,813.1877,314.08636,treino
2014-12-06,509.89,616.0465,99.89053,386.51465,795.50836,408.9937,treino
2014-12-07,461.28,384.05374,44.40522,293.19193,465.7197,172.52777,treino
2014-12-08,441.83,393.8678,44.42554,298.06183,475.71243,177.6506,treino
2014-12-09,416.53,521.1265,61.45859,396.35437,629.8774,233.52301,treino
2014-12-10,413.67,457.49152,46.866386,357.65265,539.00385,181.3512,treino
2014-12-11,420.23,376.54822,46.328613,288.27643,460.75305,172.47662,treino
2014-12-12,438.98,331.1724,39.254906,254.80685,399.92377,145.11691,treino
2014-12-13,471.85,511.5858,63.808678,386.2547,630.3422,244.08752,treino
2014-12-14,489.37,628.5894,111.75483,400.51456,836.3535,435.83896,treino
2014-12-15,490.37,576.22534,89.15242,413.59012,740.022,326.43185,treino
2014-12-16,461.27,412.68152,45.362183,318.67853,492.2801,173.60156,treino
2014-12-17,435.19,413.56686,52.248657,314.42038,516.68536,202.26498,treino
2014-12-18,402.71,299.71564,35.15593,227.49048,361.65762,134.16714,treino
2014-12-19,387.9,231.78111,24.775845,178.64586,280.27097,101.62511,treino
2014-12-20,376.09,251.17107,34.337345,171.03833,313.23776,142.19943,treino
2014-12-21,363.59,301.10663,42.960957,214.9057,377.66425,162.75854,treino
2014-12-22,317.76,348.26163,45.948986,256.92847,425.0243,168.09583,treino
2014-12-23,320.07,340.36633,42.076675,257.39517,418.53918,161.14401,treino
2014-12-24,297.08,488.39917,65.776215,356.7455,609.96906,253.22354,treino
2014-12-25,290.14,391.83353,44.948326,303.87878,469.7128,165.83401,treino
2014-12-26,301.02,431.2119,49.326973,333.747,523.9021,190.15509,treino
2014-12-27,285.97,425.6537,49.37605,319.52316,509.9823,190.45914,treino
2014-12-28,270.69,292.42776,33.128784,227.4611,348.9305,121.469406,treino
2014-12-29,245.0,230.45334,26.07753,180.09427,279.398,99.30374,treino
2014-12-30,226.94,200.73085,24.863977,147.29279,242.10432,94.81154,treino
2014-12-31,191.3,185.10706,22.741768,132.53162,224.96083,92.429214,treino
2015-01-01,188.06,155.08667,18.109735,120.33272,190.31026,69.97754,treino
2015-01-02,177.33,139.9228,18.87849,97.46947,169.13084,71.66138,treino
2015-01-03,187.06,259.0645,38.406868,180.51942,322.22,141.70058,treino
2015-01-04,206.5,265.48944,43.34417,174.5273,341.7373,167.21,treino
2015-01-05,206.33,259.86935,31.295584,196.7602,316.31046,119.55026,treino
2015-01-06,206.33,229.55952,26.60082,177.7659,277.07843,99.31253,treino
2015-01-07,191.22,247.36644,28.905907,186.99854,294.14288,107.14435,treino
2015-01-08,177.56,234.09975,28.170696,172.57936,283.16898,110.589615,treino
2015-01-09,177.56,198.90979,25.264412,146.55681,246.19484,99.63803,treino
2015-01-10,122.0,179.95834,20.153736,141.6906,217.72432,76.03372,treino
2015-01-11,122.0,159.93913,19.686558,117.63727,193.62114,75.98387,treino
2015-01-12,117.44,162.56404,19.52857,125.50307,201.74265,76.23958,treino
2015-01-13,116.44,173.97253,22.767279,130.07533,215.2347,85.15936,treino
2015-01-14,110.89,181.06227,21.879206,141.63046,221.39369,79.76323,treino
2015-01-15,94.22,178.50024,23.10208,132.46404,218.28331,85.819275,treino
2015-01-16,77.56,115.15964,16.658361,85.57616,149.18387,63.60771,treino
2015-01-17,66.44,84.989426,14.022075,53.15305,108.11948,54.966427,treino
2015-01-18,56.0,74.966286,12.602656,48.93761,99.47639,50.538776,treino
2015-01-19,56.0,68.4173,12.993493,40.85001,92.8975,52.04749,treino
2015-01-20,60.67,60.928722,11.584668,33.063362,81.83078,48.767418,treino
2015-01-21,80.11,85.481544,20.201557,43.802734,123.20594,79.403206,treino
2015-01-22,99.09,95.01283,17.255884,60.822994,127.75162,66.92862,treino
2015-01-23,120.0,125.54833,17.657885,88.45885,159.15398,70.69513,treino
2015-01-24,139.91,251.07237,63.433487,138.00157,375.0136,237.01204,treino
2015-01-25,167.61,249.89519,61.66159,132.39882,363.2311,230.83229,treino
2015-01-26,191.06,170.38843,40.140343,86.99099,243.27089,156.2799,treino
2015-01-27,216.22,357.34827,58.237377,236.75902,461.54553,224.78651,treino
2015-01-28,232.89,290.91006,58.54177,177.06117,398.91428,221.8531,treino
2015-01-29,230.11,221.1163,27.291618,167.62373,269.7938,102.17006,treino
2015-01-30,202.33,334.59103,44.036125,246.30075,414.68207,168.38132,treino
2015-01-31,191.22,164.7796,18.893373,125.65679,199.02536,73.36857,treino
2015-02-01,163.44,161.2117,21.838799,117.70338,205.51357,87.81019,treino
2015-02-02,157.89,292.79056,56.521507,166.76013,398.38162,231.62149,treino
2015-02-03,230.11,173.97356,22.787981,131.0455,220.60677,89.561264,treino
2015-02-04,396.78,187.57115,31.427055,127.45278,243.89369,116.44091,treino
2015-02-05,676.56,384.09592,81.007904,211.09569,537.7117,326.61597,treino
2015-02-06,787.2,679.8162,120.68999,450.4465,883.94037,433.49387,treino
2015-02-07,859.89,412.2579,52.187828,302.01733,517.38696,215.36963,treino
2015-02-08,914.44,733.9938,98.46939,518.4684,903.1537,384.6853,treino
2015-02-09,947.55,665.84674,84.970726,498.6235,824.22815,325.60464,treino
2015-02-10,932.66,820.9655,96.32607,636.95416,976.5574,339.6032,treino
2015-02-11,857.78,856.9338,93.96382,648.4361,1011.70233,363.26624,treino
2015-02-12,753.78,692.2341,78.48964,518.21686,823.3844,305.16754,treino
2015-02-13,636.02,657.29315,74.02564,512.9713,789.1082,276.1369,treino
2015-02-14,545.67,522.069,57.254536,407.29642,618.92456,211.62814,treino
2015-02-15,490.11,497.18475,55.48608,384.70984,586.5373,201.82745,treino
2015-02-16,467.89,377.1322,42.079754,286.45224,454.76257,168.31033,treino
2015-02-17,479.0,492.85944,58.643917,369.8263,607.3321,237.5058,treino
2015-02-18,512.33,576.9405,84.215706,407.6368,733.954,326.31717,treino
2015-02-19,529.46,512.00055,73.91918,355.17142,638.735,283.56357,treino
2015-02-20,531.0,667.4096,88.324646,492.79623,830.733,337.93674,treino
2015-02-21,514.33,622.4191,74.20514,464.66306,756.2602,291.59714,treino
2015-02-22,499.69,607.26117,70.21814,482.81613,733.82153,251.0054,treino
2015-02-23,470.89,585.20197,62.5154,440.12033,706.5605,266.44016,treino
2015-02-24,450.21,475.62952,53.023922,386.01636,570.3579,184.34155,treino
2015-02-25,439.03,444.41077,50.985516,336.3148,535.0668,198.75198,treino
2015-02-26,430.46,577.50757,72.71664,435.5253,718.197,282.67172,treino
2015-02-27,452.69,546.3493,71.8666,393.45297,667.5032,274.0502,treino
2015-02-28,457.78,546.05585,71.11902,421.6695,677.8305,256.161,treino
2015-03-01,436.02,520.29834,63.266193,382.7502,633.811,251.06076,treino
2015-03-02,448.74,550.1576,74.25922,394.87476,678.7481,283.87335,treino
2015-03-03,439.94,431.116,50.444645,326.98206,516.97504,189.99298,treino
2015-03-04,454.22,446.1949,52.438896,336.05652,537.68774,201.63123,treino
2015-03-05,474.52,423.2201,58.474907,292.90378,529.9136,237.0098,treino
2015-03-06,478.3,293.07684,34.462776,226.78304,354.32858,127.54555,treino
2015-03-07,493.57,443.22574,73.619865,298.32867,567.9938,269.6651,treino
2015-03-08,534.7,618.1259,85.83403,438.25104,761.8361,323.58508,treino
2015-03-09,620.19,881.6922,97.62333,657.2128,1064.1272,406.91437,treino
2015-03-10,746.51,1334.8491,178.94682,936.59937,1676.9661,740.3667,treino
2015-03-11,949.06,1519.888,184.68808,1163.512,1830.424,666.912,treino
2015-03-12,1530.76,1497.2074,184.12921,1078.5675,1857.6154,779.04785,treino
2015-03-13,1076.37,1445.2965,160.46765,1137.1328,1758.0233,620.8905,treino
2015-03-14,1026.29,1370.2759,153.59613,1049.4298,1630.4116,580.9818,treino
2015-03-15,982.46,1137.9716,141.88994,832.7807,1380.372,547.59125,treino
2015-03-16,971.05,1054.3654,118.737785,787.6862,1280.4012,492.71503,treino
2015-03-17,938.17,1152.8746,130.48409,860.05194,1372.1857,512.1337,treino
2015-03-18,905.55,1231.0198,155.84116,904.3462,1501.3356,596.9894,treino
2015-03-19,906.55,1095.5547,134.64929,792.5474,1315.1691,522.62164,treino
2015-03-20,932.17,1219.8103,136.94823,945.5471,1448.371,502.82385,treino
2015-03-21,1002.61,1410.1139,169.80371,1077.1973,1705.8298,628.63257,treino
2015-03-22,1070.74,1225.9757,144.27097,926.0269,1473.118,547.0911,treino
2015-03-23,1125.02,1206.3223,149.49449,892.4906,1501.1469,608.65625,treino
2015-03-24,1138.08,1364.508,164.7967,1066.0925,1683.1572,617.0647,treino
2015-03-25,1096.0,1254.0515,140.09679,949.4081,1517.2887,567.8806,treino
2015-03-26,1099.52,1173.5419,136.25978,899.25574,1436.3889,537.1332,treino
2015-03-27,960.63,1166.2539,136.98677,900.86707,1416.4325,515.5654,treino
2015-03-28,895.7,1131.2523,129.20729,895.744,1377.5365,481.79248,treino
2015-03-29,828.8,1058.6682,125.225655,818.94635,1276.6016,457.6552,treino
2015-03-30,748.98,1038.5111,117.29564,811.16174,1268.6746,457.51282,treino
2015-03-31,775.76,1003.42773,123.52796,743.45935,1216.0153,472.5559,treino
2015-04-01,706.0,1000.32947,116.61661,762.8834,1204.9767,442.09326,treino
2015-04-02,726.15,1026.6616,115.55006,791.40985,1247.5315,456.12164,treino
2015-04-03,667.96,957.4468,108.83237,760.797,1170.247,409.44995,treino
2015-04-04,694.74,889.55585,103.38397,689.1758,1079.1931,390.01733,treino
2015-04-05,667.77,886.9326,110.684425,638.50385,1089.3826,450.87872,treino
2015-04-06,577.88,996.834,118.45428,763.0917,1205.5121,442.4204,treino
2015-04-07,512.56,885.30347,107.156586,648.8989,1058.6919,409.79297,treino
2015-04-08,491.61,776.29956,89.96728,591.02747,931.80255,340.7751,treino
2015-04-09,423.71,839.0525,101.13361,609.07275,1015.5384,406.46564,treino
2015-04-10,426.22,659.2431,73.076904,508.6547,795.7222,287.06754,treino
2015-04-11,420.16,566.00995,72.66436,427.88678,685.49023,257.60345,treino
2015-04-12,349.26,538.8242,67.24075,402.01572,652.3406,250.32486,treino
2015-04-13,365.72,510.77667,57.10656,396.35193,616.50836,220.15643,treino
2015-04-14,310.05,552.44104,66.09719,415.9049,665.62604,249.72113,treino
2015-04-15,304.65,450.12064,49.847443,352.4285,544.9555,192.52701,treino
2015-04-16,302.22,393.06213,46.101093,299.7968,476.81705,177.02023,treino
2015-04-17,310.05,472.22754,52.72591,369.1946,569.7117,200.51706,treino
2015-04-18,330.19,382.31982,41.71995,310.91168,464.50024,153.58856,treino
2015-04-19,339.24,364.24683,40.77878,281.76526,436.54587,154.78061,treino
2015-04-20,362.08,369.02097,37.829056,292.16864,440.0931,147.92447,treino
2015-04-21,342.85,400.08725,46.39467,304.3299,483.49762,179.16772,treino
2015-04-22,340.42,422.31055,48.0848,321.12927,510.17346,189.04419,treino
2015-04-23,346.25,330.82657,38.121292,255.06224,401.43857,146.37633,treino
2015-04-24,348.1,400.2643,44.88925,307.17853,480.82568,173.64716,treino
2015-04-25,334.17,458.4713,54.43784,351.4819,558.63464,207.15274,treino
2015-04-26,309.05,398.41443,45.029285,310.48465,478.88635,168.4017,treino
2015-04-27,304.65,356.84723,41.853233,271.57062,439.96048,168.38986,treino
2015-04-28,302.22,326.9111,38.468525,247.92345,403.2801,155.35664,treino
2015-04-29,232.39,308.58493,34.91145,230.81485,374.67572,143.86087,treino
2015-04-30,273.39,328.25418,35.69802,253.2714,389.90424,136.63284,treino
2015-05-01,278.27,312.05267,36.716034,246.7674,380.67087,133.90347,treino
2015-05-02,270.39,303.1536,37.88505,232.02252,367.92157,135.89905,treino
2015-05-03,253.2,267.34143,30.935566,197.05937,320.2173,123.15791,treino
2015-05-04,288.37,269.02115,30.646814,201.7531,321.19116,119.438065,treino
2015-05-05,274.07,356.91565,50.572285,240.27975,450.43832,210.15857,treino
2015-05-06,345.03,440.96368,56.633778,329.13757,554.586,225.44843,treino
2015-05-07,271.19,377.80658,49.085716,273.608,464.05765,190.44965,treino
2015-05-08,272.39,333.90976,36.10405,262.12665,402.85965,140.733,treino
2015-05-09,348.66,399.4833,45.435898,311.54913,482.01245,170.46332,treino
2015-05-10,424.97,458.19812,52.989887,358.1947,551.8255,193.6308,treino
2015-05-11,422.11,477.31635,66.41372,341.43277,601.14386,259.7111,treino
2015-05-12,349.58,412.76813,49.87969,313.5767,494.97214,181.39545,treino
2015-05-13,277.39,336.87418,35.787636,268.71765,398.92026,130.2026,treino
2015-05-14,282.27,363.0899,39.333626,279.16754,431.6521,152.48456,treino
2015-05-15,274.39,351.79517,39.230434,259.4472,420.14,160.69281,treino
2015-05-16,275.5,322.4705,36.799778,247.6214,387.68127,140.05988,treino
2015-05-17,272.07,328.65363,34.74351,262.42838,390.85495,128.42657,treino
2015-05-18,237.04,292.63635,34.472225,225.92468,352.341,126.41632,treino
2015-05-19,213.81,283.9692,31.72254,219.17146,342.20367,123.03221,treino
2015-05-20,207.15,272.76022,29.554111,209.15627,324.96414,115.80788,treino
2015-05-21,196.32,265.76166,27.294577,209.87607,313.08688,103.210815,treino
2015-05-22,216.9,262.95065,31.329378,198.72241,322.99304,124.27063,treino
2015-05-23,205.53,256.27512,30.488754,192.18214,308.69403,116.51189,treino
2015-05-24,210.33,257.18045,27.387247,205.20993,307.22507,102.01514,treino
2015-05-25,211.21,250.49414,29.107471,185.06418,298.9171,113.852936,treino
2015-05-26,226.9,241.10234,28.618137,182.4403,292.10864,109.668335,treino
2015-05-27,228.0,238.70354,28.40093,183.5535,290.0475,106.49399,treino
2015-05-28,220.52,275.79016,32.742176,206.11343,336.76227,130.64883,treino
2015-05-29,227.93,267.1235,32.86095,203.82152,324.31677,120.495255,treino
2015-05-30,232.71,253.58221,30.276396,190.20396,305.57495,115.37099,treino
2015-05-31,231.55,229.81651,24.541616,181.5931,272.7206,91.12752,treino
2015-06-01,224.67,228.65617,26.8394,172.63997,278.94107,106.3011,treino
2015-06-02,224.67,302.02902,44.34028,219.93265,382.71277,162.78012,treino
2015-06-03,219.61,317.33984,42.407616,232.67618,390.53308,157.8569,treino
2015-06-04,209.45,239.16682,26.221222,183.92683,288.85925,104.93242,treino
2015-06-05,219.2,238.02562,25.494577,185.59535,284.77264,99.17729,treino
2015-06-06,204.3,249.6069,27.18911,191.93303,300.51733,108.584305,treino
2015-06-07,199.7,256.86798,28.083027,197.25868,304.96368,107.705,treino
2015-06-08,191.0,240.78416,27.402021,186.03166,293.37155,107.33989,treino
2015-06-09,188.5,233.6818,27.475502,173.12521,279.17474,106.04953,treino
2015-06-10,188.45,225.77966,24.994276,179.00815,273.33252,94.32437,treino
2015-06-11,167.7,217.16711,24.194654,167.6637,258.0096,90.34592,treino
2015-06-12,162.37,209.97069,24.508509,161.95393,255.60553,93.651596,treino
2015-06-13,163.26,208.98166,25.7533,158.82011,259.0848,100.264694,treino
2015-06-14,165.85,204.53229,24.28603,154.75389,249.86435,95.11046,treino
2015-06-15,158.98,206.00139,23.86034,158.02858,249.87642,91.84784,treino
2015-06-16,152.32,191.58669,22.79677,142.73877,232.98944,90.25067,treino
2015-06-17,155.91,196.82457,23.324202,151.1903,239.37103,88.180725,treino
2015-06-18,163.26,191.71417,22.03737,148.0464,229.39513,81.348724,treino
2015-06-19,167.77,191.67566,22.78804,143.48763,233.84126,90.35364,treino
2015-06-20,166.62,187.8414,20.4914,145.32854,227.27586,81.94733,treino
2015-06-21,152.22,182.9541,21.094475,138.85266,222.62013,83.76747,treino
2015-06-22,155.85,186.92947,21.308372,141.2736,227.00334,85.72974,treino
2015-06-23,143.85,189.75122,22.116009,144.62985,230.19853,85.56868,treino
2015-06-24,142.42,193.77773,24.2456,150.39156,242.03607,91.644516,treino
2015-06-25,144.34,186.03104,22.27358,141.2461,226.08897,84.84288,treino
2015-06-26,145.22,177.3773,21.883188,134.4892,216.30838,81.81918,treino
2015-06-27,137.04,174.93768,20.5166,134.58508,212.21869,77.633606,treino
2015-06-28,129.63,167.3575,19.959463,126.94193,202.6688,75.72686,treino
2015-06-29,133.99,168.95018,20.037722,126.20236,205.5443,79.341934,treino
2015-06-30,147.34,170.00475,19.06892,127.243004,206.69366,79.45066,treino
2015-07-01,148.76,161.42055,19.132204,122.01056,197.1677,75.157135,treino
2015-07-02,142.53,160.83195,18.388271,127.21249,195.10992,67.89744,treino
2015-07-03,137.04,155.68983,19.800674,117.41783,189.71161,72.29378,treino
2015-07-04,157.75,157.90475,19.42232,116.71059,191.4862,74.77562,treino
2015-07-05,148.34,157.70192,19.173115,119.940796,192.82742,72.88663,treino
2015-07-06,145.53,158.00626,19.73021,115.93315,193.78482,77.85167,treino
2015-07-07,152.22,151.74976,18.055916,115.779495,184.52336,68.743866,treino
2015-07-08,142.38,144.85246,18.105247,110.04854,177.41698,67.36844,treino
2015-07-09,135.12,143.43909,16.800962,107.65331,173.65634,66.00303,treino
2015-07-10,122.25,146.30289,18.283379,107.03693,180.9307,73.89377,treino
2015-07-11,127.39,136.93776,16.786898,97.666405,164.18454,66.518135,treino
2015-07-12,123.44,134.95789,17.25065,101.81021,165.09753,63.287323,treino
2015-07-13,115.5,135.5488,16.642742,103.49189,167.08224,63.590355,treino
2015-07-14,130.59,130.65088,17.044563,89.80946,160.65117,70.841705,treino
2015-07-15,112.13,125.93944,16.714924,91.99831,156.14069,64.14238,treino
2015-07-16,117.3,124.717384,16.835415,89.11905,155.62416,66.50511,treino
2015-07-17,130.39,128.16965,16.487194,94.923515,158.8765,63.95298,treino
2015-07-18,109.56,125.65211,16.43438,95.678474,155.72137,60.0429,treino
2015-07-19,109.56,123.44556,15.616805,89.90841,152.60742,62.699013,treino
2015-07-20,100.61,122.41786,17.425037,89.94007,153.1542,63.214134,treino
2015-07-21,102.49,118.40566,15.646134,85.57577,148.21568,62.639915,treino
2015-07-22,103.59,118.30944,16.279476,85.50152,149.42717,63.92565,treino
2015-07-23,103.44,119.593346,15.292913,86.98492,147.51678,60.531868,treino
2015-07-24,94.67,116.62955,15.532279,88.4501,146.52008,58.069977,treino
2015-07-25,87.72,114.13173,15.419703,83.494965,141.04532,57.550354,treino
2015-07-26,89.04,114.64908,16.75903,82.584946,142.17952,59.594574,treino
2015-07-27,100.63,125.797165,18.03809,90.911804,159.0162,68.1044,treino
2015-07-28,95.95,115.10341,15.510195,85.34999,143.36269,58.012695,treino
2015-07-29,95.67,112.781715,15.357414,84.33342,142.32283,57.98941,treino
2015-07-30,96.67,111.9697,15.814645,80.533455,137.60785,57.074394,treino
2015-07-31,94.99,109.52353,15.028375,82.5331,138.26645,55.733353,treino
2015-08-01,93.93,111.19471,14.238785,83.40251,139.03003,55.627518,treino
2015-08-02,89.77,108.734474,15.257983,81.27976,138.01048,56.73072,treino
2015-08-03,87.72,110.6533,15.530869,77.464165,136.32208,58.857918,treino
2015-08-04,90.61,107.17252,14.845782,76.62529,133.42715,56.801865,treino
2015-08-05,81.78,102.040016,13.988771,74.326324,128.95012,54.623795,treino
2015-08-06,81.78,99.4988,14.526948,70.71761,125.24288,54.52527,treino
2015-08-07,80.5,92.915764,14.009715,62.83302,118.766655,55.933636,treino
2015-08-08,73.79,88.01489,13.728273,60.24996,114.01291,53.762947,treino
2015-08-09,75.78,82.12328,12.941004,58.139908,106.347565,48.207657,treino
2015-08-10,65.85,82.946014,12.864526,55.735405,105.8433,50.107895,treino
2015-08-11,64.56,81.51516,13.05064,54.66373,102.45092,47.78719,treino
2015-08-12,73.83,80.14664,13.503116,55.312862,107.99257,52.679707,treino
2015-08-13,67.31,80.07904,13.726356,49.44651,104.12803,54.68152,treino
2015-08-14,61.33,79.695175,11.875293,56.580383,101.55648,44.976097,treino
2015-08-15,62.45,71.392426,12.131718,48.78391,93.45958,44.67567,treino
2015-08-16,62.29,69.9634,12.0252075,46.767197,92.93895,46.171753,treino
2015-08-17,57.29,67.45608,11.881626,44.882793,88.52038,43.637585,treino
2015-08-18,54.76,68.0471,11.482328,42.373142,89.019295,46.646152,treino
2015-08-19,47.0,66.04854,11.684555,42.985004,87.542694,44.55769,treino
2015-08-20,53.54,63.46972,11.612432,40.22287,84.11959,43.89672,treino
2015-08-21,51.46,62.145542,11.964587,40.12858,84.95594,44.827362,treino
2015-08-22,52.19,61.46931,12.226443,37.77975,85.4666,47.686848,treino
2015-08-23,48.92,62.645515,12.299741,36.911236,83.76908,46.857845,treino
2015-08-24,46.49,61.63013,11.610501,36.81489,82.42578,45.61089,treino
2015-08-25,47.54,61.610203,12.206656,39.2746,87.90416,48.62956,treino
2015-08-26,45.25,71.97571,12.427418,46.6712,95.015976,48.344776,treino
2015-08-27,43.45,59.436756,11.204246,32.37596,82.329475,49.953514,treino
2015-08-28,49.42,59.628483,11.663664,36.245922,80.22532,43.979397,treino
2015-08-29,47.09,58.296463,10.889531,37.47388,78.337875,40.863995,treino
2015-08-30,47.21,55.724636,10.723024,34.467438,78.09688,43.62944,treino
2015-08-31,50.57,54.0629,11.748398,30.801949,75.59012,44.78817,treino
2015-09-01,45.71,55.59621,11.166058,34.25327,75.392,41.13873,treino
2015-09-02,49.96,53.065975,11.723372,30.011854,76.16057,46.148712,treino
2015-09-03,53.16,53.106724,11.978719,28.861967,75.24928,46.387314,treino
2015-09-04,53.23,49.748367,11.705358,27.866264,70.824646,42.95838,treino
2015-09-05,52.77,49.648804,11.629853,27.258274,72.624466,45.36619,treino
2015-09-06,49.14,58.598976,12.410636,35.514603,81.36123,45.846626,treino
2015-09-07,54.15,107.33719,26.999863,45.325954,158.50844,113.18248,treino
2015-09-08,57.76,170.98158,59.127518,51.30198,273.4177,222.11572,treino
2015-09-09,72.67,271.54575,98.38949,70.28149,443.1413,372.8598,treino
2015-09-10,93.06,173.5225,26.371666,116.43522,221.06007,104.624855,treino
2015-09-11,135.49,214.58246,30.939753,148.65681,270.1244,121.467575,treino
2015-09-12,181.79,289.77634,36.104874,217.12067,362.04858,144.92792,treino
2015-09-13,206.56,270.4221,29.573147,205.54337,315.3744,109.831024,treino
2015-09-14,182.79,260.65735,33.13141,192.99846,323.61874,130.62029,treino
2015-09-15,168.9,199.466,25.480103,145.3234,243.20961,97.886215,treino
2015-09-16,164.19,187.05371,22.338602,141.54646,228.54663,87.00017,treino
2015-09-17,158.78,160.40855,20.12722,121.42914,195.53946,74.11032,treino
2015-09-18,142.57,131.82745,19.269867,95.23805,167.96371,72.72566,treino
2015-09-19,123.82,115.582344,15.94679,82.399864,145.59572,63.195854,treino
2015-09-20,110.71,98.87521,14.218493,70.701706,124.42454,53.72283,treino
2015-09-21,105.69,83.22589,13.666292,55.12443,109.596664,54.472233,treino
2015-09-22,94.44,77.21065,12.995851,52.335995,98.394424,46.05843,treino
2015-09-23,79.69,66.70468,11.709281,43.713154,86.914696,43.20154,treino
2015-09-24,69.28,64.11819,11.878425,41.124786,87.03134,45.906555,treino
2015-09-25,68.35,59.401413,11.8458605,35.578053,80.68,45.101948,treino
2015-09-26,62.56,59.795124,12.067975,35.578026,82.24846,46.670433,treino
2015-09-27,57.78,55.126785,12.091292,29.91659,79.04914,49.132553,treino
2015-09-28,58.12,55.07797,12.39364,30.421782,77.65404,47.232254,treino
2015-09-29,56.06,52.879917,11.77838,31.074884,75.66263,44.587746,treino
2015-09-30,51.61,52.23638,11.57297,30.586983,75.02101,44.43403,treino
2015-10-01,46.95,50.469414,11.089242,27.371403,71.784004,44.4126,treino
2015-10-02,39.04,53.781796,11.618637,31.95652,75.77701,43.820488,treino
2015-10-03,34.25,74.3135,13.709998,47.290237,98.73686,51.446625,treino
2015-10-04,35.46,55.953575,10.945715,35.289013,76.242676,40.953663,treino
2015-10-05,31.68,69.58404,14.9598675,39.890987,95.80766,55.916676,treino
2015-10-06,26.89,60.88798,11.436111,38.219204,83.79341,45.574207,treino
2015-10-07,28.89,56.691536,11.581205,31.779057,77.52879,45.749737,treino
2015-10-08,25.89,51.67988,11.404222,29.316689,73.24348,43.92679,treino
2015-10-09,21.98,47.54241,10.982567,24.466818,68.792885,44.326065,treino
2015-10-10,24.09,47.63998,10.632428,27.706705,68.44978,40.74308,treino
2015-10-11,23.14,47.215252,11.005849,24.783604,68.175186,43.391582,treino
2015-10-12,22.38,46.336227,11.405821,25.223873,68.00347,42.7796,treino
2015-10-13,27.44,44.58057,11.089344,23.567486,65.25809,41.6906,treino
2015-10-14,29.23,42.565063,11.713602,20.348066,66.1925,45.84443,treino
2015-10-15,27.89,42.511673,11.958538,21.527308,64.88869,43.36138,treino
2015-10-16,29.38,42.444256,11.378043,21.565474,64.409004,42.84353,treino
2015-10-17,30.31,41.446518,11.536555,22.689436,66.95365,44.264214,treino
2015-10-18,30.76,40.31582,11.762508,19.007172,65.48811,46.48094,treino
2015-10-19,30.61,39.802185,12.056685,17.750586,61.787075,44.03649,treino
2015-10-20,29.93,39.59821,10.979801,19.814888,62.342514,42.527626,treino
2015-10-21,32.78,39.00698,11.651754,14.932409,61.134148,46.201736,treino
2015-10-22,30.78,87.34736,21.238386,48.6667,123.931305,75.2646,treino
2015-10-23,35.87,178.99835,44.100742,78.39671,258.19894,179.80223,treino
2015-10-24,31.78,66.63115,17.52541,33.60801,103.5925,69.98449,treino
2015-10-25,30.22,45.162354,10.832995,24.763466,67.6113,42.84783,treino
2015-10-26,29.78,44.01297,10.771558,24.973001,65.26096,40.287964,treino
2015-10-27,37.78,103.47958,30.740131,40.544155,162.52171,121.977554,treino
2015-10-28,46.98,242.76817,69.622375,94.91865,364.2866,269.36795,treino
2015-10-29,43.67,108.78696,26.61163,56.95595,160.14952,103.19357,treino
2015-10-30,46.89,60.719948,12.64664,36.699196,85.22943,48.530235,treino
2015-10-31,43.89,73.64648,12.224126,50.084904,95.07391,44.98901,treino
2015-11-01,39.33,73.40923,13.516311,44.15457,98.000725,53.846153,treino
2015-11-02,40.89,116.03638,34.65233,48.454685,186.91309,138.4584,treino
2015-11-03,40.75,56.7822,11.841061,35.10628,79.2061,44.09982,treino
2015-11-04,49.05,48.385147,11.816785,24.029364,71.63963,47.610268,treino
2015-11-05,57.56,80.332794,20.081917,41.09791,121.44467,80.346756,treino
2015-11-06,58.56,49.94507,10.8161335,30.504036,71.76321,41.25917,treino
2015-11-07,64.11,59.244816,12.724362,35.166855,82.62562,47.458763,treino
2015-11-08,62.56,89.18358,16.305931,54.147846,118.801895,64.65405,treino
2015-11-09,59.16,80.83631,17.987215,48.25655,114.6828,66.426254,treino
2015-11-10,52.42,73.68685,11.720289,50.575226,92.01228,41.437057,treino
2015-11-11,57.56,104.224945,20.282864,60.726326,141.31453,80.5882,treino
2015-11-12,65.11,73.09091,11.969382,48.52509,97.557625,49.032536,treino
2015-11-13,74.89,150.3004,35.921947,82.602745,217.95839,135.35565,treino
2015-11-14,87.93,119.891396,28.272188,62.74415,173.78723,111.04308,treino
2015-11-15,105.4,129.61502,15.991064,95.076324,161.12785,66.05153,treino
2015-11-16,133.51,197.14824,41.589397,108.691025,273.21048,164.51945,treino
2015-11-17,159.91,140.40424,21.411669,97.303566,177.91772,80.61416,treino
2015-11-18,160.99,304.18265,56.155563,184.84776,403.2166,218.36885,treino
2015-11-19,202.18,183.07915,25.40583,134.03773,230.37755,96.33981,treino
2015-11-20,464.39,325.56238,41.31062,235.94977,400.14676,164.19699,treino
2015-11-21,467.39,339.49423,48.258766,245.48996,430.3902,184.90024,treino
2015-11-22,317.24,245.48888,28.494934,188.85664,294.63797,105.78133,treino
2015-11-23,369.41,411.58447,57.454117,284.52444,510.2625,225.73807,treino
2015-11-24,402.28,448.9287,68.3039,306.5055,586.2729,279.7674,treino
2015-11-25,375.61,286.07874,31.899107,220.94383,344.18866,123.24483,treino
2015-11-26,266.17,299.1281,40.32335,216.04306,370.97638,154.93332,treino
2015-11-27,237.87,231.47755,28.96786,170.72403,284.90866,114.18463,treino
2015-11-28,244.89,226.13948,28.447777,168.32083,275.64346,107.32263,treino
2015-11-29,213.95,241.32518,31.434793,177.13321,299.267,122.13379,treino
2015-11-30,162.06,296.48193,45.45759,196.6488,375.95648,179.30768,treino
2015-12-01,143.67,168.92046,23.270508,118.407814,207.58096,89.17315,treino
2015-12-02,159.79,170.67111,24.234251,121.404396,215.57916,94.17477,treino
2015-12-03,219.28,350.31088,61.61757,239.37221,460.83777,221.46556,treino
2015-12-04,230.0,367.28873,42.789795,280.4462,445.7502,165.30402,treino
2015-12-05,273.75,430.99463,54.669987,307.42078,524.0609,216.64014,treino
2015-12-06,375.83,480.24588,54.006012,373.26703,581.29065,208.02362,treino
2015-12-07,502.22,574.4966,78.69189,416.86578,707.639,290.7732,treino
2015-12-08,581.86,560.8683,73.497086,408.48428,709.66266,301.17838,treino
2015-12-09,563.42,532.20386,61.06263,406.04428,642.6394,236.59512,treino
2015-12-10,571.7,695.79504,85.25012,515.7159,839.81934,324.10345,treino
2015-12-11,574.87,626.2078,71.72669,498.23483,757.5132,259.27835,treino
2015-12-12,539.78,458.55682,54.462418,349.3245,563.98096,214.65646,treino
2015-12-13,432.17,534.3529,82.23097,355.77542,683.09174,327.3163,treino
2015-12-14,373.83,679.72284,91.49186,489.68515,832.7124,343.02725,treino
2015-12-15,403.0,488.09683,55.96589,383.04712,588.09766,205.05054,treino
2015-12-16,500.22,775.67395,95.210464,572.2474,946.9174,374.67004,treino
2015-12-17,522.0,540.0392,65.66021,404.28845,658.7672,254.47876,treino
2015-12-18,459.02,617.24475,69.44802,475.51,745.8385,270.3285,treino
2015-12-19,417.28,523.71173,61.562145,396.36053,632.30164,235.9411,treino
2015-12-20,383.63,478.34818,53.93578,370.9943,571.7738,200.77951,treino
2015-12-21,345.89,429.33514,50.15765,333.17593,525.85266,192.67673,treino
2015-12-22,317.35,383.12534,42.493587,295.10098,457.3131,162.21213,treino
2015-12-23,266.89,359.4702,37.671494,283.58615,428.6988,145.11264,treino
2015-12-24,228.93,336.22855,37.54554,252.99477,398.46155,145.46678,treino
2015-12-25,197.06,357.4612,39.003067,287.74222,424.89322,137.151,treino
2015-12-26,176.53,397.1738,61.95049,273.09897,511.7838,238.68484,treino
2015-12-27,186.25,327.02655,53.612846,221.85585,416.1095,194.25365,treino
2015-12-28,181.39,310.22968,47.493183,222.64717,396.62103,173.97386,treino
2015-12-29,203.72,328.9741,38.69702,259.05438,402.3783,143.32391,treino
2015-12-30,239.33,317.3739,39.66126,238.84027,392.45703,153.61676,treino
2015-12-31,259.78,360.13812,44.94571,262.92444,442.07666,179.15222,treino
2016-01-01,280.22,253.48206,29.94597,191.20038,304.71466,113.51428,treino
2016-01-02,293.81,315.68253,42.679245,235.13531,395.11774,159.98242,treino
2016-01-03,322.97,347.93085,46.05371,256.56952,427.2915,170.72198,treino
2016-01-04,323.97,351.7621,55.573666,237.91032,454.43256,216.52223,treino
2016-01-05,293.69,515.40765,71.17987,371.21875,640.82104,269.6023,treino
2016-01-06,319.44,420.54977,50.144455,327.48093,514.28284,186.80191,treino
2016-01-07,338.89,442.5042,50.443386,341.46246,533.2286,191.76611,treino
2016-01-08,348.61,447.3678,52.952133,338.91757,548.7347,209.81711,treino
2016-01-09,320.44,389.10672,49.157455,297.02167,473.9239,176.90222,treino
2016-01-10,280.0,356.3963,41.367825,270.3158,433.60275,163.28696,treino
2016-01-11,329.78,453.70322,57.522316,333.56323,570.3811,236.81787,treino
2016-01-12,446.44,549.24335,73.63757,389.3799,675.87994,286.50003,treino
2016-01-13,591.28,650.3738,88.14346,473.11215,822.41547,349.3033,treino
2016-01-14,638.89,694.49677,107.38293,494.1031,897.35876,403.25568,treino
2016-01-15,742.91,849.02704,120.24102,607.11554,1084.0388,476.92328,treino
2016-01-16,922.44,1381.0122,197.72945,989.1085,1740.1207,751.0122,treino
2016-01-17,1416.11,2079.0566,253.83688,1590.072,2528.2312,938.1592,treino
2016-01-18,1922.19,2664.488,290.1483,2136.5955,3189.6802,1053.0847,treino
2016-01-19,2473.39,2764.874,312.491,2167.6729,3369.7556,1202.0828,treino
2016-01-20,2945.98,3575.3374,424.87924,2678.7905,4314.434,1635.6436,treino
2016-01-21,3134.21,2847.7866,330.8887,2210.0476,3398.1616,1188.114,treino
2016-01-22,2966.34,2097.1816,235.90886,1630.1893,2518.827,888.6376,treino
2016-01-23,2377.36,1824.0369,215.06584,1389.6062,2211.4297,821.8235,treino
2016-01-24,1820.88,1550.365,180.62125,1240.4543,1905.9994,665.54504,treino
2016-01-25,1479.64,1451.9747,161.63766,1147.3113,1740.4703,593.15906,treino
2016-01-26,1316.2,1274.2881,149.03468,983.234,1559.3582,576.12415,treino
2016-01-27,1280.45,1164.7856,142.00563,872.31067,1415.8383,543.5276,treino
2016-01-28,1369.55,1293.7979,156.08836,980.1072,1582.1776,602.07043,treino
2016-01-29,1371.63,1584.2169,186.06685,1223.4148,1900.6812,677.26636,treino
2016-01-30,1341.96,1444.8456,173.12186,1110.0287,1788.2213,678.1926,treino
2016-01-31,1262.51,1204.9274,137.9939,912.5245,1433.7526,521.2281,treino
2016-02-01,1176.51,1041.4828,122.42049,784.1512,1251.5209,467.3697,treino
2016-02-02,1052.78,924.7033,101.57952,709.7632,1102.0165,392.2533,treino
2016-02-03,982.68,816.44775,95.40738,620.18945,990.0935,369.90405,treino
2016-02-04,851.53,674.91675,76.121735,525.6863,808.098,282.41174,treino
2016-02-05,721.44,628.5066,67.69954,478.9719,749.9623,270.9904,treino
2016-02-06,656.5,559.3794,65.28977,419.4282,664.08105,244.65286,treino
2016-02-07,624.3,530.02124,63.35151,397.384,643.34326,245.95926,treino
2016-02-08,578.25,544.3987,64.17655,421.8182,663.18036,241.36215,treino
2016-02-09,512.78,475.9149,58.262833,364.58887,589.9305,225.34161,treino
2016-02-10,496.76,476.24423,56.16207,361.47342,580.4591,218.98569,treino
2016-02-11,483.88,450.84735,52.27326,340.88257,538.7903,197.90771,treino
2016-02-12,458.47,663.59766,94.75623,459.4282,840.22485,380.79666,treino
2016-02-13,402.77,523.91125,59.972767,402.18396,629.8776,227.69366,treino
2016-02-14,388.99,384.1226,41.96752,304.75552,463.41626,158.66074,treino
2016-02-15,395.98,494.47443,64.81612,369.21933,612.85394,243.63461,treino
2016-02-16,401.32,357.72214,41.771526,271.0874,429.4172,158.3298,treino
2016-02-17,382.1,529.3199,63.774303,404.54733,639.8395,235.29214,treino
2016-02-18,382.33,451.92697,55.11196,341.28427,548.20355,206.91928,treino
2016-02-19,381.67,520.946,59.69752,407.84995,635.57007,227.72012,treino
2016-02-20,442.32,500.0351,56.397255,383.48575,601.81104,218.32529,treino
2016-02-21,466.38,488.2422,59.027416,385.61475,592.5035,206.88873,treino
2016-02-22,481.92,445.5286,49.086147,329.35828,536.4527,207.09442,treino
2016-02-23,448.45,492.30655,63.271282,375.3787,601.37897,226.00027,treino
2016-02-24,438.95,404.7907,45.525005,307.40662,479.90417,172.49756,treino
2016-02-25,420.84,381.7722,45.92384,283.72757,461.96936,178.24179,treino
2016-02-26,417.17,703.55347,94.626175,507.02783,885.02,377.9922,treino
2016-02-27,409.07,565.0669,70.567375,414.08255,697.57196,283.4894,treino
2016-02-28,433.87,452.0333,50.796852,350.20914,542.0544,191.84525,treino
2016-02-29,460.57,729.20496,95.96386,515.8824,904.532,388.6496,treino
2016-03-01,464.92,779.0683,86.92812,601.106,932.98584,331.87982,treino
2016-03-02,478.22,732.01666,85.35302,546.8343,880.6367,333.80243,treino
2016-03-03,605.85,644.80566,81.14286,489.50415,789.8325,300.32837,treino
2016-03-04,745.12,569.1412,64.582634,430.0815,687.6053,257.52377,treino
2016-03-05,823.98,794.23016,109.31674,572.38007,983.95264,411.57257,treino
2016-03-06,742.19,826.4537,100.90333,624.71326,1012.8488,388.13556,treino
2016-03-07,614.66,567.6828,65.34185,433.33514,692.7486,259.41345,treino
2016-03-08,618.56,773.2368,92.93557,571.7901,941.7421,369.95203,treino
2016-03-09,571.16,552.97144,62.409122,422.82065,662.53864,239.71799,treino
2016-03-10,547.94,489.92218,53.03214,381.33313,582.569,201.23584,treino
2016-03-11,502.53,610.43713,83.96847,446.5785,774.44525,327.86676,treino
2016-03-12,461.2,540.95685,64.740974,402.47647,660.4655,257.98904,treino
2016-03-13,474.95,579.632,66.584915,445.54114,705.4016,259.86047,treino
2016-03-14,514.37,720.81635,77.6547,548.50287,852.2847,303.78186,treino
2016-03-15,553.37,814.5372,97.510544,608.45917,992.65125,384.19208,treino
2016-03-16,545.0,632.7835,74.367035,471.152,768.46857,297.31656,treino
2016-03-17,435.84,549.6767,60.45314,433.0082,659.4361,226.42789,treino
2016-03-18,377.92,430.87234,48.753765,335.42392,532.63275,197.20883,treino
2016-03-19,320.44,406.50684,46.41442,315.80914,496.04584,180.2367,treino
2016-03-20,277.14,339.54288,40.007847,262.11673,408.8689,146.75217,treino
2016-03-21,263.83,320.6009,36.82579,251.26836,388.8908,137.62245,treino
2016-03-22,256.32,314.92188,36.801647,242.74847,383.49594,140.74747,treino
2016-03-23,260.95,347.02744,38.32446,268.62253,417.3804,148.75787,treino
2016-03-24,276.69,509.0712,55.571728,386.9444,611.7559,224.81152,treino
2016-03-25,294.3,503.60468,61.726456,381.1056,613.9115,232.80591,treino
2016-03-26,331.45,584.31445,79.33317,435.20233,722.28906,287.08673,treino
2016-03-27,345.14,420.43625,49.291996,321.87247,510.91736,189.04489,treino
2016-03-28,369.39,496.49933,54.641754,381.159,599.8753,218.71631,treino
2016-03-29,401.13,442.98932,49.45005,341.17328,536.3923,195.219,treino
2016-03-30,432.89,501.57645,57.33244,385.74603,615.3018,229.55579,treino
2016-03-31,405.7,499.49707,55.429573,379.405,604.46375,225.05875,treino
2016-04-01,367.62,456.50912,50.34176,343.9889,541.345,197.35608,treino
2016-04-02,330.33,450.17886,50.11491,348.5388,549.91656,201.37778,treino
2016-04-03,290.68,345.82086,36.700356,266.7069,412.61792,145.91101,treino
2016-04-04,263.59,296.7247,32.447956,235.95486,356.81845,120.86359,treino
2016-04-05,241.93,286.9276,31.581167,221.96317,342.49847,120.53531,treino
2016-04-06,225.93,273.23477,31.899168,203.57811,328.37903,124.80092,treino
2016-04-07,216.36,254.8482,29.822208,198.87895,308.01114,109.13219,treino
2016-04-08,201.61,236.54088,26.2808,185.63617,282.98508,97.34891,treino
2016-04-09,192.82,228.69766,25.316805,176.11497,275.09064,98.97566,treino
2016-04-10,187.84,225.82437,26.59181,175.09386,275.59637,100.50252,treino
2016-04-11,179.26,220.50047,24.579563,171.01671,264.81842,93.80171,treino
2016-04-12,172.93,216.21083,25.871029,161.4336,260.3644,98.93082,treino
2016-04-13,172.92,209.86293,23.797447,156.9588,253.31328,96.35448,treino
2016-04-14,172.91,209.82376,24.182247,158.80043,247.94023,89.1398,treino
2016-04-15,168.58,204.09514,22.931505,156.51726,246.5078,89.99054,treino
2016-04-16,168.63,200.7488,22.471516,153.8376,241.65794,87.82034,treino
2016-04-17,165.22,197.419,21.928432,152.02072,234.88799,82.86726,treino
2016-04-18,172.9,194.49153,22.238935,151.59575,232.81479,81.21904,treino
2016-04-19,172.93,184.41946,21.842016,135.01546,219.29494,84.27948,treino
2016-04-20,164.17,183.65825,21.254614,138.67474,223.05435,84.37961,treino
2016-04-21,164.06,171.5482,19.4758,130.8326,205.44269,74.61009,treino
2016-04-22,164.04,173.43797,20.540716,132.59955,211.21243,78.612885,treino
2016-04-23,164.02,171.89288,19.39032,133.9867,206.5646,72.57791,treino
2016-04-24,156.63,163.43689,20.210295,117.605835,199.07338,81.467545,treino
2016-04-25,156.62,159.40268,19.171566,122.416145,193.91537,71.49923,treino
2016-04-26,156.59,169.15573,21.480427,121.874084,205.99153,84.11745,treino
2016-04-27,156.56,158.22693,22.26462,103.90152,199.92682,96.0253,treino
2016-04-28,156.4,161.0162,18.762043,119.30489,194.72083,75.41593,treino
2016-04-29,155.67,263.69217,54.336803,161.66713,367.57935,205.91222,treino
2016-04-30,160.69,248.26573,38.3613,174.32446,319.51135,145.18689,treino
2016-05-01,170.41,211.82396,24.81248,164.19638,254.48016,90.28378,treino
2016-05-02,170.39,203.72629,22.318863,158.63402,245.40906,86.77504,treino
2016-05-03,177.79,210.43886,24.239126,160.20297,256.8016,96.59863,treino
2016-05-04,191.24,216.15123,22.826057,166.97797,256.08273,89.10477,treino
2016-05-05,182.59,197.53424,21.656286,148.10803,235.34314,87.23511,treino
2016-05-06,167.78,179.47296,21.329678,131.54599,217.2898,85.743805,treino
2016-05-07,160.36,175.0071,20.80366,130.62311,213.83311,83.21001,treino
2016-05-08,160.42,168.24695,20.106142,130.69565,204.47517,73.779526,treino
2016-05-09,153.07,162.9835,18.903913,126.20485,192.425,66.22015,treino
2016-05-10,153.06,153.19746,19.167572,113.16882,190.92342,77.75459,treino
2016-05-11,152.89,159.02727,19.335503,117.78158,191.18596,73.40438,treino
2016-05-12,152.68,146.77472,19.629208,104.3244,179.83488,75.51048,treino
2016-05-13,152.59,148.78804,23.979828,101.47548,191.57571,90.100235,treino
2016-05-14,145.92,191.99998,36.7464,120.942856,256.3132,135.37035,treino
2016-05-15,144.34,144.74634,19.22459,105.38239,180.42017,75.03777,treino
2016-05-16,147.86,137.01389,18.500048,99.32713,170.4454,71.11827,treino
2016-05-17,144.3,142.50697,16.802755,109.46184,172.36443,62.902588,treino
2016-05-18,137.01,141.48512,17.220848,104.72254,171.55116,66.82862,treino
2016-05-19,121.66,137.23903,16.072687,104.490295,166.64255,62.152252,treino
2016-05-20,122.87,150.06459,21.720947,104.98832,191.99783,87.009514,treino
2016-05-21,120.08,140.71335,17.631916,104.50531,170.50104,65.99573,treino
2016-05-22,121.81,147.04198,19.02064,111.07904,183.10422,72.02518,treino
2016-05-23,117.09,137.3168,17.045086,102.6857,168.03792,65.35222,treino
2016-05-24,113.81,135.23654,18.49627,99.4111,170.42567,71.01457,treino
2016-05-25,111.16,139.47133,17.507265,106.55135,170.27943,63.72808,treino
2016-05-26,115.11,148.11447,18.76679,110.80125,184.45966,73.65841,treino
2016-05-27,127.56,132.12894,17.475418,95.12436,163.12613,68.00177,treino
2016-05-28,114.92,126.342445,15.404411,93.27061,153.61812,60.34751,treino
2016-05-29,105.47,121.34595,17.134405,87.88067,151.59334,63.71267,treino
2016-05-30,104.96,119.50496,15.010735,87.36845,145.05804,57.689598,treino
2016-05-31,100.1,119.02928,17.735716,80.51526,148.36955,67.854294,treino
2016-06-01,101.34,121.62354,15.646963,89.32005,149.3193,59.999252,treino
2016-06-02,100.98,195.44357,47.26531,93.6296,280.7605,187.13089,treino
2016-06-03,106.36,271.07306,54.719715,166.09818,373.16602,207.06784,treino
2016-06-04,114.09,291.8984,38.96251,219.23015,364.32236,145.09221,treino
2016-06-05,150.98,246.5838,27.751093,192.24406,298.238,105.99394,treino
2016-06-06,204.46,235.37961,25.458838,185.71143,283.13303,97.4216,treino
2016-06-07,250.85,242.0457,27.048504,184.71777,288.20605,103.48828,treino
2016-06-08,235.53,245.64412,29.74652,188.74455,302.32953,113.58498,treino
2016-06-09,203.63,230.5608,26.6221,180.59904,275.7304,95.13136,treino
2016-06-10,176.98,222.96385,23.97034,173.87488,268.0898,94.214935,treino
2016-06-11,175.29,204.7629,24.333918,152.90799,247.41644,94.50845,treino
2016-06-12,159.59,182.20322,20.889627,139.28304,218.28,78.99696,treino
2016-06-13,136.99,163.60942,19.530842,126.09958,199.87144,73.771866,treino
2016-06-14,113.9,154.07729,19.178392,110.602325,185.56961,74.967285,treino
2016-06-15,109.25,144.19527,18.542889,105.27259,178.50484,73.23225,treino
2016-06-16,109.69,140.03485,18.291355,106.38013,174.63742,68.25729,treino
2016-06-17,109.7,134.12354,15.92927,99.23794,161.91104,62.673103,treino
2016-06-18,100.26,131.9538,17.702175,98.11819,164.6464,66.528206,treino
2016-06-19,98.67,128.25865,17.050104,95.36529,162.13493,66.769646,treino
2016-06-20,91.48,124.8697,17.164309,92.57725,156.53346,63.956215,treino
2016-06-21,92.58,123.97299,15.541601,91.34441,154.29305,62.94863,treino
2016-06-22,95.25,121.571846,15.566236,92.49356,149.40341,56.90985,treino
2016-06-23,95.2,118.9653,15.89066,84.9765,145.96445,60.987946,treino
2016-06-24,94.44,112.61035,15.488636,84.373436,138.8272,54.45376,treino
2016-06-25,91.61,116.69804,15.867195,87.48777,146.78023,59.292458,treino
2016-06-26,99.48,114.76711,15.4187565,86.6983,143.15521,56.45691,treino
2016-06-27,99.5,114.11652,15.569308,83.94409,142.67732,58.73323,treino
2016-06-28,95.28,116.963135,16.099932,82.003494,145.65819,63.654694,treino
2016-06-29,95.82,116.77427,15.545382,85.99541,145.71547,59.720062,treino
2016-06-30,87.27,105.23107,14.012802,74.6513,131.16698,56.51568,treino
2016-07-01,80.19,104.58097,14.084326,76.496284,132.21404,55.71775,treino
2016-07-02,81.03,101.330635,14.845338,69.47736,128.2084,58.73104,treino
2016-07-03,78.12,101.13994,14.991149,71.86588,128.17883,56.31295,treino
2016-07-04,78.45,96.72,13.226231,71.2413,121.72906,50.487755,treino
2016-07-05,73.63,98.21198,13.714581,70.931564,123.57033,52.638763,treino
2016-07-06,78.73,93.38835,13.827627,65.075874,117.028694,51.95282,treino
2016-07-07,78.07,93.33853,14.272652,65.31442,119.01465,53.700226,treino
2016-07-08,81.07,89.89077,14.307833,60.37259,115.57908,55.20649,treino
2016-07-09,77.57,88.2028,13.428323,61.26373,112.73528,51.471554,treino
2016-07-10,73.28,83.10077,13.559765,59.194534,109.324585,50.13005,treino
2016-07-11,71.72,80.9706,12.600537,55.027306,103.860634,48.83333,treino
2016-07-12,67.94,79.69131,12.545242,53.69285,102.63165,48.938805,treino
2016-07-13,67.21,78.0876,11.876913,54.85467,99.37671,44.522038,treino
2016-07-14,72.43,77.42327,12.712781,53.26477,100.3445,47.079727,treino
2016-07-15,74.84,73.246414,12.645283,47.364384,95.129395,47.76501,treino
2016-07-16,79.35,70.223946,12.18721,45.609978,95.274185,49.664207,treino
2016-07-17,79.67,75.41659,13.455359,48.822685,100.39978,51.577095,treino
2016-07-18,80.04,74.04821,13.985415,46.533424,97.63493,51.10151,treino
2016-07-19,80.16,76.82597,12.39771,50.93994,101.73648,50.79654,treino
2016-07-20,75.62,73.64565,13.075452,47.965508,98.33982,50.374313,treino
2016-07-21,73.44,72.93819,12.389096,47.676228,95.572266,47.896038,treino
2016-07-22,75.94,75.59039,11.963032,50.33653,96.14356,45.807034,treino
2016-07-23,73.66,74.96851,12.4021435,48.16107,97.55809,49.39702,treino
2016-07-24,73.75,77.87591,13.847502,48.90648,104.650826,55.744347,treino
2016-07-25,75.36,75.07152,12.799223,43.98507,96.22939,52.244324,treino
2016-07-26,74.18,75.29227,13.69571,46.777584,100.11277,53.335186,treino
2016-07-27,75.36,74.569305,13.503681,43.499374,98.39412,54.894745,treino
2016-07-28,72.18,76.46067,12.533122,51.087425,98.095406,47.00798,treino
2016-07-29,78.57,73.288506,13.040713,44.60002,96.15312,51.5531,treino
2016-07-30,78.5,69.17115,12.106347,45.395054,92.21509,46.820034,treino
2016-07-31,69.18,73.38204,12.590616,47.809357,96.626,48.816643,treino
2016-08-01,64.63,72.94531,12.197926,47.43525,95.74564,48.310394,treino
2016-08-02,61.07,71.079155,12.625356,44.92108,95.737366,50.816284,treino
2016-08-03,68.22,70.85583,12.867559,45.814953,96.334694,50.51974,treino
2016-08-04,68.91,68.87444,12.397843,43.664043,90.24318,46.579136,treino
2016-08-05,62.73,67.91542,12.690688,43.38826,92.43797,49.049713,treino
2016-08-06,63.68,67.146194,11.803118,44.722424,88.785805,44.06338,treino
2016-08-07,62.53,66.633675,11.8938055,45.097656,90.870575,45.77292,treino
2016-08-08,64.89,67.25943,12.78785,42.62815,91.33859,48.71044,treino
2016-08-09,66.09,64.78346,12.212914,41.11745,87.15914,46.04169,treino
2016-08-10,63.25,65.633705,12.302291,40.42918,88.44813,48.018948,treino
2016-08-11,62.71,63.528976,12.44531,40.746887,85.17982,44.43293,treino
2016-08-12,64.62,62.15215,12.263476,38.547264,86.50789,47.960625,treino
2016-08-13,57.14,62.04984,12.248103,39.174984,86.11001,46.935024,treino
2016-08-14,58.96,56.88879,11.642646,34.640945,81.02994,46.388992,treino
2016-08-15,57.0,58.52,11.877844,35.470394,82.42197,46.951572,treino
2016-08-16,57.49,83.45262,20.358599,44.409893,126.66402,82.25412,treino
2016-08-17,57.12,61.98805,12.530601,35.67679,86.06821,50.39142,treino
2016-08-18,57.14,65.6401,12.131371,40.24575,90.64267,50.39692,treino
2016-08-19,58.13,66.71672,12.614286,41.951763,90.81363,48.861866,treino
2016-08-20,62.92,65.95189,13.195583,39.049538,91.99281,52.943275,treino
2016-08-21,59.38,62.343605,14.154756,34.81716,87.49125,52.674088,treino
2016-08-22,58.43,60.090443,12.176642,36.190937,82.236374,46.045437,treino
2016-08-23,56.77,59.730118,13.279669,33.15516,82.69673,49.541573,treino
2016-08-24,53.71,56.942677,12.829156,33.931282,83.49388,49.5626,treino
2016-08-25,47.5,56.011837,11.486624,33.80751,77.792465,43.984955,treino
2016-08-26,47.46,50.59374,11.728413,26.807745,71.374825,44.567078,treino
2016-08-27,38.49,51.292763,10.766164,29.25356,72.43409,43.18053,treino
2016-08-28,40.27,48.65726,11.799212,26.842003,72.36681,45.52481,treino
2016-08-29,42.83,47.964195,11.4208975,26.309757,68.430626,42.12087,treino
2016-08-30,37.48,52.328903,12.525913,26.393858,78.37403,51.98017,treino
2016-08-31,34.25,52.85635,12.532905,28.677477,79.13148,50.454002,treino
2016-09-01,35.54,84.559,23.49717,35.45797,122.87119,87.41322,treino
2016-09-02,33.74,57.419376,13.354743,30.445663,80.864975,50.41931,treino
2016-09-03,36.23,47.240852,12.770931,24.616716,75.37662,50.759903,treino
2016-09-04,28.39,49.013836,11.221579,27.126247,69.927986,42.80174,treino
2016-09-05,25.67,46.030605,11.762557,23.553656,67.47033,43.91667,treino
2016-09-06,26.63,44.76848,11.264269,23.09987,65.38367,42.2838,treino
2016-09-07,31.77,42.59121,10.933819,20.564156,62.583244,42.01909,treino
2016-09-08,32.93,42.195724,11.191757,18.369408,63.618443,45.249035,treino
2016-09-09,27.37,41.57323,11.852383,20.53561,64.047005,43.511395,treino
2016-09-10,26.22,48.712513,12.415728,24.473358,73.69234,49.21898,treino
2016-09-11,23.33,42.054974,11.312973,20.059496,62.654846,42.595352,treino
2016-09-12,25.44,43.08798,12.3802595,19.017889,66.25343,47.235542,treino
2016-09-13,25.85,41.32248,11.80921,17.847319,61.717663,43.870346,treino
2016-09-14,25.89,41.60548,11.886434,16.569052,63.255432,46.68638,treino
2016-09-15,30.75,40.01965,11.369842,19.291733,62.40034,43.10861,treino
2016-09-16,38.37,60.526855,15.720215,29.023802,87.40315,58.37935,treino
2016-09-17,41.52,39.64947,10.370916,19.610697,60.32292,40.712227,treino
2016-09-18,46.2,49.936417,15.371333,20.805334,80.92738,60.122047,treino
2016-09-19,42.6,39.676258,11.766936,17.400928,59.84176,42.44083,treino
2016-09-20,41.02,77.963844,17.682375,44.108704,111.52903,67.42033,treino
2016-09-21,37.67,40.29491,11.491645,18.645016,62.18068,43.535664,treino
2016-09-22,51.53,39.464863,11.239862,20.073809,62.297577,42.22377,treino
2016-09-23,57.88,43.66959,12.465084,21.001938,68.72098,47.71904,treino
2016-09-24,47.0,42.76932,11.454443,19.812775,63.84892,44.036144,treino
2016-09-25,47.85,60.747356,17.156042,30.790943,93.82727,63.036327,treino
2016-09-26,54.7,155.0699,31.57303,95.385185,210.54257,115.15739,treino
2016-09-27,59.41,48.670624,11.148837,28.176968,71.171776,42.99481,treino
2016-09-28,49.34,49.105293,11.779331,25.428726,70.082924,44.654198,treino
2016-09-29,49.96,56.28976,16.59871,20.95044,87.767525,66.817085,treino
2016-09-30,46.25,43.294655,11.800983,20.109919,66.531204,46.421288,treino
2016-10-01,50.79,48.459793,13.707729,20.658522,74.57027,53.911743,treino
2016-10-02,92.58,98.26325,25.948267,47.85127,148.09631,100.24504,treino
2016-10-03,179.87,107.025925,30.247349,52.11595,163.6254,111.509445,treino
2016-10-04,237.91,193.20761,77.28707,51.105568,354.0867,302.98114,treino
2016-10-05,208.47,135.68764,35.672623,60.106815,196.07025,135.96344,treino
2016-10-06,137.77,96.98693,17.48246,61.854282,130.3696,68.51532,treino
2016-10-07,144.52,57.81077,11.749396,34.417828,79.144875,44.727047,treino
2016-10-08,150.82,71.45013,12.79744,44.74583,94.03645,49.290623,treino
2016-10-09,134.31,71.417725,13.124783,45.233845,93.71643,48.482586,treino
2016-10-10,131.38,62.041782,12.058747,39.37899,84.639336,45.260345,treino
2016-10-11,111.57,56.940617,11.864826,31.275747,78.62368,47.34793,treino
2016-10-12,77.16,104.21401,23.157242,55.80925,145.46114,89.651886,treino
2016-10-13,46.26,55.441,10.90119,34.36263,74.38483,40.022198,treino
2016-10-14,39.47,137.35458,30.72379,77.45819,201.7559,124.297714,treino
2016-10-15,43.56,60.699825,11.305255,39.00769,82.6763,43.66861,treino
2016-10-16,55.43,137.96788,33.397423,74.799065,199.88402,125.08495,treino
2016-10-17,69.46,70.16497,12.844394,43.858173,94.55308,50.694904,treino
2016-10-18,91.5,66.577255,11.697514,46.113293,89.131226,43.017933,treino
2016-10-19,89.8,73.67851,13.240236,46.58649,98.93033,52.343838,treino
2016-10-20,73.09,67.16207,13.331163,42.17346,92.28155,50.10809,treino
2016-10-21,41.17,83.69431,20.968555,46.16714,126.42672,80.25958,treino
2016-10-22,28.84,123.94672,20.87208,80.81295,158.32971,77.51676,treino
2016-10-23,22.62,107.704895,19.591946,70.44037,147.38261,76.942245,treino
2016-10-24,22.35,107.61465,17.949907,70.14991,141.91684,71.76693,treino
2016-10-25,35.65,100.59231,14.587184,69.71964,124.749016,55.029373,treino
2016-10-26,49.27,95.14372,16.234957,60.95203,125.4248,64.47276,treino
2016-10-27,64.46,85.20335,16.395823,54.024475,115.16469,61.140213,treino
2016-10-28,48.94,64.82309,12.694046,39.590813,90.098236,50.507423,treino
2016-10-29,41.53,61.45179,12.823216,34.091312,85.6857,51.594387,treino
2016-10-30,36.84,80.89272,21.773,37.602795,120.2043,82.6015,treino
2016-10-31,32.07,82.70285,14.670815,54.37209,110.93342,56.56133,treino
2016-11-01,43.6,71.946465,13.656179,43.870235,96.84607,52.975834,treino
2016-11-02,42.54,42.260414,11.768014,18.229143,63.53679,45.307648,treino
2016-11-03,37.39,43.05804,12.394968,19.251629,66.89738,47.64575,treino
2016-11-04,32.16,122.015274,22.897242,77.805595,162.88365,85.07806,treino
2016-11-05,32.87,122.51992,35.07836,59.298088,189.99442,130.69632,treino
2016-11-06,27.8,81.21142,16.865133,44.739677,113.87355,69.13387,treino
2016-11-07,32.6,95.049736,23.674974,47.52217,140.798,93.27583,treino
2016-11-08,65.21,151.61406,27.844316,91.41647,199.89392,108.47745,treino
2016-11-09,118.46,120.76565,21.589659,70.3241,158.08733,87.76323,treino
2016-11-10,131.51,169.43253,40.442417,88.15774,241.93575,153.77802,treino
2016-11-11,126.08,132.71474,19.026741,91.917564,170.15852,78.24096,treino
2016-11-12,125.76,170.34904,37.786545,92.02524,240.89024,148.865,treino
2016-11-13,236.72,339.5261,80.18476,171.09224,493.556,322.46375,treino
2016-11-14,292.02,483.19687,107.52291,276.477,702.0272,425.55023,treino
2016-11-15,403.07,481.8776,96.82,274.66486,662.34705,387.6822,treino
2016-11-16,467.54,492.29266,58.286026,373.0011,593.91547,220.91437,treino
2016-11-17,696.71,733.34235,87.65976,563.0241,895.55115,332.52704,treino
2016-11-18,874.96,537.8259,66.70329,419.65753,663.0691,243.41156,treino
2016-11-19,786.88,417.07874,49.4869,315.15494,505.6102,190.45526,treino
2016-11-20,671.85,330.6384,36.583523,260.02396,399.7065,139.68256,treino
2016-11-21,597.09,308.95932,34.632607,238.97075,369.73468,130.76393,treino
2016-11-22,513.02,256.71982,29.640768,197.03433,309.9933,112.958954,treino
2016-11-23,456.93,378.09756,74.01281,228.26495,509.4214,281.15643,treino
2016-11-24,408.31,392.27527,69.7492,258.78152,532.98236,274.20084,treino
2016-11-25,350.2,247.27417,26.437155,201.45892,298.26257,96.80365,treino
2016-11-26,318.04,322.54935,44.54081,229.23499,400.08612,170.85114,treino
2016-11-27,306.75,322.0441,45.72743,231.33289,400.77734,169.44446,treino
2016-11-28,323.45,231.88148,32.72005,156.2445,291.43112,135.18661,treino
2016-11-29,322.17,242.49495,32.189323,174.21637,295.42535,121.208984,treino
2016-11-30,310.6,273.3695,38.980694,191.80658,341.25256,149.44598,treino
2016-12-01,283.04,303.75992,35.751587,231.43019,369.26587,137.83568,treino
2016-12-02,279.05,365.72,43.21478,280.81552,444.40964,163.59412,treino
2016-12-03,306.84,342.7674,41.26514,255.74078,416.53464,160.79385,treino
2016-12-04,362.17,638.7938,123.4119,402.96918,851.64813,448.67896,treino
2016-12-05,482.2,662.93243,99.96046,447.34854,853.88696,406.53842,treino
2016-12-06,532.83,830.9202,98.6799,628.0944,1000.8235,372.72906,treino
2016-12-07,648.19,482.4149,57.012688,369.62415,588.1841,218.55994,treino
2016-12-08,821.32,485.9451,54.75856,378.047,585.42676,207.37976,treino
2016-12-09,791.87,660.8158,94.452354,467.1513,822.551,355.39972,treino
2016-12-10,675.86,614.24725,82.97622,439.14807,764.6456,325.49756,treino
2016-12-11,617.7,542.2722,66.207054,408.8489,665.5024,256.65347,treino
2016-12-12,674.99,630.3262,68.62151,487.11258,752.33795,265.22537,treino
2016-12-13,815.36,718.15564,89.24625,536.0789,868.33734,332.25842,treino
2016-12-14,1138.75,993.7852,131.60835,693.6783,1205.7056,512.0273,treino
2016-12-15,1653.75,1429.3873,169.41399,1107.378,1713.1156,605.73755,treino
2016-12-16,1410.03,1557.5658,200.4225,1154.4227,1925.4662,771.04346,treino
2016-12-17,1120.01,1137.698,132.69,876.32074,1394.0787,517.758,treino
2016-12-18,974.74,1138.9572,137.43077,854.09607,1374.8625,520.7665,treino
2016-12-19,800.72,971.0597,111.73533,779.6199,1195.9033,416.28345,treino
2016-12-20,731.99,823.31537,86.77132,641.09576,984.947,343.85126,treino
2016-12-21,659.9,731.0784,84.70309,559.3705,886.5144,327.14392,treino
2016-12-22,599.38,637.3162,74.033485,475.57254,771.6378,296.06528,treino
2016-12-23,529.69,600.1237,62.768116,464.50974,718.43317,253.92343,treino
2016-12-24,429.83,529.095,58.127716,411.84564,637.3009,225.45526,treino
2016-12-25,389.6,434.3139,45.7739,340.34,512.5834,172.24338,treino
2016-12-26,361.78,497.1945,67.38562,360.15076,620.2279,260.07715,treino
2016-12-27,340.9,501.74353,69.38521,358.1707,630.91077,272.74008,treino
2016-12-28,343.03,419.55423,52.822044,316.91837,514.3983,197.47995,treino
2016-12-29,329.39,345.90167,38.799355,261.39243,416.41132,155.01889,treino
2016-12-30,305.66,305.15656,35.677467,228.27739,366.9153,138.63792,treino
2016-12-31,283.67,277.85022,33.11608,204.36649,334.48236,130.11588,treino
2017-01-01,290.77,281.60638,31.673302,212.61086,335.43826,122.82741,treino
2017-01-02,273.41,240.88672,27.209135,187.31015,287.77618,100.466034,treino
2017-01-03,233.13,216.08366,26.536266,164.69154,264.13696,99.44542,treino
2017-01-04,233.13,236.39711,32.26302,166.61627,292.3332,125.71692,treino
2017-01-05,232.44,273.84854,41.667336,195.59967,349.78622,154.18655,treino
2017-01-06,230.81,249.11299,35.858536,180.48253,311.15063,130.6681,treino
2017-01-07,230.81,201.3134,23.211048,154.29051,242.33713,88.046616,treino
2017-01-08,224.33,184.07259,21.535679,141.65848,219.57808,77.9196,treino
2017-01-09,217.85,206.60214,26.391851,153.85571,255.70724,101.85153,treino
2017-01-10,230.81,187.1982,21.587934,145.66685,229.05984,83.39299,treino
2017-01-11,286.83,213.69008,29.334768,150.4877,262.43073,111.94302,treino
2017-01-12,353.96,262.31763,45.665825,170.60779,343.98395,173.37616,treino
2017-01-13,452.11,314.75824,53.6292,201.90483,416.42926,214.52443,treino
2017-01-14,630.28,528.27246,75.86947,376.30066,685.91785,309.6172,treino
2017-01-15,824.72,576.6124,85.93465,401.35397,726.7223,325.36832,treino
2017-01-16,691.78,693.4,102.44649,498.26178,898.3212,400.05945,treino
2017-01-17,550.2,427.60806,48.291786,320.66467,513.54504,192.88037,treino
2017-01-18,499.65,491.33978,60.692806,368.78134,597.5868,228.80545,treino
2017-01-19,479.5,452.87094,53.65347,342.50558,557.7607,215.2551,treino
2017-01-20,460.41,429.68103,50.027805,340.50323,529.026,188.52277,treino
2017-01-21,439.23,435.5127,50.856495,326.0483,532.1516,206.1033,treino
2017-01-22,408.49,415.0473,46.04105,317.5562,493.1631,175.60687,treino
2017-01-23,378.68,408.28107,47.95649,308.42413,489.0433,180.61917,treino
2017-01-24,348.46,408.95535,46.307026,308.5789,492.65137,184.07248,treino
2017-01-25,314.9,402.91187,50.860992,297.52002,486.97623,189.4562,treino
2017-01-26,268.08,339.76785,54.592636,228.07098,440.45142,212.38043,treino
2017-01-27,227.57,266.935,32.247036,204.62457,324.64355,120.01898,treino
2017-01-28,214.38,280.94186,34.040592,211.23834,336.19205,124.953705,treino
2017-01-29,229.89,260.70093,28.170404,203.5785,311.9936,108.415085,treino
2017-01-30,272.61,246.83119,28.047596,185.0777,302.0472,116.96951,treino
2017-01-31,335.0,255.70068,27.66632,197.90337,307.30057,109.3972,treino
2017-02-01,368.52,306.90262,44.324627,218.73952,382.38626,163.64674,treino
2017-02-02,383.95,342.20996,51.177906,237.52673,427.55145,190.02472,treino
2017-02-03,430.34,515.4664,74.71544,363.42108,649.3695,285.94843,treino
2017-02-04,554.23,484.2163,75.92489,336.00418,628.54614,292.54196,treino
2017-02-05,733.86,489.8529,58.316017,378.6151,593.9429,215.32776,treino
2017-02-06,789.3,883.48206,126.422066,628.5975,1094.8021,466.20465,treino
2017-02-07,802.87,761.54846,93.38888,593.8007,927.4919,333.69116,treino
2017-02-08,738.74,886.27356,102.300156,672.65063,1068.1703,395.51965,treino
2017-02-09,698.7,683.0198,78.33968,534.8573,836.3472,301.48993,treino
2017-02-10,640.83,548.8475,60.300182,414.54565,666.42035,251.8747,treino
2017-02-11,531.92,561.43365,67.219734,429.1412,678.5866,249.4454,treino
2017-02-12,421.67,465.6049,51.237522,366.74255,552.1156,185.37305,treino
2017-02-13,359.06,434.32047,53.792336,324.61783,529.6166,204.99875,treino
2017-02-14,296.56,380.75992,43.646954,283.8652,455.25574,171.39053,treino
2017-02-15,261.83,296.76266,31.55243,236.69722,355.06827,118.37105,treino
2017-02-16,244.17,261.38205,31.0963,200.77283,318.4648,117.691986,treino
2017-02-17,223.36,224.18102,24.597666,177.84619,269.58072,91.73453,treino
2017-02-18,210.05,218.2353,24.347874,174.1221,261.88248,87.760376,treino
2017-02-19,193.68,208.91411,25.038088,153.80139,254.08342,100.28203,treino
2017-02-20,180.78,201.03198,22.42455,156.94394,241.6274,84.68346,treino
2017-02-21,166.89,201.21373,23.817074,155.86356,248.72766,92.864105,treino
2017-02-22,177.78,172.7817,19.572628,138.16548,209.66237,71.49689,treino
2017-02-23,192.67,167.30563,17.777122,132.51932,202.13618,69.61687,treino
2017-02-24,220.44,164.30435,19.658627,122.66774,200.43628,77.76854,treino
2017-02-25,216.44,203.62823,31.316809,143.19876,262.74576,119.547,treino
2017-02-26,248.44,179.6863,26.822512,121.777534,231.87842,110.10088,treino
2017-02-27,262.44,187.80771,28.538786,130.70604,239.04878,108.34274,treino
2017-02-28,262.44,332.47003,58.86669,211.18488,445.06412,233.87924,treino
2017-03-01,262.44,287.0505,47.01182,196.81775,370.05444,173.2367,treino
2017-03-02,261.44,281.5941,36.679607,209.5938,351.8881,142.2943,treino
2017-03-03,226.72,292.22397,39.919228,203.92365,364.94708,161.02344,treino
2017-03-04,293.85,303.10068,42.545235,214.6459,373.7359,159.09,treino
2017-03-05,259.01,285.06116,35.007854,216.58583,348.47287,131.88704,treino
2017-03-06,259.13,288.26547,34.354443,221.97594,354.60098,132.62505,treino
2017-03-07,272.58,236.18896,28.180336,178.13391,286.66016,108.526245,treino
2017-03-08,242.8,341.83298,54.007183,235.35657,440.5729,205.21634,treino
2017-03-09,261.44,359.8661,41.05057,278.6364,429.1845,150.5481,treino
2017-03-10,226.72,213.25253,23.849913,163.52016,256.26913,92.74898,treino
2017-03-11,232.72,187.2415,19.460754,149.58052,226.29373,76.71321,treino
2017-03-12,206.83,198.58035,22.742481,150.01875,241.20016,91.18141,treino
2017-03-13,202.89,191.32306,21.954096,142.55481,227.94907,85.39426,treino
2017-03-14,209.83,179.09589,20.881798,129.59354,213.57195,83.97841,treino
2017-03-15,202.89,208.42212,34.52555,132.50438,269.38806,136.88368,treino
2017-03-16,192.0,146.9999,17.963417,111.10462,179.72836,68.62374,treino
2017-03-17,192.0,133.06546,16.126945,100.10378,163.65219,63.54841,treino
2017-03-18,212.83,216.25882,38.732407,135.57672,282.86362,147.2869,treino
2017-03-19,239.61,438.18994,81.067154,279.66266,599.6877,320.02502,treino
2017-03-20,261.44,244.25922,32.736614,177.04956,300.33572,123.28616,treino
2017-03-21,260.44,244.67128,28.744057,184.5343,296.66867,112.13437,treino
2017-03-22,292.17,264.4242,30.57193,202.14098,319.892,117.75102,treino
2017-03-23,292.17,239.2707,27.447533,180.8883,287.61588,106.72757,treino
2017-03-24,292.17,213.04851,25.67984,160.82527,259.1388,98.31352,treino
2017-03-25,257.44,189.09938,22.00154,144.27533,226.18918,81.91385,treino
2017-03-26,247.56,178.11707,21.621159,130.37291,215.05714,84.684235,treino
2017-03-27,222.72,160.86359,17.839754,124.33457,194.46829,70.13372,treino
2017-03-28,187.17,178.7154,28.184208,121.12624,225.75806,104.63181,treino
2017-03-29,168.39,159.78929,18.495321,120.525826,193.11028,72.58445,treino
2017-03-30,161.44,170.97214,18.293728,134.10017,205.11693,71.016754,treino
2017-03-31,168.39,173.76361,20.418371,133.75671,210.01018,76.25346,treino
2017-04-01,161.44,161.87616,19.886698,122.28762,197.68776,75.40014,treino
2017-04-02,168.39,153.35516,20.138351,111.227165,189.2524,78.02523,treino
2017-04-03,160.44,141.14806,17.939844,105.601006,173.45804,67.85703,treino
2017-04-04,144.56,133.49565,16.391329,99.946365,163.36273,63.416367,treino
2017-04-05,145.56,125.003296,15.236763,95.817116,154.75858,58.94146,treino
2017-04-06,145.56,129.57668,16.35962,99.77065,161.43889,61.668236,treino
2017-04-07,148.56,134.74255,18.031252,98.55443,166.12866,67.574234,treino
2017-04-08,147.56,121.17718,16.931503,81.3791,151.56387,70.18478,treino
2017-04-09,148.56,140.43745,19.997269,101.202736,175.6643,74.46157,treino
2017-04-10,147.56,116.67039,15.97795,83.83247,146.25589,62.423416,treino
2017-04-11,148.56,109.86693,15.061851,80.420296,134.79315,54.372856,treino
2017-04-12,150.75,101.97428,16.258383,69.21438,129.96527,60.750893,treino
2017-04-13,137.44,115.28125,17.326962,83.1013,147.17606,64.07475,treino
2017-04-14,130.79,105.03533,15.499964,72.73013,133.63412,60.90399,treino
2017-04-15,137.5,104.013275,14.560586,75.350174,133.62129,58.27112,treino
2017-04-16,128.42,128.85823,17.122177,92.08777,160.94588,68.85811,treino
2017-04-17,127.72,96.44544,13.816616,67.26939,120.75714,53.487755,treino
2017-04-18,134.67,102.98356,17.301506,69.07717,134.84679,65.769615,treino
2017-04-19,132.83,89.09724,13.328275,60.956882,112.66191,51.70503,treino
2017-04-20,135.89,85.96041,14.025217,58.289654,110.88365,52.593998,treino
2017-04-21,135.89,80.73786,13.921301,53.04102,107.48782,54.446804,treino
2017-04-22,122.0,78.540085,13.087815,50.01306,104.08575,54.072685,treino
2017-04-23,119.34,83.480354,14.412953,57.14962,111.205185,54.055565,treino
2017-04-24,107.14,79.8901,13.162686,51.69995,102.553116,50.853165,treino
2017-04-25,109.43,76.2603,11.8525505,54.552315,98.15947,43.607155,treino
2017-04-26,102.17,76.49796,12.842612,50.791748,99.90741,49.11566,treino
2017-04-27,127.94,155.24164,40.146194,61.408978,238.97246,177.56348,treino
2017-04-28,126.94,124.751366,29.9021,65.91155,182.1043,116.19274,treino
2017-04-29,141.83,183.8964,32.259895,122.686615,246.9411,124.254486,treino
2017-04-30,162.67,117.6505,21.34782,70.92058,153.84866,82.928085,treino
2017-05-01,169.27,92.51905,14.067032,63.758934,114.85379,51.094856,treino
2017-05-02,172.08,96.524994,14.966322,68.24914,122.1939,53.944763,treino
2017-05-03,164.44,91.25142,14.625343,61.883022,116.7557,54.872677,treino
2017-05-04,151.13,84.94642,12.38333,59.19641,106.38672,47.190308,treino
2017-05-05,144.15,80.09559,12.557701,54.28996,100.92784,46.637882,treino
2017-05-06,141.83,126.72022,26.226671,72.03205,173.6666,101.634544,treino
2017-05-07,140.83,83.73161,16.202429,48.391567,113.11293,64.72136,validacao
2017-05-08,140.83,76.562836,12.388245,51.23714,97.65591,46.418766,validacao
2017-05-09,153.78,79.935074,13.384756,52.23198,103.92619,51.694214,validacao
2017-05-10,171.72,82.533226,13.523624,56.68941,107.18244,50.49303,validacao
2017-05-11,170.72,87.451805,13.834788,56.57624,113.93613,57.359886,validacao
2017-05-12,150.89,80.7515,13.036759,55.31174,105.940544,50.628803,validacao
2017-05-13,143.94,72.99267,12.401161,49.18769,95.87175,46.68406,validacao
2017-05-14,130.06,69.004944,12.508334,43.555447,90.88968,47.334232,validacao
2017-05-15,120.06,65.95009,11.690127,42.65104,87.305984,44.654945,validacao
2017-05-16,115.37,112.46591,26.950344,58.165108,163.75748,105.59237,validacao
2017-05-17,113.75,101.775986,19.877172,63.161026,138.15392,74.99289,validacao
2017-05-18,111.22,75.389656,13.397553,48.30113,98.56486,50.26373,validacao
2017-05-19,118.17,162.09157,34.919445,95.545044,235.04361,139.49857,validacao
2017-05-20,176.62,342.77533,87.789505,139.71954,517.6823,377.96277,validacao
2017-05-21,176.73,130.1518,17.37783,97.814804,159.34413,61.529327,validacao
2017-05-22,170.13,151.14694,21.774656,110.072815,194.3251,84.25229,validacao
2017-05-23,189.93,169.31688,24.978556,117.75266,212.87714,95.12447,validacao
2017-05-24,236.22,155.93532,17.96448,123.240654,190.93039,67.689735,validacao
2017-05-25,243.17,170.67735,20.752563,127.879616,206.5248,78.64518,validacao
2017-05-26,264.0,174.28386,21.391851,133.88516,214.41629,80.53113,validacao
2017-05-27,250.11,126.318726,17.068155,90.63284,155.68329,65.050446,validacao
2017-05-28,229.28,115.620575,15.763124,82.95949,142.59705,59.637558,validacao
2017-05-29,183.67,102.722145,15.228401,67.41415,130.31258,62.89843,validacao
2017-05-30,177.72,96.3619,13.746935,69.22411,119.85057,50.626457,validacao
2017-05-31,162.93,84.158745,12.404019,59.859818,107.416405,47.556587,validacao
2017-06-01,129.68,79.6828,12.972093,52.285297,101.7482,49.462902,validacao
2017-06-02,108.0,69.80893,12.161809,43.396435,93.22534,49.828907,validacao
2017-06-03,96.35,68.15769,12.206526,43.92133,91.42809,47.506763,validacao
2017-06-04,84.12,67.87142,12.415395,43.37953,91.26184,47.88231,validacao
2017-06-05,83.97,65.971405,11.988925,43.6303,89.58482,45.954525,validacao
2017-06-06,75.11,66.284096,11.997609,42.678215,88.49148,45.813263,validacao
2017-06-07,77.56,64.730515,12.009171,38.942875,85.92717,46.984295,validacao
2017-06-08,75.43,63.114933,12.309527,38.87679,86.399635,47.522846,validacao
2017-06-09,77.44,61.8777,11.773088,38.870266,85.272964,46.4027,validacao
2017-06-10,77.21,61.188763,12.068099,37.48962,82.93424,45.444622,validacao
2017-06-11,64.63,59.579407,11.626613,35.293636,80.47643,45.182796,validacao
2017-06-12,52.78,72.568146,16.241795,38.210674,103.47926,65.268585,validacao
2017-06-13,57.29,231.65515,57.190186,120.37197,333.40628,213.0343,validacao
2017-06-14,59.28,158.78923,30.640272,95.918945,210.8348,114.91585,validacao
2017-06-15,53.44,85.17649,13.486004,58.903973,112.25231,53.34834,validacao
2017-06-16,54.42,90.14245,13.919966,60.115376,114.83839,54.72301,validacao
2017-06-17,52.1,98.087,14.424571,70.98294,124.741005,53.758064,validacao
2017-06-18,59.39,129.1415,17.970846,90.07583,161.18324,71.107414,validacao
2017-06-19,65.93,114.55866,17.328732,80.43853,145.43387,64.99534,validacao
2017-06-20,65.93,86.2027,13.307871,60.06059,113.78109,53.7205,validacao
2017-06-21,62.36,79.35484,13.6056795,53.262207,104.78124,51.519035,validacao
2017-06-22,67.84,69.05742,12.997014,41.686943,93.64544,51.958496,validacao
2017-06-23,64.56,66.84975,12.749241,41.51141,90.941475,49.430065,validacao
2017-06-24,69.07,69.713936,13.071117,44.57451,98.34396,53.769455,validacao
2017-06-25,65.44,62.635815,11.534598,41.031204,85.119606,44.0884,validacao
2017-06-26,51.78,59.946102,12.640109,37.93211,83.99535,46.063244,validacao
2017-06-27,43.52,60.137657,12.399066,34.15902,83.23755,49.07853,validacao
2017-06-28,31.83,56.517708,12.144815,32.737164,78.845695,46.108532,validacao
2017-06-29,31.49,54.555664,11.323913,32.20635,77.66146,45.455112,validacao
2017-06-30,29.4,51.522778,11.755368,29.946575,74.01613,44.069553,validacao
2017-07-01,28.67,52.42835,11.737167,30.552118,74.37737,43.825256,validacao
2017-07-02,32.05,50.318027,11.208867,27.937304,71.899025,43.961723,validacao
2017-07-03,31.19,50.634666,11.464964,27.904922,73.457535,45.552612,validacao
2017-07-04,27.33,50.070087,11.509473,26.248297,73.90355,47.65525,validacao
2017-07-05,27.33,50.24676,12.327851,25.609827,72.05148,46.441658,validacao
2017-07-06,27.8,49.70268,11.288806,26.745571,71.4594,44.713825,validacao
2017-07-07,28.16,50.72695,11.32653,28.39324,71.02562,42.632378,validacao
2017-07-08,28.56,50.54039,11.440631,29.103899,69.902824,40.798927,validacao
2017-07-09,35.67,49.03794,12.710247,25.098257,72.093,46.994743,validacao
2017-07-10,23.63,47.268963,10.762879,25.97803,67.82067,41.842644,validacao
2017-07-11,22.17,46.423943,10.178184,27.756462,65.7115,37.95504,validacao
2017-07-12,26.19,46.38877,11.175809,25.022217,68.49278,43.470566,validacao
2017-07-13,23.51,45.829697,11.297893,24.74038,69.13799,44.397614,validacao
2017-07-14,24.25,44.543453,11.300157,22.01052,66.04118,44.030663,validacao
2017-07-15,19.85,46.811104,11.145083,23.478483,67.931984,44.4535,validacao
2017-07-16,27.33,47.320423,11.506086,27.16466,68.759315,41.594658,validacao
2017-07-17,21.31,44.665485,11.760118,21.65191,67.85253,46.200623,validacao
2017-07-18,18.07,45.105988,12.104076,21.26544,68.87073,47.605286,validacao
2017-07-19,16.76,45.18016,10.868758,23.925606,65.49062,41.565018,validacao
2017-07-20,17.22,43.65969,10.6003895,23.377207,64.007576,40.63037,validacao
2017-07-21,15.6,43.995636,11.297058,19.917274,65.39345,45.476173,validacao
2017-07-22,20.23,43.799355,11.731078,20.783707,65.85251,45.0688,validacao
2017-07-23,33.58,44.13256,11.428797,22.655643,68.86134,46.2057,validacao
2017-07-24,46.47,42.373707,11.207834,22.04637,63.75589,41.70952,validacao
2017-07-25,53.26,43.916454,11.263852,21.131226,63.76281,42.631584,validacao
2017-07-26,53.26,44.560776,11.202025,24.183025,67.89318,43.710155,validacao
2017-07-27,47.47,43.059895,10.856417,19.415787,63.21589,43.800102,validacao
2017-07-28,34.97,40.914986,11.038826,21.07641,63.84478,42.76837,validacao
2017-07-29,25.94,41.076427,11.758757,18.068752,64.5475,46.47875,validacao
2017-07-30,21.16,40.590096,11.159587,18.293472,61.542297,43.248825,validacao
2017-07-31,15.37,40.32944,11.84359,16.457464,63.102825,46.645363,validacao
2017-08-01,22.16,40.97425,11.561613,20.171844,64.2241,44.052254,validacao
2017-08-02,17.37,39.80167,11.8653555,14.153979,63.020092,48.86611,validacao
2017-08-03,17.37,39.906277,11.2467,18.614649,61.786503,43.171852,validacao
2017-08-04,23.16,39.461693,10.591483,19.475079,59.526592,40.051514,validacao
2017-08-05,23.16,41.003483,11.287114,19.978172,62.64204,42.663868,validacao
2017-08-06,23.16,39.280544,12.191576,18.521442,63.9489,45.427456,validacao
2017-08-07,24.16,39.565395,12.2321825,15.9622555,65.6541,49.69184,validacao
2017-08-08,24.16,41.006763,11.424219,19.122925,62.521442,43.398518,validacao
2017-08-09,25.16,38.366577,11.75913,14.740287,60.681664,45.941376,validacao
2017-08-10,19.37,38.76395,10.778008,19.45583,60.414715,40.958885,validacao
2017-08-11,25.16,38.761333,10.938124,19.69031,61.427277,41.73697,validacao
2017-08-12,25.16,38.113472,11.216637,15.98662,61.547985,45.561363,validacao
2017-08-13,25.16,37.54288,12.108566,12.671327,58.831608,46.160282,validacao
2017-08-14,26.16,38.49814,10.414807,17.828135,59.622486,41.79435,validacao
2017-08-15,27.16,38.987038,11.654307,15.944955,58.799145,42.85419,validacao
2017-08-16,27.16,36.56695,11.95438,14.048758,60.31188,46.263123,validacao
2017-08-17,32.94,38.60055,11.367577,17.224476,59.45651,42.232033,validacao
2017-08-18,51.31,38.53101,11.716125,16.85237,62.98466,46.132294,validacao
2017-08-19,51.31,37.80118,11.088771,18.193289,61.162273,42.968987,validacao
2017-08-20,42.28,38.552784,11.424763,15.86925,59.113518,43.244267,validacao
2017-08-21,25.61,37.539043,11.706327,15.018826,60.487354,45.46853,validacao
2017-08-22,17.81,37.317535,10.502074,15.600352,59.320366,43.720013,validacao
2017-08-23,16.89,36.99899,11.333125,17.726284,60.623962,42.89768,validacao
2017-08-24,19.83,36.427364,12.194281,11.0571995,57.534294,46.477097,validacao
2017-08-25,13.48,36.291916,11.960745,12.531531,59.325806,46.794273,validacao
2017-08-26,18.11,36.724483,11.1327505,14.129313,60.05697,45.927654,validacao
2017-08-27,12.09,37.73957,11.536332,13.112986,60.210373,47.09739,validacao
2017-08-28,14.5,37.412178,11.302769,14.3389435,59.115486,44.776543,validacao
2017-08-29,9.7,37.461403,11.811626,15.358988,61.754555,46.39557,validacao
2017-08-30,13.1,37.55575,11.667427,13.328215,60.858284,47.530067,validacao
2017-08-31,10.55,37.90543,11.904794,17.14237,62.2197,45.07733,validacao
2017-09-01,12.47,37.434895,11.793342,14.545983,59.510937,44.964954,validacao
2017-09-02,11.62,37.265343,11.383818,14.755552,58.117065,43.36151,validacao
2017-09-03,9.61,37.03264,12.200871,14.242467,61.25879,47.016323,validacao
2017-09-04,11.93,36.00347,11.575525,14.447982,58.77196,44.32398,validacao
2017-09-05,16.09,38.523235,12.047836,16.295164,60.829247,44.53408,validacao
2017-09-06,17.56,36.232273,12.144102,13.721897,59.501377,45.77948,validacao
2017-09-07,7.68,37.373405,11.974896,13.48107,59.026695,45.545624,validacao
2017-09-08,6.75,37.59773,12.296186,15.259807,64.45228,49.19247,validacao
2017-09-09,9.91,36.626286,11.15465,13.433921,57.3281,43.894176,validacao
2017-09-10,7.52,37.21379,11.285905,16.422482,58.34029,41.91781,validacao
2017-09-11,0.11,37.590374,12.12919,15.1645,60.371998,45.207497,validacao
2017-09-12,0.67,36.44794,11.185739,15.52783,57.769886,42.242058,validacao
2017-09-13,7.67,37.434334,12.504081,13.90982,64.89697,50.987152,validacao
2017-09-14,5.56,36.823822,12.075358,14.657455,59.34265,44.685196,validacao
2017-09-15,7.94,36.995693,11.779186,12.568732,61.009598,48.440865,validacao
2017-09-16,10.26,36.569347,12.127399,15.878826,62.664345,46.78552,validacao
2017-09-17,4.56,36.89949,11.537589,14.756178,60.38105,45.62487,validacao
2017-09-18,4.56,36.615856,12.183685,12.690797,60.282795,47.592,validacao
2017-09-19,0.11,37.271362,11.861851,13.796383,60.94713,47.150745,validacao
2017-09-20,4.56,37.80093,11.247206,16.604012,62.650105,46.046093,validacao
2017-09-21,5.56,36.704716,11.886089,14.227688,59.08567,44.857983,validacao
2017-09-22,1.0,37.042233,12.0103,14.599563,61.489944,46.89038,validacao
2017-09-23,8.56,37.791714,11.638589,15.287049,59.542862,44.255814,validacao
2017-09-24,6.39,37.679943,12.477918,14.707372,62.34116,47.63379,validacao
2017-09-25,4.15,38.84249,12.855363,14.570831,67.50483,52.934,validacao
2017-09-26,7.0,37.57432,12.038756,13.862184,62.63793,48.77575,validacao
2017-09-27,4.44,36.957848,11.5426855,15.747724,60.508156,44.760433,validacao
2017-09-28,12.56,56.695984,14.422377,28.921125,86.58064,57.659515,validacao
2017-09-29,1.44,67.88966,19.733307,27.358072,101.35617,73.9981,validacao
2017-09-30,8.0,113.207405,36.446102,36.148685,178.51361,142.36493,validacao
2017-10-01,9.0,89.358826,31.240456,34.449207,150.99445,116.54524,validacao
2017-10-02,8.0,101.04114,26.275728,47.008514,148.66829,101.659775,validacao
2017-10-03,4.06,141.79128,39.905254,66.06573,219.51143,153.44571,validacao
2017-10-04,8.4,88.20889,22.52501,49.72932,129.25092,79.52159,validacao
2017-10-05,4.0,167.19518,37.182064,96.74187,240.01064,143.26877,validacao
2017-10-06,4.0,79.84306,12.809642,52.761208,103.19364,50.432434,validacao
2017-10-07,5.0,81.89686,14.817988,51.580334,108.17404,56.593708,validacao
2017-10-08,0.44,62.629726,14.046748,37.41608,87.336876,49.920795,validacao
2017-10-09,0.44,49.89949,12.943282,24.788054,76.93915,52.151093,validacao
2017-10-10,3.33,45.889236,12.375059,20.35709,68.23051,47.873417,validacao
2017-10-11,3.33,40.962048,13.3158455,15.417525,67.05763,51.640106,validacao
2017-10-12,2.14,41.143353,13.332723,15.25229,67.579735,52.327446,validacao
2017-10-13,2.21,40.29176,12.924495,13.746829,63.533455,49.786625,validacao
2017-10-14,2.44,39.810646,13.187987,14.057806,67.80526,53.74745,validacao
2017-10-15,2.44,37.562485,12.901094,13.506673,64.65622,51.149548,validacao
2017-10-16,4.44,37.793957,12.832642,14.789267,63.082703,48.293434,validacao
2017-10-17,2.67,38.567013,12.857752,13.512161,62.52549,49.01333,validacao
2017-10-18,5.91,39.03713,14.1820345,11.789049,66.94307,55.154022,validacao
2017-10-19,6.6,38.745125,13.082469,15.2639265,65.05366,49.78973,validacao
2017-10-20,15.86,38.174824,13.026771,14.162874,65.148476,50.985603,validacao
2017-10-21,16.09,39.000145,12.504038,17.527697,64.48825,46.960556,validacao
2017-10-22,17.48,38.214455,13.105006,13.098839,64.07511,50.976273,validacao
2017-10-23,16.09,42.466366,13.899242,14.693588,69.34334,54.64975,validacao
2017-10-24,15.44,39.760883,13.816887,13.4756975,68.89314,55.417446,validacao
2017-10-25,15.57,38.167603,12.532144,14.737235,61.03751,46.300274,validacao
2017-10-26,19.1,38.358322,12.566683,13.943601,63.40456,49.46096,validacao
2017-10-27,16.64,39.36993,14.4277315,14.514424,68.5333,54.01888,validacao
2017-10-28,19.11,180.20992,60.277,61.583096,282.97324,221.39014,validacao
2017-10-29,17.27,73.194855,24.62268,25.91769,117.70556,91.78787,validacao
2017-10-30,18.56,140.90253,43.442036,55.053825,218.4811,163.42728,validacao
2017-10-31,24.97,136.5598,45.54281,55.10529,221.7976,166.69232,validacao
2017-11-01,30.14,36.56081,9.746557,18.676033,56.391754,37.71572,validacao
2017-11-02,33.84,47.433514,11.149237,26.383852,69.48505,43.101196,validacao
2017-11-03,44.64,59.32983,14.687426,28.990597,85.54818,56.557583,validacao
2017-11-04,60.23,61.743652,12.022367,38.57924,86.251884,47.672646,validacao
2017-11-05,68.94,86.59831,26.66517,28.105368,136.0492,107.943825,validacao
2017-11-06,60.22,49.519485,13.083865,20.418806,73.61465,53.19584,validacao
2017-11-07,50.5,55.519108,17.129992,23.090914,84.73764,61.64673,validacao
2017-11-08,46.64,38.904186,11.581095,16.79564,62.34148,45.545837,validacao
2017-11-09,42.78,41.92671,11.997026,21.294443,68.441376,47.146935,validacao
2017-11-10,42.78,104.98658,35.97373,36.19541,173.60727,137.41187,validacao
2017-11-11,47.64,180.60205,55.6835,73.32747,309.26248,235.93501,validacao
2017-11-12,47.5,136.20871,34.35874,70.30492,198.72063,128.41571,validacao
2017-11-13,47.56,49.22923,12.426022,24.574825,73.14578,48.570957,validacao
2017-11-14,52.5,58.45565,13.497174,32.0952,82.49876,50.403557,validacao
2017-11-15,58.83,52.892967,13.799334,24.273699,81.12753,56.853836,validacao
2017-11-16,75.14,53.153187,13.493148,27.584461,77.08183,49.49737,validacao
2017-11-17,80.0,66.69171,16.614136,33.573467,96.5833,63.00983,validacao
2017-11-18,128.61,96.966576,27.93131,45.508224,156.09671,110.588486,validacao
2017-11-19,152.92,131.70941,37.34684,65.8063,211.48575,145.67944,validacao
2017-11-20,201.53,170.16328,42.744404,84.548836,251.49516,166.94632,validacao
2017-11-21,254.14,189.39458,36.921474,116.398926,252.75395,136.35503,validacao
2017-11-22,300.75,384.26447,78.36615,218.90022,534.8258,315.9256,validacao
2017-11-23,372.67,334.72934,47.327133,243.81834,429.99896,186.18062,validacao
2017-11-24,419.28,394.07642,51.282513,286.3875,488.8177,202.43018,validacao
2017-11-25,467.89,466.31134,52.996212,359.13974,552.7568,193.61703,validacao
2017-11-26,463.03,479.47006,57.99042,367.25394,588.17303,220.9191,validacao
2017-11-27,474.75,484.18228,50.23651,386.55554,577.15515,190.59961,validacao
2017-11-28,479.15,446.00418,57.70967,319.99237,553.84406,233.85168,validacao
2017-11-29,351.68,366.88257,46.767548,273.77933,456.24634,182.46701,validacao
2017-11-30,418.55,417.0736,67.478065,286.5232,528.2004,241.67719,validacao
2017-12-01,772.13,680.1547,122.411354,450.8861,919.48364,468.59753,validacao
2017-12-02,1075.37,909.93024,126.54376,668.22797,1168.845,500.617,validacao
2017-12-03,1236.15,1538.526,206.47882,1168.5946,1895.0034,726.4088,validacao
2017-12-04,1279.44,1631.7418,194.0856,1223.724,1948.7269,725.0029,validacao
2017-12-05,1391.5,1445.5187,167.4866,1151.1643,1750.61,599.4457,validacao
2017-12-06,1419.76,1772.7992,232.91309,1257.3611,2163.8706,906.5095,validacao
2017-12-07,1414.33,1305.4031,148.40462,1017.9525,1564.2504,546.29785,validacao
2017-12-08,1290.65,1175.5653,147.30289,862.45703,1432.592,570.135,validacao
2017-12-09,1080.0,999.33826,110.27096,781.46265,1218.0452,436.58252,validacao
2017-12-10,967.89,878.569,101.51119,681.7567,1067.406,385.6493,validacao
2017-12-11,868.35,821.36017,102.61694,610.23254,1014.7051,404.47253,validacao
2017-12-12,745.67,936.74615,102.32489,725.3957,1131.9197,406.524,validacao
2017-12-13,633.56,699.7409,72.57437,551.02704,847.4459,296.41888,validacao
2017-12-14,578.0,696.3875,84.86421,507.93146,838.2272,330.29572,validacao
2017-12-15,534.02,524.0186,57.391994,406.14017,630.21014,224.06998,validacao
2017-12-16,500.22,498.38583,58.454357,381.6821,601.7916,220.10953,validacao
2017-12-17,433.56,422.91443,52.558285,313.63315,515.5592,201.92606,validacao
2017-12-18,352.78,436.65622,51.34932,337.3887,537.5359,200.14719,validacao
2017-12-19,275.39,405.27338,47.345528,311.94693,484.9645,173.01758,validacao
2017-12-20,270.76,326.66962,34.898994,258.28345,385.39694,127.113495,validacao
2017-12-21,270.76,308.25702,32.9806,240.11127,370.33905,130.22778,validacao
2017-12-22,270.76,274.47006,29.012606,218.15576,325.53238,107.37662,validacao
2017-12-23,250.61,242.13492,28.991898,188.64043,295.63058,106.99016,validacao
2017-12-24,245.98,276.1507,31.62869,217.34462,332.79453,115.449905,validacao
2017-12-25,246.67,252.59586,31.934551,185.7419,303.12726,117.38536,validacao
2017-12-26,253.61,290.84595,37.55748,220.9226,369.1373,148.21469,validacao
2017-12-27,251.3,291.09302,44.835957,198.50992,377.24527,178.73535,validacao
2017-12-28,246.67,298.90762,33.472538,233.20319,357.70883,124.505646,validacao
2017-12-29,251.3,251.06448,30.949556,188.74854,309.32236,120.57382,validacao
2017-12-30,253.61,357.6185,50.879623,252.78299,448.25894,195.47595,validacao
2017-12-31,291.11,352.99057,44.849358,268.07233,441.55402,173.48169,validacao
2018-01-01,378.15,456.36276,55.122463,349.95996,563.4053,213.44531,validacao
2018-01-02,415.65,609.19904,108.52929,403.38016,803.441,400.06082,validacao
2018-01-03,424.91,521.22144,69.85158,372.28638,653.00665,280.72028,validacao
2018-01-04,474.83,485.28802,50.32743,393.23026,583.2407,190.01047,validacao
2018-01-05,541.96,979.20294,129.18279,732.2153,1213.3892,481.1739,validacao
2018-01-06,692.43,1172.6752,138.4565,881.1794,1426.1205,544.9411,validacao
2018-01-07,896.52,1291.5167,146.15521,990.2826,1582.2555,591.9729,validacao
2018-01-08,1099.76,1381.3444,148.3425,1071.8319,1671.7947,599.96277,validacao
2018-01-09,1223.83,1250.8462,152.8589,930.8395,1510.567,579.72754,validacao
2018-01-10,1176.54,1150.1879,129.87967,876.0318,1379.5836,503.55182,validacao
2018-01-11,1083.94,943.2074,101.34143,733.48035,1132.971,399.4906,validacao
2018-01-12,920.91,869.8945,108.11982,631.2384,1066.8125,435.5741,validacao
2018-01-13,771.44,805.2771,91.479294,608.1968,973.68396,365.48718,validacao
2018-01-14,695.44,803.8856,93.24796,590.6709,966.59436,375.92346,validacao
2018-01-15,571.83,722.39185,87.50203,552.0742,887.1854,335.1112,validacao
2018-01-16,519.91,696.91125,85.06366,516.57086,853.9886,337.41772,validacao
2018-01-17,473.15,556.5826,64.33219,415.22882,669.7224,254.49359,validacao
2018-01-18,449.98,498.81943,56.10221,387.7441,606.62396,218.87985,validacao
2018-01-19,397.67,468.94275,49.654396,374.32703,560.4282,186.1012,validacao
2018-01-20,363.64,405.39175,43.11804,320.70572,486.24246,165.53674,validacao
2018-01-21,367.34,365.50107,39.776432,281.38162,435.62146,154.23984,validacao
2018-01-22,373.82,320.69806,37.8283,251.45946,392.9523,141.49284,validacao
2018-01-23,315.95,371.52795,45.22279,279.94495,450.6545,170.70956,validacao
2018-01-24,277.76,321.32825,39.877647,238.10321,394.03534,155.93213,validacao
2018-01-25,249.52,312.5875,35.828148,243.56815,381.8031,138.23495,validacao
2018-01-26,253.61,298.2105,35.49214,226.2508,363.0919,136.8411,validacao
2018-01-27,268.96,272.1114,33.1921,209.29018,337.43567,128.1455,validacao
2018-01-28,287.41,344.53656,47.82378,244.60191,428.5364,183.9345,validacao
2018-01-29,317.5,327.23947,41.319603,243.2084,401.10645,157.89804,validacao
2018-01-30,359.63,341.38553,49.42579,239.92708,430.35696,190.42989,validacao
2018-01-31,406.39,536.2306,71.93108,396.89282,662.40466,265.51184,validacao
2018-02-01,478.15,607.89386,74.15579,466.67755,743.5765,276.89893,validacao
2018-02-02,541.96,744.9221,93.842316,549.9039,918.18726,368.2834,validacao
2018-02-03,671.48,711.2339,96.22843,505.17163,886.98566,381.81403,validacao
2018-02-04,693.74,683.10223,79.43768,529.42236,831.7259,302.30353,validacao
2018-02-05,755.04,707.19617,96.92827,493.28873,854.5204,361.23166,validacao
2018-02-06,757.13,718.5588,88.86112,531.39386,864.2419,332.84802,validacao
2018-02-07,754.04,832.09424,105.54862,632.69257,1020.35236,387.6598,validacao
2018-02-08,756.13,595.8615,65.6019,459.65643,706.2488,246.59235,validacao
2018-02-09,759.87,628.8389,73.9377,486.5293,757.3165,270.78723,validacao
2018-02-10,754.04,611.5818,71.670685,465.23953,747.4577,282.21817,validacao
2018-02-11,689.11,586.85187,66.09302,457.20483,719.21436,262.00952,validacao
2018-02-12,614.92,450.5149,53.63783,347.3456,544.6587,197.31308,validacao
2018-02-13,558.6,399.08054,49.135372,302.81244,482.66406,179.85162,validacao
2018-02-14,553.85,363.11047,38.742447,286.4037,435.66046,149.25677,validacao
2018-02-15,487.29,337.10413,39.12689,253.11673,403.87454,150.75781,validacao
2018-02-16,494.47,303.63876,36.57659,232.54988,371.66153,139.11165,validacao
2018-02-17,461.94,306.42868,37.133472,224.94052,370.3305,145.38998,validacao
2018-02-18,425.06,259.498,28.163288,202.19414,311.5983,109.40416,validacao
2018-02-19,450.53,416.9936,76.549515,269.75165,559.35046,289.59882,validacao
2018-02-20,496.67,365.84476,65.061,233.72179,487.6059,253.88411,validacao
2018-02-21,622.98,453.24484,62.75708,310.92206,563.7572,252.83514,validacao
2018-02-22,704.0,738.93274,113.38613,508.39438,935.6352,427.2408,validacao
2018-02-23,796.59,843.15204,113.63524,596.53076,1032.0144,435.48364,validacao
2018-02-24,847.44,816.55524,116.70082,583.0744,1018.4664,435.39197,validacao
2018-02-25,902.15,908.27936,133.54134,632.9553,1165.047,532.0917,validacao
2018-02-26,802.54,684.2556,77.92233,512.3386,815.9825,303.64386,validacao
2018-02-27,777.54,813.10004,94.20452,638.93274,985.77216,346.83942,validacao
2018-02-28,786.87,679.5466,77.045944,512.8138,819.28656,306.47278,validacao
2018-03-01,787.87,764.23773,88.88714,584.57794,926.24005,341.6621,validacao
2018-03-02,758.24,684.4189,72.19322,540.5998,814.99243,274.39264,validacao
2018-03-03,787.38,695.1995,75.48233,523.955,833.29645,309.34143,validacao
2018-03-04,801.71,638.3445,74.021675,486.87155,777.16125,290.2897,validacao
2018-03-05,801.71,672.64685,74.06603,537.78204,813.48083,275.6988,validacao
2018-03-06,755.93,626.66986,65.227936,500.00284,745.9384,245.93558,validacao
2018-03-07,709.21,708.15466,88.09505,543.15314,864.5584,321.40527,validacao
2018-03-08,790.48,763.8089,93.20507,587.09875,938.6623,351.56354,validacao
2018-03-09,981.75,873.42456,102.215836,676.1266,1064.2947,388.1681,validacao
2018-03-10,1161.51,865.1553,96.03327,682.04095,1043.0177,360.97675,validacao
2018-03-11,1282.64,1171.2087,145.48978,885.48956,1448.7947,563.3051,validacao
2018-03-12,1129.91,928.3626,104.70256,727.2193,1128.0597,400.8404,validacao
2018-03-13,1024.83,814.6406,98.42537,596.44806,974.9894,378.54132,validacao
2018-03-14,920.72,716.9938,83.22757,556.7771,872.52203,315.74493,validacao
2018-03-15,804.06,627.4842,74.2357,462.71948,757.6482,294.9287,validacao
2018-03-16,722.78,595.7974,65.5538,465.29086,719.6514,254.36057,validacao
2018-03-17,676.74,775.59125,97.92036,587.03186,964.97107,377.9392,validacao
2018-03-18,614.81,628.3841,71.14135,481.74268,759.9161,278.1734,validacao
2018-03-19,605.27,567.52783,65.68823,442.66916,683.858,241.18881,validacao
2018-03-20,589.87,524.08606,62.32371,399.3732,634.1447,234.77151,validacao
2018-03-21,541.38,494.975,57.652092,382.8925,600.50024,217.60776,validacao
2018-03-22,496.81,599.07086,71.96611,446.9135,731.16547,284.25195,validacao
2018-03-23,471.2,528.0325,65.30889,397.64816,647.09955,249.45139,validacao
2018-03-24,462.94,515.9807,56.670624,410.00076,616.9655,206.96475,validacao
2018-03-25,447.67,443.4753,50.794807,346.1474,541.69025,195.54285,validacao
2018-03-26,425.44,417.29462,47.166264,332.304,504.7479,172.44391,validacao
2018-03-27,379.97,419.57382,47.865253,323.6978,506.84894,183.15112,validacao
2018-03-28,327.6,374.1986,45.24112,279.5725,449.96124,170.38873,validacao
2018-03-29,287.28,371.92645,42.074654,278.0721,448.253,170.18088,validacao
2018-03-30,294.8,342.53488,40.428307,257.67474,409.90005,152.22531,validacao
2018-03-31,291.98,280.77472,29.621698,218.41182,335.45303,117.041214,validacao
2018-04-01,294.77,270.3648,32.144608,206.02684,328.81155,122.78471,validacao
2018-04-02,313.48,297.56067,37.157528,224.41112,367.5931,143.18199,validacao
2018-04-03,317.09,274.27542,34.27604,204.50528,334.5629,130.05762,validacao
2018-04-04,357.34,326.9677,44.16778,236.90172,401.3641,164.46239,validacao
2018-04-05,386.67,306.31506,33.646812,246.29315,376.54584,130.25269,validacao
2018-04-06,391.56,375.35736,51.071507,267.6433,467.5611,199.91779,validacao
2018-04-07,362.95,303.62866,36.122498,225.80714,371.27313,145.46599,validacao
2018-04-08,323.12,393.607,48.50434,291.58167,483.77676,192.1951,validacao
2018-04-09,277.0,307.155,33.983635,241.99257,367.71634,125.72377,validacao
2018-04-10,256.03,290.86053,32.267246,227.45004,347.3071,119.857056,validacao
2018-04-11,225.41,267.7243,29.511818,205.54025,322.911,117.37076,validacao
2018-04-12,201.7,238.79453,29.884848,179.34789,289.89566,110.547775,validacao
2018-04-13,211.84,213.34763,25.073093,162.79721,259.6022,96.80499,validacao
2018-04-14,224.41,209.29106,24.691711,159.45755,254.24544,94.78789,validacao
2018-04-15,233.02,228.50557,27.068075,169.2067,280.77734,111.57065,validacao
2018-04-16,237.6,258.65363,30.841925,197.16794,314.73978,117.57184,validacao
2018-04-17,234.51,271.94864,35.651176,199.79126,335.42267,135.63141,validacao
2018-04-18,227.13,211.20401,25.26029,162.69836,258.1605,95.46213,validacao
2018-04-19,217.04,202.29903,24.032707,154.50592,242.97342,88.4675,validacao
2018-04-20,207.37,199.00598,23.958555,151.21144,247.81554,96.604095,validacao
2018-04-21,199.32,190.63214,21.356125,145.98447,232.26717,86.2827,validacao
2018-04-22,196.67,181.35126,21.86786,139.54889,220.29903,80.75014,validacao
2018-04-23,188.33,176.36255,22.17445,131.54527,215.57207,84.026794,validacao
2018-04-24,163.33,176.23389,21.501024,132.32686,215.5728,83.24594,validacao
2018-04-25,138.33,171.77863,20.14981,128.64938,208.4354,79.78601,validacao
2018-04-26,147.82,159.20566,21.747702,110.705246,198.01015,87.3049,validacao
2018-04-27,148.52,161.29265,20.764338,121.75832,197.97896,76.220634,validacao
2018-04-28,139.95,155.64104,19.988527,116.71911,192.66714,75.94804,validacao
2018-04-29,139.95,155.72821,18.845394,114.20262,190.74011,76.53749,validacao
2018-04-30,122.8,151.10326,19.920034,109.86993,187.68517,77.81524,validacao
2018-05-01,131.32,147.05402,18.22241,109.9902,179.76663,69.776436,validacao
2018-05-02,131.41,143.52013,19.041338,103.74763,179.49051,75.74288,validacao
2018-05-03,130.46,148.27002,20.335913,103.49312,185.05275,81.55963,validacao
2018-05-04,139.95,138.2692,18.696247,104.29437,173.52733,69.232956,validacao
2018-05-05,131.39,134.6253,17.547304,99.02678,168.23573,69.208954,validacao
2018-05-06,130.82,136.92618,17.165308,104.19203,167.35487,63.16284,validacao
2018-05-07,117.13,143.50537,18.578516,108.127205,179.85641,71.72921,validacao
2018-05-08,113.0,134.9432,18.545355,101.91068,167.35487,65.44419,validacao
2018-05-09,122.0,130.1894,17.890703,89.66951,160.14119,70.47168,validacao
2018-05-10,122.0,125.29961,16.189993,93.815186,157.58286,63.76767,validacao
2018-05-11,122.0,118.61569,16.716467,85.2419,150.37292,65.13103,validacao
2018-05-12,122.0,117.674805,15.8713045,84.22745,147.18126,62.95381,validacao
2018-05-13,122.0,121.663994,16.760838,89.98662,152.37006,62.38344,validacao
2018-05-14,122.0,117.68155,16.682266,87.59323,149.8323,62.239075,validacao
2018-05-15,127.44,123.48546,16.154697,88.03275,152.01335,63.9806,validacao
2018-05-16,126.87,121.40636,17.087149,82.25389,151.66725,69.41336,validacao
2018-05-17,126.87,121.10871,16.968737,86.17291,153.41795,67.24504,validacao
2018-05-18,126.87,200.4066,26.541843,141.88553,247.87614,105.990616,validacao
2018-05-19,127.44,149.36485,24.519285,99.55165,194.04245,94.4908,validacao
2018-05-20,124.87,192.33643,37.136936,122.997505,270.7275,147.73001,validacao
2018-05-21,116.31,128.11906,17.678457,89.924416,160.16382,70.2394,validacao
2018-05-22,106.61,138.64429,17.692997,101.45806,167.2911,65.833046,validacao
2018-05-23,103.98,150.70627,20.108341,111.14243,186.72769,75.58526,validacao
2018-05-24,114.59,154.26842,19.359634,113.20721,187.61234,74.40513,validacao
2018-05-25,106.68,165.85005,20.022573,122.74883,201.72502,78.97619,validacao
2018-05-26,104.07,168.77423,21.049656,128.62582,206.4611,77.83528,validacao
2018-05-27,120.05,144.10349,19.072092,106.641716,178.90384,72.26212,validacao
2018-05-28,118.48,136.53186,18.562346,96.51301,168.25102,71.738014,validacao
2018-05-29,101.35,127.13517,18.417095,91.17917,162.36655,71.18738,validacao
2018-05-30,103.67,117.282555,16.535347,84.28079,147.4471,63.166306,validacao
2018-05-31,103.67,110.96379,17.22071,72.14894,141.66379,69.51485,validacao
2018-06-01,107.33,113.663605,15.338394,83.612366,142.93213,59.319763,validacao
2018-06-02,115.33,115.956795,15.642967,84.08861,142.59735,58.508743,validacao
2018-06-03,106.03,111.96112,16.648693,78.56046,146.48874,67.928276,validacao
2018-06-04,104.22,110.34237,16.502115,77.91531,141.39624,63.480927,validacao
2018-06-05,104.27,126.321144,23.28796,77.24569,170.01924,92.77355,validacao
2018-06-06,112.79,98.450615,16.041975,66.68832,125.2036,58.51528,validacao
2018-06-07,112.79,89.55528,13.907097,57.381557,115.04968,57.668125,validacao
2018-06-08,112.68,104.73352,21.911715,63.06815,145.90907,82.84093,validacao
2018-06-09,112.89,85.90151,12.254043,62.50727,108.484116,45.976845,validacao
2018-06-10,112.79,82.81086,13.22514,52.28795,109.562325,57.274376,validacao
2018-06-11,112.79,81.545525,12.494417,54.102608,105.08698,50.984375,validacao
2018-06-12,110.71,89.61312,15.746678,60.23337,117.548744,57.315372,validacao
2018-06-13,108.65,81.06418,13.274212,55.005955,107.275444,52.26949,validacao
2018-06-14,108.81,77.23198,12.5090685,52.37732,102.73924,50.361923,validacao
2018-06-15,101.06,76.26734,13.134561,49.041637,99.53712,50.49548,validacao
2018-06-16,100.94,74.40022,12.982917,49.58195,96.60143,47.01948,validacao
2018-06-17,101.1,75.607414,12.5376005,52.647797,100.6254,47.9776,validacao
2018-06-18,101.13,75.94148,14.53874,45.6153,102.997406,57.382107,validacao
2018-06-19,92.69,73.37913,12.764891,48.004135,96.809,48.804863,validacao
2018-06-20,81.99,71.94459,11.97243,49.359184,96.27084,46.91166,validacao
2018-06-21,79.41,73.03098,12.819688,47.58455,97.602646,50.018097,validacao
2018-06-22,78.82,70.609764,12.1063,46.883224,92.83588,45.952652,validacao
2018-06-23,73.25,72.40505,13.449764,43.856358,96.893616,53.03726,validacao
2018-06-24,73.27,73.5733,14.371247,46.7616,101.88103,55.119427,validacao
2018-06-25,65.47,70.83992,13.2516775,46.52003,95.75872,49.23869,validacao
2018-06-26,65.7,70.24676,11.8773575,47.933193,91.81923,43.886036,validacao
2018-06-27,65.48,67.67841,12.797008,40.99801,89.944466,48.946457,validacao
2018-06-28,66.69,66.67322,12.568296,40.74562,92.024925,51.279305,validacao
2018-06-29,66.34,65.76435,14.206268,35.405388,90.301544,54.896156,validacao
2018-06-30,61.62,64.4421,12.59268,37.971535,90.21263,52.241096,validacao
2018-07-01,69.71,63.69536,11.838649,39.101166,85.55358,46.452415,validacao
2018-07-02,64.62,62.332195,12.518353,37.152065,85.44152,48.289455,validacao
2018-07-03,66.7,61.616043,12.038586,38.32033,85.509285,47.188953,validacao
2018-07-04,64.53,58.89119,12.249207,33.54296,86.22381,52.680847,validacao
2018-07-05,64.59,59.392128,12.734591,32.300755,84.007904,51.70715,validacao
2018-07-06,59.99,58.61771,13.035113,32.885006,84.62888,51.743877,validacao
2018-07-07,59.83,57.281796,12.357389,33.763054,81.3906,47.62755,validacao
2018-07-08,60.06,54.935833,11.396653,33.59717,76.19086,42.593685,validacao
2018-07-09,51.85,53.496475,13.276044,28.182709,79.74751,51.564804,validacao
2018-07-10,49.36,53.91229,12.378264,28.886543,76.11449,47.227943,validacao
2018-07-11,52.83,55.126114,12.912519,28.730547,80.79596,52.065414,validacao
2018-07-12,53.14,52.700912,12.437531,30.034306,76.4811,46.446796,validacao
2018-07-13,54.91,57.836258,12.39692,31.314816,81.34345,50.028637,validacao
2018-07-14,62.78,54.659824,12.98654,27.365694,80.75764,53.391945,validacao
2018-07-15,48.27,54.893353,12.128081,31.340641,77.610374,46.269733,validacao
2018-07-16,48.5,50.126484,12.074597,26.368877,74.014565,47.645687,validacao
2018-07-17,44.11,49.825027,11.44387,28.215696,71.909584,43.693886,validacao
2018-07-18,50.36,53.50777,13.041639,30.927185,79.53089,48.603706,validacao
2018-07-19,46.65,51.555065,12.363696,28.43482,77.63735,49.20253,validacao
2018-07-20,48.5,50.570545,12.280658,28.845198,73.76015,44.914948,validacao
2018-07-21,48.28,48.146183,11.920336,24.662182,69.402054,44.739872,validacao
2018-07-22,49.49,48.89892,12.725541,22.834867,72.64009,49.80522,validacao
2018-07-23,56.94,46.140907,12.396618,22.727993,69.808044,47.08005,validacao
2018-07-24,57.12,47.056522,12.7191515,21.44703,72.42473,50.9777,validacao
2018-07-25,54.95,49.946476,12.497003,26.94014,73.85058,46.91044,validacao
2018-07-26,45.97,46.084526,12.681173,22.321,70.08845,47.76745,validacao
2018-07-27,36.84,43.243,12.675493,18.929562,66.91696,47.9874,validacao
2018-07-28,37.72,41.855564,11.5627365,18.613543,63.97724,45.3637,validacao
2018-07-29,37.95,45.243977,11.957208,21.404583,66.09162,44.68704,validacao
2018-07-30,37.73,43.235737,11.380401,20.134993,64.73241,44.597412,validacao
2018-07-31,37.93,42.7272,12.551674,16.96588,64.4141,47.44822,validacao
2018-08-01,37.84,43.184338,11.535716,21.640474,64.95158,43.311104,validacao
2018-08-02,38.72,46.211887,12.659954,23.159275,73.4496,50.290325,validacao
2018-08-03,38.95,65.8679,16.951647,31.447487,96.08758,64.64009,validacao
2018-08-04,46.36,210.96353,51.639614,109.80717,302.96136,193.1542,validacao
2018-08-05,46.59,92.00158,18.155214,56.518616,123.737434,67.21882,validacao
2018-08-06,47.45,90.56603,17.404501,56.30492,120.367165,64.06224,validacao
2018-08-07,39.76,87.316605,17.730492,53.963413,121.01315,67.04974,validacao
2018-08-08,47.56,90.81654,14.227145,60.570103,117.60372,57.03362,validacao
2018-08-09,47.36,95.224594,14.714193,64.6392,122.63902,57.999825,validacao
2018-08-10,55.23,121.22479,18.589128,80.67937,153.61223,72.93286,validacao
2018-08-11,51.02,178.11987,22.368156,137.01761,219.51587,82.49826,validacao
2018-08-12,55.2,78.54426,13.017089,53.765038,102.832954,49.067917,validacao
2018-08-13,56.09,71.98779,14.765717,44.813026,97.96404,53.151016,validacao
2018-08-14,56.06,67.25241,15.10084,35.596294,94.381256,58.78496,validacao
2018-08-15,56.18,63.54882,13.10306,39.26605,90.22223,50.95618,validacao
2018-08-16,53.0,64.56477,13.843974,37.04332,92.46216,55.41884,validacao
2018-08-17,51.23,92.32837,23.433094,48.30218,136.83467,88.532486,validacao
2018-08-18,51.0,79.81915,16.06864,46.05295,109.41345,63.3605,validacao
2018-08-19,51.23,58.03781,11.68194,38.656986,80.99666,42.339672,validacao
2018-08-20,52.04,51.777733,12.302357,27.651215,75.3005,47.649284,validacao
2018-08-21,52.16,52.614162,12.063299,28.555523,75.84669,47.291164,validacao
2018-08-22,52.13,52.327763,12.096717,28.611416,77.13911,48.52769,validacao
2018-08-23,52.02,52.98896,12.659073,28.45119,75.81524,47.364048,validacao
2018-08-24,59.84,52.686916,11.95069,30.16557,73.070564,42.904995,validacao
2018-08-25,60.63,55.12066,11.78712,33.50179,76.69451,43.192722,validacao
2018-08-26,53.23,48.671204,11.614612,25.65747,71.55051,45.893036,validacao
2018-08-27,53.0,43.924942,12.118947,19.460108,67.93474,48.474632,validacao
2018-08-28,45.59,44.43574,12.068777,20.923805,65.93399,45.010185,validacao
2018-08-29,45.43,44.21898,11.7766,23.716097,68.81073,45.094635,validacao
2018-08-30,37.81,45.13758,11.626546,23.771288,67.32146,43.55017,validacao
2018-08-31,46.54,45.434048,12.439058,20.789076,71.01504,50.22596,validacao
2018-09-01,34.85,44.842155,12.575827,20.144632,68.65002,48.505386,validacao
2018-09-02,31.01,44.23282,11.90192,22.540781,66.02296,43.482178,validacao
2018-09-03,24.02,42.31411,12.595607,15.577228,66.849815,51.272587,validacao
2018-09-04,26.24,43.278862,12.511806,17.112684,69.06833,51.955643,validacao
2018-09-05,17.24,39.916916,12.567671,14.798101,66.27453,51.476425,validacao
2018-09-06,25.46,42.936623,11.672917,20.305605,65.146736,44.841133,validacao
2018-09-07,26.78,42.605366,11.310783,18.75158,63.317326,44.565746,validacao
2018-09-08,17.26,43.01641,12.392531,20.241262,68.66508,48.423813,validacao
2018-09-09,23.9,40.164368,12.113418,17.305311,64.898796,47.593483,validacao
2018-09-10,14.52,40.403255,11.706632,15.76483,61.421078,45.65625,validacao
2018-09-11,15.86,39.763405,12.558904,16.17452,64.63162,48.4571,validacao
2018-09-12,25.05,39.641243,11.827803,12.830543,60.98268,48.152138,validacao
2018-09-13,18.99,43.643238,11.892592,21.713583,67.08342,45.369835,validacao
2018-09-14,16.83,58.786613,15.85096,29.301987,89.055145,59.75316,validacao
2018-09-15,24.61,126.450874,43.44645,42.517525,211.0368,168.51929,validacao
2018-09-16,34.24,86.47481,18.505524,48.735306,121.61247,72.87717,validacao
2018-09-17,32.65,51.450825,12.932921,26.323797,78.48675,52.16295,validacao
2018-09-18,44.93,114.9157,28.787107,58.29565,169.22232,110.92667,validacao
2018-09-19,56.41,79.18491,13.179364,52.138584,103.969,51.830418,validacao
2018-09-20,63.23,131.92982,31.785559,62.92844,189.09526,126.166824,validacao
2018-09-21,67.93,278.6423,50.974537,177.893,377.1914,199.2984,validacao
2018-09-22,71.87,116.90638,16.342527,85.67966,147.05931,61.379654,validacao
2018-09-23,82.56,90.931786,14.540957,63.378,117.318924,53.940926,validacao
2018-09-24,100.29,87.83706,14.004012,60.212273,113.317444,53.10517,validacao
2018-09-25,104.97,69.779335,13.488537,45.386513,93.33339,47.946877,validacao
2018-09-26,94.78,57.078808,12.809071,32.78885,79.88326,47.094414,validacao
2018-09-27,89.23,49.02936,11.256117,27.543236,70.999916,43.45668,validacao
2018-09-28,76.12,72.713524,15.962392,41.703407,99.86022,58.156815,validacao
2018-09-29,65.0,41.190056,11.713453,19.251022,64.86548,45.614456,validacao
2018-09-30,50.31,64.21793,18.357605,31.985348,97.85498,65.86963,validacao
2018-10-01,35.22,121.53648,25.775822,70.96827,169.61171,98.64344,validacao
2018-10-02,32.79,49.698185,12.247038,26.228575,71.616745,45.38817,validacao
2018-10-03,36.03,86.71691,18.365585,50.060238,124.2266,74.16637,validacao
2018-10-04,43.86,53.21279,13.080978,30.304075,79.65577,49.351692,validacao
2018-10-05,67.62,83.64042,14.796565,53.413006,111.51059,58.097584,validacao
2018-10-06,74.3,125.78764,20.571888,82.2445,162.60019,80.35569,validacao
2018-10-07,81.82,161.44844,44.03537,72.32672,239.39774,167.07101,validacao
2018-10-08,81.67,190.04869,38.719463,111.53548,260.2083,148.67284,validacao
2018-10-09,88.61,97.03895,14.257368,64.64387,122.76349,58.11962,validacao
2018-10-10,111.64,96.51713,12.769851,72.41683,121.10238,48.685547,validacao
2018-10-11,122.23,102.20172,16.552446,70.840675,131.14807,60.307396,validacao
2018-10-12,133.81,154.2405,28.448421,94.82407,202.54161,107.71754,validacao
2018-10-13,122.33,135.58496,27.035759,85.42768,184.14206,98.71438,validacao
2018-10-14,121.33,89.70097,15.858636,54.62782,116.04276,61.414944,validacao
2018-10-15,135.22,78.46828,12.638393,52.567043,102.643936,50.076893,validacao
2018-10-16,136.22,242.6233,62.735065,114.26476,359.5814,245.31662,validacao
2018-10-17,143.17,142.47475,24.489311,95.03057,185.08287,90.0523,validacao
2018-10-18,162.06,140.864,23.07377,92.67096,183.81003,91.13907,validacao
2018-10-19,187.21,180.14595,29.71072,123.56186,232.86,109.29814,validacao
2018-10-20,202.97,123.36754,24.131937,75.49613,169.37782,93.88169,validacao
2018-10-21,218.87,189.99287,21.365862,149.11282,229.78482,80.672,validacao
2018-10-22,230.99,222.51547,32.071407,159.23726,279.4709,120.23363,validacao
2018-10-23,230.87,197.24258,31.775179,135.80945,261.81305,126.0036,validacao
2018-10-24,230.56,202.15665,36.63458,118.32865,268.69717,150.36853,validacao
2018-10-25,225.56,253.3691,50.900043,140.00934,341.14133,201.13199,validacao
2018-10-26,232.5,323.804,63.50548,203.83902,432.73798,228.89896,validacao
2018-10-27,231.5,336.87354,70.53223,195.82288,459.65283,263.82996,validacao
2018-10-28,225.56,209.98306,37.44388,139.50836,277.46796,137.9596,validacao
2018-10-29,212.22,216.3343,29.944761,152.44221,272.4609,120.01869,validacao
2018-10-30,233.72,261.53207,45.41064,176.2911,345.36514,169.07404,validacao
2018-10-31,233.72,188.35086,21.239174,144.02283,225.33792,81.315094,validacao
2018-11-01,219.83,133.90416,18.465109,94.771095,166.64948,71.87838,validacao
2018-11-02,189.06,193.4142,33.97794,123.2331,256.72003,133.48694,validacao
2018-11-03,161.28,368.7869,70.55326,233.7423,513.1124,279.37012,validacao
2018-11-04,164.28,308.789,65.39699,180.53333,423.64832,243.11499,validacao
2018-11-05,199.0,215.1404,35.349724,136.3569,274.9812,138.6243,validacao
2018-11-06,289.11,240.40416,35.76306,165.08975,304.61652,139.52676,validacao
2018-11-07,292.94,230.65157,28.426615,170.42151,286.20267,115.78116,validacao
2018-11-08,400.31,549.1574,130.8613,296.61642,796.01715,499.40073,validacao
2018-11-09,569.84,884.6946,146.64197,588.3522,1159.6232,571.271,validacao
2018-11-10,646.11,801.4188,123.12968,533.622,1007.17017,473.54816,validacao
2018-11-11,848.87,648.5344,78.380424,479.2685,793.36255,314.09406,validacao
2018-11-12,994.59,659.502,79.6834,497.4033,808.3632,310.95993,validacao
2018-11-13,1001.42,752.6779,92.00318,562.27637,917.9195,355.64313,validacao
2018-11-14,963.64,727.2193,82.96272,567.6993,871.2693,303.57,validacao
2018-11-15,888.35,725.8385,80.62915,584.9595,894.46405,309.50458,validacao
2018-11-16,814.28,844.16705,97.252266,632.0192,1018.7384,386.71918,validacao
2018-11-17,685.46,661.092,71.250786,509.99704,789.6087,279.61166,validacao
2018-11-18,568.79,585.9178,67.31928,451.74203,709.6252,257.88315,validacao
2018-11-19,510.34,780.5832,119.177635,559.65955,995.9577,436.29816,validacao
2018-11-20,663.38,1307.8236,204.59213,864.1695,1666.159,801.98956,validacao
2018-11-21,777.04,1162.3075,178.21297,774.1132,1449.3156,675.20233,validacao
2018-11-22,928.59,1134.0527,136.28363,819.1343,1373.1729,554.0386,validacao
2018-11-23,1227.43,1247.3347,148.59804,950.18567,1518.6655,568.47986,validacao
2018-11-24,1317.48,1584.9884,182.14249,1227.2771,1909.1456,681.8685,validacao
2018-11-25,1397.73,1713.881,208.69214,1310.1694,2121.634,811.4646,validacao
2018-11-26,1397.5,1530.4971,173.17091,1185.5813,1836.4985,650.91724,validacao
2018-11-27,1305.94,1155.5323,130.64804,895.03375,1389.8442,494.8105,validacao
2018-11-28,1221.92,1119.5365,124.07693,864.1834,1358.926,494.7426,validacao
2018-11-29,1132.37,1060.5425,124.93289,821.0919,1283.5372,462.4453,validacao
2018-11-30,1070.1,1030.3242,111.881836,798.529,1251.5206,452.99164,validacao
2018-12-01,1035.91,1355.0709,167.23624,1016.3334,1660.4534,644.12,validacao
2018-12-02,1025.35,1339.5953,161.37099,1019.9304,1665.4784,645.548,validacao
2018-12-03,1010.92,1595.2827,234.22385,1138.6643,2006.0344,867.3701,validacao
2018-12-04,1019.53,1216.9117,137.12666,959.58435,1459.1465,499.56213,validacao
2018-12-05,986.09,1121.3358,127.18064,862.38574,1348.4873,486.10156,validacao
2018-12-06,930.02,1088.8928,122.08951,858.1631,1328.5216,470.35852,validacao
2018-12-07,896.15,1132.4955,129.35684,855.8506,1363.9307,508.08008,validacao
2018-12-08,868.13,1124.5112,139.60982,839.87476,1376.2483,536.37354,validacao
2018-12-09,809.14,978.7077,110.286705,750.0386,1188.1616,438.12305,validacao
2018-12-10,780.67,770.4675,93.413315,587.88586,949.0744,361.18854,validacao
2018-12-11,731.36,725.2417,87.836464,561.20154,879.0168,317.81525,validacao
2018-12-12,656.77,617.1511,69.31747,477.8878,742.09894,264.21115,validacao
2018-12-13,584.26,587.02185,71.34585,416.59628,708.6149,292.01865,validacao
2018-12-14,511.04,475.54755,55.87613,356.4052,562.36725,205.96204,validacao
2018-12-15,492.98,420.3655,46.708614,320.7185,510.80026,190.08176,validacao
2018-12-16,467.29,416.09607,46.13507,319.7441,507.90472,188.16061,validacao
2018-12-17,412.65,362.5564,39.726105,290.81204,448.29367,157.48163,validacao
2018-12-18,371.43,375.40012,40.29711,294.75104,449.02237,154.27133,validacao
2018-12-19,352.33,348.70026,39.864296,273.94772,425.79642,151.8487,validacao
2018-12-20,308.96,391.9219,45.50186,295.40836,470.88208,175.47372,validacao
2018-12-21,300.76,416.04758,46.51731,322.17325,498.64212,176.46887,validacao
2018-12-22,283.84,353.8403,41.74826,266.50574,435.49225,168.98651,validacao
2018-12-23,292.3,386.19983,42.75674,297.80722,466.1495,168.34229,validacao
2018-12-24,309.43,409.9526,48.87072,311.86444,499.59375,187.72931,validacao
2018-12-25,360.81,569.90015,73.28772,417.81042,701.4177,283.6073,validacao
2018-12-26,458.96,730.2252,130.33487,443.24948,981.08826,537.83875,validacao
2018-12-27,585.12,661.6712,98.51796,464.4442,850.9893,386.5451,validacao
2018-12-28,676.6,845.7988,110.74385,602.3109,1050.677,448.3661,validacao
2018-12-29,717.34,745.1356,92.551994,545.1845,910.8723,365.6878,validacao
2018-12-30,701.71,922.8262,116.910995,679.2659,1129.34,450.07404,validacao
2018-12-31,808.92,751.6389,87.36154,544.8105,915.301,370.49054,validacao
2019-01-01,935.11,1149.0573,131.78477,882.2749,1384.1453,501.87036,validacao
2019-01-02,842.74,952.9363,117.61144,712.0151,1141.7513,429.73627,validacao
2019-01-03,856.7,1020.1854,116.72526,771.2104,1229.136,457.9256,validacao
2019-01-04,794.2,970.9203,107.40146,767.6271,1183.327,415.69995,validacao
2019-01-05,730.55,1024.7476,110.60528,797.07825,1208.5924,411.51416,validacao
2019-01-06,697.14,690.3972,83.03791,517.3571,827.71826,310.36115,validacao
2019-01-07,622.29,616.2363,69.98217,467.99237,740.279,272.28662,validacao
2019-01-08,592.44,656.75696,81.59865,511.0586,814.15967,303.10107,validacao
2019-01-09,560.65,531.30194,57.525795,410.88373,631.37384,220.49011,validacao
2019-01-10,509.19,523.98346,60.54011,402.8689,634.6309,231.76202,validacao
2019-01-11,426.78,493.95688,56.577217,383.8629,592.65784,208.79492,validacao
2019-01-12,382.1,456.69318,48.208447,355.62723,542.64844,187.02121,validacao
2019-01-13,367.29,420.80582,46.69371,322.1685,498.47693,176.30844,validacao
2019-01-14,339.81,402.38992,46.126312,308.90363,488.87,179.96637,validacao
2019-01-15,336.19,379.0653,40.29293,301.92047,453.15335,151.23288,validacao
2019-01-16,317.67,363.25537,41.548782,275.54062,436.95624,161.41562,validacao
2019-01-17,302.56,455.23407,53.489086,345.6488,547.70087,202.05206,validacao
2019-01-18,293.36,312.74567,33.310867,247.53072,372.33292,124.8022,validacao
2019-01-19,293.36,283.08463,33.5872,214.1078,344.36078,130.25298,validacao
2019-01-20,271.38,275.19666,29.673126,212.14294,326.6125,114.46954,validacao
2019-01-21,245.91,316.3086,39.271526,239.14348,390.30692,151.16344,validacao
2019-01-22,236.42,247.67014,28.741348,193.55266,303.95898,110.40633,validacao
2019-01-23,236.42,257.61227,25.904696,207.70834,308.67798,100.969635,validacao
2019-01-24,236.42,266.4535,29.126596,201.6493,314.7145,113.0652,validacao
2019-01-25,236.42,257.64783,29.208366,197.08235,311.7193,114.63695,validacao
2019-01-26,244.98,316.9868,40.13408,228.78664,389.08823,160.30159,validacao
2019-01-27,262.11,468.27475,89.75226,282.71182,619.2309,336.51907,validacao
2019-01-28,252.85,253.98326,29.136898,195.54433,311.17276,115.62843,validacao
2019-01-29,234.33,267.05093,30.098923,204.09749,316.73322,112.63573,validacao
2019-01-30,252.85,309.1093,36.244263,236.26837,366.52783,130.25946,validacao
2019-01-31,271.37,273.5002,28.50296,216.14891,323.73773,107.58882,validacao
2019-02-01,271.37,282.78333,30.886312,221.09724,337.0642,115.966965,validacao
2019-02-02,252.85,247.95998,28.380295,189.12746,297.66028,108.53282,validacao
2019-02-03,234.33,245.64659,26.311293,187.00443,291.08575,104.08133,validacao
2019-02-04,215.81,312.35895,45.778297,218.76831,391.27264,172.50433,validacao
2019-02-05,226.93,255.89664,31.799982,196.43108,317.9151,121.484024,validacao
2019-02-06,264.89,445.15942,84.20098,280.18964,601.8229,321.63324,validacao
2019-02-07,312.34,549.97046,84.6901,381.25262,706.0165,324.76385,validacao
2019-02-08,350.23,408.10056,50.022675,312.36047,495.60568,183.24521,validacao
2019-02-09,371.83,359.22498,40.979675,277.49197,433.12277,155.6308,validacao
2019-02-10,396.88,497.96707,56.872288,388.94226,597.0656,208.12335,validacao
2019-02-11,409.26,612.9998,70.86162,462.38837,732.2426,269.85425,validacao
2019-02-12,410.76,539.33685,58.19408,409.45822,644.3868,234.92856,validacao
2019-02-13,412.41,519.5674,60.622166,399.92975,630.12134,230.19159,validacao
2019-02-14,391.14,578.959,82.3075,408.39792,726.76556,318.36765,validacao
2019-02-15,406.25,574.26935,87.80319,401.29376,736.3717,335.07794,validacao
2019-02-16,434.72,587.00836,88.48174,410.27118,743.01685,332.74567,validacao
2019-02-17,483.33,859.3556,120.444756,618.2492,1049.6659,431.4167,validacao
2019-02-18,519.36,901.853,108.70422,692.34973,1113.2456,420.89587,validacao
2019-02-19,692.67,1022.525,115.633385,803.8696,1226.8307,422.96106,validacao
2019-02-20,919.83,1184.8574,138.00052,890.3216,1450.4338,560.11224,validacao
2019-02-21,1066.13,1567.0446,193.25922,1130.1907,1936.9188,806.72815,validacao
2019-02-22,1138.81,1481.9637,176.5963,1090.8152,1794.7911,703.97595,validacao
2019-02-23,1092.44,1416.1405,164.92784,1045.0262,1685.4443,640.4181,validacao
2019-02-24,1052.7,1531.1652,163.48697,1195.3849,1813.6904,618.30554,validacao
2019-02-25,996.76,1413.7946,164.47388,1068.73,1704.5092,635.7792,validacao
2019-02-26,918.4,1105.8221,132.18951,833.78265,1329.7493,495.9666,validacao
2019-02-27,866.71,1488.4283,234.70914,1033.8123,1874.8239,841.0116,validacao
2019-02-28,913.36,1190.7736,156.12833,852.14954,1472.9283,620.7788,validacao
2019-03-01,927.32,1455.445,200.38182,1043.2753,1794.8864,751.6111,validacao
2019-03-02,948.31,1786.0023,221.47952,1314.6146,2194.9668,880.3522,validacao
2019-03-03,1013.5,1773.1123,212.12672,1346.905,2141.767,794.86206,validacao
2019-03-04,1050.25,1828.4113,207.38675,1386.75,2195.7856,809.03564,validacao
2019-03-05,1079.45,1806.2845,212.60815,1348.5132,2193.1208,844.60767,validacao
2019-03-06,1088.23,1960.472,222.41216,1533.1058,2347.114,814.0082,validacao
2019-03-07,1068.81,1859.3679,214.48416,1428.8898,2261.2568,832.36707,validacao
2019-03-08,1010.47,1770.9227,204.69635,1361.886,2162.215,800.3291,validacao
2019-03-09,942.37,1689.802,202.41545,1251.3083,2054.4668,803.15845,validacao
2019-03-10,948.12,1466.2241,168.55347,1132.3531,1766.7649,634.41174,validacao
2019-03-11,940.6,1396.1526,163.45045,1050.6604,1683.3663,632.70593,validacao
2019-03-12,911.31,1316.1558,151.76366,1001.3455,1602.4833,601.13776,validacao
2019-03-13,881.19,1286.0149,142.75526,1002.44763,1548.9314,546.48376,validacao
2019-03-14,845.21,1193.9628,151.74449,898.009,1466.1079,568.09894,validacao
2019-03-15,822.9,1068.5414,126.60635,783.48865,1290.79,507.3014,validacao
2019-03-16,803.39,1121.6125,130.45125,840.8619,1377.0951,536.2332,validacao
2019-03-17,744.95,1016.94855,114.459145,791.1343,1240.2533,449.11902,validacao
2019-03-18,773.33,1006.45,117.91276,769.1636,1201.531,432.36743,validacao
2019-03-19,734.33,1275.7515,140.14967,991.87274,1534.1564,542.2836,validacao
2019-03-20,709.17,1151.3643,143.07248,856.93854,1389.2996,532.361,validacao
2019-03-21,716.89,1280.4424,169.965,931.0703,1576.5441,645.47375,validacao
2019-03-22,1085.33,1894.9832,235.5249,1422.7505,2308.2302,885.47974,validacao
2019-03-23,1120.23,1375.4731,159.52846,1073.5032,1665.6832,592.18005,validacao
2019-03-24,1056.22,1242.5938,140.01936,950.27313,1492.2318,541.9587,validacao
2019-03-25,966.58,1121.0192,123.4547,873.4546,1340.8574,467.40283,validacao
2019-03-26,857.7,1005.9347,121.73003,791.91876,1229.5961,437.6773,validacao
2019-03-27,769.18,917.9764,104.47169,713.8018,1097.9199,384.1181,validacao
2019-03-28,654.87,827.4631,110.075066,613.3509,1030.1198,416.76886,validacao
2019-03-29,572.64,788.3825,83.420616,618.8687,940.89197,322.02325,validacao
2019-03-30,514.19,709.6766,84.80074,538.99084,864.3684,325.37756,validacao
2019-03-31,489.41,638.2521,76.85848,483.29074,777.2739,293.9832,validacao
2019-04-01,459.46,755.7852,86.88447,567.6456,912.9711,345.3255,validacao
2019-04-02,438.69,727.68036,83.0801,563.691,862.2984,298.60742,validacao
2019-04-03,453.27,763.92926,88.037224,588.93,919.21063,330.28064,validacao
2019-04-04,427.5,671.70575,72.19696,517.24585,798.40564,281.1598,validacao
2019-04-05,409.73,715.47296,84.38481,534.1987,865.64526,331.44653,validacao
2019-04-06,405.24,719.3288,81.32533,578.9664,859.75616,280.7898,validacao
2019-04-07,413.47,766.74243,95.43709,574.56775,956.5022,381.93445,validacao
2019-04-08,409.1,632.3202,75.278305,465.14636,774.547,309.40063,validacao
2019-04-09,418.78,595.52966,82.10495,442.63763,741.224,298.58636,validacao
2019-04-10,438.55,565.4301,67.538506,431.5011,687.9885,256.48743,validacao
2019-04-11,436.91,580.8019,65.94425,454.44434,692.52893,238.0846,validacao
2019-04-12,431.86,582.54126,64.25067,444.37766,699.6271,255.24942,validacao
2019-04-13,415.82,557.7209,67.00322,406.95627,672.5179,265.5616,validacao
2019-04-14,397.73,597.8326,73.21061,435.222,731.66125,296.43927,validacao
2019-04-15,386.0,663.6732,87.150406,472.96564,811.19543,338.2298,validacao
2019-04-16,392.96,639.8757,86.26919,448.4477,794.2847,345.83704,validacao
2019-04-17,425.02,823.2439,98.66947,612.2091,997.7669,385.5578,validacao
2019-04-18,487.43,687.384,87.017494,512.76013,844.7993,332.03918,validacao
2019-04-19,557.0,696.36993,78.52354,533.801,824.94977,291.14874,validacao
2019-04-20,577.0,655.553,72.190956,516.6068,783.3115,266.7047,validacao
2019-04-21,527.33,622.8794,72.121216,478.78473,763.5462,284.76147,validacao
2019-04-22,457.59,617.1241,70.65317,478.59888,746.6282,268.0293,validacao
2019-04-23,417.63,610.4294,69.38678,453.8702,742.69727,288.82706,validacao
2019-04-24,378.05,542.20184,63.301407,427.21976,667.3139,240.09415,validacao
2019-04-25,357.98,464.57767,53.51831,354.98328,563.86194,208.87866,validacao
2019-04-26,348.05,472.31635,54.444355,354.63882,565.13763,210.49881,validacao
2019-04-27,338.19,419.5004,49.08466,319.08755,508.77408,189.68652,validacao
2019-04-28,327.05,404.78625,45.254807,312.3577,491.14713,178.78943,validacao
2019-04-29,318.31,401.77713,48.693443,307.59998,486.9979,179.39792,validacao
2019-04-30,308.28,414.7639,48.331436,317.95853,502.64212,184.6836,validacao
2019-05-01,317.1,379.7861,40.346615,288.01245,457.3737,169.36124,validacao
2019-05-02,317.31,540.70435,62.235374,410.98495,663.4375,252.45255,validacao
2019-05-03,317.24,504.659,56.958374,389.82724,605.5479,215.72067,validacao
2019-05-04,329.05,539.5285,68.46792,396.7811,659.9473,263.16623,validacao
2019-05-05,329.28,520.26483,62.601337,398.56848,635.85596,237.28748,validacao
2019-05-06,329.17,398.55743,42.442825,299.6244,471.9136,172.28922,validacao
2019-05-07,332.19,347.1088,40.776943,268.06903,424.53418,156.46515,validacao
2019-05-08,329.48,351.2062,40.14955,269.97763,421.86966,151.89203,validacao
2019-05-09,319.48,349.19397,39.474667,269.451,426.59406,157.14307,validacao
2019-05-10,299.54,342.15042,38.56286,267.72168,417.94766,150.22598,validacao
2019-05-11,302.49,326.29602,37.713757,244.29327,392.29254,147.99927,validacao
2019-05-12,299.51,317.61447,36.834568,242.77371,385.1442,142.37048,validacao
2019-05-13,299.63,317.1155,37.904987,242.60426,385.31055,142.70628,validacao
2019-05-14,294.56,308.4848,33.079475,232.82785,367.26617,134.43832,validacao
2019-05-15,289.58,641.4257,95.99123,457.63898,802.45996,344.82098,validacao
2019-05-16,309.4,529.6303,80.139694,373.48987,671.61255,298.12268,validacao
2019-05-17,378.21,645.0995,112.49903,423.35486,849.51697,426.1621,validacao
2019-05-18,437.94,474.26218,57.749916,370.97293,573.4741,202.50119,validacao
2019-05-19,412.05,426.25116,46.280785,335.92468,506.18307,170.25839,validacao
2019-05-20,408.37,444.3888,50.83213,339.38443,532.63513,193.2507,validacao
2019-05-21,418.2,495.14536,53.165493,389.58273,587.79865,198.21591,validacao
2019-05-22,408.16,488.96063,54.74627,373.99908,581.5044,207.50531,validacao
2019-05-23,378.51,451.88553,51.91519,331.91647,548.3231,216.40665,validacao
2019-05-24,338.58,472.3879,56.00033,362.76178,567.0382,204.27643,validacao
2019-05-25,318.68,448.6112,56.138447,329.03583,550.78296,221.74713,validacao
2019-05-26,312.86,388.49963,44.77064,301.66806,469.78622,168.11816,validacao
2019-05-27,281.09,345.40167,37.490406,266.80136,416.23242,149.43106,validacao
2019-05-28,271.14,313.21292,36.888557,232.75337,377.34174,144.58836,validacao
2019-05-29,261.19,292.79147,31.991018,235.54462,351.75366,116.209045,validacao
2019-05-30,251.23,279.24292,32.590187,215.18262,338.8184,123.63577,validacao
2019-05-31,244.37,270.7781,29.92517,208.14519,321.90588,113.7607,validacao
2019-06-01,231.49,245.87659,28.889275,185.25478,298.46283,113.20805,validacao
2019-06-02,231.65,252.08565,27.492104,201.18816,303.09814,101.90999,validacao
2019-06-03,231.58,248.1139,28.815634,190.89882,297.46997,106.57115,validacao
2019-06-04,231.53,314.1885,45.67102,227.79573,400.09363,172.2979,validacao
2019-06-05,231.46,255.76338,29.740349,196.24507,307.99002,111.74495,validacao
2019-06-06,221.68,232.29912,24.09956,179.32484,278.63727,99.31242,validacao
2019-06-07,211.68,230.90576,26.16028,181.98033,285.37738,103.39705,validacao
2019-06-08,217.56,235.63351,28.718988,172.50546,287.7869,115.28143,validacao
2019-06-09,212.73,228.90416,26.490656,181.2202,278.80423,97.58403,validacao
2019-06-10,201.03,224.4654,26.998415,168.07089,266.02502,97.95413,validacao
2019-06-11,188.86,224.98297,25.103153,179.62161,269.44785,89.82623,validacao
2019-06-12,191.09,222.34737,27.104275,168.76784,271.85547,103.08763,validacao
2019-06-13,191.93,222.33394,25.356047,172.6355,270.894,98.258514,validacao
2019-06-14,184.02,223.7371,26.562622,167.36105,272.59262,105.23157,validacao
2019-06-15,184.06,221.3257,22.49862,174.2761,263.2194,88.9433,validacao
2019-06-16,173.96,216.64749,23.99893,169.15015,256.88068,87.73053,validacao
2019-06-17,174.17,212.69109,25.330116,159.90398,255.57864,95.67467,validacao
2019-06-18,164.15,208.76451,23.884426,159.70854,248.09837,88.38983,validacao
2019-06-19,159.4,211.93211,24.81228,163.19339,259.43216,96.23877,validacao
2019-06-20,171.26,208.2951,22.834488,158.80025,249.01266,90.21242,validacao
2019-06-21,169.27,199.75946,20.891983,157.48561,237.5033,80.017685,validacao
2019-06-22,161.4,200.04326,21.23111,158.63171,240.29454,81.66283,validacao
2019-06-23,149.23,193.58687,21.627142,152.12988,231.82611,79.69623,validacao
2019-06-24,142.55,192.97748,22.04079,147.22986,231.28932,84.05946,validacao
2019-06-25,133.44,191.68422,21.252514,149.9291,229.66393,79.73483,validacao
2019-06-26,142.4,196.09773,21.296053,154.09157,232.36153,78.26996,validacao
2019-06-27,141.52,192.17667,21.373215,147.21176,232.0574,84.84564,validacao
2019-06-28,141.32,184.57481,20.95476,142.89514,224.45703,81.56189,validacao
2019-06-29,141.55,183.79443,21.255135,142.31018,223.42267,81.11249,validacao
2019-06-30,131.48,181.79489,20.824438,137.53282,223.12961,85.59679,validacao
2019-07-01,134.65,177.01338,21.1089,133.93553,213.64395,79.70842,validacao
2019-07-02,130.24,176.51779,21.37109,131.97069,220.48997,88.51929,validacao
2019-07-03,133.16,186.8897,22.894604,140.43396,230.08612,89.65216,validacao
2019-07-04,134.94,183.56392,20.367825,135.71153,220.08229,84.37076,validacao
2019-07-05,131.27,171.552,19.63362,129.73639,207.85349,78.117096,validacao
2019-07-06,134.82,170.03929,19.84115,130.8734,204.90607,74.03267,validacao
2019-07-07,133.44,163.48286,21.256678,120.984825,200.13036,79.14553,validacao
2019-07-08,137.57,163.335,18.257263,125.74381,194.02911,68.2853,validacao
2019-07-09,142.57,160.57922,20.17603,120.66841,196.819,76.15059,validacao
2019-07-10,143.92,161.28253,20.334238,119.9882,197.80269,77.81449,validacao
2019-07-11,147.48,161.04219,18.386915,124.66075,193.0871,68.426346,validacao
2019-07-12,151.09,152.19785,18.270731,114.96292,185.54732,70.5844,validacao
2019-07-13,147.94,149.45367,18.054659,111.07804,182.23032,71.152275,validacao
2019-07-14,148.89,149.91814,19.667358,110.406815,187.94086,77.53404,validacao
2019-07-15,146.33,150.91837,18.788248,112.98941,185.65561,72.6662,validacao
2019-07-16,153.5,150.03839,18.238415,114.44565,184.18044,69.73479,validacao
2019-07-17,146.57,153.98474,19.120619,116.662544,185.18594,68.5234,validacao
2019-07-18,140.92,152.31157,18.120918,111.974106,183.4392,71.46509,validacao
2019-07-19,134.53,147.60419,19.107222,107.27071,184.72281,77.452095,validacao
2019-07-20,130.62,145.4832,17.888144,111.42272,181.12239,69.69967,validacao
2019-07-21,131.98,140.20474,18.810844,100.42762,172.75766,72.33004,validacao
2019-07-22,139.5,139.27748,19.062105,100.08069,172.27658,72.19589,validacao
2019-07-23,133.37,135.40915,16.863586,103.39864,166.39883,63.00019,validacao
2019-07-24,132.64,137.56494,18.794338,96.81911,173.2152,76.39609,validacao
2019-07-25,138.94,153.05759,19.236893,113.18464,189.345,76.16036,validacao
2019-07-26,135.58,151.64902,19.811974,114.55679,187.61177,73.05498,validacao
2019-07-27,121.69,152.19518,18.046408,112.759514,186.19267,73.43316,validacao
2019-07-28,124.66,145.68744,18.153782,109.593704,179.91747,70.32376,validacao
2019-07-29,126.86,139.83182,17.413696,106.27341,172.44017,66.16676,validacao
2019-07-30,122.69,138.21432,16.56502,107.83484,168.69899,60.86415,validacao
2019-07-31,119.49,127.19393,16.830742,92.94552,156.92981,63.98429,validacao
2019-08-01,117.42,134.43697,16.476643,100.7482,165.51198,64.76378,validacao
2019-08-02,116.71,124.647255,16.516897,91.205795,154.46883,63.26303,validacao
2019-08-03,113.03,133.573,17.02105,100.64358,164.66864,64.02506,validacao
2019-08-04,113.0,126.33334,16.764965,92.50126,156.84164,64.340385,validacao
2019-08-05,111.9,122.52981,15.774242,89.043816,150.13298,61.089165,validacao
2019-08-06,110.1,128.28792,17.562294,95.6508,157.87753,62.22673,validacao
2019-08-07,104.28,121.46695,15.648376,88.94019,148.71634,59.776146,validacao
2019-08-08,114.0,127.058304,17.099379,93.48886,158.56111,65.07225,validacao
2019-08-09,111.66,113.60018,15.249137,78.26185,141.21776,62.95591,validacao
2019-08-10,104.06,115.24527,16.180433,78.05737,143.77527,65.717896,validacao
2019-08-11,104.0,120.01926,15.893135,84.95491,148.6161,63.661194,validacao
2019-08-12,104.92,121.9632,14.985535,90.38413,149.36067,58.97654,validacao
2019-08-13,104.08,117.27386,15.894069,85.31526,144.27396,58.958694,validacao
2019-08-14,104.0,118.87117,15.37568,89.99143,146.42902,56.437584,validacao
2019-08-15,104.0,116.362915,15.721468,88.167336,147.59883,59.431496,validacao
2019-08-16,94.19,111.32158,15.131656,81.72552,135.6853,53.959785,validacao
2019-08-17,94.37,113.69887,16.389553,77.38151,143.65443,66.27293,validacao
2019-08-18,95.28,111.62225,16.216675,78.242256,140.21909,61.97683,validacao
2019-08-19,95.27,112.318214,15.502294,79.895096,139.61252,59.717422,validacao
2019-08-20,95.22,113.7748,15.091181,83.9508,141.58873,57.63793,validacao
2019-08-21,100.79,112.11181,14.961645,80.50546,140.86795,60.362488,validacao
2019-08-22,93.28,109.52913,14.400417,80.069145,136.23001,56.160866,validacao
2019-08-23,86.51,108.38011,15.392199,78.621735,137.53166,58.909927,validacao
2019-08-24,76.82,111.78234,15.8265,76.499756,139.66577,63.166016,validacao
2019-08-25,75.89,108.914024,15.534223,79.36307,136.12227,56.7592,validacao
2019-08-26,72.83,102.73932,15.896072,68.11613,130.68602,62.569893,validacao
2019-08-27,69.44,106.87141,14.8790865,78.73912,133.63582,54.896698,validacao
2019-08-28,70.28,101.38274,14.141935,71.059105,126.60957,55.55047,validacao
2019-08-29,65.89,96.62951,14.948316,63.776134,124.59983,60.823696,validacao
2019-08-30,64.88,100.84041,15.031031,69.018715,128.18677,59.168053,validacao
2019-08-31,67.5,107.41512,15.591976,77.91376,134.29622,56.38246,validacao
2019-09-01,71.67,108.93294,14.749544,78.79487,134.3912,55.596336,validacao
2019-09-02,62.35,115.717476,16.318575,83.1251,145.21745,62.092354,validacao
2019-09-03,68.33,113.666824,16.418756,81.51483,143.06851,61.55368,validacao
2019-09-04,66.88,106.32881,13.676005,79.85948,132.42122,52.561737,validacao
2019-09-05,58.31,109.43824,16.181915,77.00591,139.19684,62.190926,validacao
2019-09-06,63.87,119.85021,15.743342,85.10493,149.05792,63.952995,validacao
2019-09-07,53.76,102.6484,15.16175,74.18384,129.80167,55.61783,validacao
2019-09-08,51.44,102.47076,14.98766,72.67226,128.2945,55.62224,validacao
2019-09-09,48.68,104.31893,14.897495,74.31386,130.198,55.88414,validacao
2019-09-10,49.72,95.74686,14.134814,68.04289,123.55987,55.516975,validacao
2019-09-11,50.2,72.81065,12.494607,49.06192,96.82325,47.76133,validacao
2019-09-12,52.98,76.78245,13.528331,51.94043,101.5293,49.588867,validacao
2019-09-13,47.73,79.757034,14.496678,50.76121,104.62401,53.862797,validacao
2019-09-14,48.71,83.10597,13.225283,55.83253,106.3779,50.54537,validacao
2019-09-15,45.51,82.3592,12.70725,57.060097,105.25718,48.197083,validacao
2019-09-16,49.66,79.74625,12.510301,54.1884,103.68489,49.49649,validacao
2019-09-17,45.7,80.389496,14.755048,50.162395,106.29483,56.132435,validacao
2019-09-18,54.23,83.14617,14.072748,57.18213,109.10097,51.91884,validacao
2019-09-19,44.68,85.29656,13.826019,58.309017,112.56616,54.257145,validacao
2019-09-20,47.53,82.40245,13.229968,56.955685,106.70947,49.753788,validacao
2019-09-21,49.3,79.00383,13.6643505,51.826637,105.368774,53.542137,validacao
2019-09-22,43.4,74.52589,13.077645,49.27875,99.833786,50.555035,validacao
2019-09-23,43.9,80.61396,13.611217,54.97107,106.72594,51.754868,validacao
2019-09-24,45.36,74.61828,12.234816,50.37953,98.05521,47.675674,validacao
2019-09-25,42.35,127.80751,28.99716,68.87043,183.60133,114.7309,validacao
2019-09-26,45.9,226.04604,43.390404,139.57469,305.63727,166.06258,validacao
2019-09-27,51.42,188.62132,35.81413,122.42398,260.202,137.77802,validacao
2019-09-28,57.28,130.57294,16.175459,96.03036,158.5206,62.490242,validacao
2019-09-29,65.88,137.16864,18.190037,98.84079,168.79495,69.95416,validacao
2019-09-30,77.06,141.81873,17.90212,106.16538,175.141,68.975624,validacao
2019-10-01,70.59,147.39049,17.678425,106.35986,178.56436,72.2045,validacao
2019-10-02,59.88,127.26979,15.705974,91.57879,156.34958,64.77079,validacao
2019-10-03,58.45,105.97452,15.225558,77.2224,135.30159,58.079193,validacao
2019-10-04,52.74,101.65482,14.983028,72.579,128.35904,55.780037,validacao
2019-10-05,44.9,93.12849,13.710942,61.59484,117.59538,56.00054,validacao
2019-10-06,47.06,72.73879,12.59903,47.3251,100.11413,52.78903,validacao
2019-10-07,42.66,64.49279,12.69894,39.79672,91.13439,51.337673,validacao
2019-10-08,55.39,51.262455,12.724069,27.093302,75.49401,48.40071,validacao
2019-10-09,53.3,112.124756,29.08613,59.012604,167.96735,108.95474,validacao
2019-10-10,56.89,108.12853,18.090818,71.57321,139.4394,67.866196,validacao
2019-10-11,62.18,157.76169,34.502014,88.92876,230.17735,141.2486,validacao
2019-10-12,62.09,78.55085,13.851146,49.242462,102.33398,53.091515,validacao
2019-10-13,55.81,120.255394,24.034695,72.13497,166.10736,93.97239,validacao
2019-10-14,52.76,147.8436,29.267496,93.58832,206.36931,112.78099,validacao
2019-10-15,44.59,159.5523,35.77026,85.76404,227.11955,141.35551,validacao
2019-10-16,51.0,97.8887,14.842699,69.13834,125.779785,56.64144,validacao
2019-10-17,52.39,80.08373,14.672343,48.00861,107.924095,59.915485,validacao
2019-10-18,52.39,69.54283,13.7215,45.203682,98.186455,52.982773,validacao
2019-10-19,51.0,73.352715,15.488759,42.455914,102.886696,60.430782,validacao
2019-10-20,56.86,56.68722,11.061878,34.211224,78.15273,43.94151,validacao
2019-10-21,57.79,54.334904,11.217538,35.133472,76.502075,41.368603,validacao
2019-10-22,61.56,88.99998,25.115211,43.719494,136.91896,93.19946,validacao
2019-10-23,64.34,66.569084,15.039821,35.561497,93.528435,57.966938,validacao
2019-10-24,59.37,103.863106,16.997726,71.96158,133.46997,61.508392,validacao
2019-10-25,58.48,70.25878,11.408019,48.685356,91.68662,43.001266,validacao
2019-10-26,71.2,83.73903,13.297617,57.37576,111.309166,53.933407,validacao
2019-10-27,72.13,113.91281,19.062943,76.808945,150.49448,73.68553,validacao
2019-10-28,77.3,84.67196,14.95716,54.385525,110.47249,56.086964,validacao
2019-10-29,85.63,103.92249,18.253944,70.06366,136.24919,66.18553,validacao
2019-10-30,103.72,272.46512,49.01887,168.43211,362.91455,194.48244,validacao
2019-10-31,108.78,284.7027,44.50657,197.31247,367.6584,170.34592,validacao
2019-11-01,113.48,168.56276,21.867796,127.32763,208.64243,81.3148,validacao
2019-11-02,116.33,189.4544,33.675457,127.84031,255.18115,127.34084,validacao
2019-11-03,113.35,130.87395,17.14219,95.51789,162.70822,67.19033,validacao
2019-11-04,108.4,124.937386,17.146692,88.124435,156.77,68.64557,validacao
2019-11-05,121.82,117.49683,16.690144,85.9095,147.1246,61.215103,validacao
2019-11-06,121.2,196.84456,37.659607,123.133156,266.93582,143.80267,validacao
2019-11-07,136.02,116.047356,22.887972,72.97716,157.26398,84.28682,validacao
2019-11-08,160.79,94.4895,16.73375,61.34299,127.671265,66.32828,validacao
2019-11-09,181.0,170.72818,32.128002,105.34812,228.51663,123.16851,validacao
2019-11-10,165.27,195.70651,36.968895,124.131775,266.42175,142.28998,validacao
2019-11-11,156.76,104.124115,13.283842,77.44551,129.2672,51.821686,validacao
2019-11-12,163.37,99.04018,14.338138,69.444305,124.49149,55.047188,validacao
2019-11-13,182.99,91.81266,12.463085,67.72714,114.6269,46.899757,validacao
2019-11-14,201.13,128.62144,28.030584,70.921104,176.87633,105.95522,validacao
2019-11-15,226.75,144.67784,29.782015,89.40137,197.74985,108.34848,validacao
2019-11-16,261.01,153.32832,29.304756,92.53974,203.97447,111.43473,validacao
2019-11-17,240.94,145.83711,23.664454,95.84118,186.7502,90.90902,validacao
2019-11-18,234.0,172.55795,27.480642,117.11867,225.44846,108.32979,validacao
2019-11-19,246.57,151.27165,28.196545,90.14237,199.99838,109.85601,validacao
2019-11-20,271.57,258.83868,42.23231,170.1869,340.2825,170.0956,validacao
2019-11-21,319.85,371.91214,46.11781,284.7649,462.3196,177.55472,validacao
2019-11-22,332.64,270.24335,30.037971,218.9937,331.9957,113.002,validacao
2019-11-23,332.53,354.39102,60.314793,227.27403,455.78534,228.5113,validacao
2019-11-24,323.89,309.36966,42.141457,225.0124,379.7966,154.7842,validacao
2019-11-25,338.16,312.58948,39.845695,225.97253,388.52893,162.5564,validacao
2019-11-26,334.09,308.14822,34.55996,237.62926,373.0225,135.39323,validacao
2019-11-27,316.96,260.09735,29.065662,196.25621,310.3417,114.085495,validacao
2019-11-28,287.33,344.72647,60.492287,208.70341,455.3531,246.64967,validacao
2019-11-29,370.67,589.2526,98.12496,386.35474,766.2205,379.86578,validacao
2019-11-30,418.67,505.02173,73.80326,362.8851,629.8527,266.96762,validacao
2019-12-01,450.0,436.0846,69.79053,289.52826,551.5997,262.0714,validacao
2019-12-02,556.02,881.23206,179.18619,529.8392,1224.2703,694.4311,validacao
2019-12-03,547.38,633.1228,71.384155,484.1256,755.343,271.2174,validacao
2019-12-04,536.78,994.9984,153.08397,671.2987,1280.0143,608.7156,validacao
2019-12-05,561.54,819.49866,109.41941,597.7842,1004.3371,406.55292,validacao
2019-12-06,611.67,854.92834,140.81026,535.33264,1101.5365,566.20386,validacao
2019-12-07,585.67,909.22125,131.32092,632.7161,1115.4851,482.76898,validacao
2019-12-08,616.22,901.09467,133.44125,630.47955,1147.2433,516.76373,validacao
2019-12-09,652.72,833.2381,127.686295,569.3403,1063.4498,494.10956,validacao
2019-12-10,701.11,987.5579,180.67583,603.978,1283.4858,679.5078,validacao
2019-12-11,867.0,796.1833,146.45248,504.30563,1058.1323,553.82666,validacao
2019-12-12,818.78,790.98303,90.336845,604.71515,941.9757,337.26056,validacao
2019-12-13,1115.29,752.2464,91.27885,569.61487,901.9168,332.30194,validacao
2019-12-14,1179.94,1092.5911,131.51,816.1732,1319.9984,503.8252,validacao
2019-12-15,1123.39,932.8069,101.16701,736.5562,1128.3923,391.83612,validacao
2019-12-16,1009.96,800.9536,90.48051,627.5952,956.80023,329.20502,validacao
2019-12-17,930.8,732.16144,89.83282,526.64764,881.8873,355.2397,validacao
2019-12-18,843.76,556.4764,64.04301,430.63876,671.85156,241.2128,validacao
2019-12-19,743.69,636.41156,87.95863,465.42224,792.8041,327.38184,validacao
2019-12-20,674.7,497.5634,71.32857,361.89972,623.15515,261.25543,validacao
2019-12-21,629.33,505.86816,66.09824,380.557,631.3776,250.82062,validacao
2019-12-22,578.41,432.8849,51.321358,323.4665,527.0956,203.62909,validacao
2019-12-23,560.74,589.1597,66.976036,460.4307,705.2181,244.78738,validacao
2019-12-24,574.24,621.2124,95.57371,447.761,798.20465,350.44366,validacao
2019-12-25,589.12,660.217,76.43009,495.6693,798.30817,302.63885,validacao
2019-12-26,670.14,542.7243,64.394,399.51385,671.7782,272.26434,validacao
2019-12-27,689.35,573.07983,64.076485,440.53018,694.5841,254.05392,validacao
2019-12-28,667.82,510.50256,55.280674,403.78036,610.098,206.31766,validacao
2019-12-29,641.67,465.9611,53.623566,366.93042,564.62427,197.69385,validacao
2019-12-30,572.74,366.63766,41.496357,283.94632,439.72235,155.77603,validacao
2019-12-31,512.58,333.59186,35.310055,258.21475,394.0607,135.84595,validacao
2020-01-01,447.15,285.1739,31.90115,215.92052,339.95514,124.03462,validacao
2020-01-02,410.11,429.08966,52.244007,316.7043,535.47766,218.77335,validacao
2020-01-03,419.37,449.2433,60.61328,330.13763,558.5858,228.44818,validacao
2020-01-04,456.41,620.2473,92.45229,431.12296,782.4295,351.30655,validacao
2020-01-05,596.69,551.56726,72.52213,410.0094,688.7108,278.70142,validacao
2020-01-06,697.61,546.8035,65.147865,421.8645,662.27795,240.41345,validacao
2020-01-07,760.83,622.46313,75.14989,477.23114,747.62286,270.39172,validacao
2020-01-08,800.56,581.53784,67.68584,449.44357,709.67053,260.22696,validacao
2020-01-09,806.35,751.03326,93.86458,563.36365,915.6748,352.31116,validacao
2020-01-10,789.52,509.48163,57.086163,387.4395,607.7886,220.34906,validacao
2020-01-11,736.57,500.73947,63.376114,349.77158,610.835,261.06345,validacao
2020-01-12,707.75,498.8893,59.75835,386.03244,605.3452,219.31277,validacao
2020-01-13,663.08,424.77423,46.745598,331.00735,513.90656,182.8992,validacao
2020-01-14,606.02,396.91312,48.79084,294.69128,485.13733,190.44604,validacao
2020-01-15,572.13,496.9189,58.069912,383.53506,606.3667,222.83163,validacao
2020-01-16,549.63,582.6208,72.52374,451.8157,712.624,260.80832,validacao
2020-01-17,546.76,996.6226,123.56016,754.33203,1210.8059,456.47388,validacao
2020-01-18,565.74,770.4223,96.110016,582.1652,953.74976,371.58453,validacao
2020-01-19,603.7,638.7544,73.8061,493.70386,768.5699,274.86603,validacao
2020-01-20,629.51,785.94366,89.86611,595.2735,953.249,357.97552,validacao
2020-01-21,682.38,828.1855,99.69282,628.22577,1010.0995,381.87372,validacao
2020-01-22,719.76,798.06934,95.90165,598.70715,977.8813,379.17413,validacao
2020-01-23,797.93,1136.4116,150.15866,837.7457,1414.4607,576.71497,validacao
2020-01-24,1326.48,2321.679,303.22238,1683.3074,2938.3047,1254.9973,validacao
2020-01-25,2155.96,4361.7246,514.8752,3359.5762,5292.961,1933.3848,validacao
2020-01-26,2388.18,2910.5703,323.7151,2262.0127,3534.5571,1272.5444,validacao
2020-01-27,2636.32,3149.4937,354.5347,2490.915,3816.9304,1326.0154,validacao
2020-01-28,2792.86,2577.6758,311.6479,1976.9423,3190.7842,1213.8419,validacao
2020-01-29,2589.38,2077.1575,234.60979,1586.6978,2495.8472,909.1494,validacao
2020-01-30,2149.96,1673.3469,188.82956,1300.1165,2032.3073,732.1908,validacao
2020-01-31,1888.33,1619.7249,192.39018,1244.9348,1943.5609,698.6261,validacao
2020-02-01,1791.27,1477.5428,175.16978,1130.202,1781.5792,651.3772,validacao
2020-02-02,1712.4,1592.0948,183.01515,1252.4053,1918.446,666.0408,validacao
2020-02-03,1576.45,1249.5487,133.72668,1000.3777,1522.9144,522.53674,validacao
2020-02-04,1428.69,1235.4414,136.43448,960.3965,1504.8452,544.4487,validacao
2020-02-05,1448.7,1621.4708,174.52019,1272.7542,1945.542,672.78784,validacao
2020-02-06,1541.48,1823.2106,215.01941,1409.9978,2201.055,791.0571,validacao
2020-02-07,1600.43,1805.9594,228.15685,1321.667,2228.3782,906.7112,validacao
2020-02-08,1698.46,2048.7566,241.60867,1551.7181,2472.576,920.8578,validacao
2020-02-09,1761.04,1899.8773,211.43094,1472.9476,2273.161,800.21326,validacao
2020-02-10,1709.55,1654.0302,191.86935,1269.0466,2007.3511,738.30444,validacao
2020-02-11,1646.35,1669.8077,194.27495,1283.3657,2008.3923,725.0266,validacao
2020-02-12,1677.24,1779.9548,203.40535,1385.283,2146.7078,761.4248,validacao
2020-02-13,1723.38,2374.471,265.33173,1841.4261,2885.3052,1043.879,validacao
2020-02-14,1814.96,2449.656,286.6432,1909.6969,2973.72,1064.0231,validacao
2020-02-15,1892.48,2324.2258,280.2544,1739.6532,2785.3674,1045.7142,validacao
2020-02-16,1907.52,2265.6108,265.67392,1698.4365,2746.8867,1048.4502,validacao
2020-02-17,1921.78,2237.2922,252.58063,1735.4475,2688.5767,953.12915,validacao
2020-02-18,1903.26,2028.2512,229.46246,1595.1548,2475.6812,880.52637,validacao
2020-02-19,1842.55,1804.0754,215.08739,1374.537,2203.6648,829.1278,validacao
2020-02-20,1760.56,1681.4912,185.22845,1271.1478,2012.7446,741.5968,validacao
2020-02-21,1674.52,1511.7198,170.6445,1185.7435,1789.9426,604.1991,validacao
2020-02-22,1612.24,1410.4918,162.8347,1101.8248,1712.6073,610.7825,validacao
2020-02-23,1636.0,1547.3104,184.1348,1188.4596,1853.8776,665.41797,validacao
2020-02-24,1657.69,1590.0961,180.26526,1220.511,1903.7693,683.2583,validacao
2020-02-25,1612.22,1870.9991,253.95074,1322.4493,2275.4392,952.98987,validacao
2020-02-26,1626.96,1819.4797,203.56374,1401.7042,2180.5693,778.8651,validacao
2020-02-27,1628.91,1832.5846,225.50116,1341.5968,2233.555,891.9581,validacao
2020-02-28,1689.94,2206.529,268.2033,1679.3429,2664.3276,984.98474,validacao
2020-02-29,1863.26,2884.7407,377.15686,2123.9436,3557.5981,1433.6545,validacao
2020-03-01,1964.11,2844.3884,361.88113,2109.4832,3501.7312,1392.248,validacao
2020-03-02,2201.52,3553.7712,437.53934,2695.974,4324.8823,1628.9082,validacao
2020-03-03,2406.93,2856.1953,335.556,2206.449,3485.7632,1279.3142,validacao
2020-03-04,2528.39,2885.4832,296.54526,2376.8901,3410.2324,1033.3423,validacao
2020-03-05,2546.76,2614.7405,313.9353,1966.6332,3137.3958,1170.7626,validacao
2020-03-06,2497.44,2309.887,288.29416,1716.1199,2815.636,1099.5161,validacao
2020-03-07,2383.59,2309.3535,256.93378,1864.7579,2817.2554,952.49744,validacao
2020-03-08,2212.23,1938.7931,220.20616,1502.565,2332.0632,829.4983,validacao
2020-03-09,2059.13,1745.9102,207.77008,1334.4619,2142.7463,808.2844,validacao
2020-03-10,1950.61,1662.3982,188.88004,1269.4664,2022.8473,753.38086,validacao
2020-03-11,1881.42,1657.921,192.22803,1265.872,1986.9069,721.0349,validacao
2020-03-12,1813.23,1632.5763,192.08391,1229.3378,1961.3455,732.0077,validacao
2020-03-13,1658.7,1586.3167,183.03517,1245.122,1924.0697,678.94775,validacao
2020-03-14,1587.31,1551.3794,170.20366,1225.9974,1872.928,646.93054,validacao
2020-03-15,1520.78,1533.7748,181.57768,1141.4226,1853.7872,712.3646,validacao
2020-03-16,1380.19,1476.11,171.2178,1152.6266,1783.8342,631.20764,validacao
2020-03-17,1319.81,1414.3322,158.88074,1099.7927,1725.0554,625.2627,validacao
2020-03-18,1257.24,1388.7415,163.4097,1068.6614,1681.2134,612.552,validacao
2020-03-19,1232.22,1338.5315,148.42667,1063.7351,1613.1987,549.4636,validacao
2020-03-20,1227.4,1304.6691,174.49132,944.68726,1608.3813,663.6941,validacao
2020-03-21,1307.94,1449.2208,184.42062,1085.302,1769.7013,684.3993,validacao
2020-03-22,1398.48,1553.6295,181.5655,1177.7142,1891.9083,714.1941,validacao
2020-03-23,1395.0,1735.3055,214.98483,1308.6852,2105.8977,797.2125,validacao
2020-03-24,1288.67,1086.342,128.37207,793.80396,1320.4506,526.6466,validacao
2020-03-25,1193.29,925.88947,106.3204,703.8104,1110.6003,406.78992,validacao
2020-03-26,1045.25,856.35925,107.08315,629.2397,1047.3286,418.08893,validacao
2020-03-27,928.78,783.31433,91.35908,594.91797,963.6791,368.7611,validacao
2020-03-28,849.35,728.967,80.80791,566.22797,877.69336,311.4654,validacao
2020-03-29,751.83,685.7455,83.29422,509.6106,828.62823,319.01764,validacao
2020-03-30,685.97,666.5504,78.162735,513.5844,808.99146,295.40704,validacao
2020-03-31,726.07,674.7701,75.98994,522.2239,809.8479,287.62402,validacao
2020-04-01,725.74,781.4725,92.41309,586.00256,944.0721,358.06952,validacao
2020-04-02,739.41,793.4799,91.25913,602.0451,954.6157,352.57062,validacao
2020-04-03,813.65,862.1467,95.44848,664.08093,1037.5803,373.4994,validacao
2020-04-04,837.39,818.9735,96.46593,611.46906,986.8495,375.38043,validacao
2020-04-05,850.7,744.54474,85.12568,572.476,903.33154,330.85553,validacao
2020-04-06,762.32,679.61346,74.86932,531.3347,810.1337,278.799,validacao
2020-04-07,721.83,948.0302,120.39833,699.67053,1175.3967,475.7262,validacao
2020-04-08,691.66,694.12805,83.18646,530.1293,844.71405,314.58478,validacao
2020-04-09,655.72,654.1543,77.288956,488.44424,794.27155,305.8273,validacao
2020-04-10,645.43,747.16547,85.37441,579.2324,901.0098,321.7774,validacao
2020-04-11,664.76,820.8326,96.64036,628.5039,1005.6765,377.1726,validacao
2020-04-12,683.09,760.78766,86.57601,597.81866,917.0428,319.22412,validacao
2020-04-13,678.84,740.9539,85.35925,548.43585,873.322,324.88617,validacao
2020-04-14,663.5,633.1499,69.27729,485.93762,748.6271,262.68945,validacao
2020-04-15,642.57,629.3109,75.34328,477.28912,764.2368,286.9477,validacao
2020-04-16,609.7,680.46893,74.91787,536.7492,806.51483,269.76562,validacao
2020-04-17,586.13,575.7484,67.56337,428.88712,690.2695,261.38235,validacao
2020-04-18,559.97,562.0985,66.57007,414.55652,684.3772,269.82068,validacao
2020-04-19,545.41,635.1051,65.72939,511.97906,757.61896,245.6399,validacao
2020-04-20,523.32,519.94055,61.543324,393.54443,632.3152,238.77075,validacao
2020-04-21,503.46,511.51495,53.63333,398.40076,603.2893,204.88855,validacao
2020-04-22,482.25,486.82333,57.062164,371.646,588.6063,216.96033,validacao
2020-04-23,470.76,497.4512,56.257732,386.92697,602.36786,215.44089,validacao
2020-04-24,442.95,452.21707,56.93294,333.03064,545.0273,211.99664,validacao
2020-04-25,444.4,453.4566,52.413597,349.9569,558.6344,208.67749,validacao
2020-04-26,442.76,448.63095,53.397594,335.0108,542.1047,207.09387,validacao
2020-04-27,432.83,445.66983,46.289055,351.96783,525.9471,173.97925,validacao
2020-04-28,429.46,430.29053,48.379314,329.62192,520.1465,190.52457,validacao
2020-04-29,414.99,419.56665,49.224964,314.65347,497.90823,183.25476,validacao
2020-04-30,410.86,405.71793,46.564854,318.18216,491.1645,172.98233,validacao
2020-05-01,407.65,398.32874,42.803387,311.7765,477.46466,165.68817,validacao
2020-05-02,399.18,395.1012,44.59682,292.0411,466.0806,174.03949,validacao
2020-05-03,400.12,389.67627,42.416206,307.39285,472.94772,165.55487,validacao
2020-05-04,386.94,377.7666,43.154045,293.106,459.5672,166.46121,validacao
2020-05-05,381.24,370.42673,40.961533,292.80725,446.7714,153.96414,validacao
2020-05-06,380.24,370.10965,38.629807,295.5361,441.8015,146.26541,validacao
2020-05-07,381.91,369.41806,42.761383,280.2351,451.54776,171.31265,validacao
2020-05-08,375.76,375.0807,40.704018,300.32993,454.81992,154.48999,validacao
2020-05-09,369.54,359.00354,39.680317,271.95166,428.14365,156.19199,validacao
2020-05-10,373.95,361.80975,40.868645,283.7934,428.99197,145.19858,validacao
2020-05-11,362.2,358.4307,39.879574,275.40195,424.24988,148.84793,validacao
2020-05-12,360.15,353.0413,39.77224,278.29303,430.7521,152.45908,validacao
2020-05-13,362.25,350.1322,39.02636,265.688,426.44223,160.75424,validacao
2020-05-14,362.28,337.5682,41.478268,249.29286,410.9579,161.66502,validacao
2020-05-15,350.85,411.67355,46.47472,314.812,495.35977,180.54776,validacao
2020-05-16,347.87,416.27173,45.4675,322.87564,499.15778,176.28214,validacao
2020-05-17,349.92,442.43338,53.418133,341.47705,533.9056,192.42853,validacao
2020-05-18,346.95,428.15164,52.965687,316.93643,522.0939,205.15744,validacao
2020-05-19,329.31,353.6828,41.58499,268.60104,426.80377,158.20273,validacao
2020-05-20,317.82,359.0406,41.986153,266.49347,431.07812,164.58466,validacao
2020-05-21,320.84,340.14807,35.42025,268.78406,407.83182,139.04776,validacao
2020-05-22,317.63,337.85052,38.03133,263.18704,406.51898,143.33194,validacao
2020-05-23,317.63,369.27484,41.62996,286.64545,449.3758,162.73035,validacao
2020-05-24,313.98,429.4697,52.83834,317.33484,526.261,208.92615,validacao
2020-05-25,329.25,494.20837,72.61668,359.10556,627.98474,268.87918,validacao
2020-05-26,328.47,364.8894,41.32986,284.65012,443.05884,158.40872,validacao
2020-05-27,338.56,376.25604,38.631092,303.94864,457.28244,153.3338,validacao
2020-05-28,359.92,396.21725,42.727077,310.3701,476.04303,165.67294,validacao
2020-05-29,351.66,379.335,42.340027,295.82663,453.13724,157.31061,validacao
2020-05-30,341.33,356.83182,40.72916,269.1938,430.18726,160.99347,validacao
2020-05-31,353.02,337.42865,37.433987,249.61716,403.60666,153.9895,validacao
2020-06-01,342.57,322.3055,36.51246,253.6409,390.43997,136.79907,validacao
2020-06-02,334.43,312.07455,34.887943,234.20807,372.73264,138.52457,validacao
2020-06-03,337.55,309.96335,35.94197,228.72917,368.08136,139.35219,validacao
2020-06-04,303.63,304.23215,36.37615,232.07391,365.97995,133.90604,validacao
2020-06-05,273.26,294.9619,32.912796,229.93652,353.3548,123.418274,validacao
2020-06-06,261.81,280.32242,33.494984,218.14873,342.06598,123.91725,validacao
2020-06-07,260.14,273.9793,30.823614,209.18135,328.9223,119.74095,validacao
2020-06-08,260.26,276.05887,30.572626,210.78493,339.16943,128.3845,validacao
2020-06-09,245.69,307.77185,34.766872,235.2434,370.2326,134.98921,validacao
2020-06-10,251.57,278.26547,30.149063,223.13762,334.4156,111.27797,validacao
2020-06-11,242.35,282.5839,31.04876,219.74702,343.49832,123.7513,validacao
2020-06-12,245.21,275.18243,29.016602,215.35005,328.83282,113.48277,validacao
2020-06-13,242.14,269.39612,30.022003,209.45424,325.8598,116.40556,validacao
2020-06-14,241.18,264.363,29.638262,205.1188,317.7723,112.6535,validacao
2020-06-15,239.91,262.07785,27.230928,203.04039,310.9121,107.87172,validacao
2020-06-16,237.7,262.71045,28.939878,200.38107,312.3809,111.99982,validacao
2020-06-17,235.58,255.31229,28.971708,192.63641,309.9874,117.35098,validacao
2020-06-18,234.35,256.48895,26.369274,201.78177,306.50842,104.726654,validacao
2020-06-19,230.56,253.11565,28.667221,185.82425,301.37274,115.54849,validacao
2020-06-20,230.37,252.44333,28.619898,194.78943,305.77704,110.98761,validacao
2020-06-21,219.16,248.215,29.011349,189.94629,302.17026,112.22397,validacao
2020-06-22,222.13,252.44864,28.022884,198.44055,308.99667,110.55612,validacao
2020-06-23,224.07,248.98537,28.98547,191.10782,302.84604,111.73822,validacao
2020-06-24,218.21,241.63521,26.379818,192.17181,290.09045,97.91864,validacao
2020-06-25,219.03,239.02727,26.65298,190.67621,288.09268,97.41647,validacao
2020-06-26,210.89,239.71484,28.18326,182.3882,291.02676,108.638565,validacao
2020-06-27,220.0,235.86644,26.511068,187.35022,285.57617,98.22595,validacao
2020-06-28,214.58,229.45346,25.924213,171.82835,271.87177,100.04341,validacao
2020-06-29,219.0,227.9168,26.802023,170.80455,272.92987,102.12532,validacao
2020-06-30,217.24,229.17091,26.039553,179.65189,272.40668,92.75479,validacao
2020-07-01,217.24,224.84338,23.91479,177.26988,267.54636,90.276474,validacao
2020-07-02,212.19,240.08125,29.318401,178.91518,293.00632,114.09114,validacao
2020-07-03,218.32,278.31726,40.889717,191.48688,354.21338,162.7265,validacao
2020-07-04,213.21,222.39937,25.229158,172.41254,265.73682,93.32428,validacao
2020-07-05,210.28,222.14008,24.950798,168.68398,267.49786,98.81389,validacao
2020-07-06,210.38,220.09972,23.657064,168.9034,263.3032,94.399796,validacao
2020-07-07,206.1,214.63254,26.672352,161.12105,264.13834,103.01729,validacao
2020-07-08,205.45,212.05777,24.187115,164.171,257.8771,93.7061,validacao
2020-07-09,208.24,209.27141,24.749184,157.89041,253.40775,95.517334,validacao
2020-07-10,202.55,208.63841,23.906023,160.71382,249.97417,89.260345,validacao
2020-07-11,205.33,207.2191,22.705927,163.11674,249.1703,86.05356,validacao
2020-07-12,202.3,205.56233,24.281576,153.71014,247.279,93.56886,validacao
2020-07-13,206.33,202.85185,24.909412,154.87184,247.53377,92.66193,validacao
2020-07-14,195.49,199.56197,24.395449,150.4897,240.42712,89.93742,validacao
2020-07-15,195.45,197.34772,23.375656,153.21275,239.11761,85.90486,validacao
2020-07-16,195.38,206.10051,23.219759,159.12749,250.56918,91.441696,validacao
2020-07-17,198.51,195.13559,22.717667,150.73807,239.69415,88.956085,validacao
2020-07-18,186.59,190.8627,22.654766,145.29938,231.9521,86.652725,validacao
2020-07-19,186.57,191.13037,21.178286,148.62384,229.742,81.118164,validacao
2020-07-20,185.52,190.97812,23.639936,139.7468,235.88339,96.1366,validacao
2020-07-21,185.6,190.92923,23.300837,137.75838,231.49571,93.737335,validacao
2020-07-22,186.61,187.40889,21.778763,144.17285,226.79631,82.62346,validacao
2020-07-23,176.69,185.23515,22.465767,142.89175,224.51588,81.62413,validacao
2020-07-24,176.68,182.73453,22.574774,137.89705,221.5197,83.62265,validacao
2020-07-25,180.61,181.41144,22.411665,135.89316,223.67033,87.777176,validacao
2020-07-26,180.55,179.7895,22.958162,132.36975,221.00005,88.630295,validacao
2020-07-27,170.81,182.03262,23.65845,132.53392,223.88751,91.35359,validacao
2020-07-28,170.81,189.2268,23.41363,139.14703,228.73502,89.58798,validacao
2020-07-29,176.54,183.90387,22.916609,137.99483,223.69368,85.69885,validacao
2020-07-30,168.99,180.92656,22.397861,137.42154,219.58046,82.15892,validacao
2020-07-31,170.06,180.5429,21.069992,138.41989,219.57713,81.15724,validacao
2020-08-01,163.99,175.01337,21.276098,133.42535,210.69571,77.270355,validacao
2020-08-02,166.04,172.29663,22.62289,124.25217,214.78964,90.537476,validacao
2020-08-03,165.04,170.97252,21.312286,128.59178,213.53145,84.93967,validacao
2020-08-04,165.91,170.77594,21.176245,124.97152,209.43759,84.46607,validacao
2020-08-05,168.96,169.95938,20.914225,128.73038,209.00099,80.270615,validacao
2020-08-06,172.0,172.93651,21.727213,132.98651,211.37236,78.38585,validacao
2020-08-07,165.11,166.05046,21.973873,120.83756,204.58441,83.74685,validacao
2020-08-08,166.07,163.91628,20.411777,122.837776,199.78008,76.9423,validacao
2020-08-09,163.04,164.61931,20.720524,126.11153,207.06903,80.957504,validacao
2020-08-10,160.04,157.32202,20.95784,113.70739,197.2807,83.57331,validacao
2020-08-11,157.03,159.82986,20.383768,120.45489,197.38705,76.93217,validacao
2020-08-12,150.03,160.32584,20.524351,120.14865,199.17062,79.02197,validacao
2020-08-13,143.08,161.55972,20.165363,121.08098,198.60054,77.51956,validacao
2020-08-14,138.13,157.93268,21.874731,112.68019,201.22453,88.54434,validacao
2020-08-15,135.13,157.28197,19.453241,118.70077,195.40163,76.70086,validacao
2020-08-16,144.15,152.44983,20.6746,109.66188,190.65433,80.99245,validacao
2020-08-17,137.18,154.04521,20.607862,105.44361,189.09666,83.65305,validacao
2020-08-18,143.21,150.29955,19.445278,111.196396,185.77618,74.57979,validacao
2020-08-19,133.19,162.6351,23.817104,111.97179,203.7987,91.82692,validacao
2020-08-20,143.13,142.54,19.246712,108.84053,181.90259,73.06206,validacao
2020-08-21,148.08,139.24028,20.503716,97.223175,177.45613,80.232956,validacao
2020-08-22,144.51,183.80037,28.67026,129.58167,237.24818,107.66652,validacao
2020-08-23,127.46,171.3412,26.041199,113.01307,215.25462,102.241554,validacao
2020-08-24,135.35,146.6191,19.606026,109.10951,180.85728,71.74777,validacao
2020-08-25,153.44,153.19302,18.776855,115.338524,184.88168,69.54316,validacao
2020-08-26,128.2,155.71873,21.514484,108.96271,192.69481,83.7321,validacao
2020-08-27,124.66,155.89293,20.30552,112.65474,192.34439,79.68965,validacao
2020-08-28,118.48,150.75926,21.459476,105.928375,186.76659,80.83821,validacao
2020-08-29,117.72,146.72711,20.106058,110.15656,186.01955,75.86298,validacao
2020-08-30,116.48,144.3752,18.992035,104.2919,175.27126,70.979355,validacao
2020-08-31,114.31,135.9177,18.177668,98.6772,173.66148,74.98428,validacao
2020-09-01,113.72,141.88225,18.178705,105.22189,175.51746,70.29556,validacao
2020-09-02,105.54,139.29767,19.154861,106.00513,174.64555,68.64043,validacao
2020-09-03,130.38,134.09007,17.835262,95.61491,165.94138,70.32647,validacao
2020-09-04,149.5,120.50473,15.861341,88.07987,149.33354,61.25367,validacao
2020-09-05,133.18,118.20891,16.948599,85.71712,150.02423,64.30711,validacao
2020-09-06,133.98,114.15725,17.404655,77.58731,144.33232,66.74501,validacao
2020-09-07,122.04,112.65752,16.741774,77.60789,141.2608,63.652916,validacao
2020-09-08,94.58,109.538216,18.447927,68.336754,141.00345,72.666695,validacao
2020-09-09,99.99,107.504486,15.563053,77.1667,134.076,56.9093,validacao
2020-09-10,98.16,108.84599,16.705233,76.24318,137.30428,61.061096,validacao
2020-09-11,90.89,103.69162,15.625308,73.89067,132.60518,58.714508,validacao
2020-09-12,91.85,96.70721,15.48186,64.35348,126.363785,62.010307,validacao
2020-09-13,88.2,92.68335,15.520121,63.43975,120.406296,56.966545,validacao
2020-09-14,88.84,92.605286,14.665559,62.535194,118.25317,55.71797,validacao
2020-09-15,93.66,91.05778,14.749017,61.637577,117.36443,55.726856,validacao
2020-09-16,90.61,89.06108,14.437166,61.247303,115.90764,54.660336,validacao
2020-09-17,94.29,87.19185,14.614974,58.80896,115.81122,57.00226,validacao
2020-09-18,86.38,86.66284,14.160968,57.930283,114.22896,56.298676,validacao
2020-09-19,90.89,84.420235,14.948165,56.580902,113.772865,57.191963,validacao
2020-09-20,85.09,88.82313,15.480304,55.129654,116.99987,61.870216,validacao
2020-09-21,83.25,90.684875,16.399172,56.581886,118.42796,61.846077,validacao
2020-09-22,85.89,92.41318,18.072609,55.274178,124.73649,69.46231,validacao
2020-09-23,83.09,96.34671,15.476047,65.847595,125.287476,59.43988,validacao
2020-09-24,88.97,95.94288,13.600851,67.163864,119.64656,52.482697,validacao
2020-09-25,92.74,104.70474,15.646756,74.448395,134.36456,59.91617,validacao
2020-09-26,97.55,114.55657,16.986923,80.1682,145.23361,65.065414,validacao
2020-09-27,101.25,113.98749,16.383493,81.164375,144.9706,63.80622,validacao
2020-09-28,100.44,111.878296,17.386032,77.70453,144.34256,66.63803,validacao
2020-09-29,106.03,107.77428,15.429159,76.752884,136.6936,59.94072,validacao
2020-09-30,107.79,100.93383,15.1522875,66.61398,126.24966,59.635674,validacao
2020-10-01,104.88,95.69337,14.669709,63.82406,120.684784,56.860725,validacao
2020-10-02,102.0,91.80067,14.978212,61.26408,119.40496,58.14088,validacao
2020-10-03,95.49,88.57292,14.180082,57.01185,113.24777,56.235924,validacao
2020-10-04,96.1,85.33219,15.119953,56.327618,113.204445,56.876827,validacao
2020-10-05,100.04,83.819824,12.6937275,58.908054,109.40658,50.498524,validacao
2020-10-06,91.12,81.491356,14.608412,52.21139,109.766525,57.555134,validacao
2020-10-07,102.07,79.625435,13.7355,51.27069,105.845245,54.574554,validacao
2020-10-08,98.04,87.12075,14.711614,57.279774,114.84324,57.563465,validacao
2020-10-09,103.15,72.35001,13.784746,47.467323,98.29748,50.830154,validacao
2020-10-10,99.5,59.751724,12.097829,35.84643,83.38969,47.543255,validacao
2020-10-11,98.02,68.71289,12.693695,45.71865,92.081894,46.363243,validacao
2020-10-12,101.35,196.95331,34.301254,126.68533,257.5707,130.88538,validacao
2020-10-13,105.84,60.915794,12.498997,36.943367,84.43264,47.489273,validacao
2020-10-14,105.27,94.27974,22.553644,50.009586,136.83806,86.828476,validacao
2020-10-15,109.93,155.15594,31.310308,90.81451,212.46826,121.653755,validacao
2020-10-16,109.52,136.4619,23.737991,89.673645,183.06091,93.38727,validacao
2020-10-17,121.17,171.34923,51.359344,68.91608,270.6956,201.77951,validacao
2020-10-18,122.48,91.91149,14.092991,63.51195,121.17324,57.66129,validacao
2020-10-19,136.66,104.68931,24.640018,57.841137,149.87987,92.03873,validacao
2020-10-20,132.53,125.98404,32.29041,65.35653,190.73029,125.37376,validacao
2020-10-21,138.12,137.90118,39.455856,59.452927,217.8208,158.36787,validacao
2020-10-22,144.92,110.91629,19.986109,66.614136,145.70082,79.086685,validacao
2020-10-23,145.16,90.99318,16.476768,58.082954,119.80944,61.726486,validacao
2020-10-24,153.02,164.46129,30.31735,99.28765,229.06963,129.78198,validacao
2020-10-25,172.59,272.65442,55.390022,158.1043,365.49634,207.39204,validacao
2020-10-26,190.67,322.91858,70.14087,191.28629,455.55664,264.27036,validacao
2020-10-27,202.54,216.7048,33.030163,158.23628,278.5479,120.31163,validacao
2020-10-28,195.69,249.70758,31.038376,185.57025,306.56647,120.996216,validacao
2020-10-29,202.02,260.1035,40.4336,176.92308,333.13916,156.21608,validacao
2020-10-30,255.33,261.84793,52.815426,146.49677,351.87387,205.3771,validacao
2020-10-31,271.66,415.12207,88.85636,223.99004,575.3424,351.35236,validacao
2020-11-01,246.58,263.45145,35.149673,189.77441,323.57434,133.79993,validacao
2020-11-02,241.3,240.19997,26.926783,186.40187,290.15265,103.75078,validacao
2020-11-03,241.26,303.01215,39.0118,223.78497,371.13495,147.34998,validacao
2020-11-04,271.35,392.41434,60.468132,283.85233,514.8851,231.03275,validacao
2020-11-05,266.26,274.2975,32.08714,207.2756,330.8042,123.528595,validacao
2020-11-06,242.19,264.12885,31.882725,197.4732,320.76202,123.28882,validacao
2020-11-07,227.77,254.63347,28.135735,200.81027,306.1168,105.30652,validacao
2020-11-08,211.39,271.8036,39.044785,189.66765,348.35632,158.68867,validacao
2020-11-09,203.29,203.10599,24.657166,151.22694,247.4164,96.18945,validacao
2020-11-10,195.81,220.82622,30.192102,160.87297,276.9309,116.05794,validacao
2020-11-11,206.93,302.97644,42.193607,212.14297,383.65143,171.50845,validacao
2020-11-12,214.24,278.01428,36.699474,196.60046,345.6621,149.06165,validacao
2020-11-13,244.75,398.6442,66.860054,264.18268,524.80194,260.61926,validacao
2020-11-14,275.92,430.75357,83.92408,263.35132,571.8759,308.5246,validacao
2020-11-15,284.04,417.66684,48.353355,326.76395,510.08478,183.32083,validacao
2020-11-16,313.56,373.76935,43.208416,280.60544,453.89426,173.28882,validacao
2020-11-17,382.82,408.06177,48.41971,316.8463,506.83215,189.98584,validacao
2020-11-18,418.09,432.49667,51.360783,320.2725,526.7255,206.45303,validacao
2020-11-19,415.09,456.77704,58.412407,342.98987,563.77734,220.78748,validacao
2020-11-20,393.11,364.26056,40.658054,268.08826,434.61786,166.5296,validacao
2020-11-21,370.75,317.37354,35.259594,242.09879,377.24026,135.14148,validacao
2020-11-22,356.85,308.6355,36.176968,230.19675,375.20575,145.009,validacao
2020-11-23,325.81,292.4621,33.465126,229.2783,351.3863,122.10799,validacao
2020-11-24,296.82,358.21005,50.444,254.63771,443.97418,189.33647,validacao
2020-11-25,257.24,240.45921,28.438438,181.83261,293.40857,111.57596,validacao
2020-11-26,247.29,261.45804,31.819979,193.58073,318.64658,125.06584,validacao
2020-11-27,255.62,228.97292,26.35325,172.46707,280.1326,107.66553,validacao
2020-11-28,257.1,223.62604,27.528683,168.69757,274.73157,106.034,validacao
2020-11-29,230.35,222.89474,26.688036,165.79855,265.3584,99.559845,validacao
2020-11-30,221.26,208.13751,25.356787,158.63687,250.90326,92.26639,validacao
2020-12-01,207.03,248.41917,33.556324,182.8988,311.83014,128.93134,validacao
2020-12-02,202.45,251.90685,41.03173,168.40091,326.62167,158.22076,validacao
2020-12-03,215.62,285.89923,32.155407,221.49603,345.88412,124.38809,validacao
2020-12-04,219.52,473.49484,61.461605,336.1213,581.302,245.1807,validacao
2020-12-05,281.58,325.72705,36.399723,249.64085,390.696,141.05516,validacao
2020-12-06,340.55,370.4171,43.894535,275.07996,457.12354,182.04358,validacao
2020-12-07,358.63,400.00018,56.061417,282.66794,503.21524,220.5473,validacao
2020-12-08,355.85,414.0404,64.68527,287.81882,531.8138,243.99496,validacao
2020-12-09,441.48,606.9219,81.14173,449.98413,747.511,297.52686,validacao
2020-12-10,478.49,622.7015,69.16613,490.65677,750.1403,259.48355,validacao
2020-12-11,608.77,937.02966,112.73067,711.9446,1150.655,438.71045,validacao
2020-12-12,710.61,922.5522,104.7256,696.57263,1112.1212,415.54858,validacao
2020-12-13,743.92,814.9992,92.427635,630.97455,974.4255,343.45093,validacao
2020-12-14,712.76,778.52216,92.73968,588.89246,942.0399,353.14746,validacao
2020-12-15,687.07,722.56525,87.77196,536.8171,872.1037,335.28662,validacao
2020-12-16,661.44,542.52167,59.594128,423.33514,645.7013,222.36615,validacao
2020-12-17,586.4,624.2608,76.16108,460.10663,759.9735,299.86688,validacao
2020-12-18,538.33,734.08734,100.40492,532.3884,924.4214,392.03296,validacao
2020-12-19,485.33,694.53906,85.39247,524.3293,843.337,319.0077,validacao
2020-12-20,424.9,976.7633,130.06223,737.90967,1227.2966,489.38696,validacao
2020-12-21,391.32,722.28046,79.25068,556.6152,868.0907,311.47552,validacao
2020-12-22,421.68,826.258,92.8223,642.98157,998.29004,355.30847,validacao
2020-12-23,550.0,1146.194,142.43959,825.59216,1394.792,569.1998,validacao
2020-12-24,817.6,1200.4524,137.90927,934.2342,1466.4501,532.2159,validacao
2020-12-25,963.71,1462.9702,184.76306,1110.4346,1796.8586,686.4241,validacao
2020-12-26,1009.12,1309.1537,156.42796,998.51025,1608.2786,609.7683,validacao
2020-12-27,1009.8,964.7895,106.560684,752.57,1140.0763,387.5063,validacao
2020-12-28,1044.81,965.96,106.91231,721.176,1158.314,437.13794,validacao
2020-12-29,1028.69,1025.032,126.266914,746.54034,1255.9132,509.37286,validacao
2020-12-30,1047.89,974.7923,107.84133,767.01935,1172.4523,405.43292,validacao
2020-12-31,911.87,927.79675,113.458046,675.90393,1124.7692,448.86523,validacao
2021-01-01,903.37,853.2051,100.29851,647.8943,1037.5454,389.65112,validacao
2021-01-02,838.02,890.65326,103.51416,699.5052,1075.6941,376.1889,validacao
2021-01-03,802.67,877.40607,98.88458,694.1104,1061.1978,367.08734,validacao
2021-01-04,768.67,1017.48334,114.46943,762.0285,1228.6459,466.61737,validacao
2021-01-05,759.14,901.4345,104.61956,682.90784,1094.0494,411.1416,validacao
2021-01-06,745.39,826.3973,93.75596,658.1791,994.15546,335.97638,validacao
2021-01-07,775.7,814.5531,95.8233,621.69653,973.5074,351.81085,validacao
2021-01-08,756.95,852.1512,114.26004,619.81573,1063.0432,443.22748,validacao
2021-01-09,768.5,950.17126,105.82209,732.17615,1141.2961,409.12,validacao
2021-01-10,818.89,865.412,102.66693,655.2509,1066.5902,411.3393,validacao
2021-01-11,795.2,748.9366,80.84001,563.35223,902.3717,339.01947,validacao
2021-01-12,747.35,843.9636,105.34992,648.99335,1042.4567,393.46332,validacao
2021-01-13,760.31,766.2244,86.462845,590.6149,918.4743,327.85938,validacao
2021-01-14,849.59,811.9611,94.23362,615.918,980.95374,365.0357,validacao
2021-01-15,833.78,687.1557,77.76719,531.3244,816.5074,285.18298,validacao
2021-01-16,920.81,794.29645,101.34303,578.32196,977.24615,398.9242,validacao
2021-01-17,1055.93,765.7876,81.45864,604.6155,926.7594,322.14392,validacao
2021-01-18,1094.35,785.95044,90.95126,608.03876,952.5522,344.51343,validacao
2021-01-19,1037.33,813.79846,91.696785,623.40857,979.4099,356.00134,validacao
2021-01-20,975.76,712.32434,83.32781,533.07104,869.147,336.07593,validacao
2021-01-21,866.5,642.5076,75.74468,490.95337,783.52435,292.57098,validacao
2021-01-22,730.94,549.07245,62.184547,410.4696,656.7208,246.25122,validacao
2021-01-23,582.33,512.80664,59.09679,390.32593,617.2957,226.96979,validacao
2021-01-24,539.74,428.25256,50.11015,326.58612,518.8191,192.23297,validacao
2021-01-25,503.63,362.79263,40.535812,284.7413,442.86444,158.12314,validacao
2021-01-26,431.87,306.4741,33.513557,237.26636,366.77423,129.50787,validacao
2021-01-27,393.91,293.70932,32.285427,235.83215,358.8898,123.05765,validacao
2021-01-28,346.98,284.5498,30.424286,221.19756,340.51593,119.318375,validacao
2021-01-29,331.02,281.08295,28.649862,224.15446,334.86133,110.70686,validacao
2021-01-30,318.04,270.36838,29.962618,214.82019,322.92172,108.10153,validacao
2021-01-31,319.04,261.60983,27.676472,203.41022,311.09482,107.6846,validacao
2021-02-01,306.04,250.4277,29.057936,192.26828,298.63733,106.36905,validacao
2021-02-02,300.06,261.4206,28.66038,206.22977,316.37967,110.1499,validacao
2021-02-03,320.04,243.45438,27.511402,190.43668,291.4969,101.06021,validacao
2021-02-04,299.06,229.71706,26.303942,185.73027,279.29776,93.56749,validacao
2021-02-05,357.0,355.71997,53.663506,252.33432,453.6315,201.29718,validacao
2021-02-06,546.81,476.87573,85.4077,299.1033,632.997,333.8937,validacao
2021-02-07,918.5,574.45514,111.59671,337.60422,784.7003,447.0961,validacao
2021-02-08,1236.44,659.11206,92.51064,464.04373,817.27234,353.2286,validacao
2021-02-09,1315.19,600.8223,74.45406,441.01965,732.3714,291.35175,validacao
2021-02-10,1095.38,532.9605,61.1545,419.3391,650.81494,231.47583,validacao
2021-02-11,1008.58,600.9618,73.5351,450.9357,725.32227,274.38657,validacao
2021-02-12,1045.5,696.5404,83.55414,531.5809,850.70544,319.12457,validacao
2021-02-13,1079.69,553.7289,62.552147,420.20944,667.2241,247.01468,validacao
2021-02-14,1099.98,484.3027,56.977505,361.96487,585.89954,223.93466,validacao
2021-02-15,1193.96,658.2458,81.10009,494.51154,804.529,310.01746,validacao
2021-02-16,1253.61,508.3113,59.62228,386.56982,615.876,229.30615,validacao
2021-02-17,1252.61,591.45526,71.83863,453.1098,727.0096,273.89978,validacao
2021-02-18,1266.5,516.27344,57.209003,406.77924,617.8921,211.11285,validacao
2021-02-19,1330.2,658.7851,84.665016,488.0892,802.5321,314.4429,validacao
2021-02-20,1212.65,811.6739,106.47242,594.99805,996.99457,401.99652,validacao
2021-02-21,1212.65,792.59296,90.546234,620.8527,969.8336,348.9809,validacao
2021-02-22,1250.58,861.6979,94.430885,675.51526,1048.7063,373.19104,validacao
2021-02-23,1233.18,897.80347,97.72436,704.60754,1072.5079,367.9004,validacao
2021-02-24,1194.92,785.86395,91.536316,573.76,938.4734,364.71338,validacao
2021-02-25,1122.58,913.8642,102.040054,720.29553,1103.6703,383.37476,validacao
2021-02-26,1163.43,874.4278,107.358574,658.9668,1065.8573,406.8905,validacao
2021-02-27,1181.87,1010.21344,169.96985,675.6732,1343.8208,668.1476,validacao
2021-02-28,1030.41,994.9732,115.20578,756.9519,1209.1315,452.17957,validacao
2021-03-01,915.04,820.9472,93.17272,624.76636,1001.6706,376.90424,validacao
2021-03-02,907.74,790.23785,92.71627,571.0454,948.6378,377.5924,validacao
2021-03-03,895.61,760.27905,88.715195,565.91473,919.7419,353.82715,validacao
2021-03-04,775.7,705.64966,81.79085,552.5443,855.4351,302.8908,validacao
2021-03-05,665.44,685.30414,77.266975,536.06683,825.50793,289.4411,validacao
2021-03-06,588.6,820.2246,105.00617,621.4538,1002.1379,380.68408,validacao
2021-03-07,568.29,955.00916,122.45036,724.01965,1167.0726,443.05298,validacao
2021-03-08,587.6,1114.069,129.38864,852.3174,1336.7944,484.47705,validacao
2021-03-09,781.11,1223.0383,140.42163,927.1565,1491.4797,564.32324,validacao
2021-03-10,917.29,1156.9558,127.92734,895.88257,1380.66,484.77747,validacao
2021-03-11,968.11,930.0547,101.674675,707.0997,1111.4609,404.36127,validacao
2021-03-12,969.04,833.1949,95.851326,651.7781,1005.14703,353.36896,validacao
2021-03-13,871.96,807.273,92.614876,622.6637,967.6881,345.0244,validacao
2021-03-14,793.11,776.1561,85.70522,593.43695,929.66327,336.22632,validacao
2021-03-15,676.33,675.08264,78.13754,519.2631,809.4975,290.23438,validacao
2021-03-16,618.23,667.5994,70.37905,522.9622,797.66016,274.69794,validacao
2021-03-17,578.22,640.43945,76.00493,480.72464,776.9814,296.25674,validacao
2021-03-18,539.33,605.4864,67.27371,473.13544,728.9343,255.79889,validacao
2021-03-19,485.91,590.8306,66.16475,461.71442,706.3979,244.68347,validacao
2021-03-20,459.65,567.71326,71.05724,420.78168,707.00836,286.22668,validacao
2021-03-21,420.67,596.915,63.534096,463.33337,716.9766,253.64325,validacao
2021-03-22,401.22,562.75134,57.918015,442.66663,676.22534,233.55872,validacao
2021-03-23,400.11,563.1555,63.757214,422.6287,676.5461,253.91739,validacao
2021-03-24,381.87,487.1166,58.518547,371.47516,586.1006,214.62543,validacao
2021-03-25,381.8,475.3849,54.41146,363.0161,572.083,209.0669,validacao
2021-03-26,342.89,518.85846,60.12286,394.1807,628.1896,234.00888,validacao
2021-03-27,304.0,512.0563,62.74235,373.50604,628.3737,254.86768,validacao
2021-03-28,284.56,428.1384,47.907078,332.98532,509.62143,176.63611,validacao
2021-03-29,284.56,395.1861,43.664978,308.8812,474.81018,165.92899,validacao
2021-03-30,265.11,511.35184,59.248577,382.1736,616.68353,234.50992,validacao
2021-03-31,273.15,431.20465,48.813953,326.2287,516.5834,190.35468,validacao
2021-04-01,292.64,361.76022,39.98609,288.91888,435.72665,146.80777,validacao
2021-04-02,292.74,434.38037,48.915176,331.0173,522.58624,191.56894,validacao
2021-04-03,291.69,371.9125,40.86298,277.64758,437.98645,160.33887,validacao
2021-04-04,292.67,403.65656,45.15118,308.01782,481.31464,173.29681,validacao
2021-04-05,273.22,375.23074,44.69571,285.99713,456.31653,170.3194,validacao
2021-04-06,253.78,353.0538,42.643208,268.4198,422.6948,154.275,validacao
2021-04-07,253.69,503.4774,63.61359,372.46518,608.7251,236.25992,validacao
2021-04-08,251.85,346.83505,36.87556,276.78473,417.03406,140.24933,validacao
2021-04-09,263.52,341.15073,40.32499,243.68578,402.6503,158.96452,validacao
2021-04-10,254.78,338.2688,35.20414,267.67618,403.29233,135.61615,validacao
2021-04-11,257.78,329.5088,37.805466,253.89737,399.0254,145.12802,validacao
2021-04-12,254.7,324.02075,35.83363,254.24854,389.6265,135.37796,validacao
2021-04-13,245.11,317.07953,39.209324,232.67851,382.05487,149.37636,validacao
2021-04-14,235.36,310.5955,37.474037,226.79648,377.98944,151.19296,validacao
2021-04-15,216.89,301.73157,34.608,228.93224,362.64136,133.70912,validacao
2021-04-16,216.8,295.72833,34.636036,228.57834,358.06525,129.48691,validacao
2021-04-17,216.98,291.2494,32.3122,228.72963,347.6158,118.886185,validacao
2021-04-18,215.89,305.77896,34.43695,238.89119,365.21024,126.319046,validacao
2021-04-19,216.89,296.08875,36.302807,207.89783,360.1553,152.25748,validacao
2021-04-20,216.82,275.06763,30.16881,213.3752,333.77008,120.39488,validacao
2021-04-21,207.24,269.02286,33.613335,199.15341,329.31787,130.16446,validacao
2021-04-22,207.17,268.39276,28.563284,212.19882,319.52695,107.328125,validacao
2021-04-23,198.33,257.63235,30.244886,194.83437,312.60663,117.77226,validacao
2021-04-24,198.56,244.5552,28.362715,185.49081,295.66254,110.17172,validacao
2021-04-25,198.44,232.20364,27.858776,175.18126,283.56778,108.38652,validacao
2021-04-26,188.62,233.68253,27.498507,180.6553,285.16714,104.51184,validacao
2021-04-27,188.83,238.16292,27.407478,178.86824,284.85428,105.98604,validacao
2021-04-28,188.72,226.67378,25.888382,168.58543,271.5545,102.96907,validacao
2021-04-29,178.9,213.36574,24.923069,161.70558,257.9592,96.25362,validacao
2021-04-30,190.66,209.81068,24.00428,160.70926,254.19063,93.48137,validacao
2021-05-01,186.08,201.42407,22.456348,154.40746,243.2763,88.86885,validacao
2021-05-02,185.15,190.86891,23.464348,146.91344,235.59344,88.68001,validacao
2021-05-03,175.39,184.36203,22.85459,138.0148,226.47903,88.46423,validacao
2021-05-04,175.39,172.93864,23.067263,120.90518,214.21715,93.311966,validacao
2021-05-05,175.39,172.64304,21.177465,125.31453,205.94568,80.63115,validacao
2021-05-06,183.06,164.21889,20.611578,122.856544,201.64433,78.78779,validacao
2021-05-07,185.16,161.4553,19.940037,120.67403,199.11296,78.438934,validacao
2021-05-08,185.0,159.50627,20.747597,118.32627,193.24854,74.922264,validacao
2021-05-09,156.06,154.5841,19.208864,113.64314,190.78848,77.14534,validacao
2021-05-10,136.41,153.79466,17.988224,119.677734,187.81091,68.13318,validacao
2021-05-11,131.59,153.05571,17.88334,118.13838,184.26271,66.12433,validacao
2021-05-12,137.45,147.75906,19.382162,109.54086,183.36502,73.82416,validacao
2021-05-13,126.82,145.04459,19.334497,100.09449,178.3885,78.294014,validacao
2021-05-14,132.87,143.27719,17.829193,110.75886,176.17871,65.41985,validacao
2021-05-15,135.26,141.81938,17.685139,104.31485,173.63654,69.321686,validacao
2021-05-16,128.78,144.07034,17.302692,106.224915,174.98793,68.763016,validacao
2021-05-17,131.17,147.79442,17.338913,111.70233,181.12639,69.42406,validacao
2021-05-18,125.77,142.35886,17.598198,104.21391,171.87936,67.66545,validacao
2021-05-19,125.46,142.92311,17.533676,108.73309,174.53453,65.80144,validacao
2021-05-20,123.13,139.69025,17.503057,108.73186,172.40955,63.67769,validacao
2021-05-21,126.15,133.399,18.52452,96.449745,169.41142,72.96168,validacao
2021-05-22,125.53,129.49585,16.735043,92.86589,158.4436,65.57771,validacao
2021-05-23,132.79,127.67667,17.404306,92.47572,160.57706,68.10133,validacao
2021-05-24,143.89,125.77189,16.381903,92.44127,156.06596,63.624695,validacao
2021-05-25,148.75,127.33763,16.882446,93.24215,158.11707,64.874916,validacao
2021-05-26,146.32,138.07944,17.175108,102.91713,172.75893,69.8418,validacao
2021-05-27,150.62,135.46881,16.591364,100.746796,166.35959,65.61279,validacao
2021-05-28,150.74,136.7896,18.288187,100.87394,169.38374,68.5098,validacao
2021-05-29,152.24,131.28922,18.765322,91.36034,163.22874,71.86841,validacao
2021-05-30,145.78,133.93834,17.711142,98.71529,166.46277,67.74748,validacao
2021-05-31,143.26,151.47685,23.235563,107.8856,193.96643,86.08083,validacao
2021-06-01,138.64,138.94545,22.842472,93.206825,178.06035,84.85352,validacao
2021-06-02,141.26,141.60098,18.244865,103.79035,174.93024,71.139885,validacao
2021-06-03,154.45,163.28297,20.37757,127.43909,204.34001,76.900925,validacao
2021-06-04,154.45,180.94272,22.794935,133.78163,220.51814,86.73651,validacao
2021-06-05,162.24,164.18222,20.520874,122.376114,201.1493,78.77319,validacao
2021-06-06,158.51,152.79395,20.614046,114.583786,191.2277,76.64392,validacao
2021-06-07,145.26,141.92467,19.45054,102.77368,179.0615,76.28781,validacao
2021-06-08,145.38,140.59424,19.009056,99.144165,172.82845,73.68428,validacao
2021-06-09,140.75,137.91774,16.931015,103.65049,166.20625,62.555763,validacao
2021-06-10,138.83,135.57329,16.892416,102.93963,167.59618,64.65655,validacao
2021-06-11,136.89,133.51697,18.777777,96.35582,165.42578,69.06996,validacao
2021-06-12,129.99,133.48984,17.16393,100.180534,164.10094,63.920403,validacao
2021-06-13,133.77,130.2454,16.397148,98.1885,160.0434,61.854897,validacao
2021-06-14,127.98,127.09111,15.536679,95.48782,156.36966,60.881836,validacao
2021-06-15,121.47,125.873566,18.274652,89.07353,157.98506,68.91153,validacao
2021-06-16,121.28,127.45935,17.654198,91.17891,157.91922,66.74031,validacao
2021-06-17,118.19,126.07892,16.793068,93.54162,156.77069,63.229073,validacao
2021-06-18,117.41,127.9321,16.845926,91.415535,160.12068,68.70515,validacao
2021-06-19,113.17,125.60674,17.059135,90.389015,158.33548,67.946465,validacao
2021-06-20,113.57,124.23804,16.147379,90.31376,155.94917,65.635414,validacao
2021-06-21,106.67,119.33896,17.230219,82.496414,149.77646,67.280045,validacao
2021-06-22,105.06,120.22827,17.11782,84.67165,150.09853,65.42687,validacao
2021-06-23,108.3,111.02126,16.255838,76.18976,139.39908,63.20932,validacao
2021-06-24,101.89,107.23664,15.342952,76.918526,136.90556,59.987038,validacao
2021-06-25,105.13,104.82773,14.067082,77.89252,128.0433,50.150787,validacao
2021-06-26,99.81,102.65482,15.072756,73.93932,130.44269,56.503365,validacao
2021-06-27,99.81,100.27941,15.081417,69.60564,125.34244,55.7368,validacao
2021-06-28,88.0,99.52448,15.853606,67.71068,131.89546,64.184784,validacao
2021-06-29,93.24,98.782425,14.765924,69.864204,124.6499,54.785698,validacao
2021-06-30,90.62,98.66785,14.91875,69.309975,127.74568,58.435707,validacao
2021-07-01,88.5,95.7547,14.219248,65.65315,121.30791,55.654755,validacao
2021-07-02,91.96,93.42068,14.283752,65.59753,120.98981,55.39228,validacao
2021-07-03,89.88,94.106606,14.142331,64.15856,121.43782,57.27926,validacao
2021-07-04,81.31,94.25323,14.155166,66.6414,118.846794,52.20539,validacao
2021-07-05,72.82,94.64734,14.397466,65.243996,119.808975,54.56498,validacao
2021-07-06,74.91,93.96898,14.782985,66.31463,122.005035,55.690407,validacao
2021-07-07,78.15,97.16025,15.447274,67.621925,127.17066,59.548737,validacao
2021-07-08,69.58,94.761604,15.63095,64.89822,122.41525,57.517036,validacao
2021-07-09,68.73,94.18921,14.663158,65.90786,121.40818,55.50032,validacao
2021-07-10,73.58,92.64377,14.740041,64.366264,119.28192,54.915657,validacao
2021-07-11,68.33,93.11479,14.627984,63.440903,118.12608,54.68518,validacao
2021-07-12,70.82,94.62221,14.99533,66.9483,125.44987,58.501564,validacao
2021-07-13,74.3,97.70883,14.492252,67.73373,124.73175,56.998024,validacao
2021-07-14,74.49,95.73658,14.689302,67.36259,122.06377,54.70118,validacao
2021-07-15,65.28,95.294815,14.947024,66.4371,121.36659,54.92949,validacao
2021-07-16,64.07,88.68186,14.206001,58.412766,113.898026,55.48526,validacao
2021-07-17,67.34,87.404724,14.815091,60.93898,113.46375,52.524773,validacao
2021-07-18,70.26,84.71586,14.171652,56.72901,110.032196,53.303185,validacao
2021-07-19,77.67,86.14712,13.734799,57.510536,112.27333,54.762794,validacao
2021-07-20,78.67,80.6547,14.011271,54.594833,108.99296,54.398125,validacao
2021-07-21,75.89,88.19121,15.605935,53.655937,113.84957,60.193634,validacao
2021-07-22,71.33,87.278824,14.664261,59.555683,115.198456,55.642773,validacao
2021-07-23,71.33,83.31564,15.392316,54.92417,108.25308,53.32891,validacao
2021-07-24,66.7,79.47479,14.037692,51.495544,106.426956,54.93141,validacao
2021-07-25,68.56,80.499504,14.206267,50.778595,107.40871,56.63011,validacao
2021-07-26,63.84,82.77519,14.861241,52.18615,108.700966,56.514816,validacao
2021-07-27,52.73,82.76711,13.90388,56.25781,109.44493,53.187122,validacao
2021-07-28,47.56,75.92106,13.802219,48.334866,100.9927,52.657833,validacao
2021-07-29,47.64,76.84239,13.221195,50.763145,100.47418,49.711037,validacao
2021-07-30,52.66,77.86203,13.508557,49.618248,104.39145,54.7732,validacao
2021-07-31,53.84,73.92777,13.811463,45.5039,100.41405,54.91015,validacao
2021-08-01,46.37,72.44001,13.154937,51.333282,96.51158,45.1783,validacao
2021-08-02,46.91,71.72608,13.650858,43.944435,96.88104,52.936607,validacao
2021-08-03,51.07,72.27227,13.99129,45.38372,98.66814,53.284416,validacao
2021-08-04,50.15,79.737305,14.643609,52.105885,107.819046,55.71316,validacao
2021-08-05,53.39,80.33451,14.189256,51.064316,107.07492,56.010605,validacao
2021-08-06,50.59,78.288376,14.520589,48.379288,106.33101,57.95172,validacao
2021-08-07,51.69,76.283066,13.683094,47.742992,101.5968,53.85381,validacao
2021-08-08,53.84,76.02853,13.636478,49.119373,100.07471,50.955334,validacao
2021-08-09,50.6,74.418724,14.47478,44.71504,103.761986,59.046947,validacao
2021-08-10,50.68,74.14289,13.549413,43.82912,97.950554,54.121433,validacao
2021-08-11,63.56,75.72469,14.471714,45.067707,104.24686,59.17915,validacao
2021-08-12,63.41,97.15166,14.601447,66.93948,124.67284,57.733353,validacao
2021-08-13,67.11,74.44226,14.488371,40.57732,99.48517,58.90785,validacao
2021-08-14,64.92,78.434074,13.890958,52.386513,104.147125,51.760612,validacao
2021-08-15,64.74,73.65236,13.521714,46.233128,95.32537,49.092243,validacao
2021-08-16,57.0,70.327835,12.908327,46.491203,94.15744,47.666237,validacao
2021-08-17,48.9,98.00188,19.386475,64.40641,133.32857,68.92216,validacao
2021-08-18,48.84,103.117195,16.034018,69.995186,131.1551,61.15992,validacao
2021-08-19,49.81,76.70715,15.136362,47.921368,106.3083,58.38693,validacao
2021-08-20,51.73,69.44151,14.180556,42.737675,96.8927,54.155025,validacao
2021-08-21,51.0,76.062164,13.620287,49.10023,101.23827,52.138042,validacao
2021-08-22,49.84,69.109474,13.535942,43.881203,96.94258,53.06138,validacao
2021-08-23,51.84,68.06483,13.840653,35.376575,95.257866,59.88129,validacao
2021-08-24,50.84,63.779472,13.404447,38.04434,89.17066,51.126324,validacao
2021-08-25,52.08,62.067604,12.480248,36.71167,87.13455,50.422882,validacao
2021-08-26,48.54,65.5148,12.666735,39.545033,91.254295,51.709263,validacao
2021-08-27,57.48,65.32149,13.529474,38.800606,92.78559,53.984985,validacao
2021-08-28,58.41,67.415825,13.265069,41.00692,91.81803,50.81111,validacao
2021-08-29,49.84,62.989323,13.44071,34.83306,86.10851,51.27545,validacao
2021-08-30,45.68,61.456062,14.658619,34.475857,89.8468,55.370945,validacao
2021-08-31,48.35,62.273823,12.267683,39.533913,86.09602,46.56211,validacao
2021-09-01,49.26,63.634422,13.802914,38.38553,88.42282,50.037292,validacao
2021-09-02,43.0,60.433895,14.226162,34.665016,89.268364,54.603348,validacao
2021-09-03,47.24,64.4325,13.52226,39.131023,89.43837,50.307346,validacao
2021-09-04,44.32,62.42453,13.759788,35.565998,89.25102,53.685024,validacao
2021-09-05,40.95,62.328697,12.6175,40.143646,86.77339,46.629745,validacao
2021-09-06,43.72,61.30525,12.790142,34.141487,87.17676,53.03527,validacao
2021-09-07,43.54,58.10276,12.692885,33.022133,83.44944,50.427307,validacao
2021-09-08,42.59,55.72719,12.449226,30.784977,78.34552,47.560543,validacao
2021-09-09,43.81,54.23041,13.317356,28.188974,79.40912,51.220146,validacao
2021-09-10,39.79,52.4724,12.991547,25.795845,75.86477,50.068924,validacao
2021-09-11,38.58,51.648735,11.319969,29.923498,75.631096,45.707596,validacao
2021-09-12,40.33,50.02044,12.873168,25.125729,74.518166,49.392437,validacao
2021-09-13,41.98,57.025467,12.333666,31.126652,78.930405,47.803753,validacao
2021-09-14,42.74,48.639103,13.712534,24.41603,76.6478,52.231766,validacao
2021-09-15,37.59,50.93521,13.401052,27.111807,75.39045,48.27864,validacao
2021-09-16,42.74,55.224777,13.350519,26.640547,80.744194,54.103645,validacao
2021-09-17,42.67,52.902176,12.952553,29.533897,78.5761,49.042206,validacao
2021-09-18,40.58,50.76312,12.995321,25.881664,76.012344,50.13068,validacao
2021-09-19,43.0,53.00252,13.3622675,29.488743,79.730835,50.242092,validacao
2021-09-20,42.06,53.35525,13.071278,26.211193,78.15055,51.939358,validacao
2021-09-21,42.95,47.70388,12.900872,23.127079,72.838234,49.711155,validacao
2021-09-22,43.08,51.299614,12.858573,27.93854,79.22112,51.282585,validacao
2021-09-23,42.5,48.71708,13.331194,20.434738,73.409164,52.974426,validacao
2021-09-24,40.08,47.23386,12.3019085,22.375338,70.35879,47.98345,validacao
2021-09-25,44.8,46.55725,13.292406,22.42641,72.325676,49.899265,validacao
2021-09-26,44.96,97.11176,35.81626,27.824062,158.46698,130.64291,validacao
2021-09-27,52.14,46.883945,13.176878,20.96467,72.25128,51.286613,validacao
2021-09-28,52.67,42.216522,12.109724,18.441952,64.29827,45.85632,validacao
2021-09-29,49.96,62.11283,16.146866,29.25614,94.82625,65.57011,validacao
