regime,sample,feature,feature_value,shap_value
Baixa vazao,0,P_1944059,0.0,0.0
Baixa vazao,0,P_1944063,0.0,-8.893275123057942
Baixa vazao,0,P_1945002,0.0,-7.956089507195825
Baixa vazao,0,P_1945008,0.0,-8.101864512841502
Baixa vazao,0,P_1946000,0.0,0.0
Baixa vazao,0,P_2044008,0.0,0.0
Baixa vazao,0,P_2044016,0.0,0.0
Baixa vazao,0,P_2044024,0.0,0.0
Baixa vazao,0,P_2044042,0.0,0.0
Baixa vazao,0,P_2045002,0.0,0.0
Baixa vazao,0,P_2046013,0.0,0.0
Baixa vazao,0,Q_40032000,6.0782,-7.911704608934713
Baixa vazao,0,Q_40050000,20.4828,0.0
Baixa vazao,0,Q_40060001,3.8134,-30.292446663906222
Baixa vazao,0,Q_40100000,50.939,-194.24213758177743
Baixa vazao,0,Q_40185000,3.631,0.0
Baixa vazao,0,Q_40330000,13.4541,-85.73707649096686
Baixa vazao,0,Q_40800001,18.1312,-7.820910173779244
Baixa vazao,0,Q_40850000,18.7438,-74.08859342484158
Baixa vazao,0,Q_40930000,1.3702,-31.738038243303247
Baixa vazao,1,P_1944059,0.0,0.0
Baixa vazao,1,P_1944063,0.0,-9.668982947077081
Baixa vazao,1,P_1945002,0.0,-8.402579442840866
Baixa vazao,1,P_1945008,0.0,-8.513947443955924
Baixa vazao,1,P_1946000,0.0,0.0
Baixa vazao,1,P_2044008,0.0,0.0
Baixa vazao,1,P_2044016,0.0,0.0
Baixa vazao,1,P_2044024,0.0,0.0
Baixa vazao,1,P_2044042,0.0,0.0
Baixa vazao,1,P_2045002,0.0,0.0
Baixa vazao,1,P_2046013,0.0,0.0
Baixa vazao,1,Q_40032000,8.6394,-8.797670035768691
Baixa vazao,1,Q_40050000,44.124,0.0
Baixa vazao,1,Q_40060001,5.6989,-23.559170857997227
Baixa vazao,1,Q_40100000,73.2871,-166.8442878948997
Baixa vazao,1,Q_40185000,7.7378,0.0
Baixa vazao,1,Q_40330000,27.1774,-69.89835275681152
Baixa vazao,1,Q_40800001,32.5389,-5.1420801076698694
Baixa vazao,1,Q_40850000,41.4926,-51.46731642383604
Baixa vazao,1,Q_40930000,5.192,-24.252610480294447
Baixa vazao,2,P_1944059,0.0,0.0
Baixa vazao,2,P_1944063,0.0,-9.415556864133336
Baixa vazao,2,P_1945002,0.0,-7.699876300569997
Baixa vazao,2,P_1945008,0.0,-7.979230968662508
Baixa vazao,2,P_1946000,0.0,0.0
Baixa vazao,2,P_2044008,0.0,0.0
Baixa vazao,2,P_2044016,0.0,0.0
Baixa vazao,2,P_2044024,0.0,0.0
Baixa vazao,2,P_2044042,0.0,0.0
Baixa vazao,2,P_2045002,0.0,0.0
Baixa vazao,2,P_2046013,0.0,0.0
Baixa vazao,2,Q_40032000,7.441,-8.259513546479548
Baixa vazao,2,Q_40050000,26.2808,0.0
Baixa vazao,2,Q_40060001,2.604,-34.459615599093986
Baixa vazao,2,Q_40100000,39.6483,-208.25384074015903
Baixa vazao,2,Q_40185000,3.631,0.0
Baixa vazao,2,Q_40330000,10.013,-89.21683692496367
Baixa vazao,2,Q_40800001,15.1975,-8.980821968571895
Baixa vazao,2,Q_40850000,20.1855,-72.14316334794137
Baixa vazao,2,Q_40930000,1.7864,-30.54969783125968
Baixa vazao,3,P_1944059,0.0,0.0
Baixa vazao,3,P_1944063,0.0,-8.692048350305173
Baixa vazao,3,P_1945002,33.3,56.86940322124208
Baixa vazao,3,P_1945008,0.0,-6.714460270924121
Baixa vazao,3,P_1946000,0.0,0.0
Baixa vazao,3,P_2044008,0.0,0.0
Baixa vazao,3,P_2044016,0.0,0.0
Baixa vazao,3,P_2044024,0.0,0.0
Baixa vazao,3,P_2044042,0.0,0.0
Baixa vazao,3,P_2045002,0.0,0.0
Baixa vazao,3,P_2046013,0.0,0.0
Baixa vazao,3,Q_40032000,7.5115,-6.605760267412818
Baixa vazao,3,Q_40050000,35.5405,0.0
Baixa vazao,3,Q_40060001,4.2205,-33.17548015032755
Baixa vazao,3,Q_40100000,93.8632,-146.68418263596953
Baixa vazao,3,Q_40185000,6.6193,0.0
Baixa vazao,3,Q_40330000,11.688,-91.31569112244173
Baixa vazao,3,Q_40800001,16.8599,-8.635571134156203
Baixa vazao,3,Q_40850000,18.7438,-78.93139113266064
Baixa vazao,3,Q_40930000,4.4137,-25.910702656594193
Baixa vazao,4,P_1944059,0.0,0.0
Baixa vazao,4,P_1944063,0.0,-9.433166805498033
Baixa vazao,4,P_1945002,0.0,-7.916579580475783
Baixa vazao,4,P_1945008,0.0,-8.410713351489147
Baixa vazao,4,P_1946000,0.0,0.0
Baixa vazao,4,P_2044008,0.0,0.0
Baixa vazao,4,P_2044016,0.0,0.0
Baixa vazao,4,P_2044024,0.0,0.0
Baixa vazao,4,P_2044042,0.0,0.0
Baixa vazao,4,P_2045002,0.0,0.0
Baixa vazao,4,P_2046013,0.0,0.0
Baixa vazao,4,Q_40032000,5.4994,-7.998006525530624
Baixa vazao,4,Q_40050000,23.4924,0.0
Baixa vazao,4,Q_40060001,3.1903,-32.38324271814651
Baixa vazao,4,Q_40100000,40.3633,-206.90010939069822
Baixa vazao,4,Q_40185000,7.3505,0.0
Baixa vazao,4,Q_40330000,24.8827,-71.07328628908962
Baixa vazao,4,Q_40800001,18.7021,-7.708745958865052
Baixa vazao,4,Q_40850000,20.6731,-72.14356050911636
Baixa vazao,4,Q_40930000,1.3893,-30.954930584995964
Baixa vazao,5,P_1944059,0.0,0.0
Baixa vazao,5,P_1944063,0.0,-6.362384700082388
Baixa vazao,5,P_1945002,0.0,0.0
Baixa vazao,5,P_1945008,0.0,-6.297522273575881
Baixa vazao,5,P_1946000,0.0,0.0
Baixa vazao,5,P_2044008,0.0,0.0
Baixa vazao,5,P_2044016,0.0,0.0
Baixa vazao,5,P_2044024,0.0,0.0
Baixa vazao,5,P_2044042,33.2,24.32896797471949
Baixa vazao,5,P_2045002,20.2,0.0
Baixa vazao,5,P_2046013,1.3,0.0
Baixa vazao,5,Q_40032000,7.5115,-6.208800655913455
Baixa vazao,5,Q_40050000,47.8645,0.0
Baixa vazao,5,Q_40060001,4.3869,-25.761577028013996
Baixa vazao,5,Q_40100000,55.7127,-178.57022186100426
Baixa vazao,5,Q_40185000,4.2442,0.0
Baixa vazao,5,Q_40330000,12.034,-81.49093973177034
Baixa vazao,5,Q_40800001,13.7476,-6.050601176018379
Baixa vazao,5,Q_40850000,15.9576,-69.40929657745865
Baixa vazao,5,Q_40930000,5.6875,-21.077024095431913
Baixa vazao,6,P_1944059,10.6,0.0
Baixa vazao,6,P_1944063,0.0,-5.664082461780025
Baixa vazao,6,P_1945002,0.0,-3.5561057792185418
Baixa vazao,6,P_1945008,19.3,37.76473239557966
Baixa vazao,6,P_1946000,0.0,0.0
Baixa vazao,6,P_2044008,16.8,0.0
Baixa vazao,6,P_2044016,1.0,0.0
Baixa vazao,6,P_2044024,8.7,0.0
Baixa vazao,6,P_2044042,10.7,-9.472203183246492
Baixa vazao,6,P_2045002,8.1,0.0
Baixa vazao,6,P_2046013,6.9,0.0
Baixa vazao,6,Q_40032000,7.5115,-2.9743449453839617
Baixa vazao,6,Q_40050000,26.0283,0.0
Baixa vazao,6,Q_40060001,4.9855,-27.039718381210005
Baixa vazao,6,Q_40100000,74.3045,-171.63105766005637
Baixa vazao,6,Q_40185000,6.2595,0.0
Baixa vazao,6,Q_40330000,34.4864,-60.50895252081931
Baixa vazao,6,Q_40800001,32.5681,0.0
Baixa vazao,6,Q_40850000,27.8445,-67.03068887601766
Baixa vazao,6,Q_40930000,2.6162,-28.048666944818986
Baixa vazao,7,P_1944059,0.0,0.0
Baixa vazao,7,P_1944063,0.0,-9.578691732577559
Baixa vazao,7,P_1945002,0.0,-8.014779725087067
Baixa vazao,7,P_1945008,0.0,-7.849984458579044
Baixa vazao,7,P_1946000,0.0,0.0
Baixa vazao,7,P_2044008,0.0,0.0
Baixa vazao,7,P_2044016,0.0,0.0
Baixa vazao,7,P_2044024,0.0,0.0
Baixa vazao,7,P_2044042,0.0,0.0
Baixa vazao,7,P_2045002,0.0,0.0
Baixa vazao,7,P_2046013,0.0,0.0
Baixa vazao,7,Q_40032000,7.441,-8.42740209850617
Baixa vazao,7,Q_40050000,26.2808,0.0
Baixa vazao,7,Q_40060001,2.6752,-34.21492217135788
Baixa vazao,7,Q_40100000,39.6483,-207.60311701373323
Baixa vazao,7,Q_40185000,3.631,0.0
Baixa vazao,7,Q_40330000,10.3405,-88.93700435649208
Baixa vazao,7,Q_40800001,15.5952,-8.917777231330772
Baixa vazao,7,Q_40850000,20.1855,-72.34104909452353
Baixa vazao,7,Q_40930000,1.7864,-30.46415802117109
Baixa vazao,8,P_1944059,0.0,0.0
Baixa vazao,8,P_1944063,0.0,-9.592915914653407
Baixa vazao,8,P_1945002,0.0,-8.04359804468887
Baixa vazao,8,P_1945008,0.0,-8.385893226476227
Baixa vazao,8,P_1946000,0.0,0.0
Baixa vazao,8,P_2044008,0.0,0.0
Baixa vazao,8,P_2044016,0.0,0.0
Baixa vazao,8,P_2044024,0.0,0.0
Baixa vazao,8,P_2044042,0.0,0.0
Baixa vazao,8,P_2045002,0.0,0.0
Baixa vazao,8,P_2046013,0.0,0.0
Baixa vazao,8,Q_40032000,8.1556,-9.010992659539056
Baixa vazao,8,Q_40050000,38.9609,0.0
Baixa vazao,8,Q_40060001,4.5555,-27.57849886945237
Baixa vazao,8,Q_40100000,62.2166,-181.12338356151125
Baixa vazao,8,Q_40185000,8.9491,0.0
Baixa vazao,8,Q_40330000,31.9809,-63.30133420916154
Baixa vazao,8,Q_40800001,33.3007,-5.209663545928322
Baixa vazao,8,Q_40850000,42.7002,-50.02041169817763
Baixa vazao,8,Q_40930000,3.4672,-27.6785000209378
Baixa vazao,9,P_1944059,0.0,0.0
Baixa vazao,9,P_1944063,0.0,-10.02783571463193
Baixa vazao,9,P_1945002,0.0,-8.189372973202023
Baixa vazao,9,P_1945008,0.0,-7.950372783668692
Baixa vazao,9,P_1946000,0.0,0.0
Baixa vazao,9,P_2044008,0.0,0.0
Baixa vazao,9,P_2044016,0.0,0.0
Baixa vazao,9,P_2044024,0.0,0.0
Baixa vazao,9,P_2044042,0.0,0.0
Baixa vazao,9,P_2045002,0.0,0.0
Baixa vazao,9,P_2046013,0.0,0.0
Baixa vazao,9,Q_40032000,8.6413,-8.564845277409539
Baixa vazao,9,Q_40050000,36.4121,0.0
Baixa vazao,9,Q_40060001,5.8819,-22.84317321533925
Baixa vazao,9,Q_40100000,84.5546,-152.5934045379146
Baixa vazao,9,Q_40185000,6.6193,0.0
Baixa vazao,9,Q_40330000,14.9303,-85.32606133576333
Baixa vazao,9,Q_40800001,22.136,-7.132320184675166
Baixa vazao,9,Q_40850000,34.4681,-58.68162387005767
Baixa vazao,9,Q_40930000,1.0163,-32.55575278071581
Baixa vazao,10,P_1944059,4.0,0.0
Baixa vazao,10,P_1944063,1.9,0.0
Baixa vazao,10,P_1945002,6.8,0.0
Baixa vazao,10,P_1945008,0.0,-4.676459939668251
Baixa vazao,10,P_1946000,8.2,-5.331381235500231
Baixa vazao,10,P_2044008,0.0,-2.574951865111757
Baixa vazao,10,P_2044016,2.1,0.0
Baixa vazao,10,P_2044024,1.6,0.0
Baixa vazao,10,P_2044042,0.9,0.0
Baixa vazao,10,P_2045002,9.0,0.0
Baixa vazao,10,P_2046013,27.4,0.0
Baixa vazao,10,Q_40032000,9.0278,-3.1299560926700924
Baixa vazao,10,Q_40050000,31.5888,0.0
Baixa vazao,10,Q_40060001,4.4709,-27.17114107713058
Baixa vazao,10,Q_40100000,54.5059,-194.53729040516558
Baixa vazao,10,Q_40185000,3.9337,0.0
Baixa vazao,10,Q_40330000,9.0534,-92.98454873882864
Baixa vazao,10,Q_40800001,23.4079,-6.728808936037053
Baixa vazao,10,Q_40850000,15.0589,-80.02977064459047
Baixa vazao,10,Q_40930000,4.104,-23.689307193265122
Baixa vazao,11,P_1944059,0.0,0.0
Baixa vazao,11,P_1944063,0.0,-9.670320449619599
Baixa vazao,11,P_1945002,0.0,-8.002791888088083
Baixa vazao,11,P_1945008,0.0,-8.356965403126809
Baixa vazao,11,P_1946000,0.0,0.0
Baixa vazao,11,P_2044008,0.0,-4.829685665874081
Baixa vazao,11,P_2044016,0.0,0.0
Baixa vazao,11,P_2044024,0.0,0.0
Baixa vazao,11,P_2044042,0.0,0.0
Baixa vazao,11,P_2045002,0.0,0.0
Baixa vazao,11,P_2046013,0.0,0.0
Baixa vazao,11,Q_40032000,9.1347,-8.959591420304138
Baixa vazao,11,Q_40050000,39.2408,0.0
Baixa vazao,11,Q_40060001,4.8985,-26.013046811874062
Baixa vazao,11,Q_40100000,65.8237,-176.62471252430967
Baixa vazao,11,Q_40185000,9.3692,0.0
Baixa vazao,11,Q_40330000,33.9799,-60.78706671676223
Baixa vazao,11,Q_40800001,41.2597,0.0
Baixa vazao,11,Q_40850000,44.5306,-48.25805880575536
Baixa vazao,11,Q_40930000,4.3152,-25.368077186882626
Baixa vazao,12,P_1944059,0.0,0.0
Baixa vazao,12,P_1944063,0.0,-10.564863587660916
Baixa vazao,12,P_1945002,0.0,-9.132718967489733
Baixa vazao,12,P_1945008,0.0,-8.715486963711943
Baixa vazao,12,P_1946000,0.0,0.0
Baixa vazao,12,P_2044008,0.0,0.0
Baixa vazao,12,P_2044016,0.0,0.0
Baixa vazao,12,P_2044024,0.0,0.0
Baixa vazao,12,P_2044042,0.0,0.0
Baixa vazao,12,P_2045002,0.0,0.0
Baixa vazao,12,P_2046013,0.0,0.0
Baixa vazao,12,Q_40032000,12.2852,-8.023034540043042
Baixa vazao,12,Q_40050000,67.1985,0.0
Baixa vazao,12,Q_40060001,7.1157,-18.875585466169554
Baixa vazao,12,Q_40100000,109.102,-121.83416530832501
Baixa vazao,12,Q_40185000,8.1222,0.0
Baixa vazao,12,Q_40330000,30.0259,-66.4096684372209
Baixa vazao,12,Q_40800001,23.4079,-5.915077172026656
Baixa vazao,12,Q_40850000,30.0057,-63.343442569636245
Baixa vazao,12,Q_40930000,7.0112,-20.610030574179863
Baixa vazao,13,P_1944059,0.0,0.0
Baixa vazao,13,P_1944063,0.249462366,-8.862848030506399
Baixa vazao,13,P_1945002,0.0,-8.425221315683556
Baixa vazao,13,P_1945008,0.0,-8.171317988472616
Baixa vazao,13,P_1946000,0.0,0.0
Baixa vazao,13,P_2044008,0.0,0.0
Baixa vazao,13,P_2044016,0.0,0.0
Baixa vazao,13,P_2044024,0.0,0.0
Baixa vazao,13,P_2044042,0.0,0.0
Baixa vazao,13,P_2045002,0.0,0.0
Baixa vazao,13,P_2046013,0.0,0.0
Baixa vazao,13,Q_40032000,11.0303,-8.428574150278951
Baixa vazao,13,Q_40050000,56.3184,0.0
Baixa vazao,13,Q_40060001,6.6323,-20.621361559872497
Baixa vazao,13,Q_40100000,92.5145,-142.47735922259938
Baixa vazao,13,Q_40185000,6.9856,0.0
Baixa vazao,13,Q_40330000,28.1156,-69.01890731321062
Baixa vazao,13,Q_40800001,20.2961,-6.789129243168304
Baixa vazao,13,Q_40850000,25.7317,-67.69741320971681
Baixa vazao,13,Q_40930000,5.6875,-23.486217065650177
Baixa vazao,14,P_1944059,0.0,0.0
Baixa vazao,14,P_1944063,0.0,-9.228322829952075
Baixa vazao,14,P_1945002,0.0,-8.063098360166288
Baixa vazao,14,P_1945008,0.0,-8.168595306774037
Baixa vazao,14,P_1946000,0.0,0.0
Baixa vazao,14,P_2044008,0.0,0.0
Baixa vazao,14,P_2044016,0.0,0.0
Baixa vazao,14,P_2044024,0.0,0.0
Baixa vazao,14,P_2044042,0.0,0.0
Baixa vazao,14,P_2045002,0.0,0.0
Baixa vazao,14,P_2046013,0.0,0.0
Baixa vazao,14,Q_40032000,5.912,-8.52416985684204
Baixa vazao,14,Q_40050000,23.4924,0.0
Baixa vazao,14,Q_40060001,3.1903,-32.349554225678645
Baixa vazao,14,Q_40100000,41.3628,-205.97907079716148
Baixa vazao,14,Q_40185000,6.6284,0.0
Baixa vazao,14,Q_40330000,22.2264,-74.46482874360149
Baixa vazao,14,Q_40800001,21.2471,-7.622759087725569
Baixa vazao,14,Q_40850000,29.4609,-62.924193010726775
Baixa vazao,14,Q_40930000,1.3893,-31.025476240882437
Baixa vazao,15,P_1944059,0.0,0.0
Baixa vazao,15,P_1944063,0.249462366,-8.136935702159064
Baixa vazao,15,P_1945002,0.0,-7.730246509399205
Baixa vazao,15,P_1945008,0.0,-8.107750495070958
Baixa vazao,15,P_1946000,0.0,0.0
Baixa vazao,15,P_2044008,0.0,0.0
Baixa vazao,15,P_2044016,0.9,0.0
Baixa vazao,15,P_2044024,0.0,0.0
Baixa vazao,15,P_2044042,1.3,0.0
Baixa vazao,15,P_2045002,0.0,0.0
Baixa vazao,15,P_2046013,3.3,0.0
Baixa vazao,15,Q_40032000,10.6207,-8.113203053338545
Baixa vazao,15,Q_40050000,46.8883,0.0
Baixa vazao,15,Q_40060001,5.6989,-24.39907161397244
Baixa vazao,15,Q_40100000,78.0987,-161.6744572093224
Baixa vazao,15,Q_40185000,5.9063,0.0
Baixa vazao,15,Q_40330000,27.1774,-70.52551806644628
Baixa vazao,15,Q_40800001,17.4101,-7.644346591070107
Baixa vazao,15,Q_40850000,22.1561,-71.83227899113953
Baixa vazao,15,Q_40930000,5.0439,-24.149517063529764
Baixa vazao,16,P_1944059,0.0,0.0
Baixa vazao,16,P_1944063,0.0,-9.20142414750563
Baixa vazao,16,P_1945002,0.0,-8.16195299202684
Baixa vazao,16,P_1945008,0.0,-8.135659321305768
Baixa vazao,16,P_1946000,0.0,0.0
Baixa vazao,16,P_2044008,0.0,0.0
Baixa vazao,16,P_2044016,0.0,0.0
Baixa vazao,16,P_2044024,0.0,0.0
Baixa vazao,16,P_2044042,0.0,0.0
Baixa vazao,16,P_2045002,0.0,0.0
Baixa vazao,16,P_2046013,0.0,0.0
Baixa vazao,16,Q_40032000,8.2597,-8.697953157517063
Baixa vazao,16,Q_40050000,38.1813,0.0
Baixa vazao,16,Q_40060001,5.8819,-23.256703575889272
Baixa vazao,16,Q_40100000,66.9,-175.15869542492828
Baixa vazao,16,Q_40185000,4.5622,0.0
Baixa vazao,16,Q_40330000,20.5161,-77.69326201128426
Baixa vazao,16,Q_40800001,15.2633,-8.42514876789293
Baixa vazao,16,Q_40850000,19.2208,-73.87179292466107
Baixa vazao,16,Q_40930000,3.7981,-26.639756715112938
Baixa vazao,17,P_1944059,0.0,0.0
Baixa vazao,17,P_1944063,0.0,-9.171699799082347
Baixa vazao,17,P_1945002,0.0,-7.493465991228768
Baixa vazao,17,P_1945008,0.0,-7.861765377020291
Baixa vazao,17,P_1946000,0.0,0.0
Baixa vazao,17,P_2044008,0.0,0.0
Baixa vazao,17,P_2044016,0.0,0.0
Baixa vazao,17,P_2044024,0.0,0.0
Baixa vazao,17,P_2044042,0.0,0.0
Baixa vazao,17,P_2045002,0.0,0.0
Baixa vazao,17,P_2046013,0.0,0.0
Baixa vazao,17,Q_40032000,5.4994,-8.341596146348827
Baixa vazao,17,Q_40050000,23.4924,0.0
Baixa vazao,17,Q_40060001,3.0402,-33.202036302536925
Baixa vazao,17,Q_40100000,36.4666,-211.49606140523943
Baixa vazao,17,Q_40185000,6.6284,0.0
Baixa vazao,17,Q_40330000,21.7942,-75.07463703647946
Baixa vazao,17,Q_40800001,16.8713,-8.26825841012419
Baixa vazao,17,Q_40850000,19.7014,-72.59056147955953
Baixa vazao,17,Q_40930000,1.6307,-31.020308930103884
Baixa vazao,18,P_1944059,0.0,0.0
Baixa vazao,18,P_1944063,0.0,-9.120513279149083
Baixa vazao,18,P_1945002,0.0,-8.309349701480729
Baixa vazao,18,P_1945008,0.0,-8.14252448023753
Baixa vazao,18,P_1946000,0.0,0.0
Baixa vazao,18,P_2044008,0.0,0.0
Baixa vazao,18,P_2044016,0.0,0.0
Baixa vazao,18,P_2044024,0.0,0.0
Baixa vazao,18,P_2044042,0.0,0.0
Baixa vazao,18,P_2045002,0.0,0.0
Baixa vazao,18,P_2046013,0.0,0.0
Baixa vazao,18,Q_40032000,7.9567,-8.607071859391107
Baixa vazao,18,Q_40050000,30.4952,0.0
Baixa vazao,18,Q_40060001,3.0402,-32.78635803219256
Baixa vazao,18,Q_40100000,53.308,-191.82483686353532
Baixa vazao,18,Q_40185000,5.2202,0.0
Baixa vazao,18,Q_40330000,14.5561,-84.94542009696939
Baixa vazao,18,Q_40800001,24.5869,-7.0091221881243655
Baixa vazao,18,Q_40850000,41.4926,-50.79888360604697
Baixa vazao,18,Q_40930000,0.9784,-32.17509083041113
Baixa vazao,19,P_1944059,0.0,0.0
Baixa vazao,19,P_1944063,0.0,-9.567014790941672
Baixa vazao,19,P_1945002,0.0,-7.987494786036131
Baixa vazao,19,P_1945008,0.0,-8.36255234841288
Baixa vazao,19,P_1946000,0.0,0.0
Baixa vazao,19,P_2044008,0.0,0.0
Baixa vazao,19,P_2044016,0.0,0.0
Baixa vazao,19,P_2044024,0.0,0.0
Baixa vazao,19,P_2044042,0.0,0.0
Baixa vazao,19,P_2045002,0.0,0.0
Baixa vazao,19,P_2046013,0.0,0.0
Baixa vazao,19,Q_40032000,6.3369,-8.05698542644241
Baixa vazao,19,Q_40050000,28.7004,0.0
Baixa vazao,19,Q_40060001,3.4198,-31.090104771618844
Baixa vazao,19,Q_40100000,47.5692,-198.73876036414742
Baixa vazao,19,Q_40185000,6.6284,0.0
Baixa vazao,19,Q_40330000,21.7942,-75.74993049726054
Baixa vazao,19,Q_40800001,22.5628,-7.289569561999144
Baixa vazao,19,Q_40850000,28.3803,-64.35546916831244
Baixa vazao,19,Q_40930000,2.1314,-29.288798682815905
Baixa vazao,20,P_1944059,0.0,0.0
Baixa vazao,20,P_1944063,0.0,-9.094266073733552
Baixa vazao,20,P_1945002,0.0,-8.104443586318713
Baixa vazao,20,P_1945008,0.0,-8.25019489389965
Baixa vazao,20,P_1946000,0.0,0.0
Baixa vazao,20,P_2044008,0.0,0.0
Baixa vazao,20,P_2044016,0.0,0.0
Baixa vazao,20,P_2044024,0.0,0.0
Baixa vazao,20,P_2044042,0.0,0.0
Baixa vazao,20,P_2045002,0.0,0.0
Baixa vazao,20,P_2046013,0.0,0.0
Baixa vazao,20,Q_40032000,6.3369,-8.516202200275961
Baixa vazao,20,Q_40050000,29.195,0.0
Baixa vazao,20,Q_40060001,3.4974,-30.976063609035233
Baixa vazao,20,Q_40100000,47.5692,-198.26901011074634
Baixa vazao,20,Q_40185000,6.9836,0.0
Baixa vazao,20,Q_40330000,23.9853,-72.79295177515776
Baixa vazao,20,Q_40800001,23.9068,-7.093945660492977
Baixa vazao,20,Q_40850000,29.4609,-63.569279320002344
Baixa vazao,20,Q_40930000,2.6527,-28.85517424254349
Baixa vazao,21,P_1944059,0.0,0.0
Baixa vazao,21,P_1944063,0.0,-9.011835192550347
Baixa vazao,21,P_1945002,0.0,-8.094294770289185
Baixa vazao,21,P_1945008,0.0,-7.8874765090113215
Baixa vazao,21,P_1946000,0.0,0.0
Baixa vazao,21,P_2044008,0.0,0.0
Baixa vazao,21,P_2044016,0.0,0.0
Baixa vazao,21,P_2044024,0.0,0.0
Baixa vazao,21,P_2044042,0.0,0.0
Baixa vazao,21,P_2045002,0.0,0.0
Baixa vazao,21,P_2046013,0.0,0.0
Baixa vazao,21,Q_40032000,7.0997,-8.412061514741383
Baixa vazao,21,Q_40050000,24.7675,0.0
Baixa vazao,21,Q_40060001,3.0402,-32.769877430040665
Baixa vazao,21,Q_40100000,50.939,-194.7884329205192
Baixa vazao,21,Q_40185000,3.9337,0.0
Baixa vazao,21,Q_40330000,11.3456,-88.51397772677095
Baixa vazao,21,Q_40800001,21.7742,-7.322427023727216
Baixa vazao,21,Q_40850000,37.3481,-55.481062709077065
Baixa vazao,21,Q_40930000,2.3349,-29.580135419131203
Baixa vazao,22,P_1944059,0.0,0.0
Baixa vazao,22,P_1944063,0.0,-9.193169858347652
Baixa vazao,22,P_1945002,0.0,-7.874598502948118
Baixa vazao,22,P_1945008,0.0,-8.194451150291824
Baixa vazao,22,P_1946000,0.0,0.0
Baixa vazao,22,P_2044008,0.0,0.0
Baixa vazao,22,P_2044016,0.0,0.0
Baixa vazao,22,P_2044024,0.0,0.0
Baixa vazao,22,P_2044042,0.0,0.0
Baixa vazao,22,P_2045002,0.0,0.0
Baixa vazao,22,P_2046013,0.0,0.0
Baixa vazao,22,Q_40032000,5.0991,-8.106085056163579
Baixa vazao,22,Q_40050000,22.3692,0.0
Baixa vazao,22,Q_40060001,2.8924,-33.75280499844913
Baixa vazao,22,Q_40100000,32.7344,-215.63918424906768
Baixa vazao,22,Q_40185000,7.7378,0.0
Baixa vazao,22,Q_40330000,27.1774,-68.66105654526241
Baixa vazao,22,Q_40800001,15.6888,-8.187579683386456
Baixa vazao,22,Q_40850000,18.2703,-74.13095200519793
Baixa vazao,22,Q_40930000,1.3893,-30.977648568599243
Baixa vazao,23,P_1944059,0.0,0.0
Baixa vazao,23,P_1944063,0.0,-9.214402359550357
Baixa vazao,23,P_1945002,0.0,-7.810265036167285
Baixa vazao,23,P_1945008,0.0,-8.347913795679343
Baixa vazao,23,P_1946000,6.2,0.0
Baixa vazao,23,P_2044008,0.0,0.0
Baixa vazao,23,P_2044016,9.9,0.0
Baixa vazao,23,P_2044024,0.0,0.0
Baixa vazao,23,P_2044042,0.0,0.0
Baixa vazao,23,P_2045002,0.0,0.0
Baixa vazao,23,P_2046013,0.0,0.0
Baixa vazao,23,Q_40032000,7.5115,-7.827618262016368
Baixa vazao,23,Q_40050000,26.0283,0.0
Baixa vazao,23,Q_40060001,4.9855,-26.995770297607375
Baixa vazao,23,Q_40100000,75.5625,-164.64780939453024
Baixa vazao,23,Q_40185000,6.2595,0.0
Baixa vazao,23,Q_40330000,33.476,-61.80608159512219
Baixa vazao,23,Q_40800001,21.9898,-7.248630986270314
Baixa vazao,23,Q_40850000,29.4609,-64.54188564077711
Baixa vazao,23,Q_40930000,2.6162,-29.60173821093087
Baixa vazao,24,P_1944059,0.0,-4.2214788169644635
Baixa vazao,24,P_1944063,0.0,-8.483497950332522
Baixa vazao,24,P_1945002,4.6,0.0
Baixa vazao,24,P_1945008,0.0,-7.508331400630991
Baixa vazao,24,P_1946000,0.0,0.0
Baixa vazao,24,P_2044008,0.0,0.0
Baixa vazao,24,P_2044016,0.0,0.0
Baixa vazao,24,P_2044024,0.0,0.0
Baixa vazao,24,P_2044042,0.0,0.0
Baixa vazao,24,P_2045002,0.0,0.0
Baixa vazao,24,P_2046013,0.0,0.0
Baixa vazao,24,Q_40032000,7.7843,-7.3338008468709885
Baixa vazao,24,Q_40050000,28.8846,0.0
Baixa vazao,24,Q_40060001,2.8194,-34.56932203056466
Baixa vazao,24,Q_40100000,50.939,-196.03765882215322
Baixa vazao,24,Q_40185000,4.5622,0.0
Baixa vazao,24,Q_40330000,12.3837,-87.89216607438608
Baixa vazao,24,Q_40800001,20.4087,-7.347404355971455
Baixa vazao,24,Q_40850000,34.4681,-58.48821379535806
Baixa vazao,24,Q_40930000,1.1884,-31.40075814801666
Baixa vazao,25,P_1944059,0.0,0.0
Baixa vazao,25,P_1944063,0.0,-9.476622420973154
Baixa vazao,25,P_1945002,0.0,-8.13809800381614
Baixa vazao,25,P_1945008,0.0,-8.318703022787956
Baixa vazao,25,P_1946000,0.0,0.0
Baixa vazao,25,P_2044008,0.0,0.0
Baixa vazao,25,P_2044016,0.0,0.0
Baixa vazao,25,P_2044024,0.0,0.0
Baixa vazao,25,P_2044042,0.0,0.0
Baixa vazao,25,P_2045002,0.0,0.0
Baixa vazao,25,P_2046013,0.0,0.0
Baixa vazao,25,Q_40032000,5.4994,-7.994471286270115
Baixa vazao,25,Q_40050000,27.2376,0.0
Baixa vazao,25,Q_40060001,3.3428,-31.373711520808538
Baixa vazao,25,Q_40100000,44.4214,-202.02451148455452
Baixa vazao,25,Q_40185000,7.3505,0.0
Baixa vazao,25,Q_40330000,25.7919,-70.08749860200098
Baixa vazao,25,Q_40800001,22.5628,-7.307180211235784
Baixa vazao,25,Q_40850000,27.3117,-65.51793816946513
Baixa vazao,25,Q_40930000,2.1314,-29.83552349589922
Baixa vazao,26,P_1944059,0.0,0.0
Baixa vazao,26,P_1944063,0.0,-9.391259352419585
Baixa vazao,26,P_1945002,0.0,-8.345435004619404
Baixa vazao,26,P_1945008,0.0,-8.099342849263865
Baixa vazao,26,P_1946000,0.0,0.0
Baixa vazao,26,P_2044008,0.0,0.0
Baixa vazao,26,P_2044016,0.0,0.0
Baixa vazao,26,P_2044024,0.0,0.0
Baixa vazao,26,P_2044042,0.0,0.0
Baixa vazao,26,P_2045002,0.0,0.0
Baixa vazao,26,P_2046013,0.0,0.0
Baixa vazao,26,Q_40032000,7.2226,-8.46556783440271
Baixa vazao,26,Q_40050000,34.3301,0.0
Baixa vazao,26,Q_40060001,3.9747,-29.491836741879666
Baixa vazao,26,Q_40100000,56.392,-188.05020220251814
Baixa vazao,26,Q_40185000,6.6284,0.0
Baixa vazao,26,Q_40330000,22.6616,-74.90312428183783
Baixa vazao,26,Q_40800001,28.8264,-6.185754306107981
Baixa vazao,26,Q_40850000,37.3481,-55.91889267549293
Baixa vazao,26,Q_40930000,2.9201,-28.446010388703126
Baixa vazao,27,P_1944059,0.0,0.0
Baixa vazao,27,P_1944063,0.0,-9.129163708383507
Baixa vazao,27,P_1945002,0.0,-8.143296409707556
Baixa vazao,27,P_1945008,0.0,-7.947202932200026
Baixa vazao,27,P_1946000,0.0,0.0
Baixa vazao,27,P_2044008,0.0,0.0
Baixa vazao,27,P_2044016,0.0,0.0
Baixa vazao,27,P_2044024,0.0,0.0
Baixa vazao,27,P_2044042,0.0,0.0
Baixa vazao,27,P_2045002,0.0,0.0
Baixa vazao,27,P_2046013,0.0,0.0
Baixa vazao,27,Q_40032000,5.0991,-8.19495457638369
Baixa vazao,27,Q_40050000,23.4924,0.0
Baixa vazao,27,Q_40060001,2.8924,-33.51374972040522
Baixa vazao,27,Q_40100000,32.7344,-215.88253112085863
Baixa vazao,27,Q_40185000,6.6284,0.0
Baixa vazao,27,Q_40330000,23.0998,-73.04551936940419
Baixa vazao,27,Q_40800001,16.2762,-8.58850882507926
Baixa vazao,27,Q_40850000,18.7438,-73.48506460594002
Baixa vazao,27,Q_40930000,1.3893,-31.195952282701526
Baixa vazao,28,P_1944059,0.0,0.0
Baixa vazao,28,P_1944063,0.0,-9.085369157882612
Baixa vazao,28,P_1945002,0.0,-8.112823703307546
Baixa vazao,28,P_1945008,0.0,-7.938334337152312
Baixa vazao,28,P_1946000,0.0,0.0
Baixa vazao,28,P_2044008,0.0,0.0
Baixa vazao,28,P_2044016,0.0,0.0
Baixa vazao,28,P_2044024,0.0,0.0
Baixa vazao,28,P_2044042,0.0,0.0
Baixa vazao,28,P_2045002,0.0,0.0
Baixa vazao,28,P_2046013,0.0,0.0
Baixa vazao,28,Q_40032000,7.2701,-8.62940454487617
Baixa vazao,28,Q_40050000,27.831,0.0
Baixa vazao,28,Q_40060001,2.8194,-33.572821250901086
Baixa vazao,28,Q_40100000,41.8305,-205.44425394043526
Baixa vazao,28,Q_40185000,4.2442,0.0
Baixa vazao,28,Q_40330000,11.3456,-88.30491805092387
Baixa vazao,28,Q_40800001,22.4673,-7.706457384385828
Baixa vazao,28,Q_40850000,26.7819,-65.49505041876252
Baixa vazao,28,Q_40930000,2.9059,-28.008900746567175
Baixa vazao,29,P_1944059,0.0,0.0
Baixa vazao,29,P_1944063,0.0,-9.629045753334195
Baixa vazao,29,P_1945002,0.0,-8.20166305954325
Baixa vazao,29,P_1945008,0.0,-8.191667353036188
Baixa vazao,29,P_1946000,0.0,0.0
Baixa vazao,29,P_2044008,0.0,0.0
Baixa vazao,29,P_2044016,0.0,0.0
Baixa vazao,29,P_2044024,0.0,0.0
Baixa vazao,29,P_2044042,0.0,0.0
Baixa vazao,29,P_2045002,0.0,0.0
Baixa vazao,29,P_2046013,0.0,0.0
Baixa vazao,29,Q_40032000,6.4284,-8.316737005531127
Baixa vazao,29,Q_40050000,23.5055,0.0
Baixa vazao,29,Q_40060001,3.9747,-29.40280919455255
Baixa vazao,29,Q_40100000,59.3854,-184.42612205593616
Baixa vazao,29,Q_40185000,4.8876,0.0
Baixa vazao,29,Q_40330000,23.9853,-72.79457285719809
Baixa vazao,29,Q_40800001,15.8818,-7.728488523583513
Baixa vazao,29,Q_40850000,19.7014,-73.21345151364419
Baixa vazao,29,Q_40930000,1.6083,-31.104500095788264
Baixa vazao,30,P_1944059,0.0,0.0
Baixa vazao,30,P_1944063,0.0,-9.260431506176255
Baixa vazao,30,P_1945002,0.0,-8.230124374494377
Baixa vazao,30,P_1945008,0.0,-8.151542129743877
Baixa vazao,30,P_1946000,0.0,0.0
Baixa vazao,30,P_2044008,0.0,0.0
Baixa vazao,30,P_2044016,0.0,0.0
Baixa vazao,30,P_2044024,0.0,0.0
Baixa vazao,30,P_2044042,0.0,0.0
Baixa vazao,30,P_2045002,0.0,0.0
Baixa vazao,30,P_2046013,0.0,0.0
Baixa vazao,30,Q_40032000,7.5115,-9.334013478373262
Baixa vazao,30,Q_40050000,27.1145,0.0
Baixa vazao,30,Q_40060001,5.161,-25.47524709543352
Baixa vazao,30,Q_40100000,79.3767,-159.3598606407873
Baixa vazao,30,Q_40185000,6.2595,0.0
Baixa vazao,30,Q_40330000,38.6343,-55.05133614541127
Baixa vazao,30,Q_40800001,25.9716,-5.945304885046426
Baixa vazao,30,Q_40850000,32.7733,-60.20988216116408
Baixa vazao,30,Q_40930000,2.88,-28.93407164834919
Baixa vazao,31,P_1944059,0.0,0.0
Baixa vazao,31,P_1944063,0.0,-9.297985322279272
Baixa vazao,31,P_1945002,0.0,-7.912917480200104
Baixa vazao,31,P_1945008,0.0,-8.278960578500449
Baixa vazao,31,P_1946000,0.0,0.0
Baixa vazao,31,P_2044008,0.0,0.0
Baixa vazao,31,P_2044016,0.0,0.0
Baixa vazao,31,P_2044024,0.0,0.0
Baixa vazao,31,P_2044042,0.0,0.0
Baixa vazao,31,P_2045002,0.0,0.0
Baixa vazao,31,P_2046013,0.0,0.0
Baixa vazao,31,Q_40032000,6.3369,-8.480182519974775
Baixa vazao,31,Q_40050000,28.2093,0.0
Baixa vazao,31,Q_40060001,3.4198,-31.71679084416803
Baixa vazao,31,Q_40100000,46.5101,-199.81825816515203
Baixa vazao,31,Q_40185000,8.1334,0.0
Baixa vazao,31,Q_40330000,28.1156,-67.4963098977362
Baixa vazao,31,Q_40800001,23.2313,-6.855089212870325
Baixa vazao,31,Q_40850000,28.3803,-64.36475787509515
Baixa vazao,31,Q_40930000,2.1314,-29.93667026226488
Baixa vazao,32,P_1944059,0.0,0.0
Baixa vazao,32,P_1944063,0.0,-9.227843955876164
Baixa vazao,32,P_1945002,0.0,-7.799655179541584
Baixa vazao,32,P_1945008,0.0,-8.358306802244499
Baixa vazao,32,P_1946000,0.0,0.0
Baixa vazao,32,P_2044008,0.0,0.0
Baixa vazao,32,P_2044016,0.0,0.0
Baixa vazao,32,P_2044024,0.0,0.0
Baixa vazao,32,P_2044042,0.0,0.0
Baixa vazao,32,P_2045002,0.0,0.0
Baixa vazao,32,P_2046013,0.0,0.0
Baixa vazao,32,Q_40032000,5.4994,-8.11307074839427
Baixa vazao,32,Q_40050000,23.4924,0.0
Baixa vazao,32,Q_40060001,3.115,-31.997473590058757
Baixa vazao,32,Q_40100000,38.3946,-209.41616113367274
Baixa vazao,32,Q_40185000,6.6284,0.0
Baixa vazao,32,Q_40330000,22.2264,-74.50096403984725
Baixa vazao,32,Q_40800001,18.0843,-8.383241459892503
Baixa vazao,32,Q_40850000,21.6584,-70.99866806915064
Baixa vazao,32,Q_40930000,1.8783,-30.14974573669181
Baixa vazao,33,P_1944059,0.0,0.0
Baixa vazao,33,P_1944063,0.0,-9.370348489210988
Baixa vazao,33,P_1945002,0.0,-7.96422653855593
Baixa vazao,33,P_1945008,0.0,-8.437827954889922
Baixa vazao,33,P_1946000,0.0,0.0
Baixa vazao,33,P_2044008,0.0,0.0
Baixa vazao,33,P_2044016,0.0,0.0
Baixa vazao,33,P_2044024,0.0,0.0
Baixa vazao,33,P_2044042,0.0,0.0
Baixa vazao,33,P_2045002,0.0,0.0
Baixa vazao,33,P_2046013,0.0,0.0
Baixa vazao,33,Q_40032000,6.3369,-8.089187507029951
Baixa vazao,33,Q_40050000,29.195,0.0
Baixa vazao,33,Q_40060001,3.4974,-30.952111668131028
Baixa vazao,33,Q_40100000,48.6382,-197.58693338453625
Baixa vazao,33,Q_40185000,7.3505,0.0
Baixa vazao,33,Q_40330000,26.2508,-70.04560591422971
Baixa vazao,33,Q_40800001,23.9068,-7.112744502829003
Baixa vazao,33,Q_40850000,29.4609,-63.506472311716976
Baixa vazao,33,Q_40930000,2.6527,-28.580249226466922
Baixa vazao,34,P_1944059,0.0,-5.011582222793493
Baixa vazao,34,P_1944063,0.0,-9.624567423173918
Baixa vazao,34,P_1945002,0.0,-8.819605737220883
Baixa vazao,34,P_1945008,0.0,-8.395226426891204
Baixa vazao,34,P_1946000,0.0,0.0
Baixa vazao,34,P_2044008,0.0,0.0
Baixa vazao,34,P_2044016,0.0,0.0
Baixa vazao,34,P_2044024,0.0,0.0
Baixa vazao,34,P_2044042,0.0,0.0
Baixa vazao,34,P_2045002,0.0,0.0
Baixa vazao,34,P_2046013,0.0,0.0
Baixa vazao,34,Q_40032000,9.1347,-8.320709420106208
Baixa vazao,34,Q_40050000,40.0854,0.0
Baixa vazao,34,Q_40060001,4.812,-26.167952146916008
Baixa vazao,34,Q_40100000,64.612,-178.56832442988744
Baixa vazao,34,Q_40185000,9.3692,0.0
Baixa vazao,34,Q_40330000,32.9749,-61.9642906808376
Baixa vazao,34,Q_40800001,35.6238,0.0
Baixa vazao,34,Q_40850000,47.0062,-45.98078660182678
Baixa vazao,34,Q_40930000,3.7464,-26.719755913802615
Baixa vazao,35,P_1944059,0.0,0.0
Baixa vazao,35,P_1944063,0.249462366,-9.087232432867326
Baixa vazao,35,P_1945002,0.0,-9.422815378529853
Baixa vazao,35,P_1945008,0.0,-8.396823163875663
Baixa vazao,35,P_1946000,0.0,0.0
Baixa vazao,35,P_2044008,0.0,0.0
Baixa vazao,35,P_2044016,0.0,0.0
Baixa vazao,35,P_2044024,0.0,0.0
Baixa vazao,35,P_2044042,0.0,0.0
Baixa vazao,35,P_2045002,0.0,0.0
Baixa vazao,35,P_2046013,0.0,0.0
Baixa vazao,35,Q_40032000,11.4443,-7.81854255620029
Baixa vazao,35,Q_40050000,59.8571,0.0
Baixa vazao,35,Q_40060001,6.8243,-19.63657859431243
Baixa vazao,35,Q_40100000,100.699,-132.35552794104572
Baixa vazao,35,Q_40185000,7.7372,0.0
Baixa vazao,35,Q_40330000,28.5889,-68.80476598384938
Baixa vazao,35,Q_40800001,21.5137,-6.406681143458059
Baixa vazao,35,Q_40850000,27.3117,-65.88008048655323
Baixa vazao,35,Q_40930000,6.3436,-21.81682339112357
Baixa vazao,36,P_1944059,0.0,0.0
Baixa vazao,36,P_1944063,0.0,-9.304553135911263
Baixa vazao,36,P_1945002,0.0,-7.857532447343338
Baixa vazao,36,P_1945008,0.0,-8.5343679755047
Baixa vazao,36,P_1946000,0.0,0.0
Baixa vazao,36,P_2044008,0.0,0.0
Baixa vazao,36,P_2044016,0.0,0.0
Baixa vazao,36,P_2044024,0.0,0.0
Baixa vazao,36,P_2044042,0.0,0.0
Baixa vazao,36,P_2045002,0.0,0.0
Baixa vazao,36,P_2046013,0.0,0.0
Baixa vazao,36,Q_40032000,7.441,-8.021129870032398
Baixa vazao,36,Q_40050000,27.0513,0.0
Baixa vazao,36,Q_40060001,2.8924,-33.26943380679502
Baixa vazao,36,Q_40100000,41.8305,-205.40125981135537
Baixa vazao,36,Q_40185000,4.2442,0.0
Baixa vazao,36,Q_40330000,11.3456,-88.57041371220166
Baixa vazao,36,Q_40800001,22.4673,-7.424735008908385
Baixa vazao,36,Q_40850000,26.7819,-65.71938238687812
Baixa vazao,36,Q_40930000,3.7981,-26.523314686904808
Baixa vazao,37,P_1944059,0.0,0.0
Baixa vazao,37,P_1944063,0.0,-8.987616279992888
Baixa vazao,37,P_1945002,0.0,-8.435325942169035
Baixa vazao,37,P_1945008,0.0,-8.487087870178641
Baixa vazao,37,P_1946000,0.0,0.0
Baixa vazao,37,P_2044008,0.0,0.0
Baixa vazao,37,P_2044016,0.0,0.0
Baixa vazao,37,P_2044024,0.0,0.0
Baixa vazao,37,P_2044042,0.0,0.0
Baixa vazao,37,P_2045002,0.0,0.0
Baixa vazao,37,P_2046013,0.0,0.0
Baixa vazao,37,Q_40032000,10.2156,-8.159247153932819
Baixa vazao,37,Q_40050000,45.9204,0.0
Baixa vazao,37,Q_40060001,5.6989,-23.632470949688635
Baixa vazao,37,Q_40100000,79.3767,-159.57147753648027
Baixa vazao,37,Q_40185000,5.2202,0.0
Baixa vazao,37,Q_40330000,18.8556,-80.10648939302594
Baixa vazao,37,Q_40800001,17.9692,-8.118499421752688
Baixa vazao,37,Q_40850000,20.6731,-72.44550234429794
Baixa vazao,37,Q_40930000,4.727,-25.359011174925516
Baixa vazao,38,P_1944059,0.0,0.0
Baixa vazao,38,P_1944063,0.0,-9.715724082007764
Baixa vazao,38,P_1945002,0.0,-8.865012003869273
Baixa vazao,38,P_1945008,0.0,-8.7528947121313
Baixa vazao,38,P_1946000,0.0,0.0
Baixa vazao,38,P_2044008,0.0,0.0
Baixa vazao,38,P_2044016,0.0,0.0
Baixa vazao,38,P_2044024,0.0,0.0
Baixa vazao,38,P_2044042,0.0,0.0
Baixa vazao,38,P_2045002,0.0,0.0
Baixa vazao,38,P_2046013,0.0,0.0
Baixa vazao,38,Q_40032000,12.2852,-7.770162449493189
Baixa vazao,38,Q_40050000,62.0228,0.0
Baixa vazao,38,Q_40060001,6.8243,-19.891888398474013
Baixa vazao,38,Q_40100000,104.874,-127.40034652746581
Baixa vazao,38,Q_40185000,7.7372,0.0
Baixa vazao,38,Q_40330000,31.9809,-64.11974865258351
Baixa vazao,38,Q_40800001,22.7675,-6.121161053790274
Baixa vazao,38,Q_40850000,28.9191,-64.89619672614505
Baixa vazao,38,Q_40930000,6.676,-21.143151504917835
Baixa vazao,39,P_1944059,1.8,0.0
Baixa vazao,39,P_1944063,0.0,-8.008197369082872
Baixa vazao,39,P_1945002,0.0,0.0
Baixa vazao,39,P_1945008,0.0,-7.090656698687037
Baixa vazao,39,P_1946000,14.0,-12.467604785214668
Baixa vazao,39,P_2044008,0.5,0.0
Baixa vazao,39,P_2044016,4.2,0.0
Baixa vazao,39,P_2044024,15.2,0.0
Baixa vazao,39,P_2044042,2.6,0.0
Baixa vazao,39,P_2045002,0.7,0.0
Baixa vazao,39,P_2046013,1.7,0.0
Baixa vazao,39,Q_40032000,8.1296,-6.255461822659811
Baixa vazao,39,Q_40050000,34.6776,0.0
Baixa vazao,39,Q_40060001,4.6405,-28.135585581735143
Baixa vazao,39,Q_40100000,50.939,-194.0466615805717
Baixa vazao,39,Q_40185000,3.631,0.0
Baixa vazao,39,Q_40330000,14.5561,-83.76190204003653
Baixa vazao,39,Q_40800001,36.0345,-5.679071311708276
Baixa vazao,39,Q_40850000,25.2113,-67.39081200892534
Baixa vazao,39,Q_40930000,1.1884,-30.541100429346322
Baixa vazao,40,P_1944059,0.0,0.0
Baixa vazao,40,P_1944063,0.0,-9.380819984035409
Baixa vazao,40,P_1945002,0.0,-7.9829268378345235
Baixa vazao,40,P_1945008,0.0,-8.173427883228259
Baixa vazao,40,P_1946000,0.0,0.0
Baixa vazao,40,P_2044008,0.0,0.0
Baixa vazao,40,P_2044016,0.0,0.0
Baixa vazao,40,P_2044024,0.0,0.0
Baixa vazao,40,P_2044042,0.0,0.0
Baixa vazao,40,P_2045002,0.0,0.0
Baixa vazao,40,P_2046013,0.0,0.0
Baixa vazao,40,Q_40032000,5.912,-8.563790448324617
Baixa vazao,40,Q_40050000,26.757,0.0
Baixa vazao,40,Q_40060001,3.2663,-31.711935236416316
Baixa vazao,40,Q_40100000,43.3919,-203.29578681969681
Baixa vazao,40,Q_40185000,7.3505,0.0
Baixa vazao,40,Q_40330000,25.3358,-70.95755628640629
Baixa vazao,40,Q_40800001,21.9014,-7.136905123180213
Baixa vazao,40,Q_40850000,25.7317,-66.7974732107824
Baixa vazao,40,Q_40930000,1.8783,-30.556256627164615
Baixa vazao,41,P_1944059,0.0,0.0
Baixa vazao,41,P_1944063,6.0,0.0
Baixa vazao,41,P_1945002,0.0,-5.782771775182442
Baixa vazao,41,P_1945008,0.0,-6.459436108321134
Baixa vazao,41,P_1946000,0.0,0.0
Baixa vazao,41,P_2044008,0.0,-2.7526519415813193
Baixa vazao,41,P_2044016,0.4,0.0
Baixa vazao,41,P_2044024,2.0,0.0
Baixa vazao,41,P_2044042,0.8,0.0
Baixa vazao,41,P_2045002,0.0,0.0
Baixa vazao,41,P_2046013,4.7,0.0
Baixa vazao,41,Q_40032000,8.1296,-6.445403910276697
Baixa vazao,41,Q_40050000,34.1072,0.0
Baixa vazao,41,Q_40060001,3.1903,-33.526199908286834
Baixa vazao,41,Q_40100000,52.119,-196.63639473146463
Baixa vazao,41,Q_40185000,7.3583,0.0
Baixa vazao,41,Q_40330000,16.8519,-84.03987993588268
Baixa vazao,41,Q_40800001,43.5286,-2.569767276192124
Baixa vazao,41,Q_40850000,41.4926,-50.95173141999966
Baixa vazao,41,Q_40930000,0.9784,-30.95995559783111
Baixa vazao,42,P_1944059,0.0,0.0
Baixa vazao,42,P_1944063,0.0,-9.735643628688344
Baixa vazao,42,P_1945002,0.0,-8.76272084346311
Baixa vazao,42,P_1945008,0.0,-7.935770009399282
Baixa vazao,42,P_1946000,0.0,0.0
Baixa vazao,42,P_2044008,0.0,-4.828735529049652
Baixa vazao,42,P_2044016,0.0,0.0
Baixa vazao,42,P_2044024,0.0,0.0
Baixa vazao,42,P_2044042,0.0,0.0
Baixa vazao,42,P_2045002,0.0,0.0
Baixa vazao,42,P_2046013,0.0,0.0
Baixa vazao,42,Q_40032000,8.1556,-9.09028539008514
Baixa vazao,42,Q_40050000,42.9538,0.0
Baixa vazao,42,Q_40060001,5.3384,-24.748650652042386
Baixa vazao,42,Q_40100000,69.5141,-172.34041891497316
Baixa vazao,42,Q_40185000,7.3505,0.0
Baixa vazao,42,Q_40330000,25.7919,-71.56559388989568
Baixa vazao,42,Q_40800001,32.5389,0.0
Baixa vazao,42,Q_40850000,43.918,-48.663948792865675
Baixa vazao,42,Q_40930000,4.8967,-24.556688260220266
Baixa vazao,43,P_1944059,0.0,0.0
Baixa vazao,43,P_1944063,0.0,-10.17195501396913
Baixa vazao,43,P_1945002,0.0,-9.390324545002903
Baixa vazao,43,P_1945008,0.0,-8.519976536983854
Baixa vazao,43,P_1946000,0.0,0.0
Baixa vazao,43,P_2044008,0.0,0.0
Baixa vazao,43,P_2044016,0.0,0.0
Baixa vazao,43,P_2044024,0.0,0.0
Baixa vazao,43,P_2044042,0.0,0.0
Baixa vazao,43,P_2045002,0.0,0.0
Baixa vazao,43,P_2046013,0.0,0.0
Baixa vazao,43,Q_40032000,11.8626,-7.868455091779867
Baixa vazao,43,Q_40050000,60.5755,0.0
Baixa vazao,43,Q_40060001,6.8243,-19.638413607575924
Baixa vazao,43,Q_40100000,103.476,-128.6818003491906
Baixa vazao,43,Q_40185000,7.7372,0.0
Baixa vazao,43,Q_40330000,29.0651,-67.62268503071901
Baixa vazao,43,Q_40800001,22.136,-6.315238984933217
Baixa vazao,43,Q_40850000,28.9191,-64.80557469083026
Baixa vazao,43,Q_40930000,6.676,-21.220761185674487
Baixa vazao,44,P_1944059,0.0,0.0
Baixa vazao,44,P_1944063,0.0,-9.09821431810415
Baixa vazao,44,P_1945002,0.0,-6.899688645337775
Baixa vazao,44,P_1945008,23.3,47.008030860150406
Baixa vazao,44,P_1946000,0.0,0.0
Baixa vazao,44,P_2044008,0.0,0.0
Baixa vazao,44,P_2044016,1.0,0.0
Baixa vazao,44,P_2044024,0.0,0.0
Baixa vazao,44,P_2044042,0.0,0.0
Baixa vazao,44,P_2045002,0.0,0.0
Baixa vazao,44,P_2046013,0.0,0.0
Baixa vazao,44,Q_40032000,23.0583,0.0
Baixa vazao,44,Q_40050000,24.5189,-3.806271657040554
Baixa vazao,44,Q_40060001,3.2663,-36.26736913762339
Baixa vazao,44,Q_40100000,64.4022,-186.02670287976292
Baixa vazao,44,Q_40185000,5.5598,0.0
Baixa vazao,44,Q_40330000,17.2461,-86.33577625289745
Baixa vazao,44,Q_40800001,20.4087,-7.929909873608811
Baixa vazao,44,Q_40850000,27.8445,-68.25973524959126
Baixa vazao,44,Q_40930000,9.7831,-15.44333938674953
Baixa vazao,45,P_1944059,0.0,0.0
Baixa vazao,45,P_1944063,0.0,-9.26611721434666
Baixa vazao,45,P_1945002,0.0,-7.720413107691967
Baixa vazao,45,P_1945008,0.0,-8.050164490253053
Baixa vazao,45,P_1946000,0.0,0.0
Baixa vazao,45,P_2044008,0.0,0.0
Baixa vazao,45,P_2044016,0.0,0.0
Baixa vazao,45,P_2044024,0.0,0.0
Baixa vazao,45,P_2044042,0.0,0.0
Baixa vazao,45,P_2045002,0.0,0.0
Baixa vazao,45,P_2046013,0.0,0.0
Baixa vazao,45,Q_40032000,6.784,-8.596589918453375
Baixa vazao,45,Q_40050000,23.7837,0.0
Baixa vazao,45,Q_40060001,4.138,-29.14490128537492
Baixa vazao,45,Q_40100000,64.4022,-178.03407037880152
Baixa vazao,45,Q_40185000,5.5598,0.0
Baixa vazao,45,Q_40330000,29.5441,-66.53678417042384
Baixa vazao,45,Q_40800001,18.1312,-7.958709777254618
Baixa vazao,45,Q_40850000,24.6941,-68.77664792330505
Baixa vazao,45,Q_40930000,1.8525,-30.944465054445555
Baixa vazao,46,P_1944059,0.0,0.0
Baixa vazao,46,P_1944063,0.0,-9.672424148579767
Baixa vazao,46,P_1945002,0.0,-7.789266379290806
Baixa vazao,46,P_1945008,0.0,-8.33860851173421
Baixa vazao,46,P_1946000,0.0,0.0
Baixa vazao,46,P_2044008,0.0,0.0
Baixa vazao,46,P_2044016,0.0,0.0
Baixa vazao,46,P_2044024,0.0,0.0
Baixa vazao,46,P_2044042,0.0,0.0
Baixa vazao,46,P_2045002,0.0,0.0
Baixa vazao,46,P_2046013,0.0,0.0
Baixa vazao,46,Q_40032000,6.4284,-8.233259670287342
Baixa vazao,46,Q_40050000,23.5055,0.0
Baixa vazao,46,Q_40060001,3.9747,-29.46884927763885
Baixa vazao,46,Q_40100000,59.3854,-184.5227537355252
Baixa vazao,46,Q_40185000,4.8876,0.0
Baixa vazao,46,Q_40330000,24.4325,-72.1933403146205
Baixa vazao,46,Q_40800001,15.8818,-8.113079303378356
Baixa vazao,46,Q_40850000,19.7014,-73.4724997818668
Baixa vazao,46,Q_40930000,1.6083,-30.69632455582723
Baixa vazao,47,P_1944059,0.0,-3.6227030433329213
Baixa vazao,47,P_1944063,3.1,0.0
Baixa vazao,47,P_1945002,0.0,-7.061190312588655
Baixa vazao,47,P_1945008,0.0,-7.07584263550755
Baixa vazao,47,P_1946000,0.0,0.0
Baixa vazao,47,P_2044008,0.0,-3.6766159209283273
Baixa vazao,47,P_2044016,0.0,0.0
Baixa vazao,47,P_2044024,0.0,0.0
Baixa vazao,47,P_2044042,0.0,0.0
Baixa vazao,47,P_2045002,0.0,0.0
Baixa vazao,47,P_2046013,0.0,0.0
Baixa vazao,47,Q_40032000,10.6207,-7.069716542353674
Baixa vazao,47,Q_40050000,53.5517,0.0
Baixa vazao,47,Q_40060001,6.442,-19.9530464712822
Baixa vazao,47,Q_40100000,95.2181,-138.08045122272728
Baixa vazao,47,Q_40185000,8.9101,0.0
Baixa vazao,47,Q_40330000,13.818,-86.20200849681419
Baixa vazao,47,Q_40800001,54.4948,0.0
Baixa vazao,47,Q_40850000,22.6572,-70.07540215569918
Baixa vazao,47,Q_40930000,1.0163,-31.503855818433017
Baixa vazao,48,P_1944059,0.0,0.0
Baixa vazao,48,P_1944063,0.249462366,-9.28433422088078
Baixa vazao,48,P_1945002,0.0,-8.70855075800236
Baixa vazao,48,P_1945008,0.0,-8.672677965329887
Baixa vazao,48,P_1946000,0.0,0.0
Baixa vazao,48,P_2044008,0.0,0.0
Baixa vazao,48,P_2044016,0.6,0.0
Baixa vazao,48,P_2044024,0.0,0.0
Baixa vazao,48,P_2044042,0.0,0.0
Baixa vazao,48,P_2045002,0.0,0.0
Baixa vazao,48,P_2046013,0.0,0.0
Baixa vazao,48,Q_40032000,11.4443,-8.13769442357071
Baixa vazao,48,Q_40050000,59.4993,0.0
Baixa vazao,48,Q_40060001,6.8243,-19.722637752341218
Baixa vazao,48,Q_40100000,99.3198,-134.90677976409987
Baixa vazao,48,Q_40185000,7.3583,0.0
Baixa vazao,48,Q_40330000,30.0259,-65.77543891096077
Baixa vazao,48,Q_40800001,21.5137,-6.532401966476186
Baixa vazao,48,Q_40850000,26.2553,-67.23192956003193
Baixa vazao,48,Q_40930000,6.3436,-21.527281340942018
Baixa vazao,49,P_1944059,0.0,0.0
Baixa vazao,49,P_1944063,0.0,-9.551563227485891
Baixa vazao,49,P_1945002,0.0,-8.427263337715974
Baixa vazao,49,P_1945008,0.0,-8.612794011883897
Baixa vazao,49,P_1946000,0.0,0.0
Baixa vazao,49,P_2044008,0.0,0.0
Baixa vazao,49,P_2044016,0.0,0.0
Baixa vazao,49,P_2044024,0.0,0.0
Baixa vazao,49,P_2044042,0.0,0.0
Baixa vazao,49,P_2045002,0.0,0.0
Baixa vazao,49,P_2046013,0.0,0.0
Baixa vazao,49,Q_40032000,8.1556,-8.591551759278364
Baixa vazao,49,Q_40050000,39.2408,0.0
Baixa vazao,49,Q_40060001,4.6405,-27.20620632300326
Baixa vazao,49,Q_40100000,62.2166,-181.64829761786405
Baixa vazao,49,Q_40185000,8.9491,0.0
Baixa vazao,49,Q_40330000,32.4766,-62.49684161739362
Baixa vazao,49,Q_40800001,33.3007,-5.298582015229613
Baixa vazao,49,Q_40850000,43.918,-48.58400789342444
Baixa vazao,49,Q_40930000,3.4672,-27.41036238963009
Baixa vazao,50,P_1944059,22.6,33.045292303925415
Baixa vazao,50,P_1944063,14.3,25.04507173547438
Baixa vazao,50,P_1945002,0.0,0.0
Baixa vazao,50,P_1945008,0.0,-8.153510092852372
Baixa vazao,50,P_1946000,0.0,0.0
Baixa vazao,50,P_2044008,0.5,0.0
Baixa vazao,50,P_2044016,1.1,0.0
Baixa vazao,50,P_2044024,6.0,0.0
Baixa vazao,50,P_2044042,15.6,-15.21674812528859
Baixa vazao,50,P_2045002,1.6,0.0
Baixa vazao,50,P_2046013,18.5,0.0
Baixa vazao,50,Q_40032000,9.8838,-7.991677522292989
Baixa vazao,50,Q_40050000,31.3139,0.0
Baixa vazao,50,Q_40060001,3.6543,-34.49911009434659
Baixa vazao,50,Q_40100000,45.176,-209.53658794531128
Baixa vazao,50,Q_40185000,3.631,0.0
Baixa vazao,50,Q_40330000,15.3079,-87.34895118703555
Baixa vazao,50,Q_40800001,37.6612,0.0
Baixa vazao,50,Q_40850000,47.0062,-48.348761566519855
Baixa vazao,50,Q_40930000,3.7981,-27.320305691825865
Baixa vazao,51,P_1944059,0.0,0.0
Baixa vazao,51,P_1944063,0.0,-9.078262128750833
Baixa vazao,51,P_1945002,0.0,-7.874543299170568
Baixa vazao,51,P_1945008,0.0,-8.03513950616549
Baixa vazao,51,P_1946000,0.0,0.0
Baixa vazao,51,P_2044008,0.0,0.0
Baixa vazao,51,P_2044016,0.0,0.0
Baixa vazao,51,P_2044024,0.0,0.0
Baixa vazao,51,P_2044042,0.0,0.0
Baixa vazao,51,P_2045002,0.0,0.0
Baixa vazao,51,P_2046013,0.0,0.0
Baixa vazao,51,Q_40032000,5.7338,-7.997199243189275
Baixa vazao,51,Q_40050000,20.7547,0.0
Baixa vazao,51,Q_40060001,4.0561,-29.70738576602117
Baixa vazao,51,Q_40100000,53.308,-191.11799632166253
Baixa vazao,51,Q_40185000,3.631,0.0
Baixa vazao,51,Q_40330000,20.0963,-77.25659749934584
Baixa vazao,51,Q_40800001,15.8818,-8.602969176962166
Baixa vazao,51,Q_40850000,19.7014,-73.11667767462382
Baixa vazao,51,Q_40930000,1.1388,-32.23051891295503
Baixa vazao,52,P_1944059,0.0,0.0
Baixa vazao,52,P_1944063,0.0,-9.556301476966379
Baixa vazao,52,P_1945002,0.0,-8.947694118219218
Baixa vazao,52,P_1945008,0.0,-8.462729741776299
Baixa vazao,52,P_1946000,0.0,0.0
Baixa vazao,52,P_2044008,0.0,-5.268310828040228
Baixa vazao,52,P_2044016,0.0,0.0
Baixa vazao,52,P_2044024,0.0,0.0
Baixa vazao,52,P_2044042,0.0,0.0
Baixa vazao,52,P_2045002,0.0,0.0
Baixa vazao,52,P_2046013,0.0,0.0
Baixa vazao,52,Q_40032000,8.1556,-9.106383549616952
Baixa vazao,52,Q_40050000,43.2452,0.0
Baixa vazao,52,Q_40060001,5.4278,-24.31197758928006
Baixa vazao,52,Q_40100000,70.7626,-170.22216981012772
Baixa vazao,52,Q_40185000,7.7378,0.0
Baixa vazao,52,Q_40330000,27.1774,-69.39896275167075
Baixa vazao,52,Q_40800001,34.0688,0.0
Baixa vazao,52,Q_40850000,45.7634,-46.71858242172943
Baixa vazao,52,Q_40930000,4.8967,-24.63704650411498
Baixa vazao,53,P_1944059,0.0,0.0
Baixa vazao,53,P_1944063,0.0,-8.916232067074786
Baixa vazao,53,P_1945002,0.0,-7.845385406392275
Baixa vazao,53,P_1945008,0.0,-8.097283696075374
Baixa vazao,53,P_1946000,0.0,0.0
Baixa vazao,53,P_2044008,0.0,0.0
Baixa vazao,53,P_2044016,0.0,0.0
Baixa vazao,53,P_2044024,0.0,0.0
Baixa vazao,53,P_2044042,0.0,0.0
Baixa vazao,53,P_2045002,0.0,0.0
Baixa vazao,53,P_2046013,0.0,0.0
Baixa vazao,53,Q_40032000,8.1296,-8.247895553085481
Baixa vazao,53,Q_40050000,33.2589,0.0
Baixa vazao,53,Q_40060001,3.4974,-31.756743408510086
Baixa vazao,53,Q_40100000,55.7127,-188.8447124519546
Baixa vazao,53,Q_40185000,5.2202,0.0
Baixa vazao,53,Q_40330000,14.9303,-84.24517344521082
Baixa vazao,53,Q_40800001,23.8737,-6.9079341825416805
Baixa vazao,53,Q_40850000,29.4609,-63.54101701836659
Baixa vazao,53,Q_40930000,2.4097,-29.72978809309219
Baixa vazao,54,P_1944059,0.0,0.0
Baixa vazao,54,P_1944063,0.0,-8.988903504093612
Baixa vazao,54,P_1945002,0.0,-8.176441147541615
Baixa vazao,54,P_1945008,0.0,-7.737569269342187
Baixa vazao,54,P_1946000,0.0,0.0
Baixa vazao,54,P_2044008,0.0,0.0
Baixa vazao,54,P_2044016,0.0,0.0
Baixa vazao,54,P_2044024,0.0,0.0
Baixa vazao,54,P_2044042,0.0,0.0
Baixa vazao,54,P_2045002,0.0,0.0
Baixa vazao,54,P_2046013,0.0,0.0
Baixa vazao,54,Q_40032000,6.3369,-7.994803710431545
Baixa vazao,54,Q_40050000,29.4435,0.0
Baixa vazao,54,Q_40060001,3.4974,-31.596177852833677
Baixa vazao,54,Q_40100000,48.6382,-197.98398283723333
Baixa vazao,54,Q_40185000,7.7378,0.0
Baixa vazao,54,Q_40330000,27.1774,-68.90170558953795
Baixa vazao,54,Q_40800001,23.9068,-6.685318500507208
Baixa vazao,54,Q_40850000,28.3803,-64.56816395469217
Baixa vazao,54,Q_40930000,2.6527,-28.908522784215517
Baixa vazao,55,P_1944059,0.0,0.0
Baixa vazao,55,P_1944063,0.0,-8.927251985692832
Baixa vazao,55,P_1945002,0.0,-8.18266792121791
Baixa vazao,55,P_1945008,0.0,-8.420961778020114
Baixa vazao,55,P_1946000,0.0,0.0
Baixa vazao,55,P_2044008,0.0,0.0
Baixa vazao,55,P_2044016,0.0,0.0
Baixa vazao,55,P_2044024,0.0,0.0
Baixa vazao,55,P_2044042,0.0,0.0
Baixa vazao,55,P_2045002,0.0,0.0
Baixa vazao,55,P_2046013,0.0,0.0
Baixa vazao,55,Q_40032000,7.6124,-8.205716444382233
Baixa vazao,55,Q_40050000,27.0513,0.0
Baixa vazao,55,Q_40060001,3.0402,-32.871935763720636
Baixa vazao,55,Q_40100000,45.176,-201.26497762000702
Baixa vazao,55,Q_40185000,4.2442,0.0
Baixa vazao,55,Q_40330000,10.6718,-88.76954985508542
Baixa vazao,55,Q_40800001,15.9948,-8.628954563307433
Baixa vazao,55,Q_40850000,18.7438,-73.63741753625091
Baixa vazao,55,Q_40930000,1.4107,-31.33968284338884
Baixa vazao,56,P_1944059,0.0,0.0
Baixa vazao,56,P_1944063,0.0,-9.321326812229344
Baixa vazao,56,P_1945002,0.0,-8.02353229599899
Baixa vazao,56,P_1945008,0.0,-7.703493481243527
Baixa vazao,56,P_1946000,0.0,0.0
Baixa vazao,56,P_2044008,0.0,0.0
Baixa vazao,56,P_2044016,0.0,0.0
Baixa vazao,56,P_2044024,0.0,0.0
Baixa vazao,56,P_2044042,0.0,0.0
Baixa vazao,56,P_2045002,0.0,0.0
Baixa vazao,56,P_2046013,0.0,0.0
Baixa vazao,56,Q_40032000,8.1296,-8.155411655070857
Baixa vazao,56,Q_40050000,28.8846,0.0
Baixa vazao,56,Q_40060001,3.0402,-32.72744923726672
Baixa vazao,56,Q_40100000,48.6062,-197.1089391417397
Baixa vazao,56,Q_40185000,4.5622,0.0
Baixa vazao,56,Q_40330000,11.688,-88.00969713528403
Baixa vazao,56,Q_40800001,18.4132,-8.472703984809595
Baixa vazao,56,Q_40850000,24.18,-68.77474351550221
Baixa vazao,56,Q_40930000,1.6446,-31.022970785326734
Baixa vazao,57,P_1944059,0.0,-4.853185855675008
Baixa vazao,57,P_1944063,0.0,-9.276509396696914
Baixa vazao,57,P_1945002,0.0,-8.43554165827893
Baixa vazao,57,P_1945008,0.0,-8.682230563481058
Baixa vazao,57,P_1946000,0.0,0.0
Baixa vazao,57,P_2044008,0.0,0.0
Baixa vazao,57,P_2044016,0.0,0.0
Baixa vazao,57,P_2044024,0.0,0.0
Baixa vazao,57,P_2044042,0.0,0.0
Baixa vazao,57,P_2045002,0.0,0.0
Baixa vazao,57,P_2046013,0.0,0.0
Baixa vazao,57,Q_40032000,8.1556,-9.308174000259289
Baixa vazao,57,Q_40050000,40.9373,0.0
Baixa vazao,57,Q_40060001,5.161,-24.972639636312763
Baixa vazao,57,Q_40100000,68.2748,-173.5256519596015
Baixa vazao,57,Q_40185000,7.3505,0.0
Baixa vazao,57,Q_40330000,25.3358,-71.5452529625062
Baixa vazao,57,Q_40800001,31.7835,0.0
Baixa vazao,57,Q_40850000,40.8927,-52.04996971819563
Baixa vazao,57,Q_40930000,4.6044,-25.976043934089507
Baixa vazao,58,P_1944059,0.0,0.0
Baixa vazao,58,P_1944063,0.0,-9.582450922912555
Baixa vazao,58,P_1945002,0.0,-8.183334380099533
Baixa vazao,58,P_1945008,0.0,-7.901341031116545
Baixa vazao,58,P_1946000,0.0,0.0
Baixa vazao,58,P_2044008,0.0,0.0
Baixa vazao,58,P_2044016,0.0,0.0
Baixa vazao,58,P_2044024,0.0,0.0
Baixa vazao,58,P_2044042,0.0,0.0
Baixa vazao,58,P_2045002,0.0,0.0
Baixa vazao,58,P_2046013,0.0,0.0
Baixa vazao,58,Q_40032000,7.8831,-8.835147069545371
Baixa vazao,58,Q_40050000,31.5888,0.0
Baixa vazao,58,Q_40060001,4.812,-26.967894517639433
Baixa vazao,58,Q_40100000,73.0533,-167.1813305720873
Baixa vazao,58,Q_40185000,3.0498,0.0
Baixa vazao,58,Q_40330000,10.6718,-89.64714399425857
Baixa vazao,58,Q_40800001,11.8522,-8.252356090593631
Baixa vazao,58,Q_40850000,18.7438,-73.9635250132914
Baixa vazao,58,Q_40930000,1.7864,-30.72406415507583
Baixa vazao,59,P_1944059,0.0,0.0
Baixa vazao,59,P_1944063,0.0,-9.225829481418963
Baixa vazao,59,P_1945002,0.0,-8.43078668681194
Baixa vazao,59,P_1945008,0.0,-8.219729881257814
Baixa vazao,59,P_1946000,2.0,0.0
Baixa vazao,59,P_2044008,0.0,0.0
Baixa vazao,59,P_2044016,0.0,0.0
Baixa vazao,59,P_2044024,0.0,0.0
Baixa vazao,59,P_2044042,0.0,0.0
Baixa vazao,59,P_2045002,0.0,0.0
Baixa vazao,59,P_2046013,2.0,0.0
Baixa vazao,59,Q_40032000,10.6207,-8.209831201577115
Baixa vazao,59,Q_40050000,45.9204,0.0
Baixa vazao,59,Q_40060001,5.8819,-23.317366749731566
Baixa vazao,59,Q_40100000,79.3767,-160.4089973845509
Baixa vazao,59,Q_40185000,5.5598,0.0
Baixa vazao,59,Q_40330000,23.9853,-74.24095429468463
Baixa vazao,59,Q_40800001,17.4101,-7.391748432386635
Baixa vazao,59,Q_40850000,21.6584,-72.37987731673729
Baixa vazao,59,Q_40930000,5.0439,-24.33402906160399
Baixa vazao,60,P_1944059,0.0,0.0
Baixa vazao,60,P_1944063,0.249462366,-9.04834368549579
Baixa vazao,60,P_1945002,0.0,-8.755586455573994
Baixa vazao,60,P_1945008,0.0,-7.957474950380563
Baixa vazao,60,P_1946000,0.0,0.0
Baixa vazao,60,P_2044008,0.0,0.0
Baixa vazao,60,P_2044016,0.0,0.0
Baixa vazao,60,P_2044024,0.0,0.0
Baixa vazao,60,P_2044042,0.0,0.0
Baixa vazao,60,P_2045002,0.0,0.0
Baixa vazao,60,P_2046013,0.0,0.0
Baixa vazao,60,Q_40032000,10.6207,-8.257550013060413
Baixa vazao,60,Q_40050000,51.1781,0.0
Baixa vazao,60,Q_40060001,6.0668,-22.219697075503486
Baixa vazao,60,Q_40100000,84.5546,-153.4001000474892
Baixa vazao,60,Q_40185000,6.2595,0.0
Baixa vazao,60,Q_40330000,26.2508,-71.00864404364944
Baixa vazao,60,Q_40800001,18.5374,-6.971953021200932
Baixa vazao,60,Q_40850000,22.6572,-70.87858860356927
Baixa vazao,60,Q_40930000,5.3641,-23.509219796986102
Baixa vazao,61,P_1944059,0.0,-4.8198166903638935
Baixa vazao,61,P_1944063,0.0,-9.567722541002443
Baixa vazao,61,P_1945002,0.0,-8.163199315749889
Baixa vazao,61,P_1945008,0.0,-8.419642524236215
Baixa vazao,61,P_1946000,0.0,0.0
Baixa vazao,61,P_2044008,0.0,0.0
Baixa vazao,61,P_2044016,0.0,0.0
Baixa vazao,61,P_2044024,0.0,0.0
Baixa vazao,61,P_2044042,0.0,0.0
Baixa vazao,61,P_2045002,0.0,0.0
Baixa vazao,61,P_2046013,0.0,0.0
Baixa vazao,61,Q_40032000,7.8831,-9.296807651881272
Baixa vazao,61,Q_40050000,26.5946,0.0
Baixa vazao,61,Q_40060001,4.812,-26.785868493339994
Baixa vazao,61,Q_40100000,75.5625,-164.4858172409135
Baixa vazao,61,Q_40185000,5.9063,0.0
Baixa vazao,61,Q_40330000,35.5075,-58.63597266270013
Baixa vazao,61,Q_40800001,35.1065,0.0
Baixa vazao,61,Q_40850000,40.2954,-52.360082003737816
Baixa vazao,61,Q_40930000,2.3568,-29.19006304164032
Baixa vazao,62,P_1944059,0.0,0.0
Baixa vazao,62,P_1944063,0.0,-9.421611149950737
Baixa vazao,62,P_1945002,0.0,-7.9668085288205255
Baixa vazao,62,P_1945008,0.0,-7.865847069663232
Baixa vazao,62,P_1946000,0.0,0.0
Baixa vazao,62,P_2044008,0.0,0.0
Baixa vazao,62,P_2044016,0.0,0.0
Baixa vazao,62,P_2044024,0.0,0.0
Baixa vazao,62,P_2044042,0.0,0.0
Baixa vazao,62,P_2045002,0.0,0.0
Baixa vazao,62,P_2046013,0.0,0.0
Baixa vazao,62,Q_40032000,4.9037,-8.179499346634245
Baixa vazao,62,Q_40050000,21.4869,0.0
Baixa vazao,62,Q_40060001,2.8194,-33.525473853947275
Baixa vazao,62,Q_40100000,31.8273,-216.86412639124558
Baixa vazao,62,Q_40185000,6.6284,0.0
Baixa vazao,62,Q_40330000,23.0998,-73.51896247349453
Baixa vazao,62,Q_40800001,15.1092,-8.620864298637478
Baixa vazao,62,Q_40850000,16.4127,-75.6912638771267
Baixa vazao,62,Q_40930000,1.1547,-31.65998219752952
Baixa vazao,63,P_1944059,0.0,0.0
Baixa vazao,63,P_1944063,0.0,-9.148815726289483
Baixa vazao,63,P_1945002,0.0,-8.370348022675659
Baixa vazao,63,P_1945008,0.0,-8.061483770086383
Baixa vazao,63,P_1946000,0.0,0.0
Baixa vazao,63,P_2044008,0.0,0.0
Baixa vazao,63,P_2044016,0.0,0.0
Baixa vazao,63,P_2044024,0.0,0.0
Baixa vazao,63,P_2044042,0.0,0.0
Baixa vazao,63,P_2045002,0.0,0.0
Baixa vazao,63,P_2046013,0.0,0.0
Baixa vazao,63,Q_40032000,7.5115,-8.670066187365727
Baixa vazao,63,Q_40050000,46.8883,0.0
Baixa vazao,63,Q_40060001,4.3034,-28.65606892652281
Baixa vazao,63,Q_40100000,65.6775,-176.18340693673474
Baixa vazao,63,Q_40185000,6.2595,0.0
Baixa vazao,63,Q_40330000,14.5561,-85.07344480983132
Baixa vazao,63,Q_40800001,20.2961,-7.124643515629884
Baixa vazao,63,Q_40850000,15.0589,-77.46355720967105
Baixa vazao,63,Q_40930000,6.0141,-22.265683305875626
Baixa vazao,64,P_1944059,0.0,0.0
Baixa vazao,64,P_1944063,0.0,-9.091406418150411
Baixa vazao,64,P_1945002,0.0,-7.983557130965096
Baixa vazao,64,P_1945008,0.0,-8.443373387667048
Baixa vazao,64,P_1946000,0.0,0.0
Baixa vazao,64,P_2044008,0.0,0.0
Baixa vazao,64,P_2044016,0.0,0.0
Baixa vazao,64,P_2044024,0.0,0.0
Baixa vazao,64,P_2044042,0.0,0.0
Baixa vazao,64,P_2045002,0.0,0.0
Baixa vazao,64,P_2046013,0.0,0.0
Baixa vazao,64,Q_40032000,6.3369,-8.035780444088244
Baixa vazao,64,Q_40050000,28.7004,0.0
Baixa vazao,64,Q_40060001,3.4198,-31.67677763163037
Baixa vazao,64,Q_40100000,47.5692,-198.33446544588796
Baixa vazao,64,Q_40185000,6.6284,0.0
Baixa vazao,64,Q_40330000,22.2264,-74.76726181929627
Baixa vazao,64,Q_40800001,22.5628,-7.539826970269189
Baixa vazao,64,Q_40850000,27.3117,-65.33706777818533
Baixa vazao,64,Q_40930000,2.1314,-29.805239543722465
Baixa vazao,65,P_1944059,0.0,0.0
Baixa vazao,65,P_1944063,0.0,-9.334106726099002
Baixa vazao,65,P_1945002,0.0,-8.656494268033708
Baixa vazao,65,P_1945008,0.0,-8.209629409941417
Baixa vazao,65,P_1946000,0.0,0.0
Baixa vazao,65,P_2044008,0.0,0.0
Baixa vazao,65,P_2044016,0.0,0.0
Baixa vazao,65,P_2044024,0.0,0.0
Baixa vazao,65,P_2044042,0.0,0.0
Baixa vazao,65,P_2045002,0.0,0.0
Baixa vazao,65,P_2046013,0.0,0.0
Baixa vazao,65,Q_40032000,7.6833,-9.097740404263602
Baixa vazao,65,Q_40050000,37.0249,0.0
Baixa vazao,65,Q_40060001,4.4709,-27.640125033738006
Baixa vazao,65,Q_40100000,61.0328,-182.70233508292935
Baixa vazao,65,Q_40185000,9.3692,0.0
Baixa vazao,65,Q_40330000,33.9799,-60.793027354452164
Baixa vazao,65,Q_40800001,31.7835,-5.165332771098122
Baixa vazao,65,Q_40850000,39.7006,-53.43725090346796
Baixa vazao,65,Q_40930000,3.4672,-27.323319108026503
Baixa vazao,66,P_1944059,0.0,0.0
Baixa vazao,66,P_1944063,0.0,-8.987821993801898
Baixa vazao,66,P_1945002,0.0,-7.907406196299519
Baixa vazao,66,P_1945008,0.0,-8.011474164396715
Baixa vazao,66,P_1946000,0.0,0.0
Baixa vazao,66,P_2044008,0.0,0.0
Baixa vazao,66,P_2044016,0.0,0.0
Baixa vazao,66,P_2044024,0.0,0.0
Baixa vazao,66,P_2044042,0.0,0.0
Baixa vazao,66,P_2045002,0.0,0.0
Baixa vazao,66,P_2046013,0.0,0.0
Baixa vazao,66,Q_40032000,7.441,-8.552121478970728
Baixa vazao,66,Q_40050000,25.7723,0.0
Baixa vazao,66,Q_40060001,2.8194,-33.776712657138695
Baixa vazao,66,Q_40100000,45.176,-200.84124502256736
Baixa vazao,66,Q_40185000,3.3363,0.0
Baixa vazao,66,Q_40330000,7.5329,-92.41835654499141
Baixa vazao,66,Q_40800001,15.5952,-8.508706686130505
Baixa vazao,66,Q_40850000,14.1757,-78.52901299986087
Baixa vazao,66,Q_40930000,1.1884,-31.83624605470857
Baixa vazao,67,P_1944059,0.0,0.0
Baixa vazao,67,P_1944063,0.0,-9.313187586479778
Baixa vazao,67,P_1945002,0.0,-8.496405082803086
Baixa vazao,67,P_1945008,0.0,-8.296971531388015
Baixa vazao,67,P_1946000,0.0,0.0
Baixa vazao,67,P_2044008,0.0,0.0
Baixa vazao,67,P_2044016,0.0,0.0
Baixa vazao,67,P_2044024,0.0,0.0
Baixa vazao,67,P_2044042,0.0,0.0
Baixa vazao,67,P_2045002,0.0,0.0
Baixa vazao,67,P_2046013,0.0,0.0
Baixa vazao,67,Q_40032000,7.5115,-9.317315313953156
Baixa vazao,67,Q_40050000,26.5946,0.0
Baixa vazao,67,Q_40060001,5.073,-25.733925367013327
Baixa vazao,67,Q_40100000,78.0987,-161.2680387327747
Baixa vazao,67,Q_40185000,6.2595,0.0
Baixa vazao,67,Q_40330000,38.1066,-55.3181006572761
Baixa vazao,67,Q_40800001,25.166,-6.02161586227345
Baixa vazao,67,Q_40850000,32.2141,-60.76048484405901
Baixa vazao,67,Q_40930000,2.6162,-29.285098310591714
Baixa vazao,68,P_1944059,0.0,0.0
Baixa vazao,68,P_1944063,0.0,-9.279301719985634
Baixa vazao,68,P_1945002,0.0,-7.796416207601284
Baixa vazao,68,P_1945008,0.0,-8.42774007526157
Baixa vazao,68,P_1946000,0.0,0.0
Baixa vazao,68,P_2044008,0.0,0.0
Baixa vazao,68,P_2044016,0.0,0.0
Baixa vazao,68,P_2044024,0.0,0.0
Baixa vazao,68,P_2044042,0.0,0.0
Baixa vazao,68,P_2045002,0.0,0.0
Baixa vazao,68,P_2046013,0.0,0.0
Baixa vazao,68,Q_40032000,7.6124,-8.471725250292252
Baixa vazao,68,Q_40050000,27.5701,0.0
Baixa vazao,68,Q_40060001,3.0402,-32.85081124562077
Baixa vazao,68,Q_40100000,45.176,-200.7701991857272
Baixa vazao,68,Q_40185000,4.2442,0.0
Baixa vazao,68,Q_40330000,14.9303,-84.0215118271915
Baixa vazao,68,Q_40800001,17.2046,-8.585233621758118
Baixa vazao,68,Q_40850000,19.7014,-73.13504038662761
Baixa vazao,68,Q_40930000,1.4107,-31.159679576651847
Baixa vazao,69,P_1944059,0.0,0.0
Baixa vazao,69,P_1944063,0.0,-9.732933254891051
Baixa vazao,69,P_1945002,0.0,-8.354664139892018
Baixa vazao,69,P_1945008,0.0,-8.402993089999239
Baixa vazao,69,P_1946000,0.0,0.0
Baixa vazao,69,P_2044008,0.0,0.0
Baixa vazao,69,P_2044016,0.0,0.0
Baixa vazao,69,P_2044024,0.0,0.0
Baixa vazao,69,P_2044042,0.0,0.0
Baixa vazao,69,P_2045002,0.0,0.0
Baixa vazao,69,P_2046013,0.0,0.0
Baixa vazao,69,Q_40032000,7.5115,-9.066282633536973
Baixa vazao,69,Q_40050000,25.1826,0.0
Baixa vazao,69,Q_40060001,4.6405,-27.190182600175586
Baixa vazao,69,Q_40100000,74.3045,-166.06399005702252
Baixa vazao,69,Q_40185000,5.9063,0.0
Baixa vazao,69,Q_40330000,37.059,-56.717943019473225
Baixa vazao,69,Q_40800001,25.9716,-6.573625215470088
Baixa vazao,69,Q_40850000,33.3355,-59.22489735859464
Baixa vazao,69,Q_40930000,2.3568,-29.556736777955464
Baixa vazao,70,P_1944059,0.0,0.0
Baixa vazao,70,P_1944063,0.0,-9.541855721322486
Baixa vazao,70,P_1945002,0.0,-7.968474985225573
Baixa vazao,70,P_1945008,0.0,-7.942054582754236
Baixa vazao,70,P_1946000,0.0,0.0
Baixa vazao,70,P_2044008,0.0,0.0
Baixa vazao,70,P_2044016,0.6,0.0
Baixa vazao,70,P_2044024,0.0,0.0
Baixa vazao,70,P_2044042,0.0,0.0
Baixa vazao,70,P_2045002,0.0,0.0
Baixa vazao,70,P_2046013,0.0,0.0
Baixa vazao,70,Q_40032000,8.4768,-8.466418945117987
Baixa vazao,70,Q_40050000,33.5407,0.0
Baixa vazao,70,Q_40060001,3.4974,-31.695717286003273
Baixa vazao,70,Q_40100000,56.9282,-187.34238466019403
Baixa vazao,70,Q_40185000,5.2202,0.0
Baixa vazao,70,Q_40330000,14.1853,-85.63681926234341
Baixa vazao,70,Q_40800001,23.8737,-6.577709014812626
Baixa vazao,70,Q_40850000,30.0057,-62.86331105918116
Baixa vazao,70,Q_40930000,2.4097,-29.515556402028693
Baixa vazao,71,P_1944059,0.0,0.0
Baixa vazao,71,P_1944063,0.0,-8.949977366465866
Baixa vazao,71,P_1945002,0.0,-8.013484125528247
Baixa vazao,71,P_1945008,0.0,-8.172030703131242
Baixa vazao,71,P_1946000,0.0,0.0
Baixa vazao,71,P_2044008,0.0,0.0
Baixa vazao,71,P_2044016,0.0,0.0
Baixa vazao,71,P_2044024,0.0,0.0
Baixa vazao,71,P_2044042,0.0,0.0
Baixa vazao,71,P_2045002,0.0,0.0
Baixa vazao,71,P_2046013,0.0,0.0
Baixa vazao,71,Q_40032000,5.4994,-8.148034178704393
Baixa vazao,71,Q_40050000,23.4924,0.0
Baixa vazao,71,Q_40060001,3.1903,-32.462520417056396
Baixa vazao,71,Q_40100000,40.3633,-207.12733599625284
Baixa vazao,71,Q_40185000,6.9836,0.0
Baixa vazao,71,Q_40330000,24.4325,-71.77800365859788
Baixa vazao,71,Q_40800001,18.0843,-8.040999432959408
Baixa vazao,71,Q_40850000,20.6731,-71.7101551202557
Baixa vazao,71,Q_40930000,1.3893,-31.21550994346897
Baixa vazao,72,P_1944059,0.0,0.0
Baixa vazao,72,P_1944063,0.0,-9.400149493663207
Baixa vazao,72,P_1945002,0.0,-8.005969895501167
Baixa vazao,72,P_1945008,0.0,-8.399071209153604
Baixa vazao,72,P_1946000,0.0,0.0
Baixa vazao,72,P_2044008,0.0,0.0
Baixa vazao,72,P_2044016,0.0,0.0
Baixa vazao,72,P_2044024,0.0,0.0
Baixa vazao,72,P_2044042,0.0,0.0
Baixa vazao,72,P_2045002,0.0,0.0
Baixa vazao,72,P_2046013,0.0,0.0
Baixa vazao,72,Q_40032000,5.912,-8.465554478113294
Baixa vazao,72,Q_40050000,26.5181,0.0
Baixa vazao,72,Q_40060001,3.2663,-31.878786109108955
Baixa vazao,72,Q_40100000,42.3723,-204.5919733492905
Baixa vazao,72,Q_40185000,6.6284,0.0
Baixa vazao,72,Q_40330000,22.6616,-73.96807687828411
Baixa vazao,72,Q_40800001,28.1034,-6.120483940799829
Baixa vazao,72,Q_40850000,30.5535,-62.15820654476222
Baixa vazao,72,Q_40930000,1.6307,-30.79740447099021
Baixa vazao,73,P_1944059,0.0,0.0
Baixa vazao,73,P_1944063,0.0,-9.155561264311318
Baixa vazao,73,P_1945002,0.0,-8.042732936250085
Baixa vazao,73,P_1945008,0.0,-7.99167816614186
Baixa vazao,73,P_1946000,0.0,0.0
Baixa vazao,73,P_2044008,0.0,0.0
Baixa vazao,73,P_2044016,0.0,0.0
Baixa vazao,73,P_2044024,0.0,0.0
Baixa vazao,73,P_2044042,0.0,0.0
Baixa vazao,73,P_2045002,0.0,0.0
Baixa vazao,73,P_2046013,0.0,0.0
Baixa vazao,73,Q_40032000,8.1296,-8.136533723714852
Baixa vazao,73,Q_40050000,32.6983,0.0
Baixa vazao,73,Q_40060001,3.8134,-30.20900211823345
Baixa vazao,73,Q_40100000,54.5059,-190.28633655351203
Baixa vazao,73,Q_40185000,4.8876,0.0
Baixa vazao,73,Q_40330000,13.818,-85.50390948742528
Baixa vazao,73,Q_40800001,23.1671,-6.904997153501029
Baixa vazao,73,Q_40850000,27.8445,-65.36977941585404
Baixa vazao,73,Q_40930000,2.1446,-30.360675030703515
Baixa vazao,74,P_1944059,0.0,0.0
Baixa vazao,74,P_1944063,0.5,-6.658782187203152
Baixa vazao,74,P_1945002,0.0,-6.2173528768503274
Baixa vazao,74,P_1945008,5.3,0.0
Baixa vazao,74,P_1946000,11.2,-9.057486042583115
Baixa vazao,74,P_2044008,3.0,0.0
Baixa vazao,74,P_2044016,1.2,0.0
Baixa vazao,74,P_2044024,0.0,0.0
Baixa vazao,74,P_2044042,5.8,0.0
Baixa vazao,74,P_2045002,2.9,0.0
Baixa vazao,74,P_2046013,7.8,0.0
Baixa vazao,74,Q_40032000,7.5115,-6.592974117345934
Baixa vazao,74,Q_40050000,23.7837,0.0
Baixa vazao,74,Q_40060001,4.6405,-28.744297939328312
Baixa vazao,74,Q_40100000,61.8768,-185.54130207916668
Baixa vazao,74,Q_40185000,4.8876,0.0
Baixa vazao,74,Q_40330000,26.7127,-71.92664046804163
Baixa vazao,74,Q_40800001,16.6258,-9.159141784682644
Baixa vazao,74,Q_40850000,18.7438,-78.0350070582988
Baixa vazao,74,Q_40930000,1.6083,-31.44315354712355
Baixa vazao,75,P_1944059,0.0,0.0
Baixa vazao,75,P_1944063,0.0,-9.488807522505072
Baixa vazao,75,P_1945002,0.0,-8.033836506100169
Baixa vazao,75,P_1945008,0.0,-8.22188397564781
Baixa vazao,75,P_1946000,0.0,0.0
Baixa vazao,75,P_2044008,0.0,0.0
Baixa vazao,75,P_2044016,0.0,0.0
Baixa vazao,75,P_2044024,0.0,0.0
Baixa vazao,75,P_2044042,0.0,0.0
Baixa vazao,75,P_2045002,0.0,0.0
Baixa vazao,75,P_2046013,0.0,0.0
Baixa vazao,75,Q_40032000,6.7738,-8.585049277498545
Baixa vazao,75,Q_40050000,29.693,0.0
Baixa vazao,75,Q_40060001,3.5756,-30.62857265824778
Baixa vazao,75,Q_40100000,49.7169,-196.42013582905687
Baixa vazao,75,Q_40185000,7.7378,0.0
Baixa vazao,75,Q_40330000,27.1774,-69.04138418522221
Baixa vazao,75,Q_40800001,23.2313,-7.021454286428707
Baixa vazao,75,Q_40850000,31.6576,-61.385678259405886
Baixa vazao,75,Q_40930000,2.9201,-28.15871060051104
Baixa vazao,76,P_1944059,0.0,0.0
Baixa vazao,76,P_1944063,0.0,-9.466577269486695
Baixa vazao,76,P_1945002,0.0,-7.659505888430488
Baixa vazao,76,P_1945008,0.0,-8.080033598614376
Baixa vazao,76,P_1946000,0.0,0.0
Baixa vazao,76,P_2044008,0.0,0.0
Baixa vazao,76,P_2044016,0.0,0.0
Baixa vazao,76,P_2044024,0.0,0.0
Baixa vazao,76,P_2044042,0.0,0.0
Baixa vazao,76,P_2045002,0.0,0.0
Baixa vazao,76,P_2046013,0.0,0.0
Baixa vazao,76,Q_40032000,7.441,-8.310590879107762
Baixa vazao,76,Q_40050000,23.2913,0.0
Baixa vazao,76,Q_40060001,2.5334,-34.73241076183823
Baixa vazao,76,Q_40100000,38.5719,-208.6182798045846
Baixa vazao,76,Q_40185000,3.0498,0.0
Baixa vazao,76,Q_40330000,6.1155,-94.2468248867965
Baixa vazao,76,Q_40800001,15.5952,-8.79799413067538
Baixa vazao,76,Q_40850000,20.1855,-72.57519486362767
Baixa vazao,76,Q_40930000,1.5219,-30.840199253546338
Baixa vazao,77,P_1944059,0.0,0.0
Baixa vazao,77,P_1944063,15.0,36.58863836955177
Baixa vazao,77,P_1945002,0.0,-5.435165472120119
Baixa vazao,77,P_1945008,15.3,26.15458097064221
Baixa vazao,77,P_1946000,0.0,0.0
Baixa vazao,77,P_2044008,2.8,0.0
Baixa vazao,77,P_2044016,9.9,0.0
Baixa vazao,77,P_2044024,10.6,0.0
Baixa vazao,77,P_2044042,0.3,0.0
Baixa vazao,77,P_2045002,3.1,0.0
Baixa vazao,77,P_2046013,7.0,0.0
Baixa vazao,77,Q_40032000,14.9066,-5.849055564760867
Baixa vazao,77,Q_40050000,42.1323,-3.144899321199887
Baixa vazao,77,Q_40060001,7.9113,-18.022489047212613
Baixa vazao,77,Q_40100000,60.6268,-196.31818791327257
Baixa vazao,77,Q_40185000,6.2595,0.0
Baixa vazao,77,Q_40330000,17.2461,-89.19839728409352
Baixa vazao,77,Q_40800001,42.374,0.0
Baixa vazao,77,Q_40850000,46.3836,-50.56429729053962
Baixa vazao,77,Q_40930000,6.0141,-22.551686409435202
Baixa vazao,78,P_1944059,0.0,0.0
Baixa vazao,78,P_1944063,0.0,-9.650380226917967
Baixa vazao,78,P_1945002,0.0,-8.413558436443756
Baixa vazao,78,P_1945008,0.0,-7.9629653616440805
Baixa vazao,78,P_1946000,0.0,0.0
Baixa vazao,78,P_2044008,0.0,0.0
Baixa vazao,78,P_2044016,0.0,0.0
Baixa vazao,78,P_2044024,0.0,0.0
Baixa vazao,78,P_2044042,0.0,0.0
Baixa vazao,78,P_2045002,0.0,0.0
Baixa vazao,78,P_2046013,0.0,0.0
Baixa vazao,78,Q_40032000,8.2597,-8.468991548910466
Baixa vazao,78,Q_40050000,36.998,0.0
Baixa vazao,78,Q_40060001,5.6989,-24.219889505297836
Baixa vazao,78,Q_40100000,69.3405,-172.15825232823263
Baixa vazao,78,Q_40185000,4.2442,0.0
Baixa vazao,78,Q_40330000,28.5889,-67.8491912610064
Baixa vazao,78,Q_40800001,14.2439,-8.111603642335059
Baixa vazao,78,Q_40850000,21.6584,-71.48473318096926
Baixa vazao,78,Q_40930000,2.9059,-28.704315833964273
Baixa vazao,79,P_1944059,0.0,-4.672865666575262
Baixa vazao,79,P_1944063,0.0,-8.8687525841398
Baixa vazao,79,P_1945002,0.0,-8.461438656553701
Baixa vazao,79,P_1945008,0.0,-8.012542247854554
Baixa vazao,79,P_1946000,0.0,0.0
Baixa vazao,79,P_2044008,0.0,0.0
Baixa vazao,79,P_2044016,0.0,0.0
Baixa vazao,79,P_2044024,0.6,0.0
Baixa vazao,79,P_2044042,0.0,0.0
Baixa vazao,79,P_2045002,0.0,0.0
Baixa vazao,79,P_2046013,0.0,0.0
Baixa vazao,79,Q_40032000,8.303,-8.630418377258964
Baixa vazao,79,Q_40050000,27.3102,0.0
Baixa vazao,79,Q_40060001,3.1903,-31.724562350042735
Baixa vazao,79,Q_40100000,54.5059,-190.92693746884763
Baixa vazao,79,Q_40185000,3.9337,0.0
Baixa vazao,79,Q_40330000,14.1853,-85.54646765041103
Baixa vazao,79,Q_40800001,38.483,0.0
Baixa vazao,79,Q_40850000,75.7264,-15.962304656699107
Baixa vazao,79,Q_40930000,3.1988,-27.9894575120654
Baixa vazao,80,P_1944059,1.4,0.0
Baixa vazao,80,P_1944063,0.0,-8.975217162159487
Baixa vazao,80,P_1945002,0.0,-7.77041111925431
Baixa vazao,80,P_1945008,0.0,-7.581655572413207
Baixa vazao,80,P_1946000,0.0,0.0
Baixa vazao,80,P_2044008,0.0,0.0
Baixa vazao,80,P_2044016,0.0,0.0
Baixa vazao,80,P_2044024,0.0,0.0
Baixa vazao,80,P_2044042,0.0,0.0
Baixa vazao,80,P_2045002,0.0,0.0
Baixa vazao,80,P_2046013,0.0,0.0
Baixa vazao,80,Q_40032000,7.5115,-8.645833290526738
Baixa vazao,80,Q_40050000,33.2589,0.0
Baixa vazao,80,Q_40060001,4.812,-26.9527740317431
Baixa vazao,80,Q_40100000,60.6268,-182.93714459571333
Baixa vazao,80,Q_40185000,3.631,0.0
Baixa vazao,80,Q_40330000,15.3079,-84.04869517989975
Baixa vazao,80,Q_40800001,22.136,-7.069252292329054
Baixa vazao,80,Q_40850000,23.6691,-69.0450521616605
Baixa vazao,80,Q_40930000,4.4137,-25.130978854592513
Baixa vazao,81,P_1944059,0.0,0.0
Baixa vazao,81,P_1944063,0.0,-9.629189166154436
Baixa vazao,81,P_1945002,0.0,-8.72625136486772
Baixa vazao,81,P_1945008,0.0,-8.437178192185835
Baixa vazao,81,P_1946000,0.0,0.0
Baixa vazao,81,P_2044008,0.0,0.0
Baixa vazao,81,P_2044016,0.0,0.0
Baixa vazao,81,P_2044024,0.0,0.0
Baixa vazao,81,P_2044042,0.0,0.0
Baixa vazao,81,P_2045002,0.0,0.0
Baixa vazao,81,P_2046013,0.0,0.0
Baixa vazao,81,Q_40032000,8.6394,-8.927607307724385
Baixa vazao,81,Q_40050000,43.5373,0.0
Baixa vazao,81,Q_40060001,5.4278,-24.565577682137103
Baixa vazao,81,Q_40100000,72.0203,-168.75970785275337
Baixa vazao,81,Q_40185000,7.3505,0.0
Baixa vazao,81,Q_40330000,26.2508,-70.63988324823029
Baixa vazao,81,Q_40800001,35.6238,-4.830040176079365
Baixa vazao,81,Q_40850000,43.918,-49.09886879726983
Baixa vazao,81,Q_40930000,5.192,-23.536469628163104
Baixa vazao,82,P_1944059,0.0,0.0
Baixa vazao,82,P_1944063,0.0,-9.5046479716889
Baixa vazao,82,P_1945002,0.0,-8.079866988526419
Baixa vazao,82,P_1945008,0.0,-8.159433248378113
Baixa vazao,82,P_1946000,0.0,0.0
Baixa vazao,82,P_2044008,0.0,0.0
Baixa vazao,82,P_2044016,0.0,0.0
Baixa vazao,82,P_2044024,0.0,0.0
Baixa vazao,82,P_2044042,0.0,0.0
Baixa vazao,82,P_2045002,0.0,0.0
Baixa vazao,82,P_2046013,0.0,0.0
Baixa vazao,82,Q_40032000,8.6413,-8.537927815802064
Baixa vazao,82,Q_40050000,30.4952,0.0
Baixa vazao,82,Q_40060001,4.138,-29.122479332835486
Baixa vazao,82,Q_40100000,55.7127,-188.45884645201653
Baixa vazao,82,Q_40185000,3.9337,0.0
Baixa vazao,82,Q_40330000,8.7413,-91.6613574080691
Baixa vazao,82,Q_40800001,12.3126,-8.668650661549949
Baixa vazao,82,Q_40850000,15.0589,-77.67979860191446
Baixa vazao,82,Q_40930000,2.6178,-29.02906956124936
Baixa vazao,83,P_1944059,0.0,0.0
Baixa vazao,83,P_1944063,2.3,0.0
Baixa vazao,83,P_1945002,0.0,-7.410741475274051
Baixa vazao,83,P_1945008,0.0,-8.125654082822766
Baixa vazao,83,P_1946000,5.0,0.0
Baixa vazao,83,P_2044008,4.6,0.0
Baixa vazao,83,P_2044016,4.7,0.0
Baixa vazao,83,P_2044024,0.0,0.0
Baixa vazao,83,P_2044042,9.2,-8.220891240288681
Baixa vazao,83,P_2045002,7.9,0.0
Baixa vazao,83,P_2046013,0.0,0.0
Baixa vazao,83,Q_40032000,7.5115,-7.997213944693219
Baixa vazao,83,Q_40050000,23.7837,0.0
Baixa vazao,83,Q_40060001,4.6405,-29.598287264564906
Baixa vazao,83,Q_40100000,61.8768,-184.80520476640373
Baixa vazao,83,Q_40185000,4.5622,0.0
Baixa vazao,83,Q_40330000,27.1774,-71.35110775908366
Baixa vazao,83,Q_40800001,18.1312,-8.558733779278752
Baixa vazao,83,Q_40850000,20.6731,-75.39018047162813
Baixa vazao,83,Q_40930000,1.6083,-32.049928736508015
Baixa vazao,84,P_1944059,0.0,0.0
Baixa vazao,84,P_1944063,0.0,-9.58933144293911
Baixa vazao,84,P_1945002,0.0,-7.984030951177772
Baixa vazao,84,P_1945008,0.0,-8.04800491112823
Baixa vazao,84,P_1946000,0.0,0.0
Baixa vazao,84,P_2044008,0.0,0.0
Baixa vazao,84,P_2044016,0.0,0.0
Baixa vazao,84,P_2044024,0.0,0.0
Baixa vazao,84,P_2044042,0.0,0.0
Baixa vazao,84,P_2045002,0.0,0.0
Baixa vazao,84,P_2046013,0.0,0.0
Baixa vazao,84,Q_40032000,7.441,-8.57879713332266
Baixa vazao,84,Q_40050000,26.2808,0.0
Baixa vazao,84,Q_40060001,2.8924,-33.411341635659504
Baixa vazao,84,Q_40100000,41.8305,-205.09425398450728
Baixa vazao,84,Q_40185000,3.631,0.0
Baixa vazao,84,Q_40330000,8.4331,-90.91146312057143
Baixa vazao,84,Q_40800001,15.1975,-8.769974309226074
Baixa vazao,84,Q_40850000,15.0589,-77.59097670808427
Baixa vazao,84,Q_40930000,1.1884,-31.358924292191347
Baixa vazao,85,P_1944059,0.0,0.0
Baixa vazao,85,P_1944063,0.0,-9.839198758567695
Baixa vazao,85,P_1945002,0.0,-8.39611058759055
Baixa vazao,85,P_1945008,0.0,-8.424414092799127
Baixa vazao,85,P_1946000,0.0,0.0
Baixa vazao,85,P_2044008,0.0,0.0
Baixa vazao,85,P_2044016,0.0,0.0
Baixa vazao,85,P_2044024,0.0,0.0
Baixa vazao,85,P_2044042,0.0,0.0
Baixa vazao,85,P_2045002,0.0,0.0
Baixa vazao,85,P_2046013,0.0,0.0
Baixa vazao,85,Q_40032000,8.1556,-8.982914238918193
Baixa vazao,85,Q_40050000,38.1262,0.0
Baixa vazao,85,Q_40060001,4.5555,-26.852606215116882
Baixa vazao,85,Q_40100000,62.2166,-180.9376214648268
Baixa vazao,85,Q_40185000,8.9491,0.0
Baixa vazao,85,Q_40330000,31.488,-63.97142907597783
Baixa vazao,85,Q_40800001,34.0688,-5.385792893867631
Baixa vazao,85,Q_40850000,42.7002,-49.956313875320426
Baixa vazao,85,Q_40930000,3.4672,-27.673735615900675
Baixa vazao,86,P_1944059,0.0,0.0
Baixa vazao,86,P_1944063,0.0,-9.367509009892698
Baixa vazao,86,P_1945002,0.0,-7.9456406443694165
Baixa vazao,86,P_1945008,0.0,-8.099498760817719
Baixa vazao,86,P_1946000,0.0,0.0
Baixa vazao,86,P_2044008,0.0,0.0
Baixa vazao,86,P_2044016,0.0,0.0
Baixa vazao,86,P_2044024,0.0,0.0
Baixa vazao,86,P_2044042,0.0,0.0
Baixa vazao,86,P_2045002,0.0,0.0
Baixa vazao,86,P_2046013,0.0,0.0
Baixa vazao,86,Q_40032000,7.2226,-8.943967372603266
Baixa vazao,86,Q_40050000,34.5958,0.0
Baixa vazao,86,Q_40060001,4.0561,-29.588313106538106
Baixa vazao,86,Q_40100000,56.392,-188.26207519056757
Baixa vazao,86,Q_40185000,6.6284,0.0
Baixa vazao,86,Q_40330000,23.0998,-74.31331585200732
Baixa vazao,86,Q_40800001,28.1034,-6.290446630470456
Baixa vazao,86,Q_40850000,38.5191,-54.55670166954774
Baixa vazao,86,Q_40930000,2.9201,-28.16350842582153
Baixa vazao,87,P_1944059,0.0,-5.322898354488643
Baixa vazao,87,P_1944063,0.0,-9.78225089027703
Baixa vazao,87,P_1945002,0.0,-8.502813994215087
Baixa vazao,87,P_1945008,0.0,-8.449945022883938
Baixa vazao,87,P_1946000,0.0,0.0
Baixa vazao,87,P_2044008,0.0,0.0
Baixa vazao,87,P_2044016,0.0,0.0
Baixa vazao,87,P_2044024,0.0,0.0
Baixa vazao,87,P_2044042,0.0,0.0
Baixa vazao,87,P_2045002,0.0,0.0
Baixa vazao,87,P_2046013,0.0,0.0
Baixa vazao,87,Q_40032000,7.2226,-8.790438750175054
Baixa vazao,87,Q_40050000,34.5958,0.0
Baixa vazao,87,Q_40060001,4.138,-28.85408867518345
Baixa vazao,87,Q_40100000,57.5381,-186.46699850722143
Baixa vazao,87,Q_40185000,6.6284,0.0
Baixa vazao,87,Q_40330000,23.0998,-74.68661443624663
Baixa vazao,87,Q_40800001,30.292,0.0
Baixa vazao,87,Q_40850000,37.3481,-55.60950427173511
Baixa vazao,87,Q_40930000,2.9201,-28.286317620072737
Baixa vazao,88,P_1944059,0.0,0.0
Baixa vazao,88,P_1944063,0.0,-9.401525594866133
Baixa vazao,88,P_1945002,0.0,-8.499757021038034
Baixa vazao,88,P_1945008,0.0,-8.225207366789583
Baixa vazao,88,P_1946000,0.0,0.0
Baixa vazao,88,P_2044008,0.0,0.0
Baixa vazao,88,P_2044016,0.0,0.0
Baixa vazao,88,P_2044024,0.0,0.0
Baixa vazao,88,P_2044042,0.0,0.0
Baixa vazao,88,P_2045002,0.0,0.0
Baixa vazao,88,P_2046013,0.0,0.0
Baixa vazao,88,Q_40032000,6.7738,-9.002980397643348
Baixa vazao,88,Q_40050000,29.9433,0.0
Baixa vazao,88,Q_40060001,3.7336,-30.59304087605678
Baixa vazao,88,Q_40100000,51.9034,-193.86885094930932
Baixa vazao,88,Q_40185000,8.5372,0.0
Baixa vazao,88,Q_40330000,30.9979,-64.50235146161474
Baixa vazao,88,Q_40800001,23.9068,-6.400301646965261
Baixa vazao,88,Q_40850000,31.6576,-60.9024230325423
Baixa vazao,88,Q_40930000,2.9201,-28.135369919814252
Baixa vazao,89,P_1944059,0.0,0.0
Baixa vazao,89,P_1944063,1.2,0.0
Baixa vazao,89,P_1945002,23.7,36.06419089121191
Baixa vazao,89,P_1945008,0.0,-7.6467662921464035
Baixa vazao,89,P_1946000,0.0,0.0
Baixa vazao,89,P_2044008,0.0,-5.0573567965560144
Baixa vazao,89,P_2044016,0.0,0.0
Baixa vazao,89,P_2044024,0.4,0.0
Baixa vazao,89,P_2044042,0.2,0.0
Baixa vazao,89,P_2045002,7.0,0.0
Baixa vazao,89,P_2046013,0.0,0.0
Baixa vazao,89,Q_40032000,20.5571,0.0
Baixa vazao,89,Q_40050000,39.6819,-4.056056218624576
Baixa vazao,89,Q_40060001,3.1903,-37.797038556434984
Baixa vazao,89,Q_40100000,64.4022,-188.48009005129217
Baixa vazao,89,Q_40185000,9.3129,0.0
Baixa vazao,89,Q_40330000,25.7919,-76.21448919091098
Baixa vazao,89,Q_40800001,29.0011,-7.2050198166086945
Baixa vazao,89,Q_40850000,41.4926,-55.49464651720916
Baixa vazao,89,Q_40930000,4.727,-26.218167004689736
Baixa vazao,90,P_1944059,1.0,0.0
Baixa vazao,90,P_1944063,0.6,-6.74610453971526
Baixa vazao,90,P_1945002,0.0,-7.426632860928126
Baixa vazao,90,P_1945008,0.0,-7.824666266557753
Baixa vazao,90,P_1946000,1.3,0.0
Baixa vazao,90,P_2044008,3.1,0.0
Baixa vazao,90,P_2044016,2.0,0.0
Baixa vazao,90,P_2044024,0.8,0.0
Baixa vazao,90,P_2044042,0.6,0.0
Baixa vazao,90,P_2045002,0.0,0.0
Baixa vazao,90,P_2046013,0.0,0.0
Baixa vazao,90,Q_40032000,9.8838,-8.084336889393708
Baixa vazao,90,Q_40050000,29.6854,0.0
Baixa vazao,90,Q_40060001,3.4974,-32.399628196812074
Baixa vazao,90,Q_40100000,40.7345,-209.83556877626057
Baixa vazao,90,Q_40185000,3.631,0.0
Baixa vazao,90,Q_40330000,14.1853,-86.7437683522147
Baixa vazao,90,Q_40800001,36.0345,-5.360461079679567
Baixa vazao,90,Q_40850000,51.4322,-41.74266781629475
Baixa vazao,90,Q_40930000,4.4137,-25.373237771009816
Baixa vazao,91,P_1944059,0.0,0.0
Baixa vazao,91,P_1944063,0.249462366,-8.761476287184509
Baixa vazao,91,P_1945002,0.0,-8.767204826271804
Baixa vazao,91,P_1945008,0.0,-8.363507876308653
Baixa vazao,91,P_1946000,0.0,0.0
Baixa vazao,91,P_2044008,0.0,0.0
Baixa vazao,91,P_2044016,0.0,0.0
Baixa vazao,91,P_2044024,0.0,0.0
Baixa vazao,91,P_2044042,0.0,0.0
Baixa vazao,91,P_2045002,0.0,0.0
Baixa vazao,91,P_2046013,0.0,0.0
Baixa vazao,91,Q_40032000,10.6207,-8.268481025759934
Baixa vazao,91,Q_40050000,53.8944,0.0
Baixa vazao,91,Q_40060001,6.442,-20.849228437140372
Baixa vazao,91,Q_40100000,88.506,-147.72139320356052
Baixa vazao,91,Q_40185000,6.6193,0.0
Baixa vazao,91,Q_40330000,27.1774,-70.06308699421841
Baixa vazao,91,Q_40800001,20.2961,-7.077513293570632
Baixa vazao,91,Q_40850000,23.6691,-69.27530809293421
Baixa vazao,91,Q_40930000,5.3641,-24.26895423799153
Baixa vazao,92,P_1944059,0.0,0.0
Baixa vazao,92,P_1944063,0.0,-9.055044821996423
Baixa vazao,92,P_1945002,0.0,-7.984120462260033
Baixa vazao,92,P_1945008,0.0,-8.222128281571145
Baixa vazao,92,P_1946000,0.0,0.0
Baixa vazao,92,P_2044008,0.0,0.0
Baixa vazao,92,P_2044016,0.0,0.0
Baixa vazao,92,P_2044024,0.0,0.0
Baixa vazao,92,P_2044042,0.0,0.0
Baixa vazao,92,P_2045002,0.0,0.0
Baixa vazao,92,P_2046013,0.0,0.0
Baixa vazao,92,Q_40032000,7.441,-8.426746171280504
Baixa vazao,92,Q_40050000,26.7935,0.0
Baixa vazao,92,Q_40060001,3.0402,-33.35240891181703
Baixa vazao,92,Q_40100000,44.0513,-202.25869026259676
Baixa vazao,92,Q_40185000,3.9337,0.0
Baixa vazao,92,Q_40330000,11.0068,-88.13414714818873
Baixa vazao,92,Q_40800001,15.1975,-8.630089237713973
Baixa vazao,92,Q_40850000,17.8004,-74.86297665007662
Baixa vazao,92,Q_40930000,1.4107,-31.32977959184359
Baixa vazao,93,P_1944059,0.0,0.0
Baixa vazao,93,P_1944063,0.0,-9.461581735777555
Baixa vazao,93,P_1945002,0.0,-7.710727619951035
Baixa vazao,93,P_1945008,0.0,-8.011085117741462
Baixa vazao,93,P_1946000,0.0,0.0
Baixa vazao,93,P_2044008,0.0,0.0
Baixa vazao,93,P_2044016,0.0,0.0
Baixa vazao,93,P_2044024,0.0,0.0
Baixa vazao,93,P_2044042,0.0,0.0
Baixa vazao,93,P_2045002,0.0,0.0
Baixa vazao,93,P_2046013,0.0,0.0
Baixa vazao,93,Q_40032000,5.0991,-7.948575661321684
Baixa vazao,93,Q_40050000,23.4924,0.0
Baixa vazao,93,Q_40060001,2.966,-33.33415053186442
Baixa vazao,93,Q_40100000,35.518,-211.95067446859613
Baixa vazao,93,Q_40185000,5.9377,0.0
Baixa vazao,93,Q_40330000,19.6796,-77.70036923754442
Baixa vazao,93,Q_40800001,16.2762,-8.510289148214973
Baixa vazao,93,Q_40850000,18.2703,-74.05835459550599
Baixa vazao,93,Q_40930000,1.6307,-30.940967038549807
Baixa vazao,94,P_1944059,0.0,0.0
Baixa vazao,94,P_1944063,0.0,-9.684972611781161
Baixa vazao,94,P_1945002,0.0,-8.128182282370764
Baixa vazao,94,P_1945008,0.0,-7.9941297231466555
Baixa vazao,94,P_1946000,0.0,0.0
Baixa vazao,94,P_2044008,0.0,0.0
Baixa vazao,94,P_2044016,0.0,0.0
Baixa vazao,94,P_2044024,0.0,0.0
Baixa vazao,94,P_2044042,0.0,0.0
Baixa vazao,94,P_2045002,0.0,0.0
Baixa vazao,94,P_2046013,0.0,0.0
Baixa vazao,94,Q_40032000,7.5115,-8.20187501572758
Baixa vazao,94,Q_40050000,32.1416,0.0
Baixa vazao,94,Q_40060001,4.5555,-27.840201391337892
Baixa vazao,94,Q_40100000,56.9282,-186.49867416827138
Baixa vazao,94,Q_40185000,6.9856,0.0
Baixa vazao,94,Q_40330000,12.737,-86.49689252962581
Baixa vazao,94,Q_40800001,14.2439,-8.613794565367114
Baixa vazao,94,Q_40850000,18.7438,-73.68384756702409
Baixa vazao,94,Q_40930000,0.7776,-32.4525776453857
Baixa vazao,95,P_1944059,0.0,0.0
Baixa vazao,95,P_1944063,0.0,-9.513639804845319
Baixa vazao,95,P_1945002,0.0,-8.366359464184626
Baixa vazao,95,P_1945008,0.0,-8.179830275627587
Baixa vazao,95,P_1946000,0.0,0.0
Baixa vazao,95,P_2044008,0.0,0.0
Baixa vazao,95,P_2044016,0.0,0.0
Baixa vazao,95,P_2044024,0.0,0.0
Baixa vazao,95,P_2044042,0.0,0.0
Baixa vazao,95,P_2045002,0.0,0.0
Baixa vazao,95,P_2046013,0.0,0.0
Baixa vazao,95,Q_40032000,7.8831,-8.84650485021352
Baixa vazao,95,Q_40050000,25.7459,0.0
Baixa vazao,95,Q_40060001,4.726,-27.011037422135317
Baixa vazao,95,Q_40100000,76.8273,-162.60390780780958
Baixa vazao,95,Q_40185000,5.9063,0.0
Baixa vazao,95,Q_40330000,35.5075,-59.34676643277721
Baixa vazao,95,Q_40800001,28.4144,-5.813506072973496
Baixa vazao,95,Q_40850000,40.8927,-51.457315179251765
Baixa vazao,95,Q_40930000,2.3568,-29.715076882114285
Baixa vazao,96,P_1944059,0.0,0.0
Baixa vazao,96,P_1944063,0.0,-9.376991545215809
Baixa vazao,96,P_1945002,0.0,-7.871880312186477
Baixa vazao,96,P_1945008,0.0,-8.109757737860189
Baixa vazao,96,P_1946000,0.0,0.0
Baixa vazao,96,P_2044008,0.0,0.0
Baixa vazao,96,P_2044016,0.0,0.0
Baixa vazao,96,P_2044024,0.0,0.0
Baixa vazao,96,P_2044042,0.0,0.0
Baixa vazao,96,P_2045002,0.0,0.0
Baixa vazao,96,P_2046013,0.0,0.0
Baixa vazao,96,Q_40032000,7.441,-8.265812653516322
Baixa vazao,96,Q_40050000,24.0247,0.0
Baixa vazao,96,Q_40060001,2.5334,-34.443020355128304
Baixa vazao,96,Q_40100000,38.5719,-209.1784874285355
Baixa vazao,96,Q_40185000,3.3363,0.0
Baixa vazao,96,Q_40330000,10.013,-89.64131934989821
Baixa vazao,96,Q_40800001,15.5952,-8.450944841865144
Baixa vazao,96,Q_40850000,20.1855,-72.68147601936379
Baixa vazao,96,Q_40930000,1.5219,-31.02331415954463
Baixa vazao,97,P_1944059,0.0,0.0
Baixa vazao,97,P_1944063,0.0,-9.28263933558164
Baixa vazao,97,P_1945002,0.0,-7.978110697736611
Baixa vazao,97,P_1945008,0.0,-8.136146467246535
Baixa vazao,97,P_1946000,0.0,0.0
Baixa vazao,97,P_2044008,0.0,0.0
Baixa vazao,97,P_2044016,0.0,0.0
Baixa vazao,97,P_2044024,0.0,0.0
Baixa vazao,97,P_2044042,0.0,0.0
Baixa vazao,97,P_2045002,0.0,0.0
Baixa vazao,97,P_2046013,0.0,0.0
Baixa vazao,97,Q_40032000,5.7338,-8.462950497976331
Baixa vazao,97,Q_40050000,21.1636,0.0
Baixa vazao,97,Q_40060001,4.138,-29.2215802978281
Baixa vazao,97,Q_40100000,55.7127,-188.36145236442493
Baixa vazao,97,Q_40185000,3.9337,0.0
Baixa vazao,97,Q_40330000,23.9853,-72.64696919896537
Baixa vazao,97,Q_40800001,13.6872,-8.855921612784174
Baixa vazao,97,Q_40850000,19.7014,-72.92762618183764
Baixa vazao,97,Q_40930000,1.1388,-31.749094595656814
Baixa vazao,98,P_1944059,0.0,-4.3043186897498344
Baixa vazao,98,P_1944063,0.0,-8.99631777985031
Baixa vazao,98,P_1945002,3.5,0.0
Baixa vazao,98,P_1945008,0.0,-8.074159071358716
Baixa vazao,98,P_1946000,0.0,0.0
Baixa vazao,98,P_2044008,0.0,0.0
Baixa vazao,98,P_2044016,0.0,0.0
Baixa vazao,98,P_2044024,0.0,0.0
Baixa vazao,98,P_2044042,0.0,0.0
Baixa vazao,98,P_2045002,0.0,0.0
Baixa vazao,98,P_2046013,0.0,0.0
Baixa vazao,98,Q_40032000,8.1296,-7.993094679477133
Baixa vazao,98,Q_40050000,32.9781,0.0
Baixa vazao,98,Q_40060001,3.4198,-32.1366578895458
Baixa vazao,98,Q_40100000,54.5059,-191.09951830835843
Baixa vazao,98,Q_40185000,4.8876,0.0
Baixa vazao,98,Q_40330000,14.1853,-85.79016548103287
Baixa vazao,98,Q_40800001,23.8737,-6.96922156188808
Baixa vazao,98,Q_40850000,28.9191,-63.992279131713765
Baixa vazao,98,Q_40930000,2.1446,-29.331494069660852
Baixa vazao,99,P_1944059,0.0,0.0
Baixa vazao,99,P_1944063,0.0,-9.24986278471908
Baixa vazao,99,P_1945002,0.0,-7.975570360296899
Baixa vazao,99,P_1945008,0.0,-8.137508933797756
Baixa vazao,99,P_1946000,0.0,0.0
Baixa vazao,99,P_2044008,0.0,0.0
Baixa vazao,99,P_2044016,0.0,0.0
Baixa vazao,99,P_2044024,0.0,0.0
Baixa vazao,99,P_2044042,0.0,0.0
Baixa vazao,99,P_2045002,0.0,0.0
Baixa vazao,99,P_2046013,0.0,0.0
Baixa vazao,99,Q_40032000,5.4994,-8.03855010763294
Baixa vazao,99,Q_40050000,23.4924,0.0
Baixa vazao,99,Q_40060001,3.115,-32.64588629759521
Baixa vazao,99,Q_40100000,39.3739,-207.66893392090884
Baixa vazao,99,Q_40185000,7.3505,0.0
Baixa vazao,99,Q_40330000,24.8827,-71.0686864753521
Baixa vazao,99,Q_40800001,18.7021,-8.331825109919372
Baixa vazao,99,Q_40850000,21.6584,-70.78414642842145
Baixa vazao,99,Q_40930000,1.3893,-31.47378676157036
Baixa vazao,100,P_1944059,0.0,0.0
Baixa vazao,100,P_1944063,0.0,-9.232500050401685
Baixa vazao,100,P_1945002,0.0,-7.893994015028966
Baixa vazao,100,P_1945008,0.0,-8.62786250755453
Baixa vazao,100,P_1946000,0.0,0.0
Baixa vazao,100,P_2044008,0.0,0.0
Baixa vazao,100,P_2044016,0.0,0.0
Baixa vazao,100,P_2044024,0.0,0.0
Baixa vazao,100,P_2044042,0.0,0.0
Baixa vazao,100,P_2045002,0.0,0.0
Baixa vazao,100,P_2046013,0.0,0.0
Baixa vazao,100,Q_40032000,5.4994,-7.893152408147724
Baixa vazao,100,Q_40050000,23.4924,0.0
Baixa vazao,100,Q_40060001,3.115,-32.7777090835284
Baixa vazao,100,Q_40100000,38.3946,-209.32251143992474
Baixa vazao,100,Q_40185000,7.3505,0.0
Baixa vazao,100,Q_40330000,26.2508,-69.32898889613288
Baixa vazao,100,Q_40800001,18.7021,-7.759440498687807
Baixa vazao,100,Q_40850000,21.6584,-70.97675524537867
Baixa vazao,100,Q_40930000,1.8783,-30.290625689237036
Baixa vazao,101,P_1944059,0.0,0.0
Baixa vazao,101,P_1944063,0.0,-9.103536778846264
Baixa vazao,101,P_1945002,0.0,-7.828353829230287
Baixa vazao,101,P_1945008,0.0,-7.961179332899227
Baixa vazao,101,P_1946000,0.0,0.0
Baixa vazao,101,P_2044008,0.0,0.0
Baixa vazao,101,P_2044016,0.0,0.0
Baixa vazao,101,P_2044024,0.0,0.0
Baixa vazao,101,P_2044042,0.0,0.0
Baixa vazao,101,P_2045002,0.0,0.0
Baixa vazao,101,P_2046013,0.0,0.0
Baixa vazao,101,Q_40032000,5.4994,-8.140504654962797
Baixa vazao,101,Q_40050000,23.4924,0.0
Baixa vazao,101,Q_40060001,3.0402,-33.196184446818805
Baixa vazao,101,Q_40100000,37.4255,-210.42011924017822
Baixa vazao,101,Q_40185000,6.6284,0.0
Baixa vazao,101,Q_40330000,22.2264,-74.50168439545138
Baixa vazao,101,Q_40800001,17.474,-8.370924935974836
Baixa vazao,101,Q_40850000,20.6731,-71.68311319362968
Baixa vazao,101,Q_40930000,1.8783,-30.199429809722393
Baixa vazao,102,P_1944059,0.0,0.0
Baixa vazao,102,P_1944063,0.0,-9.0451950410625
Baixa vazao,102,P_1945002,0.0,-7.820000856830601
Baixa vazao,102,P_1945008,0.0,-7.858000359374963
Baixa vazao,102,P_1946000,0.0,0.0
Baixa vazao,102,P_2044008,4.5,0.0
Baixa vazao,102,P_2044016,0.0,0.0
Baixa vazao,102,P_2044024,0.0,0.0
Baixa vazao,102,P_2044042,0.1,0.0
Baixa vazao,102,P_2045002,0.0,0.0
Baixa vazao,102,P_2046013,0.0,0.0
Baixa vazao,102,Q_40032000,7.441,-7.702587375932177
Baixa vazao,102,Q_40050000,25.5195,0.0
Baixa vazao,102,Q_40060001,3.2663,-32.18466581286339
Baixa vazao,102,Q_40100000,44.0513,-203.60319039820405
Baixa vazao,102,Q_40185000,4.2442,0.0
Baixa vazao,102,Q_40330000,12.3837,-87.39645963725327
Baixa vazao,102,Q_40800001,23.1671,-7.230879990533026
Baixa vazao,102,Q_40850000,23.6691,-69.40896070997036
Baixa vazao,102,Q_40930000,4.727,-24.67480479115837
Baixa vazao,103,P_1944059,0.0,0.0
Baixa vazao,103,P_1944063,0.0,-6.747241052000591
Baixa vazao,103,P_1945002,0.0,-6.570348339626207
Baixa vazao,103,P_1945008,0.0,-6.503134040396141
Baixa vazao,103,P_1946000,0.0,0.0
Baixa vazao,103,P_2044008,0.0,0.0
Baixa vazao,103,P_2044016,0.0,0.0
Baixa vazao,103,P_2044024,14.0,0.0
Baixa vazao,103,P_2044042,1.1,0.0
Baixa vazao,103,P_2045002,0.0,0.0
Baixa vazao,103,P_2046013,0.0,0.0
Baixa vazao,103,Q_40032000,5.912,-5.562380684995057
Baixa vazao,103,Q_40050000,26.757,0.0
Baixa vazao,103,Q_40060001,3.2663,-30.563036634035733
Baixa vazao,103,Q_40100000,43.3919,-200.8461542580334
Baixa vazao,103,Q_40185000,7.7378,0.0
Baixa vazao,103,Q_40330000,27.6451,-66.03234745459591
Baixa vazao,103,Q_40800001,34.0688,-4.880775833662426
Baixa vazao,103,Q_40850000,26.2553,-64.4434167338387
Baixa vazao,103,Q_40930000,1.8783,-29.255394500103996
Baixa vazao,104,P_1944059,0.0,0.0
Baixa vazao,104,P_1944063,0.0,-9.156838290715159
Baixa vazao,104,P_1945002,0.0,-7.854167226951225
Baixa vazao,104,P_1945008,0.0,-8.148608518941243
Baixa vazao,104,P_1946000,0.0,0.0
Baixa vazao,104,P_2044008,0.0,0.0
Baixa vazao,104,P_2044016,0.0,0.0
Baixa vazao,104,P_2044024,0.0,0.0
Baixa vazao,104,P_2044042,0.0,0.0
Baixa vazao,104,P_2045002,0.0,0.0
Baixa vazao,104,P_2046013,0.0,0.0
Baixa vazao,104,Q_40032000,6.9299,-8.416897962283997
Baixa vazao,104,Q_40050000,24.2713,0.0
Baixa vazao,104,Q_40060001,2.747,-34.15320922707818
Baixa vazao,104,Q_40100000,40.7345,-206.46571022624144
Baixa vazao,104,Q_40185000,3.631,0.0
Baixa vazao,104,Q_40330000,12.3837,-86.24298840849
Baixa vazao,104,Q_40800001,16.7995,-8.22497355712246
Baixa vazao,104,Q_40850000,24.18,-68.82403515872687
Baixa vazao,104,Q_40930000,2.0576,-30.19301173964974
Baixa vazao,105,P_1944059,0.0,0.0
Baixa vazao,105,P_1944063,0.0,-9.988748264281057
Baixa vazao,105,P_1945002,0.0,-8.167392292572881
Baixa vazao,105,P_1945008,0.0,-8.174560220086635
Baixa vazao,105,P_1946000,0.0,0.0
Baixa vazao,105,P_2044008,0.0,0.0
Baixa vazao,105,P_2044016,0.0,0.0
Baixa vazao,105,P_2044024,0.0,0.0
Baixa vazao,105,P_2044042,0.0,0.0
Baixa vazao,105,P_2045002,0.0,0.0
Baixa vazao,105,P_2046013,0.0,0.0
Baixa vazao,105,Q_40032000,6.784,-8.570887784427336
Baixa vazao,105,Q_40050000,23.7837,0.0
Baixa vazao,105,Q_40060001,4.2205,-28.423606235669588
Baixa vazao,105,Q_40100000,65.6775,-176.9292154296639
Baixa vazao,105,Q_40185000,5.5598,0.0
Baixa vazao,105,Q_40330000,29.5441,-66.49713196425519
Baixa vazao,105,Q_40800001,19.6589,-7.157911058915204
Baixa vazao,105,Q_40850000,25.7317,-67.45871407428727
Baixa vazao,105,Q_40930000,1.8525,-30.700506176855622
Baixa vazao,106,P_1944059,0.0,0.0
Baixa vazao,106,P_1944063,0.0,-9.622759177860534
Baixa vazao,106,P_1945002,0.0,-7.350964114915034
Baixa vazao,106,P_1945008,0.0,-8.456250656860808
Baixa vazao,106,P_1946000,0.0,0.0
Baixa vazao,106,P_2044008,0.0,0.0
Baixa vazao,106,P_2044016,0.0,0.0
Baixa vazao,106,P_2044024,0.0,0.0
Baixa vazao,106,P_2044042,0.2,0.0
Baixa vazao,106,P_2045002,0.0,0.0
Baixa vazao,106,P_2046013,0.0,0.0
Baixa vazao,106,Q_40032000,7.7843,-8.206371959032367
Baixa vazao,106,Q_40050000,28.3558,0.0
Baixa vazao,106,Q_40060001,3.0402,-33.49431573277121
Baixa vazao,106,Q_40100000,47.4535,-198.4299304387031
Baixa vazao,106,Q_40185000,4.2442,0.0
Baixa vazao,106,Q_40330000,11.3456,-88.10276121811006
Baixa vazao,106,Q_40800001,17.2046,-8.69698013869197
Baixa vazao,106,Q_40850000,22.6572,-69.70941041859932
Baixa vazao,106,Q_40930000,1.6446,-30.86922612374179
Baixa vazao,107,P_1944059,0.0,0.0
Baixa vazao,107,P_1944063,0.0,-9.05562179290825
Baixa vazao,107,P_1945002,0.0,-8.36685024563248
Baixa vazao,107,P_1945008,0.0,-8.368285798182796
Baixa vazao,107,P_1946000,0.0,0.0
Baixa vazao,107,P_2044008,0.0,0.0
Baixa vazao,107,P_2044016,0.0,0.0
Baixa vazao,107,P_2044024,0.0,0.0
Baixa vazao,107,P_2044042,0.0,0.0
Baixa vazao,107,P_2045002,0.0,0.0
Baixa vazao,107,P_2046013,0.0,0.0
Baixa vazao,107,Q_40032000,5.912,-7.874678749559193
Baixa vazao,107,Q_40050000,24.4073,0.0
Baixa vazao,107,Q_40060001,3.1903,-32.15253285613741
Baixa vazao,107,Q_40100000,42.3723,-204.5695916203893
Baixa vazao,107,Q_40185000,6.6284,0.0
Baixa vazao,107,Q_40330000,22.6616,-74.49387203899799
Baixa vazao,107,Q_40800001,23.9068,-7.3039512432816505
Baixa vazao,107,Q_40850000,30.5535,-62.080923948714556
Baixa vazao,107,Q_40930000,1.6307,-30.45139779998455
Baixa vazao,108,P_1944059,0.0,0.0
Baixa vazao,108,P_1944063,0.0,-9.516162556768304
Baixa vazao,108,P_1945002,0.0,-7.760953990277701
Baixa vazao,108,P_1945008,0.0,-8.130104803007121
Baixa vazao,108,P_1946000,0.0,0.0
Baixa vazao,108,P_2044008,0.0,0.0
Baixa vazao,108,P_2044016,0.0,0.0
Baixa vazao,108,P_2044024,0.0,0.0
Baixa vazao,108,P_2044042,0.0,0.0
Baixa vazao,108,P_2045002,0.0,0.0
Baixa vazao,108,P_2046013,0.0,0.0
Baixa vazao,108,Q_40032000,7.0997,-8.74827618215118
Baixa vazao,108,Q_40050000,25.0171,0.0
Baixa vazao,108,Q_40060001,3.3428,-31.289250744976513
Baixa vazao,108,Q_40100000,53.308,-191.64411003539118
Baixa vazao,108,Q_40185000,3.9337,0.0
Baixa vazao,108,Q_40330000,12.034,-87.84744723709139
Baixa vazao,108,Q_40800001,28.2496,-6.50774203496951
Baixa vazao,108,Q_40850000,50.1556,-42.49788596181135
Baixa vazao,108,Q_40930000,2.6178,-29.09241530857442
Baixa vazao,109,P_1944059,0.0,-4.806121402684312
Baixa vazao,109,P_1944063,0.0,-9.785589157148449
Baixa vazao,109,P_1945002,0.0,-8.843439613768034
Baixa vazao,109,P_1945008,0.0,-8.218118128276313
Baixa vazao,109,P_1946000,0.0,0.0
Baixa vazao,109,P_2044008,0.0,0.0
Baixa vazao,109,P_2044016,0.0,0.0
Baixa vazao,109,P_2044024,0.0,0.0
Baixa vazao,109,P_2044042,0.0,0.0
Baixa vazao,109,P_2045002,0.0,0.0
Baixa vazao,109,P_2046013,0.0,0.0
Baixa vazao,109,Q_40032000,8.8856,-8.521875940132507
Baixa vazao,109,Q_40050000,40.0854,0.0
Baixa vazao,109,Q_40060001,4.726,-27.024182392921684
Baixa vazao,109,Q_40100000,64.612,-178.43587688163643
Baixa vazao,109,Q_40185000,8.9491,0.0
Baixa vazao,109,Q_40330000,32.4766,-62.7508496204671
Baixa vazao,109,Q_40800001,34.0688,0.0
Baixa vazao,109,Q_40850000,45.7634,-46.88856723576611
Baixa vazao,109,Q_40930000,3.7464,-26.74448495194423
Baixa vazao,110,P_1944059,5.0,0.0
Baixa vazao,110,P_1944063,23.5,55.74303254695712
Baixa vazao,110,P_1945002,0.0,0.0
Baixa vazao,110,P_1945008,11.0,16.249023245016748
Baixa vazao,110,P_1946000,0.0,0.0
Baixa vazao,110,P_2044008,0.0,0.0
Baixa vazao,110,P_2044016,5.5,0.0
Baixa vazao,110,P_2044024,4.4,0.0
Baixa vazao,110,P_2044042,0.4,0.0
Baixa vazao,110,P_2045002,26.2,14.639493498765525
Baixa vazao,110,P_2046013,0.0,0.0
Baixa vazao,110,Q_40032000,13.5125,-6.721085619904841
Baixa vazao,110,Q_40050000,43.0667,0.0
Baixa vazao,110,Q_40060001,3.8134,-36.23863297061379
Baixa vazao,110,Q_40100000,58.1525,-195.7019980229008
Baixa vazao,110,Q_40185000,7.3583,0.0
Baixa vazao,110,Q_40330000,14.9303,-88.04510221137588
Baixa vazao,110,Q_40800001,23.1671,-7.104170849986783
Baixa vazao,110,Q_40850000,31.1041,-65.19282882978305
Baixa vazao,110,Q_40930000,22.4758,13.030562570721132
Baixa vazao,111,P_1944059,0.0,0.0
Baixa vazao,111,P_1944063,0.0,-9.407074654911284
Baixa vazao,111,P_1945002,0.0,-7.990341063592705
Baixa vazao,111,P_1945008,0.0,-8.162227158095321
Baixa vazao,111,P_1946000,0.0,0.0
Baixa vazao,111,P_2044008,0.0,0.0
Baixa vazao,111,P_2044016,0.0,0.0
Baixa vazao,111,P_2044024,0.0,0.0
Baixa vazao,111,P_2044042,0.0,0.0
Baixa vazao,111,P_2045002,0.0,0.0
Baixa vazao,111,P_2046013,0.0,0.0
Baixa vazao,111,Q_40032000,6.3369,-8.67394461170492
Baixa vazao,111,Q_40050000,29.4435,0.0
Baixa vazao,111,Q_40060001,3.4974,-31.32396668124056
Baixa vazao,111,Q_40100000,49.7169,-195.7371278272967
Baixa vazao,111,Q_40185000,7.7378,0.0
Baixa vazao,111,Q_40330000,27.1774,-69.09586678304863
Baixa vazao,111,Q_40800001,23.2313,-7.033026241937819
Baixa vazao,111,Q_40850000,29.4609,-63.15773709208002
Baixa vazao,111,Q_40930000,2.6527,-28.801722959372295
Baixa vazao,112,P_1944059,0.0,0.0
Baixa vazao,112,P_1944063,0.0,-9.436125745109381
Baixa vazao,112,P_1945002,0.0,-7.913140325866405
Baixa vazao,112,P_1945008,0.0,-8.086988476889106
Baixa vazao,112,P_1946000,0.0,0.0
Baixa vazao,112,P_2044008,0.0,0.0
Baixa vazao,112,P_2044016,0.0,0.0
Baixa vazao,112,P_2044024,0.0,0.0
Baixa vazao,112,P_2044042,0.0,0.0
Baixa vazao,112,P_2045002,0.0,0.0
Baixa vazao,112,P_2046013,0.0,0.0
Baixa vazao,112,Q_40032000,6.3369,-8.477345396823196
Baixa vazao,112,Q_40050000,28.4544,0.0
Baixa vazao,112,Q_40060001,3.4198,-31.248805932300378
Baixa vazao,112,Q_40100000,46.5101,-199.99071347753352
Baixa vazao,112,Q_40185000,8.1334,0.0
Baixa vazao,112,Q_40330000,28.5889,-66.8890596236934
Baixa vazao,112,Q_40800001,23.2313,-6.996264051362516
Baixa vazao,112,Q_40850000,26.7819,-66.04991732569047
Baixa vazao,112,Q_40930000,2.1314,-30.03390201293384
Baixa vazao,113,P_1944059,0.0,0.0
Baixa vazao,113,P_1944063,0.0,-9.409427749757926
Baixa vazao,113,P_1945002,0.0,-8.276455662521546
Baixa vazao,113,P_1945008,0.0,-8.497770471803252
Baixa vazao,113,P_1946000,0.0,0.0
Baixa vazao,113,P_2044008,0.0,0.0
Baixa vazao,113,P_2044016,0.0,0.0
Baixa vazao,113,P_2044024,0.0,0.0
Baixa vazao,113,P_2044042,0.0,0.0
Baixa vazao,113,P_2045002,0.0,0.0
Baixa vazao,113,P_2046013,0.0,0.0
Baixa vazao,113,Q_40032000,10.2156,-8.42841193205079
Baixa vazao,113,Q_40050000,46.2421,0.0
Baixa vazao,113,Q_40060001,5.6989,-23.791879743350115
Baixa vazao,113,Q_40100000,79.3767,-159.91549338024043
Baixa vazao,113,Q_40185000,5.5598,0.0
Baixa vazao,113,Q_40330000,27.6451,-69.11996313565912
Baixa vazao,113,Q_40800001,17.9692,-7.3813110227563925
Baixa vazao,113,Q_40850000,20.6731,-72.61941294925106
Baixa vazao,113,Q_40930000,4.727,-24.974929594737336
Baixa vazao,114,P_1944059,0.0,0.0
Baixa vazao,114,P_1944063,0.249462366,-8.288105647558888
Baixa vazao,114,P_1945002,0.0,-8.437106932356896
Baixa vazao,114,P_1945008,0.0,-8.285365809106187
Baixa vazao,114,P_1946000,0.0,0.0
Baixa vazao,114,P_2044008,0.0,0.0
Baixa vazao,114,P_2044016,0.0,0.0
Baixa vazao,114,P_2044024,0.0,0.0
Baixa vazao,114,P_2044042,0.0,0.0
Baixa vazao,114,P_2045002,0.0,0.0
Baixa vazao,114,P_2046013,0.0,0.0
Baixa vazao,114,Q_40032000,10.6207,-8.081604954345707
Baixa vazao,114,Q_40050000,52.1899,0.0
Baixa vazao,114,Q_40060001,6.2535,-21.855133901204606
Baixa vazao,114,Q_40100000,87.1825,-150.01577559484048
Baixa vazao,114,Q_40185000,6.6193,0.0
Baixa vazao,114,Q_40330000,30.9979,-65.22039340007211
Baixa vazao,114,Q_40800001,19.1146,-7.075242230694414
Baixa vazao,114,Q_40850000,23.1615,-70.37699574529718
Baixa vazao,114,Q_40930000,5.3641,-23.905552129776545
Baixa vazao,115,P_1944059,11.6,0.0
Baixa vazao,115,P_1944063,2.2,0.0
Baixa vazao,115,P_1945002,0.0,-4.211004832171002
Baixa vazao,115,P_1945008,0.0,-3.990933402813198
Baixa vazao,115,P_1946000,12.1,-5.180471404883514
Baixa vazao,115,P_2044008,0.0,0.0
Baixa vazao,115,P_2044016,0.0,0.0
Baixa vazao,115,P_2044024,0.0,0.0
Baixa vazao,115,P_2044042,0.2,0.0
Baixa vazao,115,P_2045002,19.2,0.0
Baixa vazao,115,P_2046013,0.0,0.0
Baixa vazao,115,Q_40032000,10.0616,-4.808694954984978
Baixa vazao,115,Q_40050000,32.6983,0.0
Baixa vazao,115,Q_40060001,4.4709,-24.4322676631804
Baixa vazao,115,Q_40100000,58.1525,-181.43699408378126
Baixa vazao,115,Q_40185000,6.6193,0.0
Baixa vazao,115,Q_40330000,15.6889,-79.65369475072514
Baixa vazao,115,Q_40800001,26.0328,-5.604933358281959
Baixa vazao,115,Q_40850000,39.1085,-51.02446098228513
Baixa vazao,115,Q_40930000,2.0576,-25.649816761755726
Baixa vazao,116,P_1944059,0.0,0.0
Baixa vazao,116,P_1944063,0.0,-9.92448015689111
Baixa vazao,116,P_1945002,0.0,-8.502840755785325
Baixa vazao,116,P_1945008,0.0,-8.23125730876026
Baixa vazao,116,P_1946000,0.0,0.0
Baixa vazao,116,P_2044008,0.0,0.0
Baixa vazao,116,P_2044016,0.0,0.0
Baixa vazao,116,P_2044024,0.0,0.0
Baixa vazao,116,P_2044042,0.0,0.0
Baixa vazao,116,P_2045002,0.0,0.0
Baixa vazao,116,P_2046013,0.0,0.0
Baixa vazao,116,Q_40032000,8.2597,-8.86108179973646
Baixa vazao,116,Q_40050000,37.2924,0.0
Baixa vazao,116,Q_40060001,5.6989,-23.37445964605547
Baixa vazao,116,Q_40100000,66.9,-174.77935695057533
Baixa vazao,116,Q_40185000,4.2442,0.0
Baixa vazao,116,Q_40330000,26.7127,-70.12169416497788
Baixa vazao,116,Q_40800001,14.7491,-8.15485074525634
Baixa vazao,116,Q_40850000,22.1561,-71.42364049560582
Baixa vazao,116,Q_40930000,3.4964,-27.16420398225361
Baixa vazao,117,P_1944059,0.0,0.0
Baixa vazao,117,P_1944063,0.0,-9.30368224180777
Baixa vazao,117,P_1945002,0.0,-8.214354628564243
Baixa vazao,117,P_1945008,0.0,-8.124478715050115
Baixa vazao,117,P_1946000,0.0,0.0
Baixa vazao,117,P_2044008,0.0,0.0
Baixa vazao,117,P_2044016,0.0,0.0
Baixa vazao,117,P_2044024,0.0,0.0
Baixa vazao,117,P_2044042,0.0,0.0
Baixa vazao,117,P_2045002,0.0,0.0
Baixa vazao,117,P_2046013,0.0,0.0
Baixa vazao,117,Q_40032000,8.8259,-8.39993520924935
Baixa vazao,117,Q_40050000,35.83,0.0
Baixa vazao,117,Q_40060001,3.4974,-31.553571479863734
Baixa vazao,117,Q_40100000,56.9282,-186.90938424053488
Baixa vazao,117,Q_40185000,5.2202,0.0
Baixa vazao,117,Q_40330000,13.0938,-86.80510926919034
Baixa vazao,117,Q_40800001,24.5869,-7.077895946037472
Baixa vazao,117,Q_40850000,33.3355,-59.72717732314342
Baixa vazao,117,Q_40930000,2.4097,-29.200993993471748
Baixa vazao,118,P_1944059,0.0,0.0
Baixa vazao,118,P_1944063,0.0,-9.827017240684562
Baixa vazao,118,P_1945002,0.0,-8.489578242411591
Baixa vazao,118,P_1945008,0.0,-8.691267618918461
Baixa vazao,118,P_1946000,0.0,0.0
Baixa vazao,118,P_2044008,0.0,0.0
Baixa vazao,118,P_2044016,0.0,0.0
Baixa vazao,118,P_2044024,0.0,0.0
Baixa vazao,118,P_2044042,0.0,0.0
Baixa vazao,118,P_2045002,0.0,0.0
Baixa vazao,118,P_2046013,0.0,0.0
Baixa vazao,118,Q_40032000,7.6833,-8.998503417788177
Baixa vazao,118,Q_40050000,36.2077,0.0
Baixa vazao,118,Q_40060001,4.3869,-27.994685389455565
Baixa vazao,118,Q_40100000,61.0328,-182.37263967080438
Baixa vazao,118,Q_40185000,9.3692,0.0
Baixa vazao,118,Q_40330000,32.9749,-61.955078691798825
Baixa vazao,118,Q_40800001,31.0345,-5.144411742730654
Baixa vazao,118,Q_40850000,40.8927,-51.94887884939676
Baixa vazao,118,Q_40930000,3.1917,-27.93800210235777
Baixa vazao,119,P_1944059,0.0,0.0
Baixa vazao,119,P_1944063,0.0,-9.79140460076057
Baixa vazao,119,P_1945002,0.0,-7.984111017939959
Baixa vazao,119,P_1945008,0.0,-8.428107162500794
Baixa vazao,119,P_1946000,0.0,0.0
Baixa vazao,119,P_2044008,0.0,0.0
Baixa vazao,119,P_2044016,0.0,0.0
Baixa vazao,119,P_2044024,0.0,0.0
Baixa vazao,119,P_2044042,0.0,0.0
Baixa vazao,119,P_2045002,0.0,0.0
Baixa vazao,119,P_2046013,0.0,0.0
Baixa vazao,119,Q_40032000,9.0278,-8.703131766614518
Baixa vazao,119,Q_40050000,41.514,0.0
Baixa vazao,119,Q_40060001,6.0668,-22.32311564595872
Baixa vazao,119,Q_40100000,71.8088,-169.4422062521338
Baixa vazao,119,Q_40185000,4.8876,0.0
Baixa vazao,119,Q_40330000,23.0998,-74.26107454557882
Baixa vazao,119,Q_40800001,14.7491,-8.341377242282634
Baixa vazao,119,Q_40850000,21.164,-72.14274603424397
Baixa vazao,119,Q_40930000,4.4137,-25.426545717375923
Baixa vazao,120,P_1944059,0.0,0.0
Baixa vazao,120,P_1944063,0.0,-9.902825720448664
Baixa vazao,120,P_1945002,0.0,-7.926248901012684
Baixa vazao,120,P_1945008,0.0,-7.9284159298968175
Baixa vazao,120,P_1946000,0.0,0.0
Baixa vazao,120,P_2044008,0.0,0.0
Baixa vazao,120,P_2044016,0.0,0.0
Baixa vazao,120,P_2044024,0.0,0.0
Baixa vazao,120,P_2044042,0.0,0.0
Baixa vazao,120,P_2045002,0.0,0.0
Baixa vazao,120,P_2046013,0.0,0.0
Baixa vazao,120,Q_40032000,7.7843,-7.898467154009496
Baixa vazao,120,Q_40050000,28.0929,0.0
Baixa vazao,120,Q_40060001,3.0402,-32.77796428098273
Baixa vazao,120,Q_40100000,46.3101,-199.8098508748162
Baixa vazao,120,Q_40185000,4.2442,0.0
Baixa vazao,120,Q_40330000,10.6718,-89.07203671965569
Baixa vazao,120,Q_40800001,17.2046,-8.500624494560231
Baixa vazao,120,Q_40850000,20.6731,-71.93105318690324
Baixa vazao,120,Q_40930000,1.4107,-31.19769685884622
Baixa vazao,121,P_1944059,0.0,0.0
Baixa vazao,121,P_1944063,0.0,-9.825961628357655
Baixa vazao,121,P_1945002,0.0,-8.937302419751399
Baixa vazao,121,P_1945008,0.0,-8.201099493274201
Baixa vazao,121,P_1946000,0.0,0.0
Baixa vazao,121,P_2044008,0.0,0.0
Baixa vazao,121,P_2044016,0.0,0.0
Baixa vazao,121,P_2044024,0.0,0.0
Baixa vazao,121,P_2044042,0.0,0.0
Baixa vazao,121,P_2045002,0.0,0.0
Baixa vazao,121,P_2046013,0.0,0.0
Baixa vazao,121,Q_40032000,7.5115,-8.862836543217611
Baixa vazao,121,Q_40050000,26.0283,0.0
Baixa vazao,121,Q_40060001,4.9855,-26.032311371854334
Baixa vazao,121,Q_40100000,75.5625,-164.37926496401442
Baixa vazao,121,Q_40185000,6.2595,0.0
Baixa vazao,121,Q_40330000,37.059,-56.569882990248885
Baixa vazao,121,Q_40800001,23.5685,-6.513583330185099
Baixa vazao,121,Q_40850000,29.4609,-63.853474186998284
Baixa vazao,121,Q_40930000,2.6162,-28.794819671257226
Baixa vazao,122,P_1944059,14.0,0.0
Baixa vazao,122,P_1944063,0.0,-5.111999877658346
Baixa vazao,122,P_1945002,0.0,-4.481658858225488
Baixa vazao,122,P_1945008,0.0,-4.964713776474766
Baixa vazao,122,P_1946000,0.0,0.0
Baixa vazao,122,P_2044008,0.0,-1.7306562520271882
Baixa vazao,122,P_2044016,0.0,0.0
Baixa vazao,122,P_2044024,8.8,0.0
Baixa vazao,122,P_2044042,0.0,0.0
Baixa vazao,122,P_2045002,0.0,0.0
Baixa vazao,122,P_2046013,0.0,0.0
Baixa vazao,122,Q_40032000,15.3573,-4.246066191919939
Baixa vazao,122,Q_40050000,44.6428,0.0
Baixa vazao,122,Q_40060001,9.2602,-8.210886050718802
Baixa vazao,122,Q_40100000,60.6268,-181.98572429111417
Baixa vazao,122,Q_40185000,6.9856,0.0
Baixa vazao,122,Q_40330000,30.5105,-62.860231072380884
Baixa vazao,122,Q_40800001,38.1247,0.0
Baixa vazao,122,Q_40850000,46.3836,-44.7840868634086
Baixa vazao,122,Q_40930000,6.0141,-20.188080259762305
Baixa vazao,123,P_1944059,0.0,0.0
Baixa vazao,123,P_1944063,0.0,-7.9390722868916725
Baixa vazao,123,P_1945002,8.6,0.0
Baixa vazao,123,P_1945008,0.0,-6.193411194797158
Baixa vazao,123,P_1946000,0.0,0.0
Baixa vazao,123,P_2044008,0.0,-3.1359375636736235
Baixa vazao,123,P_2044016,0.0,0.0
Baixa vazao,123,P_2044024,0.0,0.0
Baixa vazao,123,P_2044042,0.0,0.0
Baixa vazao,123,P_2045002,0.0,0.0
Baixa vazao,123,P_2046013,0.0,0.0
Baixa vazao,123,Q_40032000,10.6207,-5.7697491049141725
Baixa vazao,123,Q_40050000,47.8645,0.0
Baixa vazao,123,Q_40060001,6.921,-18.49003715211422
Baixa vazao,123,Q_40100000,63.1353,-181.3327681728956
Baixa vazao,123,Q_40185000,6.2595,0.0
Baixa vazao,123,Q_40330000,15.6889,-84.65924283444501
Baixa vazao,123,Q_40800001,36.489,-2.87292284849957
Baixa vazao,123,Q_40850000,43.918,-47.79831136905797
Baixa vazao,123,Q_40930000,8.7258,-14.98390279745623
Baixa vazao,124,P_1944059,0.0,0.0
Baixa vazao,124,P_1944063,0.0,-9.18209272929204
Baixa vazao,124,P_1945002,0.0,-7.856487929615639
Baixa vazao,124,P_1945008,0.0,-8.41918241043363
Baixa vazao,124,P_1946000,0.0,0.0
Baixa vazao,124,P_2044008,0.0,0.0
Baixa vazao,124,P_2044016,0.0,0.0
Baixa vazao,124,P_2044024,0.0,0.0
Baixa vazao,124,P_2044042,0.0,0.0
Baixa vazao,124,P_2045002,0.0,0.0
Baixa vazao,124,P_2046013,0.0,0.0
Baixa vazao,124,Q_40032000,5.0991,-8.10113228851072
Baixa vazao,124,Q_40050000,23.4924,0.0
Baixa vazao,124,Q_40060001,2.8924,-33.443015899662306
Baixa vazao,124,Q_40100000,33.6518,-214.70038378669724
Baixa vazao,124,Q_40185000,7.7378,0.0
Baixa vazao,124,Q_40330000,26.7127,-68.82693634107056
Baixa vazao,124,Q_40800001,16.8713,-8.436390021248007
Baixa vazao,124,Q_40850000,19.7014,-72.41179222074886
Baixa vazao,124,Q_40930000,1.3893,-31.153337968218043
Baixa vazao,125,P_1944059,0.0,0.0
Baixa vazao,125,P_1944063,1.5,0.0
Baixa vazao,125,P_1945002,0.0,-7.372683729457954
Baixa vazao,125,P_1945008,0.0,-8.405997912961732
Baixa vazao,125,P_1946000,3.2,0.0
Baixa vazao,125,P_2044008,4.9,0.0
Baixa vazao,125,P_2044016,3.0,0.0
Baixa vazao,125,P_2044024,2.0,0.0
Baixa vazao,125,P_2044042,8.0,-9.70726389646131
Baixa vazao,125,P_2045002,2.9,0.0
Baixa vazao,125,P_2046013,6.0,0.0
Baixa vazao,125,Q_40032000,9.5294,-7.592508397189774
Baixa vazao,125,Q_40050000,29.1505,0.0
Baixa vazao,125,Q_40060001,3.4198,-34.57166045478454
Baixa vazao,125,Q_40100000,33.3407,-222.86603677541288
Baixa vazao,125,Q_40185000,3.3363,0.0
Baixa vazao,125,Q_40330000,15.6889,-86.907749908037
Baixa vazao,125,Q_40800001,31.2921,-7.040660029075923
Baixa vazao,125,Q_40850000,31.6576,-64.02010459356093
Baixa vazao,125,Q_40930000,4.727,-25.919746939814896
Baixa vazao,126,P_1944059,0.0,0.0
Baixa vazao,126,P_1944063,0.0,-7.569702083686543
Baixa vazao,126,P_1945002,0.0,-5.965418901082825
Baixa vazao,126,P_1945008,14.9,27.09285667219973
Baixa vazao,126,P_1946000,0.0,0.0
Baixa vazao,126,P_2044008,0.0,0.0
Baixa vazao,126,P_2044016,15.0,0.0
Baixa vazao,126,P_2044024,0.0,0.0
Baixa vazao,126,P_2044042,0.0,0.0
Baixa vazao,126,P_2045002,0.0,0.0
Baixa vazao,126,P_2046013,2.3,0.0
Baixa vazao,126,Q_40032000,6.0782,-5.504356318697598
Baixa vazao,126,Q_40050000,20.0761,0.0
Baixa vazao,126,Q_40060001,3.8134,-32.691702478446054
Baixa vazao,126,Q_40100000,49.768,-201.16567595773498
Baixa vazao,126,Q_40185000,3.3363,0.0
Baixa vazao,126,Q_40330000,13.0938,-88.48182939058009
Baixa vazao,126,Q_40800001,16.6258,-7.904979479024803
Baixa vazao,126,Q_40850000,22.6572,-72.79091540779893
Baixa vazao,126,Q_40930000,1.3702,-31.63697609610396
Baixa vazao,127,P_1944059,0.0,0.0
Baixa vazao,127,P_1944063,0.0,-9.171811379739044
Baixa vazao,127,P_1945002,0.0,-8.336763479203938
Baixa vazao,127,P_1945008,0.0,-8.318416432405911
Baixa vazao,127,P_1946000,0.0,0.0
Baixa vazao,127,P_2044008,0.0,0.0
Baixa vazao,127,P_2044016,0.0,0.0
Baixa vazao,127,P_2044024,0.0,0.0
Baixa vazao,127,P_2044042,0.0,0.0
Baixa vazao,127,P_2045002,0.0,0.0
Baixa vazao,127,P_2046013,0.0,0.0
Baixa vazao,127,Q_40032000,7.8831,-8.345330596007196
Baixa vazao,127,Q_40050000,30.7671,0.0
Baixa vazao,127,Q_40060001,4.812,-26.704411408878133
Baixa vazao,127,Q_40100000,71.8088,-167.9906226373556
Baixa vazao,127,Q_40185000,3.0498,0.0
Baixa vazao,127,Q_40330000,6.1155,-95.18971889612195
Baixa vazao,127,Q_40800001,11.4007,-8.934419382822668
Baixa vazao,127,Q_40850000,16.8715,-75.8906637341587
Baixa vazao,127,Q_40930000,1.5219,-31.418205007446574
Baixa vazao,128,P_1944059,0.0,0.0
Baixa vazao,128,P_1944063,0.0,-9.806781969238335
Baixa vazao,128,P_1945002,0.0,-7.999090359715865
Baixa vazao,128,P_1945008,0.0,-7.827614379643264
Baixa vazao,128,P_1946000,0.0,0.0
Baixa vazao,128,P_2044008,0.0,0.0
Baixa vazao,128,P_2044016,0.0,0.0
Baixa vazao,128,P_2044024,0.0,0.0
Baixa vazao,128,P_2044042,0.0,0.0
Baixa vazao,128,P_2045002,0.0,0.0
Baixa vazao,128,P_2046013,0.0,0.0
Baixa vazao,128,Q_40032000,7.8831,-8.635668650304682
Baixa vazao,128,Q_40050000,31.3139,0.0
Baixa vazao,128,Q_40060001,4.812,-27.223738896879084
Baixa vazao,128,Q_40100000,74.3045,-165.01056055213022
Baixa vazao,128,Q_40185000,3.0498,0.0
Baixa vazao,128,Q_40330000,7.241,-93.88129096847327
Baixa vazao,128,Q_40800001,10.9581,-8.359006355723976
Baixa vazao,128,Q_40850000,17.8004,-75.18690098317003
Baixa vazao,128,Q_40930000,2.9059,-28.773472656243772
Baixa vazao,129,P_1944059,0.0,0.0
Baixa vazao,129,P_1944063,0.0,-9.233917501936048
Baixa vazao,129,P_1945002,0.0,-7.90036055375085
Baixa vazao,129,P_1945008,0.0,-8.590819914551107
Baixa vazao,129,P_1946000,0.0,0.0
Baixa vazao,129,P_2044008,0.0,0.0
Baixa vazao,129,P_2044016,0.0,0.0
Baixa vazao,129,P_2044024,0.0,0.0
Baixa vazao,129,P_2044042,0.0,0.0
Baixa vazao,129,P_2045002,0.0,0.0
Baixa vazao,129,P_2046013,0.0,0.0
Baixa vazao,129,Q_40032000,7.5115,-8.367146522188364
Baixa vazao,129,Q_40050000,33.2589,0.0
Baixa vazao,129,Q_40060001,5.161,-25.75234339028002
Baixa vazao,129,Q_40100000,61.8768,-180.75723960660568
Baixa vazao,129,Q_40185000,3.631,0.0
Baixa vazao,129,Q_40330000,13.818,-85.67520095973359
Baixa vazao,129,Q_40800001,12.3126,-8.603120828016758
Baixa vazao,129,Q_40850000,19.7014,-72.9567416695809
Baixa vazao,129,Q_40930000,2.3349,-29.666925071461275
Baixa vazao,130,P_1944059,0.0,0.0
Baixa vazao,130,P_1944063,0.0,-9.172191105639861
Baixa vazao,130,P_1945002,0.0,-7.941051547186168
Baixa vazao,130,P_1945008,0.0,-8.392174089998106
Baixa vazao,130,P_1946000,0.0,0.0
Baixa vazao,130,P_2044008,0.0,0.0
Baixa vazao,130,P_2044016,0.0,0.0
Baixa vazao,130,P_2044024,0.0,0.0
Baixa vazao,130,P_2044042,0.0,0.0
Baixa vazao,130,P_2045002,0.0,0.0
Baixa vazao,130,P_2046013,0.0,0.0
Baixa vazao,130,Q_40032000,7.7843,-8.524678810025875
Baixa vazao,130,Q_40050000,28.3558,0.0
Baixa vazao,130,Q_40060001,3.0402,-33.141042299394094
Baixa vazao,130,Q_40100000,46.3101,-200.01313511127478
Baixa vazao,130,Q_40185000,4.2442,0.0
Baixa vazao,130,Q_40330000,15.3079,-83.31110372170089
Baixa vazao,130,Q_40800001,17.2046,-8.434946802854403
Baixa vazao,130,Q_40850000,21.6584,-70.59178442356183
Baixa vazao,130,Q_40930000,1.4107,-31.417232093284973
Baixa vazao,131,P_1944059,0.0,0.0
Baixa vazao,131,P_1944063,0.0,-8.352480564140363
Baixa vazao,131,P_1945002,4.3,0.0
Baixa vazao,131,P_1945008,0.0,-7.842782402970732
Baixa vazao,131,P_1946000,28.4,-12.033269916702762
Baixa vazao,131,P_2044008,0.0,0.0
Baixa vazao,131,P_2044016,0.0,0.0
Baixa vazao,131,P_2044024,3.8,0.0
Baixa vazao,131,P_2044042,0.0,0.0
Baixa vazao,131,P_2045002,0.0,0.0
Baixa vazao,131,P_2046013,1.6,0.0
Baixa vazao,131,Q_40032000,7.8831,-6.6948546061851175
Baixa vazao,131,Q_40050000,23.0893,0.0
Baixa vazao,131,Q_40060001,7.312,-18.457376011146636
Baixa vazao,131,Q_40100000,52.119,-193.4978473829034
Baixa vazao,131,Q_40185000,5.5598,0.0
Baixa vazao,131,Q_40330000,20.5161,-78.69843113424727
Baixa vazao,131,Q_40800001,20.4308,-8.9711874814702
Baixa vazao,131,Q_40850000,32.7733,-61.722278178441336
Baixa vazao,131,Q_40930000,4.1869,-26.061090017142877
Baixa vazao,132,P_1944059,0.0,0.0
Baixa vazao,132,P_1944063,0.249462366,-9.219170556828766
Baixa vazao,132,P_1945002,0.0,-8.6897269622649
Baixa vazao,132,P_1945008,0.0,-8.28264032596392
Baixa vazao,132,P_1946000,0.0,0.0
Baixa vazao,132,P_2044008,0.0,0.0
Baixa vazao,132,P_2044016,0.0,0.0
Baixa vazao,132,P_2044024,0.0,0.0
Baixa vazao,132,P_2044042,0.0,0.0
Baixa vazao,132,P_2045002,0.0,0.0
Baixa vazao,132,P_2046013,0.0,0.0
Baixa vazao,132,Q_40032000,11.0303,-8.302060926329789
Baixa vazao,132,Q_40050000,54.9279,0.0
Baixa vazao,132,Q_40060001,6.442,-21.269931337901525
Baixa vazao,132,Q_40100000,89.8358,-146.18705531625497
Baixa vazao,132,Q_40185000,6.9856,0.0
Baixa vazao,132,Q_40330000,31.488,-64.30951043388171
Baixa vazao,132,Q_40800001,19.7008,-6.964534972329318
Baixa vazao,132,Q_40850000,24.6941,-68.82036920893313
Baixa vazao,132,Q_40930000,5.6875,-22.735579893432096
Baixa vazao,133,P_1944059,0.0,0.0
Baixa vazao,133,P_1944063,0.0,-9.600481881383093
Baixa vazao,133,P_1945002,0.0,-8.318749761226108
Baixa vazao,133,P_1945008,0.0,-8.714835930634566
Baixa vazao,133,P_1946000,0.0,0.0
Baixa vazao,133,P_2044008,0.0,0.0
Baixa vazao,133,P_2044016,0.0,0.0
Baixa vazao,133,P_2044024,0.0,0.0
Baixa vazao,133,P_2044042,0.0,0.0
Baixa vazao,133,P_2045002,0.0,0.0
Baixa vazao,133,P_2046013,0.0,0.0
Baixa vazao,133,Q_40032000,6.7738,-8.029330256147441
Baixa vazao,133,Q_40050000,29.693,0.0
Baixa vazao,133,Q_40060001,3.5756,-30.73922086260842
Baixa vazao,133,Q_40100000,49.7169,-196.05789745397206
Baixa vazao,133,Q_40185000,8.1334,0.0
Baixa vazao,133,Q_40330000,29.0651,-66.89680225110573
Baixa vazao,133,Q_40800001,24.5892,-6.845388404853907
Baixa vazao,133,Q_40850000,30.5535,-62.174653006991406
Baixa vazao,133,Q_40930000,2.6527,-28.72448629951379
Baixa vazao,134,P_1944059,0.0,0.0
Baixa vazao,134,P_1944063,0.0,-9.76179103956359
Baixa vazao,134,P_1945002,0.0,-8.734181499972793
Baixa vazao,134,P_1945008,0.0,-8.097867509203073
Baixa vazao,134,P_1946000,0.0,0.0
Baixa vazao,134,P_2044008,0.0,-4.826894747092695
Baixa vazao,134,P_2044016,0.0,0.0
Baixa vazao,134,P_2044024,0.0,0.0
Baixa vazao,134,P_2044042,0.0,0.0
Baixa vazao,134,P_2045002,0.0,0.0
Baixa vazao,134,P_2046013,0.0,0.0
Baixa vazao,134,Q_40032000,8.6394,-9.046259526509804
Baixa vazao,134,Q_40050000,44.4186,0.0
Baixa vazao,134,Q_40060001,5.6989,-23.84273944858535
Baixa vazao,134,Q_40100000,74.5629,-165.3984928359178
Baixa vazao,134,Q_40185000,7.3505,0.0
Baixa vazao,134,Q_40330000,26.2508,-70.7601584118186
Baixa vazao,134,Q_40800001,32.5389,0.0
Baixa vazao,134,Q_40850000,42.0951,-50.7457761460749
Baixa vazao,134,Q_40930000,4.8967,-24.851101996920598
Baixa vazao,135,P_1944059,0.0,0.0
Baixa vazao,135,P_1944063,0.0,-9.057680015800011
Baixa vazao,135,P_1945002,0.0,-7.670967568388505
Baixa vazao,135,P_1945008,0.0,-7.998209742329645
Baixa vazao,135,P_1946000,0.0,0.0
Baixa vazao,135,P_2044008,0.0,0.0
Baixa vazao,135,P_2044016,6.0,0.0
Baixa vazao,135,P_2044024,0.0,0.0
Baixa vazao,135,P_2044042,0.0,0.0
Baixa vazao,135,P_2045002,0.0,0.0
Baixa vazao,135,P_2046013,0.0,0.0
Baixa vazao,135,Q_40032000,8.1296,-8.572393103328082
Baixa vazao,135,Q_40050000,32.9781,0.0
Baixa vazao,135,Q_40060001,3.8134,-30.386323760988088
Baixa vazao,135,Q_40100000,54.5059,-190.62824664128453
Baixa vazao,135,Q_40185000,4.8876,0.0
Baixa vazao,135,Q_40330000,13.4541,-86.69754803382317
Baixa vazao,135,Q_40800001,23.8737,-6.72488003676948
Baixa vazao,135,Q_40850000,28.9191,-64.36578401537793
Baixa vazao,135,Q_40930000,2.1446,-29.8618813666166
Baixa vazao,136,P_1944059,0.0,0.0
Baixa vazao,136,P_1944063,0.0,-9.04532175067102
Baixa vazao,136,P_1945002,0.0,-8.267588109682839
Baixa vazao,136,P_1945008,0.0,-7.938892325952111
Baixa vazao,136,P_1946000,0.0,0.0
Baixa vazao,136,P_2044008,0.0,0.0
Baixa vazao,136,P_2044016,0.0,0.0
Baixa vazao,136,P_2044024,0.0,0.0
Baixa vazao,136,P_2044042,0.0,0.0
Baixa vazao,136,P_2045002,0.0,0.0
Baixa vazao,136,P_2046013,0.0,0.0
Baixa vazao,136,Q_40032000,7.441,-8.171637180391707
Baixa vazao,136,Q_40050000,22.8075,0.0
Baixa vazao,136,Q_40060001,2.5334,-34.85129106445857
Baixa vazao,136,Q_40100000,36.449,-211.3211681546953
Baixa vazao,136,Q_40185000,3.0498,0.0
Baixa vazao,136,Q_40330000,6.9532,-92.41025658335411
Baixa vazao,136,Q_40800001,14.4079,-9.126395330723271
Baixa vazao,136,Q_40850000,19.2208,-73.3027272197785
Baixa vazao,136,Q_40930000,1.5219,-31.544974913387385
Baixa vazao,137,P_1944059,0.0,0.0
Baixa vazao,137,P_1944063,0.0,-9.209866095977992
Baixa vazao,137,P_1945002,0.0,-7.98710762859809
Baixa vazao,137,P_1945008,0.0,-8.11662112016245
Baixa vazao,137,P_1946000,0.0,0.0
Baixa vazao,137,P_2044008,0.0,0.0
Baixa vazao,137,P_2044016,0.0,0.0
Baixa vazao,137,P_2044024,0.0,0.0
Baixa vazao,137,P_2044042,0.0,0.0
Baixa vazao,137,P_2045002,0.0,0.0
Baixa vazao,137,P_2046013,0.0,0.0
Baixa vazao,137,Q_40032000,7.441,-8.336775585867793
Baixa vazao,137,Q_40050000,21.8526,0.0
Baixa vazao,137,Q_40060001,2.5334,-34.90729226218035
Baixa vazao,137,Q_40100000,33.3407,-215.24499120923866
Baixa vazao,137,Q_40185000,2.7718,0.0
Baixa vazao,137,Q_40330000,11.3456,-87.59848044680629
Baixa vazao,137,Q_40800001,14.016,-8.654800540098751
Baixa vazao,137,Q_40850000,17.3341,-75.60287937821823
Baixa vazao,137,Q_40930000,1.2649,-31.645935588846623
Baixa vazao,138,P_1944059,0.0,0.0
Baixa vazao,138,P_1944063,0.0,-9.394586404753143
Baixa vazao,138,P_1945002,0.0,-7.747705813629409
Baixa vazao,138,P_1945008,0.0,-7.6656057994704225
Baixa vazao,138,P_1946000,0.0,0.0
Baixa vazao,138,P_2044008,0.0,0.0
Baixa vazao,138,P_2044016,0.0,0.0
Baixa vazao,138,P_2044024,0.0,0.0
Baixa vazao,138,P_2044042,0.0,0.0
Baixa vazao,138,P_2045002,0.0,0.0
Baixa vazao,138,P_2046013,0.0,0.0
Baixa vazao,138,Q_40032000,7.5115,-8.649999826934502
Baixa vazao,138,Q_40050000,33.5407,0.0
Baixa vazao,138,Q_40060001,5.2495,-25.252628341992754
Baixa vazao,138,Q_40100000,59.3854,-183.8291415721954
Baixa vazao,138,Q_40185000,3.631,0.0
Baixa vazao,138,Q_40330000,12.3837,-87.0203947727773
Baixa vazao,138,Q_40800001,12.782,-9.045687853196522
Baixa vazao,138,Q_40850000,19.7014,-73.06498662019332
Baixa vazao,138,Q_40930000,2.3349,-30.03811899098905
Baixa vazao,139,P_1944059,0.0,0.0
Baixa vazao,139,P_1944063,0.0,-9.52374200768333
Baixa vazao,139,P_1945002,0.0,-8.394858317472789
Baixa vazao,139,P_1945008,0.0,-8.443843433020751
Baixa vazao,139,P_1946000,0.0,0.0
Baixa vazao,139,P_2044008,0.0,0.0
Baixa vazao,139,P_2044016,0.0,0.0
Baixa vazao,139,P_2044024,0.0,0.0
Baixa vazao,139,P_2044042,0.0,0.0
Baixa vazao,139,P_2045002,0.0,0.0
Baixa vazao,139,P_2046013,0.0,0.0
Baixa vazao,139,Q_40032000,6.7738,-8.658084474298906
Baixa vazao,139,Q_40050000,33.8013,0.0
Baixa vazao,139,Q_40060001,3.9747,-29.449172434611906
Baixa vazao,139,Q_40100000,55.2555,-189.25735546168178
Baixa vazao,139,Q_40185000,6.9836,0.0
Baixa vazao,139,Q_40330000,23.9853,-73.40919743242087
Baixa vazao,139,Q_40800001,28.1034,-6.0040733607918355
Baixa vazao,139,Q_40850000,36.7667,-56.14912935437238
Baixa vazao,139,Q_40930000,2.9201,-28.242191773000076
Baixa vazao,140,P_1944059,0.0,0.0
Baixa vazao,140,P_1944063,0.0,-9.725743320593129
Baixa vazao,140,P_1945002,0.0,-7.693818520735908
Baixa vazao,140,P_1945008,0.0,-8.010303355536475
Baixa vazao,140,P_1946000,0.0,0.0
Baixa vazao,140,P_2044008,0.0,0.0
Baixa vazao,140,P_2044016,0.0,0.0
Baixa vazao,140,P_2044024,0.0,0.0
Baixa vazao,140,P_2044042,0.0,0.0
Baixa vazao,140,P_2045002,0.0,0.0
Baixa vazao,140,P_2046013,0.0,0.0
Baixa vazao,140,Q_40032000,8.8259,-8.347455216321409
Baixa vazao,140,Q_40050000,37.2924,0.0
Baixa vazao,140,Q_40060001,3.4974,-30.523527649460856
Baixa vazao,140,Q_40100000,58.1525,-186.28129164557916
Baixa vazao,140,Q_40185000,5.2202,0.0
Baixa vazao,140,Q_40330000,14.9303,-84.96666091999407
Baixa vazao,140,Q_40800001,27.5044,-6.697559835871232
Baixa vazao,140,Q_40850000,32.2141,-60.66552502773928
Baixa vazao,140,Q_40930000,2.4097,-29.607944625394175
Baixa vazao,141,P_1944059,0.0,0.0
Baixa vazao,141,P_1944063,0.249462366,-8.422723730349585
Baixa vazao,141,P_1945002,0.0,-8.739126545910281
Baixa vazao,141,P_1945008,0.0,-8.291655384644393
Baixa vazao,141,P_1946000,0.0,0.0
Baixa vazao,141,P_2044008,0.0,0.0
Baixa vazao,141,P_2044016,0.0,0.0
Baixa vazao,141,P_2044024,0.0,0.0
Baixa vazao,141,P_2044042,0.0,0.0
Baixa vazao,141,P_2045002,0.0,0.0
Baixa vazao,141,P_2046013,0.0,0.0
Baixa vazao,141,Q_40032000,11.4443,-8.249717551555266
Baixa vazao,141,Q_40050000,57.3707,0.0
Baixa vazao,141,Q_40060001,6.7281,-20.13270468576934
Baixa vazao,141,Q_40100000,95.2181,-139.43862460059103
Baixa vazao,141,Q_40185000,7.3583,0.0
Baixa vazao,141,Q_40330000,29.5441,-67.28372228393215
Baixa vazao,141,Q_40800001,20.2961,-6.54697860490802
Baixa vazao,141,Q_40850000,25.7317,-67.84754960193563
Baixa vazao,141,Q_40930000,6.0141,-22.91725448358706
Baixa vazao,142,P_1944059,19.4,18.560787774460803
Baixa vazao,142,P_1944063,4.0,0.0
Baixa vazao,142,P_1945002,8.4,0.0
Baixa vazao,142,P_1945008,10.2,0.0
Baixa vazao,142,P_1946000,22.1,-13.916241033181306
Baixa vazao,142,P_2044008,38.0,38.19483906985017
Baixa vazao,142,P_2044016,15.1,0.0
Baixa vazao,142,P_2044024,30.0,0.0
Baixa vazao,142,P_2044042,25.9,-16.067834447816708
Baixa vazao,142,P_2045002,15.1,0.0
Baixa vazao,142,P_2046013,20.0,0.0
Baixa vazao,142,Q_40032000,8.8259,0.0
Baixa vazao,142,Q_40050000,25.7723,0.0
Baixa vazao,142,Q_40060001,3.0402,-36.60853586823971
Baixa vazao,142,Q_40100000,33.3407,-216.60970845649345
Baixa vazao,142,Q_40185000,2.5025,0.0
Baixa vazao,142,Q_40330000,12.034,-85.51060890134768
Baixa vazao,142,Q_40800001,34.4305,-5.5745515808143296
Baixa vazao,142,Q_40850000,17.3341,-72.75578552383567
Baixa vazao,142,Q_40930000,4.104,-24.072462145901476
Baixa vazao,143,P_1944059,0.0,0.0
Baixa vazao,143,P_1944063,0.0,-9.488779930945535
Baixa vazao,143,P_1945002,0.0,-8.173912099185157
Baixa vazao,143,P_1945008,0.0,-8.300348325633895
Baixa vazao,143,P_1946000,0.0,0.0
Baixa vazao,143,P_2044008,0.0,0.0
Baixa vazao,143,P_2044016,0.0,0.0
Baixa vazao,143,P_2044024,0.0,0.0
Baixa vazao,143,P_2044042,0.0,0.0
Baixa vazao,143,P_2045002,0.0,0.0
Baixa vazao,143,P_2046013,0.0,0.0
Baixa vazao,143,Q_40032000,8.1296,-8.263260142024698
Baixa vazao,143,Q_40050000,31.5888,0.0
Baixa vazao,143,Q_40060001,3.8134,-30.167791747162024
Baixa vazao,143,Q_40100000,53.308,-191.49636989580412
Baixa vazao,143,Q_40185000,4.8876,0.0
Baixa vazao,143,Q_40330000,13.0938,-86.15503512909028
Baixa vazao,143,Q_40800001,21.7742,-7.504068057016752
Baixa vazao,143,Q_40850000,27.8445,-64.91978091799857
Baixa vazao,143,Q_40930000,2.1446,-29.96333329863416
Baixa vazao,144,P_1944059,0.0,0.0
Baixa vazao,144,P_1944063,0.249462366,-8.818903968975407
Baixa vazao,144,P_1945002,0.0,-8.676617520884616
Baixa vazao,144,P_1945008,0.0,-8.366839298687069
Baixa vazao,144,P_1946000,0.0,0.0
Baixa vazao,144,P_2044008,0.0,0.0
Baixa vazao,144,P_2044016,0.0,0.0
Baixa vazao,144,P_2044024,0.0,0.0
Baixa vazao,144,P_2044042,0.0,0.0
Baixa vazao,144,P_2045002,0.0,0.0
Baixa vazao,144,P_2046013,0.0,0.0
Baixa vazao,144,Q_40032000,10.6207,-8.565267300434073
Baixa vazao,144,Q_40050000,53.5517,0.0
Baixa vazao,144,Q_40060001,6.442,-20.968155389687745
Baixa vazao,144,Q_40100000,88.506,-147.9589792813185
Baixa vazao,144,Q_40185000,6.6193,0.0
Baixa vazao,144,Q_40330000,27.1774,-69.76062867805001
Baixa vazao,144,Q_40800001,20.2961,-6.931093958304132
Baixa vazao,144,Q_40850000,23.6691,-69.57362336759391
Baixa vazao,144,Q_40930000,5.3641,-23.78342649245033
Baixa vazao,145,P_1944059,0.0,0.0
Baixa vazao,145,P_1944063,0.0,-9.521070468358364
Baixa vazao,145,P_1945002,0.0,-8.181021869483935
Baixa vazao,145,P_1945008,0.0,-8.252985137921712
Baixa vazao,145,P_1946000,0.0,0.0
Baixa vazao,145,P_2044008,0.0,0.0
Baixa vazao,145,P_2044016,0.0,0.0
Baixa vazao,145,P_2044024,0.0,0.0
Baixa vazao,145,P_2044042,0.0,0.0
Baixa vazao,145,P_2045002,0.0,0.0
Baixa vazao,145,P_2046013,0.0,0.0
Baixa vazao,145,Q_40032000,8.2597,-8.912578236122252
Baixa vazao,145,Q_40050000,34.3919,0.0
Baixa vazao,145,Q_40060001,5.7902,-22.78063281448102
Baixa vazao,145,Q_40100000,74.3045,-166.097363772579
Baixa vazao,145,Q_40185000,6.9856,0.0
Baixa vazao,145,Q_40330000,14.5561,-85.84300812381845
Baixa vazao,145,Q_40800001,19.1146,-7.649002792130924
Baixa vazao,145,Q_40850000,31.6576,-61.002167015328844
Baixa vazao,145,Q_40930000,1.0163,-32.326081429969946
Baixa vazao,146,P_1944059,0.0,0.0
Baixa vazao,146,P_1944063,0.0,-9.713840080984195
Baixa vazao,146,P_1945002,0.0,-8.114609723339026
Baixa vazao,146,P_1945008,0.0,-8.178758226736313
Baixa vazao,146,P_1946000,0.0,0.0
Baixa vazao,146,P_2044008,0.0,0.0
Baixa vazao,146,P_2044016,0.0,0.0
Baixa vazao,146,P_2044024,0.0,0.0
Baixa vazao,146,P_2044042,0.0,0.0
Baixa vazao,146,P_2045002,0.0,0.0
Baixa vazao,146,P_2046013,0.0,0.0
Baixa vazao,146,Q_40032000,9.815,-8.528275026181424
Baixa vazao,146,Q_40050000,43.6943,0.0
Baixa vazao,146,Q_40060001,5.9741,-22.942945847639887
Baixa vazao,146,Q_40100000,71.8088,-169.40658315082774
Baixa vazao,146,Q_40185000,5.2202,0.0
Baixa vazao,146,Q_40330000,25.7919,-71.09876993230804
Baixa vazao,146,Q_40800001,16.8599,-8.033013853625619
Baixa vazao,146,Q_40850000,22.6572,-70.50680585719624
Baixa vazao,146,Q_40930000,4.727,-25.035863122977073
Baixa vazao,147,P_1944059,0.0,0.0
Baixa vazao,147,P_1944063,0.0,-9.047738776563296
Baixa vazao,147,P_1945002,0.0,-7.938508492159656
Baixa vazao,147,P_1945008,0.0,-8.36305358970194
Baixa vazao,147,P_1946000,0.0,0.0
Baixa vazao,147,P_2044008,0.0,0.0
Baixa vazao,147,P_2044016,0.0,0.0
Baixa vazao,147,P_2044024,0.0,0.0
Baixa vazao,147,P_2044042,0.0,0.0
Baixa vazao,147,P_2045002,0.0,0.0
Baixa vazao,147,P_2046013,0.0,0.0
Baixa vazao,147,Q_40032000,7.441,-8.313341664538536
Baixa vazao,147,Q_40050000,26.5367,0.0
Baixa vazao,147,Q_40060001,2.8924,-33.88101067153138
Baixa vazao,147,Q_40100000,44.0513,-201.93116063829072
Baixa vazao,147,Q_40185000,3.9337,0.0
Baixa vazao,147,Q_40330000,10.6718,-88.92831385184301
Baixa vazao,147,Q_40800001,15.5952,-8.576757090788066
Baixa vazao,147,Q_40850000,17.3341,-75.26731806654749
Baixa vazao,147,Q_40930000,1.4107,-31.224279802117017
Baixa vazao,148,P_1944059,0.0,0.0
Baixa vazao,148,P_1944063,4.3,0.0
Baixa vazao,148,P_1945002,0.0,-5.405367187904128
Baixa vazao,148,P_1945008,0.0,-4.904764610665768
Baixa vazao,148,P_1946000,0.0,0.0
Baixa vazao,148,P_2044008,32.1,28.00007543901763
Baixa vazao,148,P_2044016,6.0,0.0
Baixa vazao,148,P_2044024,64.7,124.57283453009632
Baixa vazao,148,P_2044042,1.3,0.0
Baixa vazao,148,P_2045002,6.5,-3.7905988397108388
Baixa vazao,148,P_2046013,0.0,0.0
Baixa vazao,148,Q_40032000,9.1768,0.0
Baixa vazao,148,Q_40050000,29.6854,0.0
Baixa vazao,148,Q_40060001,3.4974,-33.075533074195654
Baixa vazao,148,Q_40100000,50.939,-185.86451457514352
Baixa vazao,148,Q_40185000,3.631,0.0
Baixa vazao,148,Q_40330000,15.6889,-75.7097181481489
Baixa vazao,148,Q_40800001,59.7782,0.0
Baixa vazao,148,Q_40850000,48.8886,-41.04863026461192
Baixa vazao,148,Q_40930000,3.4964,-23.523128461642447
Baixa vazao,149,P_1944059,0.0,-5.448584614959941
Baixa vazao,149,P_1944063,0.0,-10.407991357142516
Baixa vazao,149,P_1945002,0.0,-9.190330775584364
Baixa vazao,149,P_1945008,0.0,-9.052942007449582
Baixa vazao,149,P_1946000,0.0,0.0
Baixa vazao,149,P_2044008,0.0,0.0
Baixa vazao,149,P_2044016,0.0,0.0
Baixa vazao,149,P_2044024,0.0,0.0
Baixa vazao,149,P_2044042,0.0,0.0
Baixa vazao,149,P_2045002,0.0,0.0
Baixa vazao,149,P_2046013,0.0,0.0
Baixa vazao,149,Q_40032000,12.2852,-8.014053051538216
Baixa vazao,149,Q_40050000,65.3304,0.0
Baixa vazao,149,Q_40060001,7.0181,-18.976826300806007
Baixa vazao,149,Q_40100000,104.874,-126.91601354014455
Baixa vazao,149,Q_40185000,7.7372,0.0
Baixa vazao,149,Q_40330000,33.9799,-61.725325541186926
Baixa vazao,149,Q_40800001,23.4079,0.0
Baixa vazao,149,Q_40850000,28.9191,-64.61454584223507
Baixa vazao,149,Q_40930000,6.676,-21.36156394897143
Baixa vazao,150,P_1944059,0.0,0.0
Baixa vazao,150,P_1944063,0.0,-8.904475965752617
Baixa vazao,150,P_1945002,0.0,-7.834061650842871
Baixa vazao,150,P_1945008,0.0,-7.852050924208831
Baixa vazao,150,P_1946000,0.0,0.0
Baixa vazao,150,P_2044008,0.0,0.0
Baixa vazao,150,P_2044016,6.6,0.0
Baixa vazao,150,P_2044024,0.0,0.0
Baixa vazao,150,P_2044042,0.0,0.0
Baixa vazao,150,P_2045002,0.0,0.0
Baixa vazao,150,P_2046013,0.0,0.0
Baixa vazao,150,Q_40032000,8.8259,-8.10248870948513
Baixa vazao,150,Q_40050000,33.8234,0.0
Baixa vazao,150,Q_40060001,3.4974,-31.917059719779203
Baixa vazao,150,Q_40100000,55.7127,-189.21321641714314
Baixa vazao,150,Q_40185000,5.2202,0.0
Baixa vazao,150,Q_40330000,12.737,-87.42982177642303
Baixa vazao,150,Q_40800001,23.8737,-6.985811649521395
Baixa vazao,150,Q_40850000,31.1041,-61.92935443979188
Baixa vazao,150,Q_40930000,2.4097,-29.53349570021504
Baixa vazao,151,P_1944059,0.0,0.0
Baixa vazao,151,P_1944063,0.0,-9.278059463068216
Baixa vazao,151,P_1945002,0.0,-8.186570124779735
Baixa vazao,151,P_1945008,0.0,-8.122205141170062
Baixa vazao,151,P_1946000,0.0,0.0
Baixa vazao,151,P_2044008,0.0,0.0
Baixa vazao,151,P_2044016,0.0,0.0
Baixa vazao,151,P_2044024,0.0,0.0
Baixa vazao,151,P_2044042,0.0,0.0
Baixa vazao,151,P_2045002,0.0,0.0
Baixa vazao,151,P_2046013,0.0,0.0
Baixa vazao,151,Q_40032000,6.7738,-8.717177779324764
Baixa vazao,151,Q_40050000,29.9433,0.0
Baixa vazao,151,Q_40060001,3.6543,-30.73173124841647
Baixa vazao,151,Q_40100000,51.9034,-193.6602389566544
Baixa vazao,151,Q_40185000,8.1334,0.0
Baixa vazao,151,Q_40330000,28.1156,-67.91105361871315
Baixa vazao,151,Q_40800001,23.9068,-6.749272735902878
Baixa vazao,151,Q_40850000,29.4609,-63.496634008886474
Baixa vazao,151,Q_40930000,2.9201,-28.2049882365986
Baixa vazao,152,P_1944059,0.0,0.0
Baixa vazao,152,P_1944063,0.0,-9.379258318025549
Baixa vazao,152,P_1945002,0.0,-7.7821336657899565
Baixa vazao,152,P_1945008,0.0,-7.6773149691580995
Baixa vazao,152,P_1946000,0.0,0.0
Baixa vazao,152,P_2044008,0.0,0.0
Baixa vazao,152,P_2044016,0.0,0.0
Baixa vazao,152,P_2044024,1.0,0.0
Baixa vazao,152,P_2044042,0.0,0.0
Baixa vazao,152,P_2045002,0.0,0.0
Baixa vazao,152,P_2046013,0.0,0.0
Baixa vazao,152,Q_40032000,5.7338,-7.986866787247441
Baixa vazao,152,Q_40050000,20.6187,0.0
Baixa vazao,152,Q_40060001,3.9747,-29.91419525791609
Baixa vazao,152,Q_40100000,52.119,-192.65420095380267
Baixa vazao,152,Q_40185000,3.631,0.0
Baixa vazao,152,Q_40330000,16.8519,-81.76164853932117
Baixa vazao,152,Q_40800001,15.8818,-8.692878795366758
Baixa vazao,152,Q_40850000,19.7014,-72.56125027228158
Baixa vazao,152,Q_40930000,1.3702,-31.54361527316002
Baixa vazao,153,P_1944059,0.0,0.0
Baixa vazao,153,P_1944063,0.0,-9.262352699218008
Baixa vazao,153,P_1945002,0.0,-8.195461482702862
Baixa vazao,153,P_1945008,0.0,-7.905620604653372
Baixa vazao,153,P_1946000,0.0,0.0
Baixa vazao,153,P_2044008,0.0,0.0
Baixa vazao,153,P_2044016,0.0,0.0
Baixa vazao,153,P_2044024,0.0,0.0
Baixa vazao,153,P_2044042,0.0,0.0
Baixa vazao,153,P_2045002,0.0,0.0
Baixa vazao,153,P_2046013,0.0,0.0
Baixa vazao,153,Q_40032000,6.7738,-8.701417670588738
Baixa vazao,153,Q_40050000,31.2079,0.0
Baixa vazao,153,Q_40060001,3.8134,-30.315194741883637
Baixa vazao,153,Q_40100000,54.1286,-191.15028622264555
Baixa vazao,153,Q_40185000,7.3505,0.0
Baixa vazao,153,Q_40330000,25.7919,-70.74188285861874
Baixa vazao,153,Q_40800001,27.3871,-6.1789067164905305
Baixa vazao,153,Q_40850000,33.3355,-59.46726126586462
Baixa vazao,153,Q_40930000,2.6527,-29.175695122137668
Baixa vazao,154,P_1944059,0.0,0.0
Baixa vazao,154,P_1944063,0.0,-9.533576558175035
Baixa vazao,154,P_1945002,0.0,-8.271296206654124
Baixa vazao,154,P_1945008,0.0,-8.16504965142883
Baixa vazao,154,P_1946000,0.0,0.0
Baixa vazao,154,P_2044008,0.0,0.0
Baixa vazao,154,P_2044016,0.0,0.0
Baixa vazao,154,P_2044024,0.0,0.0
Baixa vazao,154,P_2044042,0.0,0.0
Baixa vazao,154,P_2045002,0.0,0.0
Baixa vazao,154,P_2046013,0.0,0.0
Baixa vazao,154,Q_40032000,8.2597,-9.027813416461896
Baixa vazao,154,Q_40050000,37.5877,0.0
Baixa vazao,154,Q_40060001,5.8819,-23.028719570475698
Baixa vazao,154,Q_40100000,69.3405,-171.92372617512115
Baixa vazao,154,Q_40185000,4.5622,0.0
Baixa vazao,154,Q_40330000,25.7919,-70.85086789553911
Baixa vazao,154,Q_40800001,14.7491,-8.15379643475389
Baixa vazao,154,Q_40850000,18.7438,-74.65423290905139
Baixa vazao,154,Q_40930000,3.4964,-27.577979998295046
Baixa vazao,155,P_1944059,0.0,0.0
Baixa vazao,155,P_1944063,0.0,-9.417688187238683
Baixa vazao,155,P_1945002,0.0,-8.011527355050077
Baixa vazao,155,P_1945008,0.0,-8.296075996007955
Baixa vazao,155,P_1946000,0.0,0.0
Baixa vazao,155,P_2044008,0.0,0.0
Baixa vazao,155,P_2044016,0.0,0.0
Baixa vazao,155,P_2044024,0.0,0.0
Baixa vazao,155,P_2044042,0.0,0.0
Baixa vazao,155,P_2045002,0.0,0.0
Baixa vazao,155,P_2046013,0.0,0.0
Baixa vazao,155,Q_40032000,6.0782,-8.291007912688706
Baixa vazao,155,Q_40050000,21.3002,0.0
Baixa vazao,155,Q_40060001,4.2205,-29.06218865314644
Baixa vazao,155,Q_40100000,60.6268,-182.83507785873792
Baixa vazao,155,Q_40185000,4.2442,0.0
Baixa vazao,155,Q_40330000,23.9853,-72.93982921197414
Baixa vazao,155,Q_40800001,15.8818,-7.624862820030021
Baixa vazao,155,Q_40850000,19.7014,-73.21138082258257
Baixa vazao,155,Q_40930000,1.3702,-31.398619339319854
Baixa vazao,156,P_1944059,0.0,-4.724497827410232
Baixa vazao,156,P_1944063,0.0,-8.591107077974875
Baixa vazao,156,P_1945002,0.0,-7.236574402111278
Baixa vazao,156,P_1945008,3.0,0.0
Baixa vazao,156,P_1946000,0.0,0.0
Baixa vazao,156,P_2044008,0.0,0.0
Baixa vazao,156,P_2044016,0.0,0.0
Baixa vazao,156,P_2044024,0.0,0.0
Baixa vazao,156,P_2044042,0.0,0.0
Baixa vazao,156,P_2045002,0.0,0.0
Baixa vazao,156,P_2046013,0.0,0.0
Baixa vazao,156,Q_40032000,8.4768,-7.76078261115643
Baixa vazao,156,Q_40050000,31.8647,0.0
Baixa vazao,156,Q_40060001,2.604,-34.413768662177624
Baixa vazao,156,Q_40100000,50.939,-195.4792890294501
Baixa vazao,156,Q_40185000,6.2595,0.0
Baixa vazao,156,Q_40330000,15.3079,-84.37529808625678
Baixa vazao,156,Q_40800001,29.7587,-5.945314679836543
Baixa vazao,156,Q_40850000,48.2587,-44.39353222527616
Baixa vazao,156,Q_40930000,1.2649,-31.205851428661585
Baixa vazao,157,P_1944059,0.0,0.0
Baixa vazao,157,P_1944063,0.0,-9.314831311688435
Baixa vazao,157,P_1945002,0.0,-7.626088067925227
Baixa vazao,157,P_1945008,0.0,-8.061079503886853
Baixa vazao,157,P_1946000,0.0,0.0
Baixa vazao,157,P_2044008,0.0,0.0
Baixa vazao,157,P_2044016,0.0,0.0
Baixa vazao,157,P_2044024,0.0,0.0
Baixa vazao,157,P_2044042,0.0,0.0
Baixa vazao,157,P_2045002,0.0,0.0
Baixa vazao,157,P_2046013,0.0,0.0
Baixa vazao,157,Q_40032000,5.4994,-7.855447910842258
Baixa vazao,157,Q_40050000,23.4924,0.0
Baixa vazao,157,Q_40060001,3.115,-32.8038622057618
Baixa vazao,157,Q_40100000,39.3739,-208.36718779676812
Baixa vazao,157,Q_40185000,7.7378,0.0
Baixa vazao,157,Q_40330000,27.6451,-67.75005968695243
Baixa vazao,157,Q_40800001,19.3274,-8.122753005233445
Baixa vazao,157,Q_40850000,21.6584,-71.10199283515048
Baixa vazao,157,Q_40930000,1.3893,-31.072458884325144
Baixa vazao,158,P_1944059,0.0,0.0
Baixa vazao,158,P_1944063,0.0,-9.40106700812707
Baixa vazao,158,P_1945002,0.0,-7.821100478224082
Baixa vazao,158,P_1945008,0.0,-8.061393625757125
Baixa vazao,158,P_1946000,0.0,0.0
Baixa vazao,158,P_2044008,0.0,0.0
Baixa vazao,158,P_2044016,0.0,0.0
Baixa vazao,158,P_2044024,0.0,0.0
Baixa vazao,158,P_2044042,0.0,0.0
Baixa vazao,158,P_2045002,0.0,0.0
Baixa vazao,158,P_2046013,0.0,0.0
Baixa vazao,158,Q_40032000,6.3369,-8.462490558773816
Baixa vazao,158,Q_40050000,29.195,0.0
Baixa vazao,158,Q_40060001,3.4198,-31.353083943198484
Baixa vazao,158,Q_40100000,47.5692,-198.6594148478919
Baixa vazao,158,Q_40185000,6.6284,0.0
Baixa vazao,158,Q_40330000,23.0998,-73.76848475593363
Baixa vazao,158,Q_40800001,24.5892,-7.338813225078201
Baixa vazao,158,Q_40850000,29.4609,-63.25257717209239
Baixa vazao,158,Q_40930000,2.6527,-28.620925070996574
Baixa vazao,159,P_1944059,0.0,0.0
Baixa vazao,159,P_1944063,0.0,-9.474642592078093
Baixa vazao,159,P_1945002,0.0,-8.446469799509089
Baixa vazao,159,P_1945008,0.0,-8.818608264768438
Baixa vazao,159,P_1946000,0.0,0.0
Baixa vazao,159,P_2044008,0.0,-4.85012134653158
Baixa vazao,159,P_2044016,0.0,0.0
Baixa vazao,159,P_2044024,0.0,0.0
Baixa vazao,159,P_2044042,0.0,0.0
Baixa vazao,159,P_2045002,0.0,0.0
Baixa vazao,159,P_2046013,0.0,0.0
Baixa vazao,159,Q_40032000,8.1556,-8.587510564863333
Baixa vazao,159,Q_40050000,39.803,0.0
Baixa vazao,159,Q_40060001,5.073,-25.575226198232368
Baixa vazao,159,Q_40100000,67.0446,-175.01421163297636
Baixa vazao,159,Q_40185000,8.5372,0.0
Baixa vazao,159,Q_40330000,30.9979,-64.97083132633887
Baixa vazao,159,Q_40800001,32.5389,0.0
Baixa vazao,159,Q_40850000,40.8927,-52.11473094772497
Baixa vazao,159,Q_40930000,4.6044,-25.341542080432987
Baixa vazao,160,P_1944059,0.0,0.0
Baixa vazao,160,P_1944063,0.0,-9.211888329170948
Baixa vazao,160,P_1945002,0.0,-8.217060767959728
Baixa vazao,160,P_1945008,0.0,-8.29428752881815
Baixa vazao,160,P_1946000,0.0,0.0
Baixa vazao,160,P_2044008,0.0,0.0
Baixa vazao,160,P_2044016,0.0,0.0
Baixa vazao,160,P_2044024,0.0,0.0
Baixa vazao,160,P_2044042,0.0,0.0
Baixa vazao,160,P_2045002,0.0,0.0
Baixa vazao,160,P_2046013,0.0,0.0
Baixa vazao,160,Q_40032000,9.0011,-8.226921528150081
Baixa vazao,160,Q_40050000,38.4795,0.0
Baixa vazao,160,Q_40060001,3.4974,-31.22237880856154
Baixa vazao,160,Q_40100000,59.3854,-184.8927419495108
Baixa vazao,160,Q_40185000,5.5598,0.0
Baixa vazao,160,Q_40330000,17.6437,-81.07920244150787
Baixa vazao,160,Q_40800001,27.5044,-6.571566385874746
Baixa vazao,160,Q_40850000,30.0057,-63.100051942961926
Baixa vazao,160,Q_40930000,2.4097,-29.28497585707324
Baixa vazao,161,P_1944059,0.0,0.0
Baixa vazao,161,P_1944063,0.0,-9.381203498929931
Baixa vazao,161,P_1945002,0.0,-8.29237145296571
Baixa vazao,161,P_1945008,0.0,-8.21719989350472
Baixa vazao,161,P_1946000,0.0,0.0
Baixa vazao,161,P_2044008,0.0,0.0
Baixa vazao,161,P_2044016,0.0,0.0
Baixa vazao,161,P_2044024,0.0,0.0
Baixa vazao,161,P_2044042,0.0,0.0
Baixa vazao,161,P_2045002,0.0,0.0
Baixa vazao,161,P_2046013,0.0,0.0
Baixa vazao,161,Q_40032000,7.8831,-8.311578439246748
Baixa vazao,161,Q_40050000,31.5888,0.0
Baixa vazao,161,Q_40060001,4.138,-29.014909272136048
Baixa vazao,161,Q_40100000,64.4022,-177.41942693736854
Baixa vazao,161,Q_40185000,4.2442,0.0
Baixa vazao,161,Q_40330000,9.6892,-90.81139306537433
Baixa vazao,161,Q_40800001,12.782,-8.758608744360805
Baixa vazao,161,Q_40850000,18.2703,-74.38298117322333
Baixa vazao,161,Q_40930000,2.6178,-28.985615708963163
Baixa vazao,162,P_1944059,0.0,0.0
Baixa vazao,162,P_1944063,0.0,-9.12310650048059
Baixa vazao,162,P_1945002,0.0,-7.56110267427734
Baixa vazao,162,P_1945008,0.0,-8.156673248506593
Baixa vazao,162,P_1946000,0.0,0.0
Baixa vazao,162,P_2044008,0.4,0.0
Baixa vazao,162,P_2044016,1.4,0.0
Baixa vazao,162,P_2044024,0.0,0.0
Baixa vazao,162,P_2044042,0.8,0.0
Baixa vazao,162,P_2045002,3.0,0.0
Baixa vazao,162,P_2046013,4.6,0.0
Baixa vazao,162,Q_40032000,7.7843,-7.893694300827203
Baixa vazao,162,Q_40050000,25.7723,0.0
Baixa vazao,162,Q_40060001,2.747,-35.18063353388428
Baixa vazao,162,Q_40100000,47.4535,-199.78193569574933
Baixa vazao,162,Q_40185000,3.3363,0.0
Baixa vazao,162,Q_40330000,7.5329,-93.66861787124708
Baixa vazao,162,Q_40800001,15.1975,-9.152217036513523
Baixa vazao,162,Q_40850000,15.0589,-78.34408301777069
Baixa vazao,162,Q_40930000,1.1884,-31.89121426653344
Baixa vazao,163,P_1944059,0.0,0.0
Baixa vazao,163,P_1944063,0.0,-8.984724537727516
Baixa vazao,163,P_1945002,0.0,-7.752319673436061
Baixa vazao,163,P_1945008,0.0,-7.677733791849789
Baixa vazao,163,P_1946000,0.0,0.0
Baixa vazao,163,P_2044008,0.0,0.0
Baixa vazao,163,P_2044016,0.0,0.0
Baixa vazao,163,P_2044024,0.0,0.0
Baixa vazao,163,P_2044042,0.0,0.0
Baixa vazao,163,P_2045002,0.0,0.0
Baixa vazao,163,P_2046013,3.0,0.0
Baixa vazao,163,Q_40032000,7.2701,-8.701094428844629
Baixa vazao,163,Q_40050000,27.3102,0.0
Baixa vazao,163,Q_40060001,2.747,-34.53337075038155
Baixa vazao,163,Q_40100000,40.7345,-206.98481477582823
Baixa vazao,163,Q_40185000,3.9337,0.0
Baixa vazao,163,Q_40330000,12.3837,-87.28412336089347
Baixa vazao,163,Q_40800001,15.9948,-8.903149888667727
Baixa vazao,163,Q_40850000,22.1561,-71.19104077896017
Baixa vazao,163,Q_40930000,1.7864,-30.46888391188659
Baixa vazao,164,P_1944059,0.0,0.0
Baixa vazao,164,P_1944063,0.249462366,-8.709664689109784
Baixa vazao,164,P_1945002,0.0,-8.63998863064331
Baixa vazao,164,P_1945008,0.0,-8.30110764717901
Baixa vazao,164,P_1946000,0.0,0.0
Baixa vazao,164,P_2044008,0.0,0.0
Baixa vazao,164,P_2044016,0.0,0.0
Baixa vazao,164,P_2044024,0.0,0.0
Baixa vazao,164,P_2044042,0.0,0.0
Baixa vazao,164,P_2045002,0.0,0.0
Baixa vazao,164,P_2046013,0.0,0.0
Baixa vazao,164,Q_40032000,10.6207,-8.272427277544104
Baixa vazao,164,Q_40050000,50.5081,0.0
Baixa vazao,164,Q_40060001,5.9741,-22.729691561578115
Baixa vazao,164,Q_40100000,83.2504,-155.17900939960174
Baixa vazao,164,Q_40185000,6.2595,0.0
Baixa vazao,164,Q_40330000,27.1774,-69.63136137502089
Baixa vazao,164,Q_40800001,18.5374,-6.7060321005036485
Baixa vazao,164,Q_40850000,22.1561,-71.32684928228713
Baixa vazao,164,Q_40930000,5.3641,-23.831124606394553
Baixa vazao,165,P_1944059,0.0,0.0
Baixa vazao,165,P_1944063,0.0,-9.248503671948342
Baixa vazao,165,P_1945002,0.0,-8.129879155556978
Baixa vazao,165,P_1945008,0.0,-7.786049884825288
Baixa vazao,165,P_1946000,0.0,0.0
Baixa vazao,165,P_2044008,0.0,0.0
Baixa vazao,165,P_2044016,0.0,0.0
Baixa vazao,165,P_2044024,0.0,0.0
Baixa vazao,165,P_2044042,0.0,0.0
Baixa vazao,165,P_2045002,0.0,0.0
Baixa vazao,165,P_2046013,0.0,0.0
Baixa vazao,165,Q_40032000,6.7738,-8.611633648698284
Baixa vazao,165,Q_40050000,30.1945,0.0
Baixa vazao,165,Q_40060001,3.7336,-30.49900936809564
Baixa vazao,165,Q_40100000,51.9034,-193.8177802169479
Baixa vazao,165,Q_40185000,8.9491,0.0
Baixa vazao,165,Q_40330000,31.488,-63.581610361786296
Baixa vazao,165,Q_40800001,25.2785,-6.766075711074166
Baixa vazao,165,Q_40850000,31.6576,-61.64963023520716
Baixa vazao,165,Q_40930000,2.6527,-29.10298244804655
Baixa vazao,166,P_1944059,0.0,0.0
Baixa vazao,166,P_1944063,0.0,-9.3666750065679
Baixa vazao,166,P_1945002,0.0,-8.405851835704274
Baixa vazao,166,P_1945008,0.0,-7.867223911584135
Baixa vazao,166,P_1946000,0.0,0.0
Baixa vazao,166,P_2044008,0.0,0.0
Baixa vazao,166,P_2044016,0.0,0.0
Baixa vazao,166,P_2044024,0.0,0.0
Baixa vazao,166,P_2044042,0.0,0.0
Baixa vazao,166,P_2045002,0.0,0.0
Baixa vazao,166,P_2046013,0.0,0.0
Baixa vazao,166,Q_40032000,6.784,-8.805148456780579
Baixa vazao,166,Q_40050000,24.0624,0.0
Baixa vazao,166,Q_40060001,4.5555,-27.594495449946518
Baixa vazao,166,Q_40100000,65.6775,-176.71733419473625
Baixa vazao,166,Q_40185000,4.5622,0.0
Baixa vazao,166,Q_40330000,26.7127,-69.96357470345599
Baixa vazao,166,Q_40800001,25.9716,-6.629921955117936
Baixa vazao,166,Q_40850000,35.0386,-58.30269901000039
Baixa vazao,166,Q_40930000,1.3702,-31.53513374274581
Baixa vazao,167,P_1944059,0.0,0.0
Baixa vazao,167,P_1944063,0.0,-9.296500122070187
Baixa vazao,167,P_1945002,0.0,-8.080593193006568
Baixa vazao,167,P_1945008,0.0,-8.150086184690636
Baixa vazao,167,P_1946000,0.0,0.0
Baixa vazao,167,P_2044008,0.0,0.0
Baixa vazao,167,P_2044016,0.0,0.0
Baixa vazao,167,P_2044024,0.0,0.0
Baixa vazao,167,P_2044042,0.0,0.0
Baixa vazao,167,P_2045002,0.0,0.0
Baixa vazao,167,P_2046013,0.0,0.0
Baixa vazao,167,Q_40032000,7.8831,-8.361592852534613
Baixa vazao,167,Q_40050000,31.04,0.0
Baixa vazao,167,Q_40060001,4.812,-26.95437385061692
Baixa vazao,167,Q_40100000,73.0533,-166.96389049787678
Baixa vazao,167,Q_40185000,3.0498,0.0
Baixa vazao,167,Q_40330000,6.6697,-94.77035081913323
Baixa vazao,167,Q_40800001,11.4007,-8.411837147075103
Baixa vazao,167,Q_40850000,17.8004,-75.49043055154034
Baixa vazao,167,Q_40930000,1.5219,-30.79959720092733
Baixa vazao,168,P_1944059,0.0,0.0
Baixa vazao,168,P_1944063,0.0,-9.567669917521096
Baixa vazao,168,P_1945002,0.0,-8.64298293147485
Baixa vazao,168,P_1945008,0.0,-7.992074583337589
Baixa vazao,168,P_1946000,0.0,0.0
Baixa vazao,168,P_2044008,0.0,-5.311262041652185
Baixa vazao,168,P_2044016,0.0,0.0
Baixa vazao,168,P_2044024,0.0,0.0
Baixa vazao,168,P_2044042,0.0,0.0
Baixa vazao,168,P_2045002,0.0,0.0
Baixa vazao,168,P_2046013,0.0,0.0
Baixa vazao,168,Q_40032000,8.1556,-8.982072430196906
Baixa vazao,168,Q_40050000,39.803,0.0
Baixa vazao,168,Q_40060001,4.726,-26.624624558182816
Baixa vazao,168,Q_40100000,64.612,-178.34189396297816
Baixa vazao,168,Q_40185000,8.9491,0.0
Baixa vazao,168,Q_40330000,31.9809,-63.25544790742475
Baixa vazao,168,Q_40800001,34.8431,0.0
Baixa vazao,168,Q_40850000,43.918,-48.78217357438389
Baixa vazao,168,Q_40930000,3.7464,-26.889508886342917
Baixa vazao,169,P_1944059,0.0,0.0
Baixa vazao,169,P_1944063,0.0,-9.127718321130752
Baixa vazao,169,P_1945002,0.0,-8.03586213194103
Baixa vazao,169,P_1945008,0.0,-8.202633161105517
Baixa vazao,169,P_1946000,0.0,0.0
Baixa vazao,169,P_2044008,0.0,0.0
Baixa vazao,169,P_2044016,0.0,0.0
Baixa vazao,169,P_2044024,0.0,0.0
Baixa vazao,169,P_2044042,0.0,0.0
Baixa vazao,169,P_2045002,0.0,0.0
Baixa vazao,169,P_2046013,0.0,0.0
Baixa vazao,169,Q_40032000,7.2701,-7.960369573939725
Baixa vazao,169,Q_40050000,27.0513,0.0
Baixa vazao,169,Q_40060001,2.6752,-34.7296043491943
Baixa vazao,169,Q_40100000,39.6483,-207.62673541266543
Baixa vazao,169,Q_40185000,3.631,0.0
Baixa vazao,169,Q_40330000,8.129,-91.78428943951896
Baixa vazao,169,Q_40800001,15.5952,-8.524621698629094
Baixa vazao,169,Q_40850000,21.6584,-70.49420237964713
Baixa vazao,169,Q_40930000,1.7864,-30.688414773721234
Baixa vazao,170,P_1944059,0.0,0.0
Baixa vazao,170,P_1944063,0.0,-9.033400727713923
Baixa vazao,170,P_1945002,0.0,-8.278471710078637
Baixa vazao,170,P_1945008,0.0,-8.686485127913638
Baixa vazao,170,P_1946000,0.0,0.0
Baixa vazao,170,P_2044008,0.0,0.0
Baixa vazao,170,P_2044016,0.0,0.0
Baixa vazao,170,P_2044024,0.0,0.0
Baixa vazao,170,P_2044042,0.0,0.0
Baixa vazao,170,P_2045002,0.0,0.0
Baixa vazao,170,P_2046013,0.0,0.0
Baixa vazao,170,Q_40032000,8.1296,-8.150642890762462
Baixa vazao,170,Q_40050000,31.04,0.0
Baixa vazao,170,Q_40060001,3.8134,-30.06948028976085
Baixa vazao,170,Q_40100000,53.308,-191.46083120702423
Baixa vazao,170,Q_40185000,4.8876,0.0
Baixa vazao,170,Q_40330000,12.737,-86.99242215911127
Baixa vazao,170,Q_40800001,22.4673,-7.125151953518412
Baixa vazao,170,Q_40850000,27.8445,-64.70137032075938
Baixa vazao,170,Q_40930000,2.1446,-30.252515503043774
Baixa vazao,171,P_1944059,1.0,0.0
Baixa vazao,171,P_1944063,0.0,-8.459993989143063
Baixa vazao,171,P_1945002,0.0,-6.759373499464175
Baixa vazao,171,P_1945008,0.0,-8.284252183108855
Baixa vazao,171,P_1946000,36.4,0.0
Baixa vazao,171,P_2044008,2.2,0.0
Baixa vazao,171,P_2044016,0.0,0.0
Baixa vazao,171,P_2044024,0.0,0.0
Baixa vazao,171,P_2044042,5.9,0.0
Baixa vazao,171,P_2045002,0.0,0.0
Baixa vazao,171,P_2046013,0.0,0.0
Baixa vazao,171,Q_40032000,7.5115,-6.660430749088535
Baixa vazao,171,Q_40050000,33.8234,0.0
Baixa vazao,171,Q_40060001,6.442,-20.851180560418793
Baixa vazao,171,Q_40100000,61.8768,-176.53940852839176
Baixa vazao,171,Q_40185000,3.631,0.0
Baixa vazao,171,Q_40330000,12.3837,-86.72009192162368
Baixa vazao,171,Q_40800001,19.1146,-9.379868492247386
Baixa vazao,171,Q_40850000,25.7317,-67.2754220439408
Baixa vazao,171,Q_40930000,2.9059,-26.75963084266963
Baixa vazao,172,P_1944059,1.0,0.0
Baixa vazao,172,P_1944063,0.0,-6.69335952460543
Baixa vazao,172,P_1945002,4.6,0.0
Baixa vazao,172,P_1945008,11.3,0.0
Baixa vazao,172,P_1946000,0.0,0.0
Baixa vazao,172,P_2044008,0.0,-1.8442666309923719
Baixa vazao,172,P_2044016,0.0,0.0
Baixa vazao,172,P_2044024,0.0,0.0
Baixa vazao,172,P_2044042,0.0,0.0
Baixa vazao,172,P_2045002,0.0,0.0
Baixa vazao,172,P_2046013,0.0,0.0
Baixa vazao,172,Q_40032000,8.8259,-4.436178676145972
Baixa vazao,172,Q_40050000,23.0489,-0.9033711145987695
Baixa vazao,172,Q_40060001,2.6752,-34.34194476994536
Baixa vazao,172,Q_40100000,33.3407,-218.10086988769842
Baixa vazao,172,Q_40185000,2.2424,0.0
Baixa vazao,172,Q_40330000,12.034,-85.58832057777728
Baixa vazao,172,Q_40800001,13.2384,-6.005003496952146
Baixa vazao,172,Q_40850000,16.8715,-76.14270965895147
Baixa vazao,172,Q_40930000,2.9059,-26.4519039240896
Baixa vazao,173,P_1944059,0.0,0.0
Baixa vazao,173,P_1944063,0.0,-9.159767822756253
Baixa vazao,173,P_1945002,0.0,-8.19536885073012
Baixa vazao,173,P_1945008,0.0,-8.337388710898443
Baixa vazao,173,P_1946000,0.0,0.0
Baixa vazao,173,P_2044008,0.0,0.0
Baixa vazao,173,P_2044016,0.0,0.0
Baixa vazao,173,P_2044024,0.0,0.0
Baixa vazao,173,P_2044042,0.0,0.0
Baixa vazao,173,P_2045002,0.0,0.0
Baixa vazao,173,P_2046013,0.0,0.0
Baixa vazao,173,Q_40032000,7.5115,-8.614413192082866
Baixa vazao,173,Q_40050000,25.1826,0.0
Baixa vazao,173,Q_40060001,4.6405,-27.250816827113884
Baixa vazao,173,Q_40100000,73.0533,-167.74237412429997
Baixa vazao,173,Q_40185000,5.9063,0.0
Baixa vazao,173,Q_40330000,36.022,-58.36772315995827
Baixa vazao,173,Q_40800001,25.166,-6.595577351906456
Baixa vazao,173,Q_40850000,32.7733,-60.54882996457882
Baixa vazao,173,Q_40930000,2.1021,-30.28808311338886
Baixa vazao,174,P_1944059,0.0,0.0
Baixa vazao,174,P_1944063,0.0,-9.231495705161095
Baixa vazao,174,P_1945002,0.0,-8.172269327656632
Baixa vazao,174,P_1945008,0.0,-8.188655560214528
Baixa vazao,174,P_1946000,0.0,0.0
Baixa vazao,174,P_2044008,0.0,0.0
Baixa vazao,174,P_2044016,0.0,0.0
Baixa vazao,174,P_2044024,0.0,0.0
Baixa vazao,174,P_2044042,0.0,0.0
Baixa vazao,174,P_2045002,0.0,0.0
Baixa vazao,174,P_2046013,0.0,0.0
Baixa vazao,174,Q_40032000,8.8259,-8.714273508694543
Baixa vazao,174,Q_40050000,34.6776,0.0
Baixa vazao,174,Q_40060001,3.4974,-31.49453484035367
Baixa vazao,174,Q_40100000,56.9282,-187.11896413104296
Baixa vazao,174,Q_40185000,5.2202,0.0
Baixa vazao,174,Q_40330000,14.1853,-85.44083722063176
Baixa vazao,174,Q_40800001,24.5869,-6.714019899135906
Baixa vazao,174,Q_40850000,31.1041,-62.073421604749804
Baixa vazao,174,Q_40930000,2.4097,-29.132077618901185
Baixa vazao,175,P_1944059,0.0,0.0
Baixa vazao,175,P_1944063,0.0,-9.21670526671956
Baixa vazao,175,P_1945002,0.0,-7.877614195869228
Baixa vazao,175,P_1945008,0.0,-8.275173212423622
Baixa vazao,175,P_1946000,0.0,0.0
Baixa vazao,175,P_2044008,0.0,0.0
Baixa vazao,175,P_2044016,0.0,0.0
Baixa vazao,175,P_2044024,0.0,0.0
Baixa vazao,175,P_2044042,0.0,0.0
Baixa vazao,175,P_2045002,0.0,0.0
Baixa vazao,175,P_2046013,0.0,0.0
Baixa vazao,175,Q_40032000,6.4284,-8.206605818150624
Baixa vazao,175,Q_40050000,22.8125,0.0
Baixa vazao,175,Q_40060001,4.3869,-28.52325050447277
Baixa vazao,175,Q_40100000,65.6775,-176.62017878901548
Baixa vazao,175,Q_40185000,4.2442,0.0
Baixa vazao,175,Q_40330000,24.8827,-72.23782684098218
Baixa vazao,175,Q_40800001,18.1312,-7.578141607922792
Baixa vazao,175,Q_40850000,23.6691,-69.78232665430303
Baixa vazao,175,Q_40930000,1.3702,-31.44714730304987
Baixa vazao,176,P_1944059,0.0,0.0
Baixa vazao,176,P_1944063,0.0,-8.507725799199818
Baixa vazao,176,P_1945002,0.0,-6.755216996502156
Baixa vazao,176,P_1945008,0.0,-7.396570366043766
Baixa vazao,176,P_1946000,0.0,0.0
Baixa vazao,176,P_2044008,9.4,0.0
Baixa vazao,176,P_2044016,0.0,0.0
Baixa vazao,176,P_2044024,0.0,0.0
Baixa vazao,176,P_2044042,0.0,0.0
Baixa vazao,176,P_2045002,2.4,0.0
Baixa vazao,176,P_2046013,0.0,0.0
Baixa vazao,176,Q_40032000,5.912,-6.903098742759378
Baixa vazao,176,Q_40050000,26.757,0.0
Baixa vazao,176,Q_40060001,3.2663,-31.625173144985304
Baixa vazao,176,Q_40100000,42.3723,-204.68474408445542
Baixa vazao,176,Q_40185000,8.1334,0.0
Baixa vazao,176,Q_40330000,28.5889,-66.66326454320152
Baixa vazao,176,Q_40800001,24.5892,-6.044092305002117
Baixa vazao,176,Q_40850000,42.7002,-49.7790925778612
Baixa vazao,176,Q_40930000,1.8783,-29.8990107369025
Baixa vazao,177,P_1944059,0.0,0.0
Baixa vazao,177,P_1944063,0.0,-9.396285468435888
Baixa vazao,177,P_1945002,0.0,-7.946109017144842
Baixa vazao,177,P_1945008,0.0,-7.952228356603459
Baixa vazao,177,P_1946000,0.0,0.0
Baixa vazao,177,P_2044008,0.0,0.0
Baixa vazao,177,P_2044016,0.0,0.0
Baixa vazao,177,P_2044024,0.0,0.0
Baixa vazao,177,P_2044042,0.0,0.0
Baixa vazao,177,P_2045002,0.0,0.0
Baixa vazao,177,P_2046013,0.0,0.0
Baixa vazao,177,Q_40032000,5.0991,-7.711839343088968
Baixa vazao,177,Q_40050000,21.4869,0.0
Baixa vazao,177,Q_40060001,2.8924,-33.879040260070674
Baixa vazao,177,Q_40100000,32.7344,-215.8652595218941
Baixa vazao,177,Q_40185000,7.3505,0.0
Baixa vazao,177,Q_40330000,26.2508,-69.09778682158702
Baixa vazao,177,Q_40800001,15.6888,-8.45368949574683
Baixa vazao,177,Q_40850000,17.3341,-75.21684065894145
Baixa vazao,177,Q_40930000,1.1547,-31.79870191834123
Baixa vazao,178,P_1944059,0.0,0.0
Baixa vazao,178,P_1944063,0.0,-9.066326062183547
Baixa vazao,178,P_1945002,0.0,-8.368961014185878
Baixa vazao,178,P_1945008,0.0,-8.275499467271361
Baixa vazao,178,P_1946000,0.0,0.0
Baixa vazao,178,P_2044008,0.0,0.0
Baixa vazao,178,P_2044016,0.0,0.0
Baixa vazao,178,P_2044024,0.0,0.0
Baixa vazao,178,P_2044042,0.0,0.0
Baixa vazao,178,P_2045002,0.0,0.0
Baixa vazao,178,P_2046013,0.0,0.0
Baixa vazao,178,Q_40032000,7.1451,-9.028689242817814
Baixa vazao,178,Q_40050000,24.6215,0.0
Baixa vazao,178,Q_40060001,4.5555,-27.659810010284833
Baixa vazao,178,Q_40100000,70.5712,-170.70924995917596
Baixa vazao,178,Q_40185000,5.9063,0.0
Baixa vazao,178,Q_40330000,37.5815,-56.2396660742528
Baixa vazao,178,Q_40800001,21.9898,-6.987787282197701
Baixa vazao,178,Q_40850000,29.4609,-63.825968438056016
Baixa vazao,178,Q_40930000,2.1021,-30.361084541897494
Baixa vazao,179,P_1944059,0.0,0.0
Baixa vazao,179,P_1944063,0.0,-9.279255417219293
Baixa vazao,179,P_1945002,0.0,-7.807336423243833
Baixa vazao,179,P_1945008,0.0,-8.48191899521479
Baixa vazao,179,P_1946000,0.0,0.0
Baixa vazao,179,P_2044008,0.0,0.0
Baixa vazao,179,P_2044016,0.0,0.0
Baixa vazao,179,P_2044024,0.0,0.0
Baixa vazao,179,P_2044042,0.0,0.0
Baixa vazao,179,P_2045002,0.0,0.0
Baixa vazao,179,P_2046013,0.0,0.0
Baixa vazao,179,Q_40032000,5.4994,-8.368184462560844
Baixa vazao,179,Q_40050000,23.4924,0.0
Baixa vazao,179,Q_40060001,3.115,-32.201027985965666
Baixa vazao,179,Q_40100000,38.3946,-209.4373114827544
Baixa vazao,179,Q_40185000,7.7378,0.0
Baixa vazao,179,Q_40330000,26.7127,-69.00742046128121
Baixa vazao,179,Q_40800001,18.7021,-7.602522037353026
Baixa vazao,179,Q_40850000,22.6572,-69.76154287259989
Baixa vazao,179,Q_40930000,1.6307,-31.02544315774356
Baixa vazao,180,P_1944059,0.0,0.0
Baixa vazao,180,P_1944063,0.0,-8.28259873986726
Baixa vazao,180,P_1945002,34.8,56.84737855277513
Baixa vazao,180,P_1945008,0.0,-7.72845408861334
Baixa vazao,180,P_1946000,0.0,0.0
Baixa vazao,180,P_2044008,0.0,0.0
Baixa vazao,180,P_2044016,0.0,0.0
Baixa vazao,180,P_2044024,3.6,0.0
Baixa vazao,180,P_2044042,1.7,0.0
Baixa vazao,180,P_2045002,1.2,0.0
Baixa vazao,180,P_2046013,2.6,0.0
Baixa vazao,180,Q_40032000,7.5115,-6.595576525886145
Baixa vazao,180,Q_40050000,36.998,0.0
Baixa vazao,180,Q_40060001,4.4709,-31.923486767623775
Baixa vazao,180,Q_40100000,49.768,-204.3881784638404
Baixa vazao,180,Q_40185000,5.5598,0.0
Baixa vazao,180,Q_40330000,11.688,-90.25233125573398
Baixa vazao,180,Q_40800001,13.7476,-9.71815854072779
Baixa vazao,180,Q_40850000,16.8715,-79.5681417769679
Baixa vazao,180,Q_40930000,7.349,-19.827839273435462
Baixa vazao,181,P_1944059,0.0,0.0
Baixa vazao,181,P_1944063,0.249462366,-8.493612227048537
Baixa vazao,181,P_1945002,0.0,-8.810261050168098
Baixa vazao,181,P_1945008,0.0,-8.373648183342574
Baixa vazao,181,P_1946000,0.0,0.0
Baixa vazao,181,P_2044008,0.0,0.0
Baixa vazao,181,P_2044016,0.0,0.0
Baixa vazao,181,P_2044024,0.0,0.0
Baixa vazao,181,P_2044042,0.0,0.0
Baixa vazao,181,P_2045002,0.0,0.0
Baixa vazao,181,P_2046013,0.0,0.0
Baixa vazao,181,Q_40032000,10.6207,-8.419573745391078
Baixa vazao,181,Q_40050000,51.8518,0.0
Baixa vazao,181,Q_40060001,6.2535,-22.00857706589299
Baixa vazao,181,Q_40100000,87.1825,-149.7699252096794
Baixa vazao,181,Q_40185000,6.6193,0.0
Baixa vazao,181,Q_40330000,27.1774,-69.41495386328818
Baixa vazao,181,Q_40800001,18.5374,-7.0431214983769905
Baixa vazao,181,Q_40850000,22.6572,-70.58418061487045
Baixa vazao,181,Q_40930000,5.3641,-23.988199498522825
Baixa vazao,182,P_1944059,0.0,0.0
Baixa vazao,182,P_1944063,0.0,-9.695905612839073
Baixa vazao,182,P_1945002,0.0,-7.543963701077192
Baixa vazao,182,P_1945008,0.0,-7.725746883518809
Baixa vazao,182,P_1946000,0.0,0.0
Baixa vazao,182,P_2044008,0.0,0.0
Baixa vazao,182,P_2044016,0.0,0.0
Baixa vazao,182,P_2044024,0.0,0.0
Baixa vazao,182,P_2044042,0.0,0.0
Baixa vazao,182,P_2045002,0.0,0.0
Baixa vazao,182,P_2046013,0.0,0.0
Baixa vazao,182,Q_40032000,7.441,-8.726373188724997
Baixa vazao,182,Q_40050000,25.7723,0.0
Baixa vazao,182,Q_40060001,2.8924,-33.30269291758663
Baixa vazao,182,Q_40100000,44.0513,-201.91623250728136
Baixa vazao,182,Q_40185000,3.3363,0.0
Baixa vazao,182,Q_40330000,7.5329,-92.3434236586734
Baixa vazao,182,Q_40800001,15.1975,-8.686909355320864
Baixa vazao,182,Q_40850000,14.1757,-78.6167768211788
Baixa vazao,182,Q_40930000,1.1884,-32.020620473465925
Baixa vazao,183,P_1944059,0.0,0.0
Baixa vazao,183,P_1944063,0.0,-9.26198228526805
Baixa vazao,183,P_1945002,0.0,-7.906938986647219
Baixa vazao,183,P_1945008,0.0,-8.207540050189168
Baixa vazao,183,P_1946000,0.0,0.0
Baixa vazao,183,P_2044008,0.0,0.0
Baixa vazao,183,P_2044016,0.0,0.0
Baixa vazao,183,P_2044024,0.0,0.0
Baixa vazao,183,P_2044042,0.0,0.0
Baixa vazao,183,P_2045002,0.0,0.0
Baixa vazao,183,P_2046013,0.0,0.0
Baixa vazao,183,Q_40032000,6.4284,-8.586211035833397
Baixa vazao,183,Q_40050000,23.5055,0.0
Baixa vazao,183,Q_40060001,3.9747,-29.780498647423602
Baixa vazao,183,Q_40100000,60.6268,-182.91047955595042
Baixa vazao,183,Q_40185000,5.2202,0.0
Baixa vazao,183,Q_40330000,23.9853,-72.87922105857042
Baixa vazao,183,Q_40800001,15.8818,-7.910935233291157
Baixa vazao,183,Q_40850000,19.7014,-73.15014637134453
Baixa vazao,183,Q_40930000,1.8525,-30.48425701966081
Baixa vazao,184,P_1944059,0.0,0.0
Baixa vazao,184,P_1944063,0.0,-9.392740647398874
Baixa vazao,184,P_1945002,0.0,-8.882838338205012
Baixa vazao,184,P_1945008,0.0,-8.082870298448851
Baixa vazao,184,P_1946000,0.0,0.0
Baixa vazao,184,P_2044008,0.0,-5.156756006100693
Baixa vazao,184,P_2044016,0.0,0.0
Baixa vazao,184,P_2044024,0.0,0.0
Baixa vazao,184,P_2044042,0.0,0.0
Baixa vazao,184,P_2045002,0.0,0.0
Baixa vazao,184,P_2046013,0.0,0.0
Baixa vazao,184,Q_40032000,8.6394,-8.576405253347088
Baixa vazao,184,Q_40050000,37.5739,0.0
Baixa vazao,184,Q_40060001,4.9855,-26.05546589343927
Baixa vazao,184,Q_40100000,67.0446,-175.1973170973044
Baixa vazao,184,Q_40185000,8.1334,0.0
Baixa vazao,184,Q_40330000,29.0651,-67.65028545614975
Baixa vazao,184,Q_40800001,31.0345,0.0
Baixa vazao,184,Q_40850000,41.4926,-51.443497151671664
Baixa vazao,184,Q_40930000,4.6044,-25.09623374810927
Baixa vazao,185,P_1944059,0.0,0.0
Baixa vazao,185,P_1944063,0.0,-9.206660216975772
Baixa vazao,185,P_1945002,0.0,-8.148532660122159
Baixa vazao,185,P_1945008,0.0,-7.872290294718475
Baixa vazao,185,P_1946000,0.0,0.0
Baixa vazao,185,P_2044008,0.0,0.0
Baixa vazao,185,P_2044016,0.0,0.0
Baixa vazao,185,P_2044024,0.0,0.0
Baixa vazao,185,P_2044042,0.0,0.0
Baixa vazao,185,P_2045002,0.0,0.0
Baixa vazao,185,P_2046013,0.0,0.0
Baixa vazao,185,Q_40032000,5.912,-8.10087606808116
Baixa vazao,185,Q_40050000,27.965,0.0
Baixa vazao,185,Q_40060001,3.3428,-31.932583659367133
Baixa vazao,185,Q_40100000,46.5101,-199.6620651819752
Baixa vazao,185,Q_40185000,7.3505,0.0
Baixa vazao,185,Q_40330000,25.7919,-70.70102452677263
Baixa vazao,185,Q_40800001,23.2313,-7.229477698781409
Baixa vazao,185,Q_40850000,28.3803,-64.30576906539393
Baixa vazao,185,Q_40930000,2.1314,-29.670426233319002
Baixa vazao,186,P_1944059,0.0,0.0
Baixa vazao,186,P_1944063,0.0,-9.49339733396408
Baixa vazao,186,P_1945002,0.0,-7.879514963979256
Baixa vazao,186,P_1945008,0.0,-7.759443438736705
Baixa vazao,186,P_1946000,0.0,0.0
Baixa vazao,186,P_2044008,0.0,0.0
Baixa vazao,186,P_2044016,0.0,0.0
Baixa vazao,186,P_2044024,0.0,0.0
Baixa vazao,186,P_2044042,0.0,0.0
Baixa vazao,186,P_2045002,0.0,0.0
Baixa vazao,186,P_2046013,0.0,0.0
Baixa vazao,186,Q_40032000,4.9037,-7.7255084273223815
Baixa vazao,186,Q_40050000,21.4869,0.0
Baixa vazao,186,Q_40060001,2.8194,-33.624707401224576
Baixa vazao,186,Q_40100000,31.8273,-216.257781878844
Baixa vazao,186,Q_40185000,6.6284,0.0
Baixa vazao,186,Q_40330000,22.2264,-74.31477222409968
Baixa vazao,186,Q_40800001,13.9739,-9.076323994953999
Baixa vazao,186,Q_40850000,16.4127,-76.66008066688727
Baixa vazao,186,Q_40930000,1.1547,-31.691747358014474
Baixa vazao,187,P_1944059,0.0,0.0
Baixa vazao,187,P_1944063,0.0,-9.15227386482177
Baixa vazao,187,P_1945002,0.0,-8.832286785714667
Baixa vazao,187,P_1945008,0.0,-7.854009932904073
Baixa vazao,187,P_1946000,0.0,0.0
Baixa vazao,187,P_2044008,0.0,0.0
Baixa vazao,187,P_2044016,0.0,0.0
Baixa vazao,187,P_2044024,0.0,0.0
Baixa vazao,187,P_2044042,0.0,0.0
Baixa vazao,187,P_2045002,0.0,0.0
Baixa vazao,187,P_2046013,0.0,0.0
Baixa vazao,187,Q_40032000,8.1556,-8.894081061405283
Baixa vazao,187,Q_40050000,37.8496,0.0
Baixa vazao,187,Q_40060001,4.5555,-27.5779521291272
Baixa vazao,187,Q_40100000,62.2166,-181.26173485856825
Baixa vazao,187,Q_40185000,8.9491,0.0
Baixa vazao,187,Q_40330000,31.488,-64.11968731468784
Baixa vazao,187,Q_40800001,33.3007,-5.472618960250372
Baixa vazao,187,Q_40850000,43.918,-49.299193705965266
Baixa vazao,187,Q_40930000,3.4672,-26.860961291378537
Baixa vazao,188,P_1944059,0.0,-3.5084483847472256
Baixa vazao,188,P_1944063,0.0,-7.764212731954251
Baixa vazao,188,P_1945002,8.4,0.0
Baixa vazao,188,P_1945008,0.0,-6.096509591472955
Baixa vazao,188,P_1946000,0.0,0.0
Baixa vazao,188,P_2044008,0.0,0.0
Baixa vazao,188,P_2044016,0.0,0.0
Baixa vazao,188,P_2044024,0.0,0.0
Baixa vazao,188,P_2044042,0.0,0.0
Baixa vazao,188,P_2045002,0.0,0.0
Baixa vazao,188,P_2046013,0.0,0.0
Baixa vazao,188,Q_40032000,9.0011,-6.736791192753424
Baixa vazao,188,Q_40050000,38.4795,0.0
Baixa vazao,188,Q_40060001,3.4974,-31.832929439761195
Baixa vazao,188,Q_40100000,60.6268,-184.75736167352812
Baixa vazao,188,Q_40185000,5.5598,0.0
Baixa vazao,188,Q_40330000,17.2461,-82.27449734036533
Baixa vazao,188,Q_40800001,29.7587,-4.897917073802013
Baixa vazao,188,Q_40850000,30.5535,-62.756045500855
Baixa vazao,188,Q_40930000,2.4097,-28.208540344724405
Baixa vazao,189,P_1944059,0.0,0.0
Baixa vazao,189,P_1944063,0.0,-9.692769025429007
Baixa vazao,189,P_1945002,0.0,-8.356092236460187
Baixa vazao,189,P_1945008,0.0,-8.284392985409818
Baixa vazao,189,P_1946000,0.0,0.0
Baixa vazao,189,P_2044008,0.0,0.0
Baixa vazao,189,P_2044016,0.0,0.0
Baixa vazao,189,P_2044024,0.0,0.0
Baixa vazao,189,P_2044042,0.0,0.0
Baixa vazao,189,P_2045002,0.0,0.0
Baixa vazao,189,P_2046013,0.0,0.0
Baixa vazao,189,Q_40032000,8.6413,-8.436818063450895
Baixa vazao,189,Q_40050000,40.8996,0.0
Baixa vazao,189,Q_40060001,6.0668,-22.353721838860103
Baixa vazao,189,Q_40100000,70.5712,-170.68659345921535
Baixa vazao,189,Q_40185000,4.8876,0.0
Baixa vazao,189,Q_40330000,25.3358,-72.11849760142519
Baixa vazao,189,Q_40800001,15.2633,-7.9008236451503535
Baixa vazao,189,Q_40850000,20.6731,-72.41486001796999
Baixa vazao,189,Q_40930000,4.104,-26.41170533565161
Baixa vazao,190,P_1944059,48.2,135.2000004295961
Baixa vazao,190,P_1944063,6.0,0.0
Baixa vazao,190,P_1945002,0.0,0.0
Baixa vazao,190,P_1945008,0.0,-5.698408545649368
Baixa vazao,190,P_1946000,0.0,0.0
Baixa vazao,190,P_2044008,0.0,0.0
Baixa vazao,190,P_2044016,0.0,0.0
Baixa vazao,190,P_2044024,0.0,0.0
Baixa vazao,190,P_2044042,0.1,0.0
Baixa vazao,190,P_2045002,0.8,0.0
Baixa vazao,190,P_2046013,13.7,0.0
Baixa vazao,190,Q_40032000,6.0782,-4.009811212675748
Baixa vazao,190,Q_40050000,20.4828,-3.038865640018571
Baixa vazao,190,Q_40060001,3.8938,-28.018931183440163
Baixa vazao,190,Q_40100000,52.119,-185.29124380843487
Baixa vazao,190,Q_40185000,3.631,0.0
Baixa vazao,190,Q_40330000,14.9303,-80.10285805703137
Baixa vazao,190,Q_40800001,15.1439,-8.603519863346044
Baixa vazao,190,Q_40850000,19.7014,-68.76555280688937
Baixa vazao,190,Q_40930000,1.3702,-28.456561975722842
Baixa vazao,191,P_1944059,0.0,0.0
Baixa vazao,191,P_1944063,0.0,-9.002305766101712
Baixa vazao,191,P_1945002,0.0,-7.679086016832279
Baixa vazao,191,P_1945008,0.0,-8.478315813962832
Baixa vazao,191,P_1946000,0.0,0.0
Baixa vazao,191,P_2044008,0.0,0.0
Baixa vazao,191,P_2044016,0.0,0.0
Baixa vazao,191,P_2044024,0.0,0.0
Baixa vazao,191,P_2044042,0.0,0.0
Baixa vazao,191,P_2045002,0.0,0.0
Baixa vazao,191,P_2046013,0.0,0.0
Baixa vazao,191,Q_40032000,5.4994,-7.706843793425041
Baixa vazao,191,Q_40050000,27.2376,0.0
Baixa vazao,191,Q_40060001,3.3428,-32.211372449842976
Baixa vazao,191,Q_40100000,44.4214,-202.07074334506515
Baixa vazao,191,Q_40185000,8.1334,0.0
Baixa vazao,191,Q_40330000,28.1156,-67.66906483565928
Baixa vazao,191,Q_40800001,22.5628,-7.544025040738177
Baixa vazao,191,Q_40850000,27.3117,-65.11814980868898
Baixa vazao,191,Q_40930000,1.8783,-30.200811918784183
Baixa vazao,192,P_1944059,0.0,0.0
Baixa vazao,192,P_1944063,0.0,-9.971684388518012
Baixa vazao,192,P_1945002,0.0,-8.07254507255982
Baixa vazao,192,P_1945008,0.0,-8.65445947885905
Baixa vazao,192,P_1946000,4.3,0.0
Baixa vazao,192,P_2044008,0.0,0.0
Baixa vazao,192,P_2044016,0.0,0.0
Baixa vazao,192,P_2044024,0.0,0.0
Baixa vazao,192,P_2044042,0.0,0.0
Baixa vazao,192,P_2045002,0.0,0.0
Baixa vazao,192,P_2046013,3.2,0.0
Baixa vazao,192,Q_40032000,7.5115,-8.147636945769937
Baixa vazao,192,Q_40050000,32.1416,0.0
Baixa vazao,192,Q_40060001,4.4709,-29.420815102259567
Baixa vazao,192,Q_40100000,47.4535,-199.43620108619623
Baixa vazao,192,Q_40185000,7.7372,0.0
Baixa vazao,192,Q_40330000,12.034,-88.6197210779393
Baixa vazao,192,Q_40800001,14.2439,-9.81365215516298
Baixa vazao,192,Q_40850000,17.8004,-75.85292892390682
Baixa vazao,192,Q_40930000,0.7776,-33.17246646466724
Baixa vazao,193,P_1944059,0.0,0.0
Baixa vazao,193,P_1944063,0.0,-9.536526975169949
Baixa vazao,193,P_1945002,0.0,-7.916984147285824
Baixa vazao,193,P_1945008,0.0,-8.531612327917998
Baixa vazao,193,P_1946000,0.0,0.0
Baixa vazao,193,P_2044008,0.0,0.0
Baixa vazao,193,P_2044016,0.0,0.0
Baixa vazao,193,P_2044024,0.0,0.0
Baixa vazao,193,P_2044042,0.0,0.0
Baixa vazao,193,P_2045002,0.0,0.0
Baixa vazao,193,P_2046013,0.0,0.0
Baixa vazao,193,Q_40032000,7.7843,-8.182447312544014
Baixa vazao,193,Q_40050000,21.3815,0.0
Baixa vazao,193,Q_40060001,2.5334,-34.587595112418356
Baixa vazao,193,Q_40100000,33.3407,-215.00004245800434
Baixa vazao,193,Q_40185000,2.5025,0.0
Baixa vazao,193,Q_40330000,8.7413,-91.09591278940876
Baixa vazao,193,Q_40800001,12.8527,-8.875361892792965
Baixa vazao,193,Q_40850000,17.3341,-74.81161867627313
Baixa vazao,193,Q_40930000,1.2649,-31.851879945185804
Baixa vazao,194,P_1944059,0.0,-5.5150843761117585
Baixa vazao,194,P_1944063,1.2,0.0
Baixa vazao,194,P_1945002,0.0,-7.64791594661984
Baixa vazao,194,P_1945008,0.0,-8.139458473511082
Baixa vazao,194,P_1946000,0.0,0.0
Baixa vazao,194,P_2044008,1.2,0.0
Baixa vazao,194,P_2044016,0.0,0.0
Baixa vazao,194,P_2044024,0.0,0.0
Baixa vazao,194,P_2044042,0.6,0.0
Baixa vazao,194,P_2045002,0.0,0.0
Baixa vazao,194,P_2046013,0.0,0.0
Baixa vazao,194,Q_40032000,5.0991,-8.05699734675653
Baixa vazao,194,Q_40050000,20.8349,0.0
Baixa vazao,194,Q_40060001,2.747,-34.92826608881243
Baixa vazao,194,Q_40100000,30.9308,-219.31438633289144
Baixa vazao,194,Q_40185000,5.274,0.0
Baixa vazao,194,Q_40330000,16.4609,-81.54804042918106
Baixa vazao,194,Q_40800001,13.9739,-8.877173090439248
Baixa vazao,194,Q_40850000,14.6153,-78.69350020363102
Baixa vazao,194,Q_40930000,5.7909,-22.61087077482784
Baixa vazao,195,P_1944059,0.0,0.0
Baixa vazao,195,P_1944063,0.0,-9.66362579167445
Baixa vazao,195,P_1945002,0.0,-8.761327343375696
Baixa vazao,195,P_1945008,0.0,-8.376735641740213
Baixa vazao,195,P_1946000,0.0,0.0
Baixa vazao,195,P_2044008,0.0,0.0
Baixa vazao,195,P_2044016,0.0,0.0
Baixa vazao,195,P_2044024,0.0,0.0
Baixa vazao,195,P_2044042,0.0,0.0
Baixa vazao,195,P_2045002,0.0,0.0
Baixa vazao,195,P_2046013,0.0,0.0
Baixa vazao,195,Q_40032000,8.2597,-8.501674575093837
Baixa vazao,195,Q_40050000,33.5407,0.0
Baixa vazao,195,Q_40060001,5.608,-23.57951140969298
Baixa vazao,195,Q_40100000,74.3045,-165.57304327523724
Baixa vazao,195,Q_40185000,6.9856,0.0
Baixa vazao,195,Q_40330000,14.1853,-85.57329026521708
Baixa vazao,195,Q_40800001,17.4101,-7.52454297016078
Baixa vazao,195,Q_40850000,28.9191,-64.20476618601312
Baixa vazao,195,Q_40930000,0.7776,-32.935537512535845
Baixa vazao,196,P_1944059,0.0,0.0
Baixa vazao,196,P_1944063,0.0,-9.566811102682834
Baixa vazao,196,P_1945002,0.0,-7.808135719501634
Baixa vazao,196,P_1945008,0.0,-8.131182263380358
Baixa vazao,196,P_1946000,0.0,0.0
Baixa vazao,196,P_2044008,0.0,0.0
Baixa vazao,196,P_2044016,0.0,0.0
Baixa vazao,196,P_2044024,0.0,0.0
Baixa vazao,196,P_2044042,0.0,0.0
Baixa vazao,196,P_2045002,0.0,0.0
Baixa vazao,196,P_2046013,0.0,0.0
Baixa vazao,196,Q_40032000,5.4994,-7.947480790646338
Baixa vazao,196,Q_40050000,27.4792,0.0
Baixa vazao,196,Q_40060001,3.3428,-31.98277949601516
Baixa vazao,196,Q_40100000,44.4214,-202.36775661371394
Baixa vazao,196,Q_40185000,7.3505,0.0
Baixa vazao,196,Q_40330000,25.7919,-70.54044221014144
Baixa vazao,196,Q_40800001,22.5628,-7.536253452601841
Baixa vazao,196,Q_40850000,27.3117,-64.9415310889453
Baixa vazao,196,Q_40930000,2.1314,-29.244607037799874
Baixa vazao,197,P_1944059,0.0,0.0
Baixa vazao,197,P_1944063,0.0,-9.667782724391348
Baixa vazao,197,P_1945002,0.0,-8.785818806015786
Baixa vazao,197,P_1945008,0.0,-7.797353442839366
Baixa vazao,197,P_1946000,0.0,0.0
Baixa vazao,197,P_2044008,0.0,0.0
Baixa vazao,197,P_2044016,0.0,0.0
Baixa vazao,197,P_2044024,0.0,0.0
Baixa vazao,197,P_2044042,0.0,0.0
Baixa vazao,197,P_2045002,0.0,0.0
Baixa vazao,197,P_2046013,0.0,0.0
Baixa vazao,197,Q_40032000,9.0278,-8.800870779795373
Baixa vazao,197,Q_40050000,41.2063,0.0
Baixa vazao,197,Q_40060001,6.0668,-22.591718307669556
Baixa vazao,197,Q_40100000,71.8088,-169.2211849136337
Baixa vazao,197,Q_40185000,4.8876,0.0
Baixa vazao,197,Q_40330000,24.8827,-72.6212413231833
Baixa vazao,197,Q_40800001,15.2633,-7.949221133333765
Baixa vazao,197,Q_40850000,21.164,-71.81323112524308
Baixa vazao,197,Q_40930000,4.4137,-25.435477690514784
Baixa vazao,198,P_1944059,0.0,0.0
Baixa vazao,198,P_1944063,0.0,-9.652037005810527
Baixa vazao,198,P_1945002,0.0,-8.42012018463968
Baixa vazao,198,P_1945008,0.0,-8.38485054247144
Baixa vazao,198,P_1946000,0.0,0.0
Baixa vazao,198,P_2044008,0.0,0.0
Baixa vazao,198,P_2044016,0.0,0.0
Baixa vazao,198,P_2044024,0.0,0.0
Baixa vazao,198,P_2044042,0.0,0.0
Baixa vazao,198,P_2045002,0.0,0.0
Baixa vazao,198,P_2046013,0.0,0.0
Baixa vazao,198,Q_40032000,8.6413,-9.024681883289995
Baixa vazao,198,Q_40050000,40.5937,0.0
Baixa vazao,198,Q_40060001,6.0668,-22.52208921554023
Baixa vazao,198,Q_40100000,66.9,-175.15161777578777
Baixa vazao,198,Q_40185000,4.8876,0.0
Baixa vazao,198,Q_40330000,26.2508,-70.36876014805543
Baixa vazao,198,Q_40800001,14.7491,-7.7216359997087025
Baixa vazao,198,Q_40850000,20.6731,-72.38177894837851
Baixa vazao,198,Q_40930000,4.104,-26.454254873504283
Baixa vazao,199,P_1944059,0.0,0.0
Baixa vazao,199,P_1944063,0.0,-9.303137752355758
Baixa vazao,199,P_1945002,0.0,-8.186635793837675
Baixa vazao,199,P_1945008,0.0,-8.106696688562852
Baixa vazao,199,P_1946000,0.0,0.0
Baixa vazao,199,P_2044008,0.0,0.0
Baixa vazao,199,P_2044016,0.0,0.0
Baixa vazao,199,P_2044024,0.0,0.0
Baixa vazao,199,P_2044042,0.0,0.0
Baixa vazao,199,P_2045002,0.0,0.0
Baixa vazao,199,P_2046013,0.0,0.0
Baixa vazao,199,Q_40032000,4.9037,-7.718041961608435
Baixa vazao,199,Q_40050000,21.4869,0.0
Baixa vazao,199,Q_40060001,2.8194,-33.84295620104976
Baixa vazao,199,Q_40100000,30.9308,-217.719458508745
Baixa vazao,199,Q_40185000,6.6284,0.0
Baixa vazao,199,Q_40330000,22.2264,-74.3432736940196
Baixa vazao,199,Q_40800001,13.9739,-9.022353165372138
Baixa vazao,199,Q_40850000,14.6153,-77.38885462950884
Baixa vazao,199,Q_40930000,1.1547,-31.74208230566164
Baixa vazao,200,P_1944059,0.0,0.0
Baixa vazao,200,P_1944063,2.1,0.0
Baixa vazao,200,P_1945002,27.2,28.06288379226448
Baixa vazao,200,P_1945008,0.0,-4.853467798767538
Baixa vazao,200,P_1946000,0.0,0.0
Baixa vazao,200,P_2044008,0.0,0.0
Baixa vazao,200,P_2044016,0.0,0.0
Baixa vazao,200,P_2044024,0.0,0.0
Baixa vazao,200,P_2044042,3.4,0.0
Baixa vazao,200,P_2045002,12.7,0.0
Baixa vazao,200,P_2046013,30.0,0.0
Baixa vazao,200,Q_40032000,4.9037,-2.7420408848892066
Baixa vazao,200,Q_40050000,20.4048,-3.7354718775385836
Baixa vazao,200,Q_40060001,2.747,-36.38969520425136
Baixa vazao,200,Q_40100000,30.9308,-227.22156707892327
Baixa vazao,200,Q_40185000,5.6024,0.0
Baixa vazao,200,Q_40330000,17.6437,-81.81691074078275
Baixa vazao,200,Q_40800001,13.9739,-8.925305836188617
Baixa vazao,200,Q_40850000,14.1757,-80.83824887534406
Baixa vazao,200,Q_40930000,8.2852,-17.616676755382816
Baixa vazao,201,P_1944059,0.0,-5.332837836695489
Baixa vazao,201,P_1944063,0.0,-9.83929632189873
Baixa vazao,201,P_1945002,0.0,-8.742964755118967
Baixa vazao,201,P_1945008,0.0,-8.629638727459714
Baixa vazao,201,P_1946000,0.0,0.0
Baixa vazao,201,P_2044008,0.0,0.0
Baixa vazao,201,P_2044016,0.0,0.0
Baixa vazao,201,P_2044024,0.0,0.0
Baixa vazao,201,P_2044042,0.0,0.0
Baixa vazao,201,P_2045002,0.0,0.0
Baixa vazao,201,P_2046013,0.0,0.0
Baixa vazao,201,Q_40032000,8.6394,-9.054645333581115
Baixa vazao,201,Q_40050000,45.0101,0.0
Baixa vazao,201,Q_40060001,5.9741,-22.570705704529086
Baixa vazao,201,Q_40100000,78.4446,-160.4084273223139
Baixa vazao,201,Q_40185000,7.7378,0.0
Baixa vazao,201,Q_40330000,26.7127,-70.02029604473171
Baixa vazao,201,Q_40800001,34.0688,0.0
Baixa vazao,201,Q_40850000,45.1458,-47.25245925607813
Baixa vazao,201,Q_40930000,4.6044,-25.33192703991641
Baixa vazao,202,P_1944059,0.0,0.0
Baixa vazao,202,P_1944063,0.0,-9.51161134441435
Baixa vazao,202,P_1945002,0.0,-7.9616636397610705
Baixa vazao,202,P_1945008,0.0,-8.026483241310219
Baixa vazao,202,P_1946000,0.0,0.0
Baixa vazao,202,P_2044008,0.0,0.0
Baixa vazao,202,P_2044016,0.0,0.0
Baixa vazao,202,P_2044024,0.0,0.0
Baixa vazao,202,P_2044042,0.0,0.0
Baixa vazao,202,P_2045002,0.0,0.0
Baixa vazao,202,P_2046013,0.0,0.0
Baixa vazao,202,Q_40032000,8.1296,-8.036355899311976
Baixa vazao,202,Q_40050000,28.8846,0.0
Baixa vazao,202,Q_40060001,3.0402,-32.87106747913804
Baixa vazao,202,Q_40100000,49.768,-195.60511148478568
Baixa vazao,202,Q_40185000,4.5622,0.0
Baixa vazao,202,Q_40330000,11.688,-88.28908829117019
Baixa vazao,202,Q_40800001,18.4132,-7.865099542933102
Baixa vazao,202,Q_40850000,24.6941,-68.2255426086009
Baixa vazao,202,Q_40930000,1.6446,-31.067946356307903
Baixa vazao,203,P_1944059,0.0,0.0
Baixa vazao,203,P_1944063,0.0,-9.230805674593913
Baixa vazao,203,P_1945002,0.0,-7.99474761422573
Baixa vazao,203,P_1945008,0.0,-7.856829237550418
Baixa vazao,203,P_1946000,0.0,0.0
Baixa vazao,203,P_2044008,0.0,0.0
Baixa vazao,203,P_2044016,0.0,0.0
Baixa vazao,203,P_2044024,0.0,0.0
Baixa vazao,203,P_2044042,0.0,0.0
Baixa vazao,203,P_2045002,0.0,0.0
Baixa vazao,203,P_2046013,0.0,0.0
Baixa vazao,203,Q_40032000,6.0782,-8.569270956096522
Baixa vazao,203,Q_40050000,21.1636,0.0
Baixa vazao,203,Q_40060001,4.2205,-28.974477351135263
Baixa vazao,203,Q_40100000,56.9282,-186.98917579361472
Baixa vazao,203,Q_40185000,3.9337,0.0
Baixa vazao,203,Q_40330000,24.8827,-71.73525038667616
Baixa vazao,203,Q_40800001,15.8818,-8.821354128827002
Baixa vazao,203,Q_40850000,18.7438,-74.20331259478866
Baixa vazao,203,Q_40930000,1.1388,-31.40261724397506
Baixa vazao,204,P_1944059,0.0,0.0
Baixa vazao,204,P_1944063,0.0,-9.810978892097685
Baixa vazao,204,P_1945002,0.0,-8.392944842680075
Baixa vazao,204,P_1945008,0.0,-8.314545940555861
Baixa vazao,204,P_1946000,0.0,0.0
Baixa vazao,204,P_2044008,0.0,0.0
Baixa vazao,204,P_2044016,0.0,0.0
Baixa vazao,204,P_2044024,0.0,0.0
Baixa vazao,204,P_2044042,0.0,0.0
Baixa vazao,204,P_2045002,0.0,0.0
Baixa vazao,204,P_2046013,0.0,0.0
Baixa vazao,204,Q_40032000,15.3573,-6.687576411325789
Baixa vazao,204,Q_40050000,54.9279,0.0
Baixa vazao,204,Q_40060001,6.7281,-20.617131811635712
Baixa vazao,204,Q_40100000,97.9464,-135.74606310796204
Baixa vazao,204,Q_40185000,7.7372,0.0
Baixa vazao,204,Q_40330000,13.818,-86.54483783966053
Baixa vazao,204,Q_40800001,28.1449,-5.949231926847801
Baixa vazao,204,Q_40850000,16.8715,-76.48832457633932
Baixa vazao,204,Q_40930000,1.2649,-32.760713383843424
Baixa vazao,205,P_1944059,0.0,0.0
Baixa vazao,205,P_1944063,0.0,-9.50281888687271
Baixa vazao,205,P_1945002,0.0,-8.133189613882719
Baixa vazao,205,P_1945008,0.0,-8.569914651304886
Baixa vazao,205,P_1946000,0.0,0.0
Baixa vazao,205,P_2044008,0.0,0.0
Baixa vazao,205,P_2044016,0.0,0.0
Baixa vazao,205,P_2044024,0.0,0.0
Baixa vazao,205,P_2044042,0.0,0.0
Baixa vazao,205,P_2045002,0.0,0.0
Baixa vazao,205,P_2046013,0.0,0.0
Baixa vazao,205,Q_40032000,7.2226,-8.754220288911593
Baixa vazao,205,Q_40050000,33.8013,0.0
Baixa vazao,205,Q_40060001,3.9747,-29.540689755637107
Baixa vazao,205,Q_40100000,56.392,-188.68964862116798
Baixa vazao,205,Q_40185000,6.6284,0.0
Baixa vazao,205,Q_40330000,22.6616,-74.54425152521044
Baixa vazao,205,Q_40800001,28.8264,-6.186830747265105
Baixa vazao,205,Q_40850000,36.7667,-55.68938530839566
Baixa vazao,205,Q_40930000,2.9201,-28.25243235431963
Baixa vazao,206,P_1944059,0.0,0.0
Baixa vazao,206,P_1944063,0.0,-9.553340782070391
Baixa vazao,206,P_1945002,0.0,-8.926157701500754
Baixa vazao,206,P_1945008,0.0,-8.025956689942804
Baixa vazao,206,P_1946000,0.0,0.0
Baixa vazao,206,P_2044008,0.0,0.0
Baixa vazao,206,P_2044016,0.0,0.0
Baixa vazao,206,P_2044024,0.0,0.0
Baixa vazao,206,P_2044042,0.0,0.0
Baixa vazao,206,P_2045002,0.0,0.0
Baixa vazao,206,P_2046013,0.0,0.0
Baixa vazao,206,Q_40032000,8.1556,-9.037559840949108
Baixa vazao,206,Q_40050000,43.2452,0.0
Baixa vazao,206,Q_40060001,5.3384,-24.49729902945172
Baixa vazao,206,Q_40100000,70.7626,-170.36902991745552
Baixa vazao,206,Q_40185000,7.7378,0.0
Baixa vazao,206,Q_40330000,26.7127,-70.59635639197033
Baixa vazao,206,Q_40800001,34.0688,-4.969492465096607
Baixa vazao,206,Q_40850000,43.918,-48.77873836295727
Baixa vazao,206,Q_40930000,4.8967,-24.545447580850688
Baixa vazao,207,P_1944059,0.0,0.0
Baixa vazao,207,P_1944063,0.0,-9.57056769305007
Baixa vazao,207,P_1945002,0.0,-8.057978541137455
Baixa vazao,207,P_1945008,0.0,-8.256059624121974
Baixa vazao,207,P_1946000,0.0,0.0
Baixa vazao,207,P_2044008,0.0,0.0
Baixa vazao,207,P_2044016,0.0,0.0
Baixa vazao,207,P_2044024,0.0,0.0
Baixa vazao,207,P_2044042,0.0,0.0
Baixa vazao,207,P_2045002,0.0,0.0
Baixa vazao,207,P_2046013,0.0,0.0
Baixa vazao,207,Q_40032000,8.2597,-8.936219081283586
Baixa vazao,207,Q_40050000,38.4795,0.0
Baixa vazao,207,Q_40060001,5.8819,-22.81948296896051
Baixa vazao,207,Q_40100000,66.9,-175.10383739684318
Baixa vazao,207,Q_40185000,4.5622,0.0
Baixa vazao,207,Q_40330000,22.6616,-74.83458244982474
Baixa vazao,207,Q_40800001,14.7491,-8.065669949859666
Baixa vazao,207,Q_40850000,19.2208,-74.14847265032128
Baixa vazao,207,Q_40930000,3.7981,-26.998344954694215
Baixa vazao,208,P_1944059,0.0,0.0
Baixa vazao,208,P_1944063,0.0,-9.262813590419743
Baixa vazao,208,P_1945002,0.0,-8.04857244529118
Baixa vazao,208,P_1945008,0.0,-8.16876490963371
Baixa vazao,208,P_1946000,0.0,0.0
Baixa vazao,208,P_2044008,0.0,0.0
Baixa vazao,208,P_2044016,0.0,0.0
Baixa vazao,208,P_2044024,0.0,0.0
Baixa vazao,208,P_2044042,0.0,0.0
Baixa vazao,208,P_2045002,0.0,0.0
Baixa vazao,208,P_2046013,0.0,0.0
Baixa vazao,208,Q_40032000,8.1296,-7.854571053668435
Baixa vazao,208,Q_40050000,30.4952,0.0
Baixa vazao,208,Q_40060001,3.8134,-30.556376117195125
Baixa vazao,208,Q_40100000,52.119,-192.66082131863618
Baixa vazao,208,Q_40185000,4.8876,0.0
Baixa vazao,208,Q_40330000,12.3837,-87.72886457498832
Baixa vazao,208,Q_40800001,21.0879,-7.439109105943146
Baixa vazao,208,Q_40850000,26.7819,-66.34419922438379
Baixa vazao,208,Q_40930000,1.8894,-30.23530931026917
Baixa vazao,209,P_1944059,0.0,0.0
Baixa vazao,209,P_1944063,0.0,-9.122961227762778
Baixa vazao,209,P_1945002,0.0,-8.0675487603017
Baixa vazao,209,P_1945008,0.0,-7.627589054329633
Baixa vazao,209,P_1946000,0.0,0.0
Baixa vazao,209,P_2044008,0.0,0.0
Baixa vazao,209,P_2044016,0.0,0.0
Baixa vazao,209,P_2044024,0.0,0.0
Baixa vazao,209,P_2044042,0.0,0.0
Baixa vazao,209,P_2045002,0.0,0.0
Baixa vazao,209,P_2046013,0.0,0.0
Baixa vazao,209,Q_40032000,7.7843,-8.315842521124127
Baixa vazao,209,Q_40050000,28.3558,0.0
Baixa vazao,209,Q_40060001,3.0402,-32.77532142517382
Baixa vazao,209,Q_40100000,47.4535,-199.22747746672243
Baixa vazao,209,Q_40185000,4.2442,0.0
Baixa vazao,209,Q_40330000,15.3079,-83.20967725811836
Baixa vazao,209,Q_40800001,17.2046,-8.207977147619285
Baixa vazao,209,Q_40850000,22.1561,-71.02185136811356
Baixa vazao,209,Q_40930000,1.6446,-31.065776270772382
Baixa vazao,210,P_1944059,0.0,0.0
Baixa vazao,210,P_1944063,0.0,-9.25995565420081
Baixa vazao,210,P_1945002,0.0,-7.783730756789056
Baixa vazao,210,P_1945008,0.0,-8.610109646235298
Baixa vazao,210,P_1946000,0.0,0.0
Baixa vazao,210,P_2044008,0.0,0.0
Baixa vazao,210,P_2044016,0.3,0.0
Baixa vazao,210,P_2044024,0.0,0.0
Baixa vazao,210,P_2044042,1.2,0.0
Baixa vazao,210,P_2045002,0.0,0.0
Baixa vazao,210,P_2046013,1.5,0.0
Baixa vazao,210,Q_40032000,6.784,-8.708079225919471
Baixa vazao,210,Q_40050000,23.923,0.0
Baixa vazao,210,Q_40060001,4.5555,-27.90735728386851
Baixa vazao,210,Q_40100000,63.1353,-180.53131598034676
Baixa vazao,210,Q_40185000,4.5622,0.0
Baixa vazao,210,Q_40330000,26.7127,-70.44084406217324
Baixa vazao,210,Q_40800001,23.5685,-6.97694975516589
Baixa vazao,210,Q_40850000,22.6572,-70.7673416335342
Baixa vazao,210,Q_40930000,1.3702,-31.96407775961738
Baixa vazao,211,P_1944059,0.0,0.0
Baixa vazao,211,P_1944063,0.0,-4.819763572919055
Baixa vazao,211,P_1945002,18.9,0.0
Baixa vazao,211,P_1945008,0.0,-4.380105207850491
Baixa vazao,211,P_1946000,0.0,0.0
Baixa vazao,211,P_2044008,0.0,-1.5745129035011018
Baixa vazao,211,P_2044016,0.0,0.0
Baixa vazao,211,P_2044024,0.0,0.0
Baixa vazao,211,P_2044042,0.0,0.0
Baixa vazao,211,P_2045002,0.0,0.0
Baixa vazao,211,P_2046013,0.0,0.0
Baixa vazao,211,Q_40032000,7.5115,-3.4858668578052447
Baixa vazao,211,Q_40050000,48.5199,0.0
Baixa vazao,211,Q_40060001,4.3034,-27.55740277917959
Baixa vazao,211,Q_40100000,76.8273,-165.00441997093506
Baixa vazao,211,Q_40185000,6.9856,0.0
Baixa vazao,211,Q_40330000,16.4609,-80.70807732399635
Baixa vazao,211,Q_40800001,20.9004,-4.2777634643377045
Baixa vazao,211,Q_40850000,15.9576,-79.05756467014285
Baixa vazao,211,Q_40930000,8.7258,-13.243167148296509
Baixa vazao,212,P_1944059,0.0,0.0
Baixa vazao,212,P_1944063,0.0,-9.360075848692688
Baixa vazao,212,P_1945002,0.0,-7.60866726104183
Baixa vazao,212,P_1945008,0.0,-7.896823676684814
Baixa vazao,212,P_1946000,0.0,0.0
Baixa vazao,212,P_2044008,0.0,0.0
Baixa vazao,212,P_2044016,0.0,0.0
Baixa vazao,212,P_2044024,0.0,0.0
Baixa vazao,212,P_2044042,0.0,0.0
Baixa vazao,212,P_2045002,0.0,0.0
Baixa vazao,212,P_2046013,0.0,0.0
Baixa vazao,212,Q_40032000,5.912,-8.21809143159253
Baixa vazao,212,Q_40050000,23.4924,0.0
Baixa vazao,212,Q_40060001,3.1903,-32.47287374411735
Baixa vazao,212,Q_40100000,40.3633,-206.82313671073874
Baixa vazao,212,Q_40185000,7.3505,0.0
Baixa vazao,212,Q_40330000,25.3358,-70.61794958689062
Baixa vazao,212,Q_40800001,20.5999,-7.966956926402039
Baixa vazao,212,Q_40850000,23.6691,-69.35400145255012
Baixa vazao,212,Q_40930000,1.3893,-31.253285949218014
Baixa vazao,213,P_1944059,0.0,0.0
Baixa vazao,213,P_1944063,0.0,-9.357881544679064
Baixa vazao,213,P_1945002,0.0,-8.541693500534178
Baixa vazao,213,P_1945008,0.0,-8.437452128097869
Baixa vazao,213,P_1946000,0.0,0.0
Baixa vazao,213,P_2044008,0.0,0.0
Baixa vazao,213,P_2044016,0.0,0.0
Baixa vazao,213,P_2044024,0.0,0.0
Baixa vazao,213,P_2044042,0.0,0.0
Baixa vazao,213,P_2045002,0.0,0.0
Baixa vazao,213,P_2046013,0.0,0.0
Baixa vazao,213,Q_40032000,8.6394,-9.111167597407949
Baixa vazao,213,Q_40050000,38.1262,0.0
Baixa vazao,213,Q_40060001,5.073,-25.541122234622506
Baixa vazao,213,Q_40100000,67.0446,-175.34400174344952
Baixa vazao,213,Q_40185000,8.9491,0.0
Baixa vazao,213,Q_40330000,31.488,-63.91861441633483
Baixa vazao,213,Q_40800001,32.5389,-5.070470616670889
Baixa vazao,213,Q_40850000,41.4926,-51.53266953821121
Baixa vazao,213,Q_40930000,4.6044,-25.077346824073175
Baixa vazao,214,P_1944059,0.0,-5.13131491277386
Baixa vazao,214,P_1944063,0.0,-9.596411476802214
Baixa vazao,214,P_1945002,0.0,-8.701815749422364
Baixa vazao,214,P_1945008,0.0,-8.436061225391411
Baixa vazao,214,P_1946000,0.0,0.0
Baixa vazao,214,P_2044008,0.0,0.0
Baixa vazao,214,P_2044016,0.0,0.0
Baixa vazao,214,P_2044024,0.0,0.0
Baixa vazao,214,P_2044042,0.0,0.0
Baixa vazao,214,P_2045002,0.0,0.0
Baixa vazao,214,P_2046013,0.0,0.0
Baixa vazao,214,Q_40032000,8.6394,-9.031408359814964
Baixa vazao,214,Q_40050000,41.223,0.0
Baixa vazao,214,Q_40060001,5.161,-25.348427648212578
Baixa vazao,214,Q_40100000,68.2748,-173.55762663954602
Baixa vazao,214,Q_40185000,7.3505,0.0
Baixa vazao,214,Q_40330000,24.8827,-72.2262964149347
Baixa vazao,214,Q_40800001,31.7835,0.0
Baixa vazao,214,Q_40850000,40.8927,-52.181474950905184
Baixa vazao,214,Q_40930000,4.6044,-25.008417483074712
Baixa vazao,215,P_1944059,0.0,0.0
Baixa vazao,215,P_1944063,0.0,-9.26822358819141
Baixa vazao,215,P_1945002,0.0,-7.85934957897809
Baixa vazao,215,P_1945008,0.0,-8.318277905207534
Baixa vazao,215,P_1946000,0.0,0.0
Baixa vazao,215,P_2044008,0.0,0.0
Baixa vazao,215,P_2044016,0.0,0.0
Baixa vazao,215,P_2044024,0.0,0.0
Baixa vazao,215,P_2044042,0.0,0.0
Baixa vazao,215,P_2045002,0.0,0.0
Baixa vazao,215,P_2046013,0.0,0.0
Baixa vazao,215,Q_40032000,5.912,-7.96427837282215
Baixa vazao,215,Q_40050000,23.4924,0.0
Baixa vazao,215,Q_40060001,3.1903,-32.20616665488289
Baixa vazao,215,Q_40100000,40.3633,-206.97116067708203
Baixa vazao,215,Q_40185000,7.3505,0.0
Baixa vazao,215,Q_40330000,25.3358,-70.68010045723291
Baixa vazao,215,Q_40800001,18.0843,-8.090545773144758
Baixa vazao,215,Q_40850000,21.6584,-71.07577358728125
Baixa vazao,215,Q_40930000,1.3893,-31.468216705996394
Baixa vazao,216,P_1944059,0.0,-4.469344986147007
Baixa vazao,216,P_1944063,0.0,-9.12212910897491
Baixa vazao,216,P_1945002,3.2,0.0
Baixa vazao,216,P_1945008,0.0,-7.6801211301564285
Baixa vazao,216,P_1946000,0.0,0.0
Baixa vazao,216,P_2044008,0.0,0.0
Baixa vazao,216,P_2044016,0.0,0.0
Baixa vazao,216,P_2044024,0.0,0.0
Baixa vazao,216,P_2044042,0.0,0.0
Baixa vazao,216,P_2045002,0.0,0.0
Baixa vazao,216,P_2046013,0.0,0.0
Baixa vazao,216,Q_40032000,10.6207,-7.402340072583736
Baixa vazao,216,Q_40050000,45.9204,0.0
Baixa vazao,216,Q_40060001,5.8819,-23.046751440065183
Baixa vazao,216,Q_40100000,79.3767,-159.8137156037758
Baixa vazao,216,Q_40185000,5.5598,0.0
Baixa vazao,216,Q_40330000,24.4325,-73.49071100174862
Baixa vazao,216,Q_40800001,16.8599,-6.962172871405128
Baixa vazao,216,Q_40850000,21.6584,-72.43751975135505
Baixa vazao,216,Q_40930000,5.0439,-23.94371036927557
Baixa vazao,217,P_1944059,0.0,-4.5523487766234325
Baixa vazao,217,P_1944063,0.0,-9.085141052005678
Baixa vazao,217,P_1945002,0.0,-7.662831768697177
Baixa vazao,217,P_1945008,0.0,-7.909842004667963
Baixa vazao,217,P_1946000,1.0,0.0
Baixa vazao,217,P_2044008,0.0,0.0
Baixa vazao,217,P_2044016,0.7,0.0
Baixa vazao,217,P_2044024,0.0,0.0
Baixa vazao,217,P_2044042,0.3,0.0
Baixa vazao,217,P_2045002,8.6,0.0
Baixa vazao,217,P_2046013,1.1,0.0
Baixa vazao,217,Q_40032000,8.1296,-8.267605214540858
Baixa vazao,217,Q_40050000,31.3139,0.0
Baixa vazao,217,Q_40060001,3.1903,-31.767117156025428
Baixa vazao,217,Q_40100000,54.5059,-190.44907663616382
Baixa vazao,217,Q_40185000,6.2595,0.0
Baixa vazao,217,Q_40330000,18.4484,-80.1534649731315
Baixa vazao,217,Q_40800001,39.3104,0.0
Baixa vazao,217,Q_40850000,47.6312,-44.95739621118963
Baixa vazao,217,Q_40930000,0.9784,-31.959139319785614
Baixa vazao,218,P_1944059,0.0,0.0
Baixa vazao,218,P_1944063,0.0,-9.349450602196276
Baixa vazao,218,P_1945002,0.0,-8.37780139189914
Baixa vazao,218,P_1945008,0.0,-9.703410648004645
Baixa vazao,218,P_1946000,18.0,-11.223098477510973
Baixa vazao,218,P_2044008,0.0,0.0
Baixa vazao,218,P_2044016,1.6,0.0
Baixa vazao,218,P_2044024,0.0,0.0
Baixa vazao,218,P_2044042,0.5,0.0
Baixa vazao,218,P_2045002,0.0,0.0
Baixa vazao,218,P_2046013,0.0,0.0
Baixa vazao,218,Q_40032000,5.4994,0.0
Baixa vazao,218,Q_40050000,21.4869,0.0
Baixa vazao,218,Q_40060001,3.1903,-32.30699596235986
Baixa vazao,218,Q_40100000,30.0449,-218.45106250547065
Baixa vazao,218,Q_40185000,5.274,0.0
Baixa vazao,218,Q_40330000,16.0732,-82.7477470199118
Baixa vazao,218,Q_40800001,17.474,-10.30512980133927
Baixa vazao,218,Q_40850000,24.6941,-69.40110419471239
Baixa vazao,218,Q_40930000,4.8967,-24.820197726711296
Baixa vazao,219,P_1944059,0.0,0.0
Baixa vazao,219,P_1944063,0.0,-9.543235133928407
Baixa vazao,219,P_1945002,0.0,-8.194753701108688
Baixa vazao,219,P_1945008,0.0,-8.530724485416211
Baixa vazao,219,P_1946000,0.0,0.0
Baixa vazao,219,P_2044008,0.0,0.0
Baixa vazao,219,P_2044016,0.0,0.0
Baixa vazao,219,P_2044024,0.0,0.0
Baixa vazao,219,P_2044042,0.0,0.0
Baixa vazao,219,P_2045002,0.0,0.0
Baixa vazao,219,P_2046013,0.0,0.0
Baixa vazao,219,Q_40032000,10.2156,-8.401428034210696
Baixa vazao,219,Q_40050000,46.5647,0.0
Baixa vazao,219,Q_40060001,5.608,-24.220697382394814
Baixa vazao,219,Q_40100000,81.9526,-156.01241370891537
Baixa vazao,219,Q_40185000,5.9063,0.0
Baixa vazao,219,Q_40330000,27.6451,-69.26356250746984
Baixa vazao,219,Q_40800001,17.4101,-7.19030662064921
Baixa vazao,219,Q_40850000,21.6584,-72.07355226662173
Baixa vazao,219,Q_40930000,5.0439,-24.506827480123864
Baixa vazao,220,P_1944059,0.0,0.0
Baixa vazao,220,P_1944063,0.0,-9.629581606021162
Baixa vazao,220,P_1945002,0.0,-8.264697596234399
Baixa vazao,220,P_1945008,0.0,-7.946551767671508
Baixa vazao,220,P_1946000,0.0,0.0
Baixa vazao,220,P_2044008,0.0,0.0
Baixa vazao,220,P_2044016,0.0,0.0
Baixa vazao,220,P_2044024,0.0,0.0
Baixa vazao,220,P_2044042,0.0,0.0
Baixa vazao,220,P_2045002,0.0,0.0
Baixa vazao,220,P_2046013,0.0,0.0
Baixa vazao,220,Q_40032000,9.815,-8.5491392679524
Baixa vazao,220,Q_40050000,43.0667,0.0
Baixa vazao,220,Q_40060001,6.0668,-22.671706846235878
Baixa vazao,220,Q_40100000,74.3045,-166.12298874591937
Baixa vazao,220,Q_40185000,5.2202,0.0
Baixa vazao,220,Q_40330000,24.8827,-72.89192252205288
Baixa vazao,220,Q_40800001,16.3187,-7.467874346484244
Baixa vazao,220,Q_40850000,22.1561,-71.26892609638371
Baixa vazao,220,Q_40930000,4.4137,-25.64616147607874
Baixa vazao,221,P_1944059,0.0,0.0
Baixa vazao,221,P_1944063,0.0,-9.600216522083073
Baixa vazao,221,P_1945002,0.0,-8.80599444456424
Baixa vazao,221,P_1945008,0.0,-8.520822987826133
Baixa vazao,221,P_1946000,0.0,0.0
Baixa vazao,221,P_2044008,0.0,0.0
Baixa vazao,221,P_2044016,0.0,0.0
Baixa vazao,221,P_2044024,0.0,0.0
Baixa vazao,221,P_2044042,0.0,0.0
Baixa vazao,221,P_2045002,0.0,0.0
Baixa vazao,221,P_2046013,0.0,0.0
Baixa vazao,221,Q_40032000,8.2597,-8.596942047222965
Baixa vazao,221,Q_40050000,37.2924,0.0
Baixa vazao,221,Q_40060001,5.6989,-23.662905276197794
Baixa vazao,221,Q_40100000,71.8088,-168.9615895804957
Baixa vazao,221,Q_40185000,4.2442,0.0
Baixa vazao,221,Q_40330000,27.1774,-69.58483900398548
Baixa vazao,221,Q_40800001,14.7491,-7.598080946186997
Baixa vazao,221,Q_40850000,22.1561,-71.29450143220147
Baixa vazao,221,Q_40930000,3.1988,-27.976228525875786
Baixa vazao,222,P_1944059,16.2,0.0
Baixa vazao,222,P_1944063,2.6,0.0
Baixa vazao,222,P_1945002,0.0,0.0
Baixa vazao,222,P_1945008,0.0,0.0
Baixa vazao,222,P_1946000,0.0,0.0
Baixa vazao,222,P_2044008,35.8,31.0001674620337
Baixa vazao,222,P_2044016,33.2,25.783770378335277
Baixa vazao,222,P_2044024,32.0,17.676091593546595
Baixa vazao,222,P_2044042,28.5,-14.608836834529496
Baixa vazao,222,P_2045002,18.8,0.0
Baixa vazao,222,P_2046013,20.0,0.0
Baixa vazao,222,Q_40032000,15.8119,0.0
Baixa vazao,222,Q_40050000,48.1917,0.0
Baixa vazao,222,Q_40060001,7.2136,-20.38843752188857
Baixa vazao,222,Q_40100000,92.5145,-145.2668438708739
Baixa vazao,222,Q_40185000,5.9063,0.0
Baixa vazao,222,Q_40330000,10.3405,-92.02840731212493
Baixa vazao,222,Q_40800001,22.7675,-6.461068034190873
Baixa vazao,222,Q_40850000,15.9576,-77.03496877567679
Baixa vazao,222,Q_40930000,1.2649,-31.032125143751106
Baixa vazao,223,P_1944059,0.0,0.0
Baixa vazao,223,P_1944063,0.0,-9.0455423274062
Baixa vazao,223,P_1945002,0.0,-7.718753604085509
Baixa vazao,223,P_1945008,0.0,-8.328997106308284
Baixa vazao,223,P_1946000,0.0,0.0
Baixa vazao,223,P_2044008,0.0,0.0
Baixa vazao,223,P_2044016,0.0,0.0
Baixa vazao,223,P_2044024,0.0,0.0
Baixa vazao,223,P_2044042,0.0,0.0
Baixa vazao,223,P_2045002,0.0,0.0
Baixa vazao,223,P_2046013,0.0,0.0
Baixa vazao,223,Q_40032000,7.2701,-8.135349315443705
Baixa vazao,223,Q_40050000,27.3102,0.0
Baixa vazao,223,Q_40060001,2.747,-34.41624828739701
Baixa vazao,223,Q_40100000,40.7345,-206.92921830599406
Baixa vazao,223,Q_40185000,3.9337,0.0
Baixa vazao,223,Q_40330000,18.4484,-79.44467240483527
Baixa vazao,223,Q_40800001,17.2046,-8.419392189748926
Baixa vazao,223,Q_40850000,23.1615,-69.6330526813555
Baixa vazao,223,Q_40930000,2.0576,-29.973635938108213
Baixa vazao,224,P_1944059,0.0,0.0
Baixa vazao,224,P_1944063,0.249462366,-8.402929097828961
Baixa vazao,224,P_1945002,0.0,-8.553405034091794
Baixa vazao,224,P_1945008,0.0,-8.106649113200499
Baixa vazao,224,P_1946000,0.0,0.0
Baixa vazao,224,P_2044008,0.0,0.0
Baixa vazao,224,P_2044016,0.0,0.0
Baixa vazao,224,P_2044024,0.0,0.0
Baixa vazao,224,P_2044042,0.0,0.0
Baixa vazao,224,P_2045002,0.0,0.0
Baixa vazao,224,P_2046013,0.0,0.0
Baixa vazao,224,Q_40032000,10.2156,-8.345121341300967
Baixa vazao,224,Q_40050000,47.5382,0.0
Baixa vazao,224,Q_40060001,5.6989,-23.878189386768568
Baixa vazao,224,Q_40100000,80.6614,-158.30989566058034
Baixa vazao,224,Q_40185000,5.9063,0.0
Baixa vazao,224,Q_40330000,32.4766,-63.24809957119533
Baixa vazao,224,Q_40800001,17.4101,-7.355058124048355
Baixa vazao,224,Q_40850000,22.1561,-71.27708902963498
Baixa vazao,224,Q_40930000,5.0439,-24.210561422150093
Baixa vazao,225,P_1944059,0.0,0.0
Baixa vazao,225,P_1944063,0.249462366,-8.75096051427896
Baixa vazao,225,P_1945002,0.0,-8.870712398508747
Baixa vazao,225,P_1945008,0.0,-8.722083793733024
Baixa vazao,225,P_1946000,0.0,0.0
Baixa vazao,225,P_2044008,0.0,0.0
Baixa vazao,225,P_2044016,0.0,0.0
Baixa vazao,225,P_2044024,0.0,0.0
Baixa vazao,225,P_2044042,0.0,0.0
Baixa vazao,225,P_2045002,0.0,0.0
Baixa vazao,225,P_2046013,0.0,0.0
Baixa vazao,225,Q_40032000,10.6207,-8.41526976858908
Baixa vazao,225,Q_40050000,53.5517,0.0
Baixa vazao,225,Q_40060001,6.442,-21.184629297463612
Baixa vazao,225,Q_40100000,88.506,-147.84798899189485
Baixa vazao,225,Q_40185000,6.6193,0.0
Baixa vazao,225,Q_40330000,26.2508,-70.93752287301663
Baixa vazao,225,Q_40800001,19.7008,-6.395744502454818
Baixa vazao,225,Q_40850000,23.1615,-70.09967181215195
Baixa vazao,225,Q_40930000,5.3641,-23.93111805234094
Baixa vazao,226,P_1944059,0.0,0.0
Baixa vazao,226,P_1944063,0.0,-9.384904551375408
Baixa vazao,226,P_1945002,0.0,-7.717381030320063
Baixa vazao,226,P_1945008,0.0,-8.182087913539492
Baixa vazao,226,P_1946000,0.0,0.0
Baixa vazao,226,P_2044008,0.0,0.0
Baixa vazao,226,P_2044016,0.0,0.0
Baixa vazao,226,P_2044024,0.0,0.0
Baixa vazao,226,P_2044042,0.0,0.0
Baixa vazao,226,P_2045002,0.0,0.0
Baixa vazao,226,P_2046013,0.0,0.0
Baixa vazao,226,Q_40032000,5.4994,-8.522458097220769
Baixa vazao,226,Q_40050000,26.9969,0.0
Baixa vazao,226,Q_40060001,3.2663,-32.081267036411795
Baixa vazao,226,Q_40100000,44.4214,-202.87112542938104
Baixa vazao,226,Q_40185000,12.0563,0.0
Baixa vazao,226,Q_40330000,43.4998,-47.98053515465009
Baixa vazao,226,Q_40800001,22.5628,-7.276236211826642
Baixa vazao,226,Q_40850000,27.3117,-65.30726971890374
Baixa vazao,226,Q_40930000,1.8783,-30.134454072717705
Baixa vazao,227,P_1944059,0.0,0.0
Baixa vazao,227,P_1944063,0.0,-9.299089178659832
Baixa vazao,227,P_1945002,0.0,-8.597134344731264
Baixa vazao,227,P_1945008,0.0,-7.9635446881461185
Baixa vazao,227,P_1946000,0.0,0.0
Baixa vazao,227,P_2044008,0.0,0.0
Baixa vazao,227,P_2044016,0.0,0.0
Baixa vazao,227,P_2044024,0.0,0.0
Baixa vazao,227,P_2044042,0.0,0.0
Baixa vazao,227,P_2045002,0.0,0.0
Baixa vazao,227,P_2046013,0.0,0.0
Baixa vazao,227,Q_40032000,9.815,-8.424855093967537
Baixa vazao,227,Q_40050000,45.5996,0.0
Baixa vazao,227,Q_40060001,5.5177,-24.605690502244553
Baixa vazao,227,Q_40100000,76.8273,-162.66183910221625
Baixa vazao,227,Q_40185000,5.2202,0.0
Baixa vazao,227,Q_40330000,23.5411,-74.3666666146962
Baixa vazao,227,Q_40800001,17.9692,-7.039254568752256
Baixa vazao,227,Q_40850000,20.6731,-72.9217269229391
Baixa vazao,227,Q_40930000,4.727,-25.458884386517077
Baixa vazao,228,P_1944059,0.0,0.0
Baixa vazao,228,P_1944063,0.0,-7.945644413806839
Baixa vazao,228,P_1945002,0.0,-7.0769357926602945
Baixa vazao,228,P_1945008,0.0,-7.7422874617514355
Baixa vazao,228,P_1946000,0.0,0.0
Baixa vazao,228,P_2044008,0.0,-3.742911390278664
Baixa vazao,228,P_2044016,0.0,0.0
Baixa vazao,228,P_2044024,0.8,0.0
Baixa vazao,228,P_2044042,0.0,0.0
Baixa vazao,228,P_2045002,5.6,0.0
Baixa vazao,228,P_2046013,6.7,0.0
Baixa vazao,228,Q_40032000,9.1347,-7.832974247847403
Baixa vazao,228,Q_40050000,40.0854,0.0
Baixa vazao,228,Q_40060001,4.8985,-24.86394336417436
Baixa vazao,228,Q_40100000,65.8237,-176.67227385286665
Baixa vazao,228,Q_40185000,10.2333,0.0
Baixa vazao,228,Q_40330000,37.059,-56.23196247670766
Baixa vazao,228,Q_40800001,59.8765,0.0
Baixa vazao,228,Q_40850000,53.3647,-38.475903454250535
Baixa vazao,228,Q_40930000,4.3152,-25.421222605752792
Baixa vazao,229,P_1944059,0.0,0.0
Baixa vazao,229,P_1944063,0.0,-8.979003278138318
Baixa vazao,229,P_1945002,0.0,-7.648646628811775
Baixa vazao,229,P_1945008,0.0,-7.652585360542984
Baixa vazao,229,P_1946000,0.0,0.0
Baixa vazao,229,P_2044008,6.9,0.0
Baixa vazao,229,P_2044016,0.0,0.0
Baixa vazao,229,P_2044024,0.0,0.0
Baixa vazao,229,P_2044042,0.0,0.0
Baixa vazao,229,P_2045002,1.4,0.0
Baixa vazao,229,P_2046013,0.0,0.0
Baixa vazao,229,Q_40032000,5.7338,-7.9059447892739465
Baixa vazao,229,Q_40050000,20.8908,0.0
Baixa vazao,229,Q_40060001,4.138,-28.81815626464096
Baixa vazao,229,Q_40100000,54.5059,-190.73261472557087
Baixa vazao,229,Q_40185000,3.631,0.0
Baixa vazao,229,Q_40330000,24.4325,-72.29422106011302
Baixa vazao,229,Q_40800001,15.8818,-7.740583619451369
Baixa vazao,229,Q_40850000,14.6153,-78.91910750822373
Baixa vazao,229,Q_40930000,1.1388,-31.309145715466578
Baixa vazao,230,P_1944059,0.0,-4.960722574741169
Baixa vazao,230,P_1944063,0.0,-9.82883899504112
Baixa vazao,230,P_1945002,0.0,-8.793052837556047
Baixa vazao,230,P_1945008,0.0,-8.603451493949827
Baixa vazao,230,P_1946000,0.0,0.0
Baixa vazao,230,P_2044008,0.0,0.0
Baixa vazao,230,P_2044016,0.0,0.0
Baixa vazao,230,P_2044024,0.0,0.0
Baixa vazao,230,P_2044042,0.0,0.0
Baixa vazao,230,P_2045002,0.0,0.0
Baixa vazao,230,P_2046013,0.0,0.0
Baixa vazao,230,Q_40032000,8.1556,-8.86232380911353
Baixa vazao,230,Q_40050000,39.5215,0.0
Baixa vazao,230,Q_40060001,4.6405,-27.364058829517354
Baixa vazao,230,Q_40100000,63.4096,-179.23651913769746
Baixa vazao,230,Q_40185000,9.3692,0.0
Baixa vazao,230,Q_40330000,32.9749,-62.05554518352502
Baixa vazao,230,Q_40800001,34.0688,0.0
Baixa vazao,230,Q_40850000,45.1458,-47.68500360005319
Baixa vazao,230,Q_40930000,3.4672,-26.98281457155824
Baixa vazao,231,P_1944059,0.0,0.0
Baixa vazao,231,P_1944063,0.0,-9.504769779769182
Baixa vazao,231,P_1945002,0.0,-8.031213516859955
Baixa vazao,231,P_1945008,0.0,-8.282277110789275
Baixa vazao,231,P_1946000,0.0,0.0
Baixa vazao,231,P_2044008,0.0,0.0
Baixa vazao,231,P_2044016,0.0,0.0
Baixa vazao,231,P_2044024,0.0,0.0
Baixa vazao,231,P_2044042,0.0,0.0
Baixa vazao,231,P_2045002,0.0,0.0
Baixa vazao,231,P_2046013,0.0,0.0
Baixa vazao,231,Q_40032000,6.784,-9.239832127888937
Baixa vazao,231,Q_40050000,24.0624,0.0
Baixa vazao,231,Q_40060001,4.5555,-27.516116255394266
Baixa vazao,231,Q_40100000,64.4022,-178.21211293512604
Baixa vazao,231,Q_40185000,4.5622,0.0
Baixa vazao,231,Q_40330000,26.2508,-70.41668270747547
Baixa vazao,231,Q_40800001,28.4144,-5.876004345886997
Baixa vazao,231,Q_40850000,28.9191,-64.33274175857072
Baixa vazao,231,Q_40930000,1.3702,-31.474046376339853
Baixa vazao,232,P_1944059,0.0,0.0
Baixa vazao,232,P_1944063,14.2,38.46953474031413
Baixa vazao,232,P_1945002,0.0,-5.872744567254907
Baixa vazao,232,P_1945008,4.8,0.0
Baixa vazao,232,P_1946000,0.0,0.0
Baixa vazao,232,P_2044008,0.0,0.0
Baixa vazao,232,P_2044016,0.0,0.0
Baixa vazao,232,P_2044024,0.0,0.0
Baixa vazao,232,P_2044042,0.0,0.0
Baixa vazao,232,P_2045002,0.0,0.0
Baixa vazao,232,P_2046013,0.0,0.0
Baixa vazao,232,Q_40032000,6.784,-7.328974846495798
Baixa vazao,232,Q_40050000,23.0893,-3.281864300415748
Baixa vazao,232,Q_40060001,4.8985,-29.368926875671143
Baixa vazao,232,Q_40100000,54.5059,-197.6744893535485
Baixa vazao,232,Q_40185000,3.9337,0.0
Baixa vazao,232,Q_40330000,15.3079,-87.42996039320245
Baixa vazao,232,Q_40800001,18.8923,-7.176147294868974
Baixa vazao,232,Q_40850000,26.2553,-70.1635881741715
Baixa vazao,232,Q_40930000,2.88,-29.409587997223255
Baixa vazao,233,P_1944059,0.0,0.0
Baixa vazao,233,P_1944063,0.0,-8.955722811772633
Baixa vazao,233,P_1945002,0.0,-8.539705107674001
Baixa vazao,233,P_1945008,0.0,-8.627486589513655
Baixa vazao,233,P_1946000,0.0,0.0
Baixa vazao,233,P_2044008,0.0,-4.722165055663595
Baixa vazao,233,P_2044016,0.0,0.0
Baixa vazao,233,P_2044024,0.0,0.0
Baixa vazao,233,P_2044042,0.0,0.0
Baixa vazao,233,P_2045002,0.0,0.0
Baixa vazao,233,P_2046013,0.0,0.0
Baixa vazao,233,Q_40032000,7.6833,-9.306471793226926
Baixa vazao,233,Q_40050000,35.1297,0.0
Baixa vazao,233,Q_40060001,4.3034,-28.752897406093542
Baixa vazao,233,Q_40100000,59.8585,-184.48414449483937
Baixa vazao,233,Q_40185000,8.1334,0.0
Baixa vazao,233,Q_40330000,28.1156,-68.52225468155365
Baixa vazao,233,Q_40800001,31.0345,0.0
Baixa vazao,233,Q_40850000,39.7006,-52.805493079282726
Baixa vazao,233,Q_40930000,3.1917,-27.908942588816466
Baixa vazao,234,P_1944059,0.0,0.0
Baixa vazao,234,P_1944063,0.0,-9.178875608275904
Baixa vazao,234,P_1945002,0.0,-7.850182121743501
Baixa vazao,234,P_1945008,0.0,-7.904110297221147
Baixa vazao,234,P_1946000,0.0,0.0
Baixa vazao,234,P_2044008,0.0,0.0
Baixa vazao,234,P_2044016,4.6,0.0
Baixa vazao,234,P_2044024,0.5,0.0
Baixa vazao,234,P_2044042,0.0,0.0
Baixa vazao,234,P_2045002,0.6,0.0
Baixa vazao,234,P_2046013,0.0,0.0
Baixa vazao,234,Q_40032000,6.4284,-8.438062862159798
Baixa vazao,234,Q_40050000,23.7837,0.0
Baixa vazao,234,Q_40060001,4.6405,-27.692335344277936
Baixa vazao,234,Q_40100000,60.6268,-183.13204977893093
Baixa vazao,234,Q_40185000,4.8876,0.0
Baixa vazao,234,Q_40330000,24.4325,-72.84884887484783
Baixa vazao,234,Q_40800001,15.1439,-8.014962598666324
Baixa vazao,234,Q_40850000,18.7438,-74.59759548954173
Baixa vazao,234,Q_40930000,1.6083,-30.904188977497977
Baixa vazao,235,P_1944059,0.0,0.0
Baixa vazao,235,P_1944063,0.0,-9.429266346987692
Baixa vazao,235,P_1945002,0.0,-8.50077708438186
Baixa vazao,235,P_1945008,0.0,-8.253823755763115
Baixa vazao,235,P_1946000,0.0,0.0
Baixa vazao,235,P_2044008,0.0,0.0
Baixa vazao,235,P_2044016,0.0,0.0
Baixa vazao,235,P_2044024,0.0,0.0
Baixa vazao,235,P_2044042,0.0,0.0
Baixa vazao,235,P_2045002,0.0,0.0
Baixa vazao,235,P_2046013,0.0,0.0
Baixa vazao,235,Q_40032000,7.1451,-8.844626680848927
Baixa vazao,235,Q_40050000,24.9018,0.0
Baixa vazao,235,Q_40060001,4.5555,-27.715340179169175
Baixa vazao,235,Q_40100000,71.8088,-169.12144412734875
Baixa vazao,235,Q_40185000,5.9063,0.0
Baixa vazao,235,Q_40330000,39.6976,-53.27159889367429
Baixa vazao,235,Q_40800001,23.5685,-6.917460388020345
Baixa vazao,235,Q_40850000,29.4609,-63.66626977955895
Baixa vazao,235,Q_40930000,2.1021,-30.195821697390482
Baixa vazao,236,P_1944059,0.0,0.0
Baixa vazao,236,P_1944063,0.0,-9.842386173016612
Baixa vazao,236,P_1945002,0.0,-8.478474588294318
Baixa vazao,236,P_1945008,0.0,-8.499030285918526
Baixa vazao,236,P_1946000,0.0,0.0
Baixa vazao,236,P_2044008,0.0,0.0
Baixa vazao,236,P_2044016,0.0,0.0
Baixa vazao,236,P_2044024,0.0,0.0
Baixa vazao,236,P_2044042,0.0,0.0
Baixa vazao,236,P_2045002,0.0,0.0
Baixa vazao,236,P_2046013,0.0,0.0
Baixa vazao,236,Q_40032000,8.6413,-8.77559558948602
Baixa vazao,236,Q_40050000,40.8996,0.0
Baixa vazao,236,Q_40060001,6.0668,-22.15326587789738
Baixa vazao,236,Q_40100000,71.8088,-168.9424866181658
Baixa vazao,236,Q_40185000,4.8876,0.0
Baixa vazao,236,Q_40330000,24.4325,-72.95133451048176
Baixa vazao,236,Q_40800001,15.2633,-7.870980083997567
Baixa vazao,236,Q_40850000,20.6731,-72.62218119849068
Baixa vazao,236,Q_40930000,4.4137,-25.48289585065668
Baixa vazao,237,P_1944059,0.0,0.0
Baixa vazao,237,P_1944063,0.0,-9.031831730110703
Baixa vazao,237,P_1945002,0.0,-7.750662798952362
Baixa vazao,237,P_1945008,0.0,-8.241117239510695
Baixa vazao,237,P_1946000,0.0,0.0
Baixa vazao,237,P_2044008,0.0,0.0
Baixa vazao,237,P_2044016,0.0,0.0
Baixa vazao,237,P_2044024,0.0,0.0
Baixa vazao,237,P_2044042,0.0,0.0
Baixa vazao,237,P_2045002,0.0,0.0
Baixa vazao,237,P_2046013,0.0,0.0
Baixa vazao,237,Q_40032000,7.9567,-8.213353146028524
Baixa vazao,237,Q_40050000,28.6197,0.0
Baixa vazao,237,Q_40060001,3.0402,-33.14683556591197
Baixa vazao,237,Q_40100000,48.6062,-196.9024138629436
Baixa vazao,237,Q_40185000,4.5622,0.0
Baixa vazao,237,Q_40330000,11.688,-87.9125305285144
Baixa vazao,237,Q_40800001,17.7625,-8.455656336456027
Baixa vazao,237,Q_40850000,23.6691,-69.20113748895014
Baixa vazao,237,Q_40930000,1.6446,-30.939010658128566
Baixa vazao,238,P_1944059,0.0,0.0
Baixa vazao,238,P_1944063,0.0,-10.002739984969768
Baixa vazao,238,P_1945002,0.0,-8.43267267256508
Baixa vazao,238,P_1945008,0.0,-7.76154182825594
Baixa vazao,238,P_1946000,0.0,0.0
Baixa vazao,238,P_2044008,0.0,0.0
Baixa vazao,238,P_2044016,0.0,0.0
Baixa vazao,238,P_2044024,0.0,0.0
Baixa vazao,238,P_2044042,0.0,0.0
Baixa vazao,238,P_2045002,0.0,0.0
Baixa vazao,238,P_2046013,0.0,0.0
Baixa vazao,238,Q_40032000,7.6833,-8.69691192075581
Baixa vazao,238,Q_40050000,34.8624,0.0
Baixa vazao,238,Q_40060001,4.3034,-27.969683073795164
Baixa vazao,238,Q_40100000,59.8585,-184.30750104908947
Baixa vazao,238,Q_40185000,6.9836,0.0
Baixa vazao,238,Q_40330000,24.4325,-72.86257850298017
Baixa vazao,238,Q_40800001,30.292,-5.849565961845599
Baixa vazao,238,Q_40850000,39.7006,-53.57598388740133
Baixa vazao,238,Q_40930000,2.9201,-28.343053274141496
Baixa vazao,239,P_1944059,0.0,0.0
Baixa vazao,239,P_1944063,0.0,-10.222411943341553
Baixa vazao,239,P_1945002,0.0,-7.9734990705802735
Baixa vazao,239,P_1945008,0.0,-8.336134472046759
Baixa vazao,239,P_1946000,0.0,0.0
Baixa vazao,239,P_2044008,0.3,0.0
Baixa vazao,239,P_2044016,0.0,0.0
Baixa vazao,239,P_2044024,0.0,0.0
Baixa vazao,239,P_2044042,2.7,0.0
Baixa vazao,239,P_2045002,0.0,0.0
Baixa vazao,239,P_2046013,0.0,0.0
Baixa vazao,239,Q_40032000,5.7338,-8.002867815206741
Baixa vazao,239,Q_40050000,20.6187,0.0
Baixa vazao,239,Q_40060001,3.9747,-30.47947368366514
Baixa vazao,239,Q_40100000,52.119,-193.19357734534063
Baixa vazao,239,Q_40185000,3.631,0.0
Baixa vazao,239,Q_40330000,14.1853,-85.2783326620195
Baixa vazao,239,Q_40800001,15.8818,-9.03626062504735
Baixa vazao,239,Q_40850000,19.7014,-73.49077047756329
Baixa vazao,239,Q_40930000,1.1388,-32.072648873000325
Baixa vazao,240,P_1944059,0.0,0.0
Baixa vazao,240,P_1944063,0.0,-9.188249208985159
Baixa vazao,240,P_1945002,0.0,-8.20461065610749
Baixa vazao,240,P_1945008,0.0,-8.118533842122742
Baixa vazao,240,P_1946000,0.0,0.0
Baixa vazao,240,P_2044008,0.0,0.0
Baixa vazao,240,P_2044016,0.0,0.0
Baixa vazao,240,P_2044024,0.0,0.0
Baixa vazao,240,P_2044042,0.0,0.0
Baixa vazao,240,P_2045002,0.0,0.0
Baixa vazao,240,P_2046013,0.0,0.0
Baixa vazao,240,Q_40032000,5.7338,-8.23818154626516
Baixa vazao,240,Q_40050000,21.0272,0.0
Baixa vazao,240,Q_40060001,4.138,-29.832477153943753
Baixa vazao,240,Q_40100000,54.5059,-189.55776548318929
Baixa vazao,240,Q_40185000,3.631,0.0
Baixa vazao,240,Q_40330000,24.8827,-71.29511720524579
Baixa vazao,240,Q_40800001,11.5528,-9.14566546998895
Baixa vazao,240,Q_40850000,17.3341,-75.57817764743228
Baixa vazao,240,Q_40930000,1.1388,-31.483808861952856
Baixa vazao,241,P_1944059,0.0,0.0
Baixa vazao,241,P_1944063,0.0,-8.877480009297676
Baixa vazao,241,P_1945002,0.0,-8.474150442947465
Baixa vazao,241,P_1945008,0.0,-8.838393217361704
Baixa vazao,241,P_1946000,0.0,0.0
Baixa vazao,241,P_2044008,0.0,-5.069102611169058
Baixa vazao,241,P_2044016,0.0,0.0
Baixa vazao,241,P_2044024,0.0,0.0
Baixa vazao,241,P_2044042,0.0,0.0
Baixa vazao,241,P_2045002,0.0,0.0
Baixa vazao,241,P_2046013,0.0,0.0
Baixa vazao,241,Q_40032000,7.8831,-8.93246046105962
Baixa vazao,241,Q_40050000,26.5946,0.0
Baixa vazao,241,Q_40060001,4.8985,-26.54919824484717
Baixa vazao,241,Q_40100000,75.5625,-164.20556037822243
Baixa vazao,241,Q_40185000,5.9063,0.0
Baixa vazao,241,Q_40330000,34.9956,-59.44003373962565
Baixa vazao,241,Q_40800001,32.5681,0.0
Baixa vazao,241,Q_40850000,35.0386,-58.09003314934407
Baixa vazao,241,Q_40930000,2.3568,-29.549376420479625
Baixa vazao,242,P_1944059,0.0,0.0
Baixa vazao,242,P_1944063,0.0,-9.302274347619349
Baixa vazao,242,P_1945002,0.0,-8.482663539931652
Baixa vazao,242,P_1945008,0.0,-7.790658001686305
Baixa vazao,242,P_1946000,0.0,0.0
Baixa vazao,242,P_2044008,0.0,0.0
Baixa vazao,242,P_2044016,0.5,0.0
Baixa vazao,242,P_2044024,0.0,0.0
Baixa vazao,242,P_2044042,0.0,0.0
Baixa vazao,242,P_2045002,0.0,0.0
Baixa vazao,242,P_2046013,0.0,0.0
Baixa vazao,242,Q_40032000,8.1296,-8.554449998475713
Baixa vazao,242,Q_40050000,31.5888,0.0
Baixa vazao,242,Q_40060001,3.0402,-32.17265468698739
Baixa vazao,242,Q_40100000,54.5059,-190.6784079859477
Baixa vazao,242,Q_40185000,6.9856,0.0
Baixa vazao,242,Q_40330000,17.6437,-81.5519178682547
Baixa vazao,242,Q_40800001,32.8495,-5.813398427835807
Baixa vazao,242,Q_40850000,50.1556,-42.52612608276073
Baixa vazao,242,Q_40930000,0.9784,-32.04792920214029
Baixa vazao,243,P_1944059,0.0,0.0
Baixa vazao,243,P_1944063,0.0,-9.420078512125489
Baixa vazao,243,P_1945002,0.0,-7.75247627886047
Baixa vazao,243,P_1945008,0.0,-7.93764539942876
Baixa vazao,243,P_1946000,0.0,0.0
Baixa vazao,243,P_2044008,0.0,0.0
Baixa vazao,243,P_2044016,0.0,0.0
Baixa vazao,243,P_2044024,0.0,0.0
Baixa vazao,243,P_2044042,0.0,0.0
Baixa vazao,243,P_2045002,0.0,0.0
Baixa vazao,243,P_2046013,0.0,0.0
Baixa vazao,243,Q_40032000,5.912,-7.94339453783952
Baixa vazao,243,Q_40050000,23.4924,0.0
Baixa vazao,243,Q_40060001,3.1903,-32.28754383516904
Baixa vazao,243,Q_40100000,41.3628,-205.87141061457984
Baixa vazao,243,Q_40185000,6.6284,0.0
Baixa vazao,243,Q_40330000,21.7942,-75.44016929643799
Baixa vazao,243,Q_40800001,21.2471,-7.396078683152268
Baixa vazao,243,Q_40850000,25.7317,-67.12921776065104
Baixa vazao,243,Q_40930000,1.3893,-31.276568616949998
Baixa vazao,244,P_1944059,18.2,18.095329308684676
Baixa vazao,244,P_1944063,26.2,63.66669256138277
Baixa vazao,244,P_1945002,13.8,0.0
Baixa vazao,244,P_1945008,33.2,61.041935249394996
Baixa vazao,244,P_1946000,0.0,0.0
Baixa vazao,244,P_2044008,21.1,17.813265373782553
Baixa vazao,244,P_2044016,5.0,0.0
Baixa vazao,244,P_2044024,11.8,0.0
Baixa vazao,244,P_2044042,8.0,-10.430511142159105
Baixa vazao,244,P_2045002,0.0,0.0
Baixa vazao,244,P_2046013,2.6,0.0
Baixa vazao,244,Q_40032000,23.0583,0.0
Baixa vazao,244,Q_40050000,33.8234,0.0
Baixa vazao,244,Q_40060001,3.1903,-41.75318504025349
Baixa vazao,244,Q_40100000,59.3854,-198.8296712550205
Baixa vazao,244,Q_40185000,10.5553,0.0
Baixa vazao,244,Q_40330000,16.8519,-85.72535629174013
Baixa vazao,244,Q_40800001,32.8495,0.0
Baixa vazao,244,Q_40850000,28.3803,-68.04902019665037
Baixa vazao,244,Q_40930000,6.0141,-23.052517607986957
Baixa vazao,245,P_1944059,0.0,0.0
Baixa vazao,245,P_1944063,0.0,-9.078442714576067
Baixa vazao,245,P_1945002,0.0,-7.771882997147006
Baixa vazao,245,P_1945008,0.0,-8.709027295049339
Baixa vazao,245,P_1946000,0.0,0.0
Baixa vazao,245,P_2044008,4.5,0.0
Baixa vazao,245,P_2044016,3.1,0.0
Baixa vazao,245,P_2044024,3.5,0.0
Baixa vazao,245,P_2044042,7.5,-8.752107562315294
Baixa vazao,245,P_2045002,0.0,0.0
Baixa vazao,245,P_2046013,0.0,0.0
Baixa vazao,245,Q_40032000,5.0991,0.0
Baixa vazao,245,Q_40050000,23.266,0.0
Baixa vazao,245,Q_40060001,2.747,-35.56424438914711
Baixa vazao,245,Q_40100000,30.0449,-221.81267680244693
Baixa vazao,245,Q_40185000,4.9527,0.0
Baixa vazao,245,Q_40330000,15.3079,-83.5812881289207
Baixa vazao,245,Q_40800001,21.2471,-7.932038506102403
Baixa vazao,245,Q_40850000,14.6153,-79.19999196229122
Baixa vazao,245,Q_40930000,5.192,-24.55217745820413
Baixa vazao,246,P_1944059,0.0,0.0
Baixa vazao,246,P_1944063,0.0,-6.465968445449044
Baixa vazao,246,P_1945002,0.0,0.0
Baixa vazao,246,P_1945008,0.0,-5.741042294469385
Baixa vazao,246,P_1946000,0.0,0.0
Baixa vazao,246,P_2044008,10.5,0.0
Baixa vazao,246,P_2044016,0.0,0.0
Baixa vazao,246,P_2044024,15.9,0.0
Baixa vazao,246,P_2044042,20.5,-7.720242547003426
Baixa vazao,246,P_2045002,12.5,0.0
Baixa vazao,246,P_2046013,7.2,0.0
Baixa vazao,246,Q_40032000,13.126,-5.472949083314704
Baixa vazao,246,Q_40050000,38.6818,0.0
Baixa vazao,246,Q_40060001,4.9855,-27.410948152272514
Baixa vazao,246,Q_40100000,65.8237,-177.9884127565637
Baixa vazao,246,Q_40185000,8.9491,0.0
Baixa vazao,246,Q_40330000,32.4766,-62.862812164122204
Baixa vazao,246,Q_40800001,34.8431,-4.7877211231486285
Baixa vazao,246,Q_40850000,39.7006,-53.14580356207784
Baixa vazao,246,Q_40930000,4.3152,-23.743227779331605
Baixa vazao,247,P_1944059,0.0,0.0
Baixa vazao,247,P_1944063,0.0,-9.51768158822557
Baixa vazao,247,P_1945002,0.0,-8.183596903845153
Baixa vazao,247,P_1945008,0.0,-7.909187384415418
Baixa vazao,247,P_1946000,0.0,0.0
Baixa vazao,247,P_2044008,0.0,0.0
Baixa vazao,247,P_2044016,0.0,0.0
Baixa vazao,247,P_2044024,0.0,0.0
Baixa vazao,247,P_2044042,0.0,0.0
Baixa vazao,247,P_2045002,0.0,0.0
Baixa vazao,247,P_2046013,0.0,0.0
Baixa vazao,247,Q_40032000,8.6413,-8.820038358033996
Baixa vazao,247,Q_40050000,40.2889,0.0
Baixa vazao,247,Q_40060001,6.0668,-22.34253972296609
Baixa vazao,247,Q_40100000,66.9,-175.31065689439873
Baixa vazao,247,Q_40185000,4.8876,0.0
Baixa vazao,247,Q_40330000,26.2508,-70.96693235978717
Baixa vazao,247,Q_40800001,15.7865,-7.944100948122754
Baixa vazao,247,Q_40850000,20.1855,-73.1789082127375
Baixa vazao,247,Q_40930000,4.104,-26.238109741763576
Baixa vazao,248,P_1944059,0.0,0.0
Baixa vazao,248,P_1944063,0.0,-9.425955951105758
Baixa vazao,248,P_1945002,0.0,-8.5207459936938
Baixa vazao,248,P_1945008,0.0,-8.346174749783806
Baixa vazao,248,P_1946000,0.0,0.0
Baixa vazao,248,P_2044008,0.0,0.0
Baixa vazao,248,P_2044016,0.0,0.0
Baixa vazao,248,P_2044024,0.0,0.0
Baixa vazao,248,P_2044042,0.0,0.0
Baixa vazao,248,P_2045002,0.0,0.0
Baixa vazao,248,P_2046013,0.0,0.0
Baixa vazao,248,Q_40032000,9.815,-8.418509552711972
Baixa vazao,248,Q_40050000,42.4428,0.0
Baixa vazao,248,Q_40060001,6.0668,-22.53765859810309
Baixa vazao,248,Q_40100000,74.3045,-166.31868380956635
Baixa vazao,248,Q_40185000,5.2202,0.0
Baixa vazao,248,Q_40330000,23.0998,-74.96882948024964
Baixa vazao,248,Q_40800001,15.7865,-7.828134641436236
Baixa vazao,248,Q_40850000,21.6584,-71.50036898499432
Baixa vazao,248,Q_40930000,4.4137,-25.386442549916563
Baixa vazao,249,P_1944059,0.0,0.0
Baixa vazao,249,P_1944063,0.0,-10.051736286561825
Baixa vazao,249,P_1945002,0.0,-9.543961945475802
Baixa vazao,249,P_1945008,0.0,-8.745062120377868
Baixa vazao,249,P_1946000,0.0,0.0
Baixa vazao,249,P_2044008,0.0,0.0
Baixa vazao,249,P_2044016,0.0,0.0
Baixa vazao,249,P_2044024,0.0,0.0
Baixa vazao,249,P_2044042,0.0,0.0
Baixa vazao,249,P_2045002,0.0,0.0
Baixa vazao,249,P_2046013,0.0,0.0
Baixa vazao,249,Q_40032000,12.2852,-7.9055165942089864
Baixa vazao,249,Q_40050000,66.0751,0.0
Baixa vazao,249,Q_40060001,7.0181,-19.22949648515431
Baixa vazao,249,Q_40100000,106.277,-125.69668378895913
Baixa vazao,249,Q_40185000,8.1222,0.0
Baixa vazao,249,Q_40330000,30.9979,-64.9298352100293
Baixa vazao,249,Q_40800001,22.7675,-6.35961946449811
Baixa vazao,249,Q_40850000,28.9191,-64.48185857655002
Baixa vazao,249,Q_40930000,6.676,-20.939211195703223
Baixa vazao,250,P_1944059,0.0,0.0
Baixa vazao,250,P_1944063,0.0,-9.82218757578455
Baixa vazao,250,P_1945002,0.0,-8.597277346614707
Baixa vazao,250,P_1945008,0.0,-7.861452211857795
Baixa vazao,250,P_1946000,0.0,0.0
Baixa vazao,250,P_2044008,0.0,0.0
Baixa vazao,250,P_2044016,0.0,0.0
Baixa vazao,250,P_2044024,2.0,0.0
Baixa vazao,250,P_2044042,0.9,0.0
Baixa vazao,250,P_2045002,0.0,0.0
Baixa vazao,250,P_2046013,0.0,0.0
Baixa vazao,250,Q_40032000,9.815,-8.632383486998949
Baixa vazao,250,Q_40050000,45.9204,0.0
Baixa vazao,250,Q_40060001,5.5177,-24.371180891279025
Baixa vazao,250,Q_40100000,81.9526,-156.7471254084817
Baixa vazao,250,Q_40185000,5.5598,0.0
Baixa vazao,250,Q_40330000,23.9853,-74.11354760664963
Baixa vazao,250,Q_40800001,17.4101,-7.711179299159506
Baixa vazao,250,Q_40850000,22.6572,-70.83426931394284
Baixa vazao,250,Q_40930000,5.0439,-24.2903552113203
Baixa vazao,251,P_1944059,0.0,-5.0486412974174755
Baixa vazao,251,P_1944063,0.0,-9.53017154835384
Baixa vazao,251,P_1945002,0.0,-8.421821094982091
Baixa vazao,251,P_1945008,0.0,-8.069554813445288
Baixa vazao,251,P_1946000,0.0,0.0
Baixa vazao,251,P_2044008,0.0,0.0
Baixa vazao,251,P_2044016,0.0,0.0
Baixa vazao,251,P_2044024,0.0,0.0
Baixa vazao,251,P_2044042,0.0,0.0
Baixa vazao,251,P_2045002,0.0,0.0
Baixa vazao,251,P_2046013,0.0,0.0
Baixa vazao,251,Q_40032000,8.1556,-9.014761980811567
Baixa vazao,251,Q_40050000,40.3685,0.0
Baixa vazao,251,Q_40060001,4.812,-26.70825996426793
Baixa vazao,251,Q_40100000,64.612,-178.31543472510293
Baixa vazao,251,Q_40185000,9.3692,0.0
Baixa vazao,251,Q_40330000,32.9749,-62.099482301339506
Baixa vazao,251,Q_40800001,36.4106,0.0
Baixa vazao,251,Q_40850000,49.5209,-43.10100040310531
Baixa vazao,251,Q_40930000,4.0291,-26.16735939806769
Baixa vazao,252,P_1944059,0.0,0.0
Baixa vazao,252,P_1944063,0.0,-8.893942804964947
Baixa vazao,252,P_1945002,0.0,-7.672495147006048
Baixa vazao,252,P_1945008,0.0,-7.988820596219343
Baixa vazao,252,P_1946000,0.0,0.0
Baixa vazao,252,P_2044008,0.0,0.0
Baixa vazao,252,P_2044016,0.0,0.0
Baixa vazao,252,P_2044024,0.0,0.0
Baixa vazao,252,P_2044042,0.0,0.0
Baixa vazao,252,P_2045002,0.0,0.0
Baixa vazao,252,P_2046013,2.2,0.0
Baixa vazao,252,Q_40032000,15.9442,-5.7552443390196215
Baixa vazao,252,Q_40050000,35.2519,0.0
Baixa vazao,252,Q_40060001,3.1903,-33.25431870369534
Baixa vazao,252,Q_40100000,66.9,-176.74763964901197
Baixa vazao,252,Q_40185000,6.9856,0.0
Baixa vazao,252,Q_40330000,14.1853,-86.88449085748228
Baixa vazao,252,Q_40800001,21.0879,-7.067638187265088
Baixa vazao,252,Q_40850000,28.3803,-65.84519257860288
Baixa vazao,252,Q_40930000,14.5737,-4.72273798882145
Baixa vazao,253,P_1944059,0.0,0.0
Baixa vazao,253,P_1944063,0.0,-9.659384817173883
Baixa vazao,253,P_1945002,0.0,-8.115749579095509
Baixa vazao,253,P_1945008,0.0,-7.943571305870023
Baixa vazao,253,P_1946000,0.0,0.0
Baixa vazao,253,P_2044008,0.0,0.0
Baixa vazao,253,P_2044016,0.0,0.0
Baixa vazao,253,P_2044024,0.0,0.0
Baixa vazao,253,P_2044042,0.0,0.0
Baixa vazao,253,P_2045002,0.0,0.0
Baixa vazao,253,P_2046013,0.0,0.0
Baixa vazao,253,Q_40032000,6.4284,-8.894840771175017
Baixa vazao,253,Q_40050000,23.3666,0.0
Baixa vazao,253,Q_40060001,4.4709,-27.77135048379952
Baixa vazao,253,Q_40100000,66.9,-174.84277580682527
Baixa vazao,253,Q_40185000,4.2442,0.0
Baixa vazao,253,Q_40330000,25.7919,-71.35607053235897
Baixa vazao,253,Q_40800001,18.8923,-7.3968746107804595
Baixa vazao,253,Q_40850000,27.3117,-66.24054840658039
Baixa vazao,253,Q_40930000,1.3702,-31.258319565285355
Baixa vazao,254,P_1944059,0.0,0.0
Baixa vazao,254,P_1944063,0.0,-9.507700544612366
Baixa vazao,254,P_1945002,0.0,-8.007593694342727
Baixa vazao,254,P_1945008,0.0,-8.378231009232591
Baixa vazao,254,P_1946000,0.0,0.0
Baixa vazao,254,P_2044008,0.0,0.0
Baixa vazao,254,P_2044016,0.0,0.0
Baixa vazao,254,P_2044024,0.0,0.0
Baixa vazao,254,P_2044042,0.0,0.0
Baixa vazao,254,P_2045002,0.0,0.0
Baixa vazao,254,P_2046013,0.0,0.0
Baixa vazao,254,Q_40032000,7.2226,-9.107533827910851
Baixa vazao,254,Q_40050000,34.5958,0.0
Baixa vazao,254,Q_40060001,4.2205,-28.78034294827586
Baixa vazao,254,Q_40100000,58.6936,-185.43486965313875
Baixa vazao,254,Q_40185000,6.9836,0.0
Baixa vazao,254,Q_40330000,23.9853,-73.29614525072054
Baixa vazao,254,Q_40800001,29.5559,-6.155629493971674
Baixa vazao,254,Q_40850000,37.3481,-55.317936805579706
Baixa vazao,254,Q_40930000,2.9201,-28.268679653112354
Baixa vazao,255,P_1944059,0.0,0.0
Baixa vazao,255,P_1944063,0.0,-9.092483053068054
Baixa vazao,255,P_1945002,0.0,-8.307269330145806
Baixa vazao,255,P_1945008,0.0,-8.232075706131836
Baixa vazao,255,P_1946000,0.0,0.0
Baixa vazao,255,P_2044008,0.0,0.0
Baixa vazao,255,P_2044016,0.0,0.0
Baixa vazao,255,P_2044024,0.0,0.0
Baixa vazao,255,P_2044042,0.0,0.0
Baixa vazao,255,P_2045002,0.0,0.0
Baixa vazao,255,P_2046013,0.0,0.0
Baixa vazao,255,Q_40032000,7.2226,-9.079193598107118
Baixa vazao,255,Q_40050000,34.8624,0.0
Baixa vazao,255,Q_40060001,4.2205,-28.464079548729778
Baixa vazao,255,Q_40100000,58.6936,-185.4471228505923
Baixa vazao,255,Q_40185000,6.9836,0.0
Baixa vazao,255,Q_40330000,23.9853,-73.91839713227078
Baixa vazao,255,Q_40800001,29.5559,-6.237046894037633
Baixa vazao,255,Q_40850000,38.5191,-54.116459559116024
Baixa vazao,255,Q_40930000,2.9201,-28.21537834834662
Baixa vazao,256,P_1944059,0.0,0.0
Baixa vazao,256,P_1944063,0.0,-9.578458231088012
Baixa vazao,256,P_1945002,0.0,-7.888057341217575
Baixa vazao,256,P_1945008,0.0,-8.017563602647952
Baixa vazao,256,P_1946000,0.0,0.0
Baixa vazao,256,P_2044008,0.0,0.0
Baixa vazao,256,P_2044016,0.0,0.0
Baixa vazao,256,P_2044024,0.0,0.0
Baixa vazao,256,P_2044042,0.0,0.0
Baixa vazao,256,P_2045002,0.0,0.0
Baixa vazao,256,P_2046013,0.0,0.0
Baixa vazao,256,Q_40032000,7.7843,-8.222582005763439
Baixa vazao,256,Q_40050000,28.0929,0.0
Baixa vazao,256,Q_40060001,3.0402,-33.288191798553136
Baixa vazao,256,Q_40100000,46.3101,-200.35547011195084
Baixa vazao,256,Q_40185000,4.2442,0.0
Baixa vazao,256,Q_40330000,14.5561,-83.96720908549524
Baixa vazao,256,Q_40800001,17.7625,-8.29080512182807
Baixa vazao,256,Q_40850000,21.6584,-71.05850169868498
Baixa vazao,256,Q_40930000,1.4107,-31.037912384644844
Baixa vazao,257,P_1944059,0.0,0.0
Baixa vazao,257,P_1944063,0.0,-9.26331553939148
Baixa vazao,257,P_1945002,0.0,-7.985537782213044
Baixa vazao,257,P_1945008,0.0,-8.210206265565601
Baixa vazao,257,P_1946000,0.0,0.0
Baixa vazao,257,P_2044008,0.0,0.0
Baixa vazao,257,P_2044016,0.0,0.0
Baixa vazao,257,P_2044024,0.0,0.0
Baixa vazao,257,P_2044042,0.0,0.0
Baixa vazao,257,P_2045002,0.0,0.0
Baixa vazao,257,P_2046013,0.0,0.0
Baixa vazao,257,Q_40032000,7.441,-8.075556806021412
Baixa vazao,257,Q_40050000,26.2808,0.0
Baixa vazao,257,Q_40060001,2.8924,-33.55325117921763
Baixa vazao,257,Q_40100000,42.9361,-203.46877760905798
Baixa vazao,257,Q_40185000,3.631,0.0
Baixa vazao,257,Q_40330000,11.3456,-87.86301966345383
Baixa vazao,257,Q_40800001,15.1975,-9.158576502108291
Baixa vazao,257,Q_40850000,16.4127,-76.39453160641376
Baixa vazao,257,Q_40930000,1.1884,-31.531355869837217
Baixa vazao,258,P_1944059,0.0,0.0
Baixa vazao,258,P_1944063,0.0,-9.238223457190808
Baixa vazao,258,P_1945002,0.0,-8.161651574564779
Baixa vazao,258,P_1945008,0.0,-7.988168914738139
Baixa vazao,258,P_1946000,0.0,0.0
Baixa vazao,258,P_2044008,0.0,0.0
Baixa vazao,258,P_2044016,0.0,0.0
Baixa vazao,258,P_2044024,0.0,0.0
Baixa vazao,258,P_2044042,0.0,0.0
Baixa vazao,258,P_2045002,0.0,0.0
Baixa vazao,258,P_2046013,0.0,0.0
Baixa vazao,258,Q_40032000,7.441,-8.055659098347876
Baixa vazao,258,Q_40050000,26.5367,0.0
Baixa vazao,258,Q_40060001,2.8924,-33.351022957120705
Baixa vazao,258,Q_40100000,42.9361,-203.95963501488697
Baixa vazao,258,Q_40185000,3.631,0.0
Baixa vazao,258,Q_40330000,14.1853,-84.870074000344
Baixa vazao,258,Q_40800001,15.5952,-8.670770810976645
Baixa vazao,258,Q_40850000,16.8715,-75.88736298489873
Baixa vazao,258,Q_40930000,1.4107,-31.29172144819993
Baixa vazao,259,P_1944059,0.0,0.0
Baixa vazao,259,P_1944063,0.249462366,-8.919845195885092
Baixa vazao,259,P_1945002,0.0,-8.472262164138145
Baixa vazao,259,P_1945008,0.0,-8.191460209673808
Baixa vazao,259,P_1946000,0.0,0.0
Baixa vazao,259,P_2044008,0.0,0.0
Baixa vazao,259,P_2044016,0.0,0.0
Baixa vazao,259,P_2044024,0.0,0.0
Baixa vazao,259,P_2044042,0.0,0.0
Baixa vazao,259,P_2045002,0.0,0.0
Baixa vazao,259,P_2046013,0.0,0.0
Baixa vazao,259,Q_40032000,10.6207,-8.225552929495521
Baixa vazao,259,Q_40050000,50.1744,0.0
Baixa vazao,259,Q_40060001,5.7902,-23.17792482461528
Baixa vazao,259,Q_40100000,81.9526,-156.56645078702314
Baixa vazao,259,Q_40185000,6.2595,0.0
Baixa vazao,259,Q_40330000,37.059,-57.23897593940554
Baixa vazao,259,Q_40800001,18.5374,-7.49938815926788
Baixa vazao,259,Q_40850000,22.1561,-71.36857693806425
Baixa vazao,259,Q_40930000,5.0439,-24.031016199637403
Baixa vazao,260,P_1944059,0.0,0.0
Baixa vazao,260,P_1944063,0.0,-8.94551178887927
Baixa vazao,260,P_1945002,0.0,-7.715233089627972
Baixa vazao,260,P_1945008,0.0,-7.9557363576494255
Baixa vazao,260,P_1946000,0.0,0.0
Baixa vazao,260,P_2044008,0.0,0.0
Baixa vazao,260,P_2044016,0.0,0.0
Baixa vazao,260,P_2044024,0.0,0.0
Baixa vazao,260,P_2044042,0.0,0.0
Baixa vazao,260,P_2045002,0.0,0.0
Baixa vazao,260,P_2046013,0.0,0.0
Baixa vazao,260,Q_40032000,5.912,-8.051590785806095
Baixa vazao,260,Q_40050000,26.9969,0.0
Baixa vazao,260,Q_40060001,3.2663,-31.937309775478553
Baixa vazao,260,Q_40100000,43.3919,-204.00207556702574
Baixa vazao,260,Q_40185000,7.7378,0.0
Baixa vazao,260,Q_40330000,27.1774,-68.59507439184907
Baixa vazao,260,Q_40800001,21.2471,-7.584646921952071
Baixa vazao,260,Q_40850000,26.7819,-66.44517038099795
Baixa vazao,260,Q_40930000,1.8783,-30.15163205893609
Baixa vazao,261,P_1944059,0.0,0.0
Baixa vazao,261,P_1944063,0.0,-9.521342088816452
Baixa vazao,261,P_1945002,0.0,-8.64557994180046
Baixa vazao,261,P_1945008,0.0,-7.897239277074649
Baixa vazao,261,P_1946000,0.0,0.0
Baixa vazao,261,P_2044008,0.0,0.0
Baixa vazao,261,P_2044016,0.0,0.0
Baixa vazao,261,P_2044024,0.0,0.0
Baixa vazao,261,P_2044042,0.0,0.0
Baixa vazao,261,P_2045002,0.0,0.0
Baixa vazao,261,P_2046013,0.0,0.0
Baixa vazao,261,Q_40032000,7.1451,-8.839581165431117
Baixa vazao,261,Q_40050000,24.0624,0.0
Baixa vazao,261,Q_40060001,4.4709,-28.150125771281576
Baixa vazao,261,Q_40100000,69.3405,-172.40088500856936
Baixa vazao,261,Q_40185000,5.5598,0.0
Baixa vazao,261,Q_40330000,30.9979,-64.23643154865616
Baixa vazao,261,Q_40800001,21.2078,-7.2149919656381485
Baixa vazao,261,Q_40850000,26.7819,-66.44844155882409
Baixa vazao,261,Q_40930000,2.1021,-30.195515746211708
Baixa vazao,262,P_1944059,0.0,0.0
Baixa vazao,262,P_1944063,0.0,-9.150328844411609
Baixa vazao,262,P_1945002,0.0,-8.34689775818867
Baixa vazao,262,P_1945008,0.0,-8.636600795016728
Baixa vazao,262,P_1946000,0.0,0.0
Baixa vazao,262,P_2044008,0.0,0.0
Baixa vazao,262,P_2044016,0.6,0.0
Baixa vazao,262,P_2044024,0.0,0.0
Baixa vazao,262,P_2044042,0.0,0.0
Baixa vazao,262,P_2045002,0.0,0.0
Baixa vazao,262,P_2046013,0.0,0.0
Baixa vazao,262,Q_40032000,8.1296,-8.091271967927126
Baixa vazao,262,Q_40050000,32.9781,0.0
Baixa vazao,262,Q_40060001,3.8134,-30.222075866934254
Baixa vazao,262,Q_40100000,54.5059,-190.232646482211
Baixa vazao,262,Q_40185000,4.8876,0.0
Baixa vazao,262,Q_40330000,13.818,-85.8625779941736
Baixa vazao,262,Q_40800001,24.5869,-6.847189181921067
Baixa vazao,262,Q_40850000,28.9191,-63.74021287072257
Baixa vazao,262,Q_40930000,2.1446,-29.89207303345339
Baixa vazao,263,P_1944059,0.0,0.0
Baixa vazao,263,P_1944063,0.249462366,-9.209213386091015
Baixa vazao,263,P_1945002,0.0,-8.205006644145726
Baixa vazao,263,P_1945008,0.0,-8.21251037897808
Baixa vazao,263,P_1946000,0.0,0.0
Baixa vazao,263,P_2044008,0.0,0.0
Baixa vazao,263,P_2044016,0.0,0.0
Baixa vazao,263,P_2044024,0.0,0.0
Baixa vazao,263,P_2044042,0.0,0.0
Baixa vazao,263,P_2045002,0.0,0.0
Baixa vazao,263,P_2046013,0.0,0.0
Baixa vazao,263,Q_40032000,10.6207,-8.790078089770097
Baixa vazao,263,Q_40050000,51.1781,0.0
Baixa vazao,263,Q_40060001,6.2535,-21.76112206116891
Baixa vazao,263,Q_40100000,85.8653,-151.598839147161
Baixa vazao,263,Q_40185000,6.2595,0.0
Baixa vazao,263,Q_40330000,28.1156,-68.1320860018846
Baixa vazao,263,Q_40800001,19.1146,-7.005689738232434
Baixa vazao,263,Q_40850000,22.6572,-70.72282098438059
Baixa vazao,263,Q_40930000,5.3641,-23.626993409534315
Baixa vazao,264,P_1944059,0.0,0.0
Baixa vazao,264,P_1944063,0.6,-7.264919026869418
Baixa vazao,264,P_1945002,0.0,-8.345132730461069
Baixa vazao,264,P_1945008,0.0,-7.710650198746482
Baixa vazao,264,P_1946000,0.0,0.0
Baixa vazao,264,P_2044008,0.0,0.0
Baixa vazao,264,P_2044016,0.0,0.0
Baixa vazao,264,P_2044024,0.0,0.0
Baixa vazao,264,P_2044042,0.0,0.0
Baixa vazao,264,P_2045002,0.0,0.0
Baixa vazao,264,P_2046013,0.0,0.0
Baixa vazao,264,Q_40032000,8.6413,-8.872823373514915
Baixa vazao,264,Q_40050000,39.3799,0.0
Baixa vazao,264,Q_40060001,5.9741,-22.664010028658335
Baixa vazao,264,Q_40100000,71.8088,-169.30574561205043
Baixa vazao,264,Q_40185000,4.5622,0.0
Baixa vazao,264,Q_40330000,21.7942,-76.29530123549135
Baixa vazao,264,Q_40800001,17.4101,-7.1183069938402355
Baixa vazao,264,Q_40850000,19.7014,-73.92783991227047
Baixa vazao,264,Q_40930000,4.104,-26.725214530713615
Baixa vazao,265,P_1944059,9.2,0.0
Baixa vazao,265,P_1944063,0.0,-6.631980056109432
Baixa vazao,265,P_1945002,0.0,-5.3896375451022696
Baixa vazao,265,P_1945008,0.0,-6.101193377952361
Baixa vazao,265,P_1946000,3.2,0.0
Baixa vazao,265,P_2044008,6.9,0.0
Baixa vazao,265,P_2044016,0.7,0.0
Baixa vazao,265,P_2044024,0.0,0.0
Baixa vazao,265,P_2044042,0.0,0.0
Baixa vazao,265,P_2045002,1.1,0.0
Baixa vazao,265,P_2046013,8.3,0.0
Baixa vazao,265,Q_40032000,7.441,-5.769180567058299
Baixa vazao,265,Q_40050000,25.7723,0.0
Baixa vazao,265,Q_40060001,3.0402,-32.600231035131955
Baixa vazao,265,Q_40100000,45.176,-204.39492809843185
Baixa vazao,265,Q_40185000,4.2442,0.0
Baixa vazao,265,Q_40330000,12.034,-88.39007008937978
Baixa vazao,265,Q_40800001,19.7364,-6.902526727788026
Baixa vazao,265,Q_40850000,23.6691,-69.52122842650958
Baixa vazao,265,Q_40930000,6.0141,-20.373335700109617
Baixa vazao,266,P_1944059,0.0,0.0
Baixa vazao,266,P_1944063,0.0,-9.392574467664396
Baixa vazao,266,P_1945002,0.0,-7.8501953982129615
Baixa vazao,266,P_1945008,0.0,-8.437839866467973
Baixa vazao,266,P_1946000,0.0,0.0
Baixa vazao,266,P_2044008,0.0,0.0
Baixa vazao,266,P_2044016,0.0,0.0
Baixa vazao,266,P_2044024,0.0,0.0
Baixa vazao,266,P_2044042,0.0,0.0
Baixa vazao,266,P_2045002,0.0,0.0
Baixa vazao,266,P_2046013,0.0,0.0
Baixa vazao,266,Q_40032000,8.1296,-8.254523925086293
Baixa vazao,266,Q_40050000,29.6854,0.0
Baixa vazao,266,Q_40060001,3.0402,-32.25370124815211
Baixa vazao,266,Q_40100000,50.939,-194.48792336181802
Baixa vazao,266,Q_40185000,4.5622,0.0
Baixa vazao,266,Q_40330000,12.034,-87.84409002174455
Baixa vazao,266,Q_40800001,19.0712,-8.04356630166916
Baixa vazao,266,Q_40850000,24.6941,-68.30390435105264
Baixa vazao,266,Q_40930000,1.6446,-30.66226862164654
Baixa vazao,267,P_1944059,0.0,0.0
Baixa vazao,267,P_1944063,0.0,-8.860434226624589
Baixa vazao,267,P_1945002,0.0,-8.249789330618563
Baixa vazao,267,P_1945008,0.0,-8.061923052565856
Baixa vazao,267,P_1946000,0.0,0.0
Baixa vazao,267,P_2044008,0.0,0.0
Baixa vazao,267,P_2044016,0.0,0.0
Baixa vazao,267,P_2044024,0.0,0.0
Baixa vazao,267,P_2044042,0.0,0.0
Baixa vazao,267,P_2045002,0.0,0.0
Baixa vazao,267,P_2046013,0.0,0.0
Baixa vazao,267,Q_40032000,6.7738,-8.8691107928962
Baixa vazao,267,Q_40050000,30.1945,0.0
Baixa vazao,267,Q_40060001,3.8134,-30.126544873247074
Baixa vazao,267,Q_40100000,51.9034,-193.81437961898084
Baixa vazao,267,Q_40185000,8.5372,0.0
Baixa vazao,267,Q_40330000,30.9979,-64.59064033429932
Baixa vazao,267,Q_40800001,25.2785,-6.916906843972754
Baixa vazao,267,Q_40850000,33.3355,-59.586524175817516
Baixa vazao,267,Q_40930000,2.6527,-28.91888814749976
Baixa vazao,268,P_1944059,0.0,-3.4493523585964567
Baixa vazao,268,P_1944063,0.0,-7.692160477683827
Baixa vazao,268,P_1945002,9.3,0.0
Baixa vazao,268,P_1945008,0.0,-6.552598279261683
Baixa vazao,268,P_1946000,0.0,0.0
Baixa vazao,268,P_2044008,0.4,0.0
Baixa vazao,268,P_2044016,0.0,0.0
Baixa vazao,268,P_2044024,0.0,0.0
Baixa vazao,268,P_2044042,0.0,0.0
Baixa vazao,268,P_2045002,0.0,0.0
Baixa vazao,268,P_2046013,0.0,0.0
Baixa vazao,268,Q_40032000,9.0278,-6.862938356795807
Baixa vazao,268,Q_40050000,34.1072,0.0
Baixa vazao,268,Q_40060001,4.4709,-28.289511699436787
Baixa vazao,268,Q_40100000,55.7127,-190.5468518460011
Baixa vazao,268,Q_40185000,3.9337,0.0
Baixa vazao,268,Q_40330000,8.7413,-92.48885310079255
Baixa vazao,268,Q_40800001,19.7008,-7.0413021541603396
Baixa vazao,268,Q_40850000,17.3341,-76.05105376375477
Baixa vazao,268,Q_40930000,3.4964,-25.557476147148503
Baixa vazao,269,P_1944059,0.0,0.0
Baixa vazao,269,P_1944063,0.0,-9.919579357496024
Baixa vazao,269,P_1945002,0.0,-8.09999103384854
Baixa vazao,269,P_1945008,0.0,-7.913689095607059
Baixa vazao,269,P_1946000,0.0,0.0
Baixa vazao,269,P_2044008,0.0,0.0
Baixa vazao,269,P_2044016,0.0,0.0
Baixa vazao,269,P_2044024,0.0,0.0
Baixa vazao,269,P_2044042,0.0,0.0
Baixa vazao,269,P_2045002,0.0,0.0
Baixa vazao,269,P_2046013,0.0,0.0
Baixa vazao,269,Q_40032000,7.8831,-8.608012983814158
Baixa vazao,269,Q_40050000,31.8647,0.0
Baixa vazao,269,Q_40060001,4.9855,-26.025376630190653
Baixa vazao,269,Q_40100000,68.1168,-173.2747485110827
Baixa vazao,269,Q_40185000,3.3363,0.0
Baixa vazao,269,Q_40330000,11.688,-88.32562931559582
Baixa vazao,269,Q_40800001,12.3126,-8.61793247241711
Baixa vazao,269,Q_40850000,19.2208,-73.84781253334829
Baixa vazao,269,Q_40930000,1.7864,-30.224536821520562
Baixa vazao,270,P_1944059,0.0,0.0
Baixa vazao,270,P_1944063,0.0,-9.684242772508213
Baixa vazao,270,P_1945002,0.0,-8.085859561768325
Baixa vazao,270,P_1945008,0.0,-8.30671895404943
Baixa vazao,270,P_1946000,0.0,0.0
Baixa vazao,270,P_2044008,0.0,0.0
Baixa vazao,270,P_2044016,0.0,0.0
Baixa vazao,270,P_2044024,0.0,0.0
Baixa vazao,270,P_2044042,0.0,0.0
Baixa vazao,270,P_2045002,0.0,0.0
Baixa vazao,270,P_2046013,0.0,0.0
Baixa vazao,270,Q_40032000,7.5115,-8.962252183363274
Baixa vazao,270,Q_40050000,26.7537,0.0
Baixa vazao,270,Q_40060001,5.073,-25.68039829140773
Baixa vazao,270,Q_40100000,78.0987,-160.91252599577135
Baixa vazao,270,Q_40185000,6.2595,0.0
Baixa vazao,270,Q_40330000,38.1066,-55.35168917666469
Baixa vazao,270,Q_40800001,25.166,-6.665023983429705
Baixa vazao,270,Q_40850000,32.2141,-61.04203567329799
Baixa vazao,270,Q_40930000,2.6162,-29.12238033892973
Baixa vazao,271,P_1944059,0.0,0.0
Baixa vazao,271,P_1944063,0.0,-9.42109252127076
Baixa vazao,271,P_1945002,0.0,-8.105371112001023
Baixa vazao,271,P_1945008,0.0,-7.536796421980672
Baixa vazao,271,P_1946000,0.0,0.0
Baixa vazao,271,P_2044008,0.0,0.0
Baixa vazao,271,P_2044016,0.0,0.0
Baixa vazao,271,P_2044024,0.0,0.0
Baixa vazao,271,P_2044042,0.0,0.0
Baixa vazao,271,P_2045002,0.0,0.0
Baixa vazao,271,P_2046013,0.0,0.0
Baixa vazao,271,Q_40032000,7.8831,-8.55356968681621
Baixa vazao,271,Q_40050000,32.4194,0.0
Baixa vazao,271,Q_40060001,5.073,-26.237226344314582
Baixa vazao,271,Q_40100000,71.8088,-168.69731660519963
Baixa vazao,271,Q_40185000,3.631,0.0
Baixa vazao,271,Q_40330000,9.6892,-91.24465748556865
Baixa vazao,271,Q_40800001,12.3126,-8.463648082968456
Baixa vazao,271,Q_40850000,18.7438,-74.21386350865399
Baixa vazao,271,Q_40930000,2.0576,-29.89743886114698
Baixa vazao,272,P_1944059,0.0,0.0
Baixa vazao,272,P_1944063,0.0,-8.929645333287056
Baixa vazao,272,P_1945002,0.0,-7.154861875117353
Baixa vazao,272,P_1945008,26.8,58.145499589378446
Baixa vazao,272,P_1946000,0.0,0.0
Baixa vazao,272,P_2044008,0.0,0.0
Baixa vazao,272,P_2044016,0.0,0.0
Baixa vazao,272,P_2044024,0.0,0.0
Baixa vazao,272,P_2044042,0.0,0.0
Baixa vazao,272,P_2045002,0.0,0.0
Baixa vazao,272,P_2046013,0.0,0.0
Baixa vazao,272,Q_40032000,6.784,-7.638909962614547
Baixa vazao,272,Q_40050000,21.1636,0.0
Baixa vazao,272,Q_40060001,8.7334,-14.238274972825046
Baixa vazao,272,Q_40100000,52.119,-200.26622991326263
Baixa vazao,272,Q_40185000,3.9337,0.0
Baixa vazao,272,Q_40330000,15.3079,-87.99314606769
Baixa vazao,272,Q_40800001,23.5685,-7.869560314278269
Baixa vazao,272,Q_40850000,34.4681,-62.08226271216824
Baixa vazao,272,Q_40930000,1.6083,-31.76983571112266
Baixa vazao,273,P_1944059,0.0,0.0
Baixa vazao,273,P_1944063,0.0,-7.7012646997868135
Baixa vazao,273,P_1945002,0.0,0.0
Baixa vazao,273,P_1945008,23.8,41.58884607099038
Baixa vazao,273,P_1946000,58.2,17.283344121012647
Baixa vazao,273,P_2044008,0.0,0.0
Baixa vazao,273,P_2044016,0.0,0.0
Baixa vazao,273,P_2044024,0.0,0.0
Baixa vazao,273,P_2044042,0.0,0.0
Baixa vazao,273,P_2045002,0.0,0.0
Baixa vazao,273,P_2046013,0.0,0.0
Baixa vazao,273,Q_40032000,7.8831,-5.335582222443409
Baixa vazao,273,Q_40050000,30.0812,0.0
Baixa vazao,273,Q_40060001,5.8819,-23.458472193966514
Baixa vazao,273,Q_40100000,54.5059,-185.69072108917246
Baixa vazao,273,Q_40185000,5.2202,0.0
Baixa vazao,273,Q_40330000,18.8556,-77.83435796353615
Baixa vazao,273,Q_40800001,20.4308,-8.982327111492287
Baixa vazao,273,Q_40850000,25.7317,-66.17691670966917
Baixa vazao,273,Q_40930000,3.4196,-25.583647545236044
Baixa vazao,274,P_1944059,3.8,0.0
Baixa vazao,274,P_1944063,7.4,0.0
Baixa vazao,274,P_1945002,0.0,-2.309066401798191
Baixa vazao,274,P_1945008,0.0,-4.684026098579549
Baixa vazao,274,P_1946000,0.0,0.0
Baixa vazao,274,P_2044008,5.0,0.0
Baixa vazao,274,P_2044016,0.8,0.0
Baixa vazao,274,P_2044024,0.0,0.0
Baixa vazao,274,P_2044042,16.0,-6.684698901288544
Baixa vazao,274,P_2045002,32.9,50.61573878828002
Baixa vazao,274,P_2046013,24.9,0.0
Baixa vazao,274,Q_40032000,6.7606,0.0
Baixa vazao,274,Q_40050000,25.2678,0.0
Baixa vazao,274,Q_40060001,2.604,-32.798046792639894
Baixa vazao,274,Q_40100000,39.6483,-204.84817575925302
Baixa vazao,274,Q_40185000,5.5598,0.0
Baixa vazao,274,Q_40330000,13.4541,-81.74778856755775
Baixa vazao,274,Q_40800001,22.4673,-5.817602081216197
Baixa vazao,274,Q_40850000,21.6584,-68.15546556359205
Baixa vazao,274,Q_40930000,1.5219,-29.811897775224995
Baixa vazao,275,P_1944059,0.0,0.0
Baixa vazao,275,P_1944063,0.0,-9.567724653146623
Baixa vazao,275,P_1945002,0.0,-8.357462139828835
Baixa vazao,275,P_1945008,0.0,-8.162873503094247
Baixa vazao,275,P_1946000,0.0,0.0
Baixa vazao,275,P_2044008,0.0,0.0
Baixa vazao,275,P_2044016,0.0,0.0
Baixa vazao,275,P_2044024,0.0,0.0
Baixa vazao,275,P_2044042,0.0,0.0
Baixa vazao,275,P_2045002,0.0,0.0
Baixa vazao,275,P_2046013,1.7,0.0
Baixa vazao,275,Q_40032000,8.6394,-8.514092896953628
Baixa vazao,275,Q_40050000,44.124,0.0
Baixa vazao,275,Q_40060001,5.608,-23.5506133820559
Baixa vazao,275,Q_40100000,72.0203,-168.71291376541978
Baixa vazao,275,Q_40185000,7.7378,0.0
Baixa vazao,275,Q_40330000,27.1774,-69.7344722055019
Baixa vazao,275,Q_40800001,33.3007,-4.916794738303906
Baixa vazao,275,Q_40850000,41.4926,-51.38497297346085
Baixa vazao,275,Q_40930000,5.192,-24.05039734725298
Baixa vazao,276,P_1944059,0.0,0.0
Baixa vazao,276,P_1944063,0.0,-9.353601972432664
Baixa vazao,276,P_1945002,0.0,-8.095036872683371
Baixa vazao,276,P_1945008,0.0,-8.139147548112707
Baixa vazao,276,P_1946000,0.0,0.0
Baixa vazao,276,P_2044008,0.0,0.0
Baixa vazao,276,P_2044016,0.0,0.0
Baixa vazao,276,P_2044024,0.0,0.0
Baixa vazao,276,P_2044042,0.0,0.0
Baixa vazao,276,P_2045002,0.0,0.0
Baixa vazao,276,P_2046013,0.0,0.0
Baixa vazao,276,Q_40032000,5.912,-7.860685875393817
Baixa vazao,276,Q_40050000,23.4924,0.0
Baixa vazao,276,Q_40060001,3.1903,-32.75651050344604
Baixa vazao,276,Q_40100000,41.3628,-206.09909034604587
Baixa vazao,276,Q_40185000,6.2797,0.0
Baixa vazao,276,Q_40330000,20.9391,-75.93108398417108
Baixa vazao,276,Q_40800001,19.96,-7.60379895440127
Baixa vazao,276,Q_40850000,25.7317,-67.04469615611615
Baixa vazao,276,Q_40930000,1.3893,-30.817353136356243
Baixa vazao,277,P_1944059,0.0,0.0
Baixa vazao,277,P_1944063,0.0,-9.40024560832073
Baixa vazao,277,P_1945002,0.0,-8.76140122681552
Baixa vazao,277,P_1945008,0.0,-8.094857349594008
Baixa vazao,277,P_1946000,0.0,0.0
Baixa vazao,277,P_2044008,0.0,0.0
Baixa vazao,277,P_2044016,0.0,0.0
Baixa vazao,277,P_2044024,0.0,0.0
Baixa vazao,277,P_2044042,0.0,0.0
Baixa vazao,277,P_2045002,0.0,0.0
Baixa vazao,277,P_2046013,0.0,0.0
Baixa vazao,277,Q_40032000,8.2597,-9.240195141331856
Baixa vazao,277,Q_40050000,27.2957,0.0
Baixa vazao,277,Q_40060001,5.161,-25.35828212408955
Baixa vazao,277,Q_40100000,80.6614,-157.6203456237839
Baixa vazao,277,Q_40185000,6.6193,0.0
Baixa vazao,277,Q_40330000,38.1066,-55.48389100304898
Baixa vazao,277,Q_40800001,26.7816,-6.0151062838626785
Baixa vazao,277,Q_40850000,33.3355,-59.806194434133175
Baixa vazao,277,Q_40930000,2.88,-28.44126902488192
Baixa vazao,278,P_1944059,0.0,0.0
Baixa vazao,278,P_1944063,0.0,-9.936448986802292
Baixa vazao,278,P_1945002,0.0,-8.013359116019165
Baixa vazao,278,P_1945008,0.0,-7.929159890136035
Baixa vazao,278,P_1946000,0.0,0.0
Baixa vazao,278,P_2044008,0.0,0.0
Baixa vazao,278,P_2044016,0.0,0.0
Baixa vazao,278,P_2044024,0.0,0.0
Baixa vazao,278,P_2044042,0.0,0.0
Baixa vazao,278,P_2045002,0.0,0.0
Baixa vazao,278,P_2046013,0.0,0.0
Baixa vazao,278,Q_40032000,8.2597,-9.358342058063439
Baixa vazao,278,Q_40050000,27.1145,0.0
Baixa vazao,278,Q_40060001,5.161,-25.42353798593877
Baixa vazao,278,Q_40100000,80.6614,-157.7755288978166
Baixa vazao,278,Q_40185000,6.6193,0.0
Baixa vazao,278,Q_40330000,37.5815,-56.40105552423524
Baixa vazao,278,Q_40800001,25.9716,-6.17942951381184
Baixa vazao,278,Q_40850000,33.3355,-59.575563535918725
Baixa vazao,278,Q_40930000,2.88,-28.429258551354646
Baixa vazao,279,P_1944059,0.0,0.0
Baixa vazao,279,P_1944063,0.0,-9.29051489064119
Baixa vazao,279,P_1945002,0.0,-8.62944295020599
Baixa vazao,279,P_1945008,0.0,-8.347554417133795
Baixa vazao,279,P_1946000,0.0,0.0
Baixa vazao,279,P_2044008,0.0,0.0
Baixa vazao,279,P_2044016,0.0,0.0
Baixa vazao,279,P_2044024,0.0,0.0
Baixa vazao,279,P_2044042,0.0,0.0
Baixa vazao,279,P_2045002,0.0,0.0
Baixa vazao,279,P_2046013,0.0,0.0
Baixa vazao,279,Q_40032000,6.784,-8.644055496069791
Baixa vazao,279,Q_40050000,23.923,0.0
Baixa vazao,279,Q_40060001,4.3869,-28.182490647260654
Baixa vazao,279,Q_40100000,68.1168,-173.49132658555004
Baixa vazao,279,Q_40185000,5.5598,0.0
Baixa vazao,279,Q_40330000,29.0651,-67.14851313455648
Baixa vazao,279,Q_40800001,21.2078,-7.480440038995482
Baixa vazao,279,Q_40850000,26.2553,-67.00861846886191
Baixa vazao,279,Q_40930000,2.1021,-29.78059236002062
Baixa vazao,280,P_1944059,8.0,0.0
Baixa vazao,280,P_1944063,11.3,15.796097264285203
Baixa vazao,280,P_1945002,9.6,0.0
Baixa vazao,280,P_1945008,0.0,-5.428144237202186
Baixa vazao,280,P_1946000,18.2,-16.270581626541354
Baixa vazao,280,P_2044008,3.0,0.0
Baixa vazao,280,P_2044016,15.0,0.0
Baixa vazao,280,P_2044024,16.5,0.0
Baixa vazao,280,P_2044042,2.3,0.0
Baixa vazao,280,P_2045002,21.4,0.0
Baixa vazao,280,P_2046013,26.0,13.43587439774035
Baixa vazao,280,Q_40032000,7.1451,0.0
Baixa vazao,280,Q_40050000,23.0893,0.0
Baixa vazao,280,Q_40060001,6.7281,-20.387201449719964
Baixa vazao,280,Q_40100000,54.5059,-197.05532617864176
Baixa vazao,280,Q_40185000,4.2442,0.0
Baixa vazao,280,Q_40330000,16.4609,-83.62441153731339
Baixa vazao,280,Q_40800001,26.7816,-5.273284909097853
Baixa vazao,280,Q_40850000,22.6572,-71.28637523088848
Baixa vazao,280,Q_40930000,3.1479,-26.997239244123516
Baixa vazao,281,P_1944059,0.0,0.0
Baixa vazao,281,P_1944063,0.0,-9.162817411725063
Baixa vazao,281,P_1945002,0.0,-7.920130761514585
Baixa vazao,281,P_1945008,0.0,-7.906633911717764
Baixa vazao,281,P_1946000,0.0,0.0
Baixa vazao,281,P_2044008,0.0,0.0
Baixa vazao,281,P_2044016,0.0,0.0
Baixa vazao,281,P_2044024,0.0,0.0
Baixa vazao,281,P_2044042,0.0,0.0
Baixa vazao,281,P_2045002,0.0,0.0
Baixa vazao,281,P_2046013,3.3,0.0
Baixa vazao,281,Q_40032000,7.8831,-8.418623544821942
Baixa vazao,281,Q_40050000,35.5405,0.0
Baixa vazao,281,Q_40060001,5.5177,-24.383631844156096
Baixa vazao,281,Q_40100000,74.3045,-166.1727959306126
Baixa vazao,281,Q_40185000,5.9063,0.0
Baixa vazao,281,Q_40330000,14.1853,-86.0743380994703
Baixa vazao,281,Q_40800001,22.136,-6.473836949897986
Baixa vazao,281,Q_40850000,32.7733,-60.20803473816054
Baixa vazao,281,Q_40930000,8.0325,-18.13696147348848
Baixa vazao,282,P_1944059,0.0,0.0
Baixa vazao,282,P_1944063,0.0,-9.733133909424312
Baixa vazao,282,P_1945002,0.0,-8.137335120432821
Baixa vazao,282,P_1945008,0.0,-8.241977299911342
Baixa vazao,282,P_1946000,0.0,0.0
Baixa vazao,282,P_2044008,0.0,0.0
Baixa vazao,282,P_2044016,0.0,0.0
Baixa vazao,282,P_2044024,0.0,0.0
Baixa vazao,282,P_2044042,0.0,0.0
Baixa vazao,282,P_2045002,0.0,0.0
Baixa vazao,282,P_2046013,0.0,0.0
Baixa vazao,282,Q_40032000,7.6833,-8.798069083438616
Baixa vazao,282,Q_40050000,34.8624,0.0
Baixa vazao,282,Q_40060001,4.3034,-28.114800673087725
Baixa vazao,282,Q_40100000,59.8585,-184.10100807084538
Baixa vazao,282,Q_40185000,6.9836,0.0
Baixa vazao,282,Q_40330000,23.9853,-73.48833974547782
Baixa vazao,282,Q_40800001,30.292,-5.852727348768383
Baixa vazao,282,Q_40850000,38.5191,-54.597999757608854
Baixa vazao,282,Q_40930000,2.9201,-28.447671835281138
Baixa vazao,283,P_1944059,0.0,0.0
Baixa vazao,283,P_1944063,0.0,-9.345892442079135
Baixa vazao,283,P_1945002,0.0,-7.740828557182802
Baixa vazao,283,P_1945008,0.0,-8.378068167357373
Baixa vazao,283,P_1946000,0.0,0.0
Baixa vazao,283,P_2044008,0.0,0.0
Baixa vazao,283,P_2044016,0.0,0.0
Baixa vazao,283,P_2044024,0.0,0.0
Baixa vazao,283,P_2044042,0.0,0.0
Baixa vazao,283,P_2045002,0.0,0.0
Baixa vazao,283,P_2046013,0.0,0.0
Baixa vazao,283,Q_40032000,6.3369,-8.097090557405718
Baixa vazao,283,Q_40050000,28.9472,0.0
Baixa vazao,283,Q_40060001,3.4198,-31.38396730911401
Baixa vazao,283,Q_40100000,47.5692,-198.72193935813584
Baixa vazao,283,Q_40185000,6.6284,0.0
Baixa vazao,283,Q_40330000,23.0998,-74.21807610440558
Baixa vazao,283,Q_40800001,23.2313,-7.070709597426287
Baixa vazao,283,Q_40850000,30.5535,-62.39345758391681
Baixa vazao,283,Q_40930000,2.6527,-28.561005274186513
Baixa vazao,284,P_1944059,0.0,0.0
Baixa vazao,284,P_1944063,0.249462366,-8.569514366738717
Baixa vazao,284,P_1945002,0.0,-8.214179458285415
Baixa vazao,284,P_1945008,0.0,-7.866231044026941
Baixa vazao,284,P_1946000,0.0,0.0
Baixa vazao,284,P_2044008,0.0,0.0
Baixa vazao,284,P_2044016,0.0,0.0
Baixa vazao,284,P_2044024,0.0,0.0
Baixa vazao,284,P_2044042,0.0,0.0
Baixa vazao,284,P_2045002,0.0,0.0
Baixa vazao,284,P_2046013,0.0,0.0
Baixa vazao,284,Q_40032000,10.2156,-8.288116636226572
Baixa vazao,284,Q_40050000,47.2128,0.0
Baixa vazao,284,Q_40060001,5.6989,-24.129393814934783
Baixa vazao,284,Q_40100000,79.3767,-159.93004094755614
Baixa vazao,284,Q_40185000,5.9063,0.0
Baixa vazao,284,Q_40330000,31.9809,-63.87013024287066
Baixa vazao,284,Q_40800001,17.4101,-7.627540400711098
Baixa vazao,284,Q_40850000,22.1561,-71.13298952629371
Baixa vazao,284,Q_40930000,5.0439,-24.335304824601153
Baixa vazao,285,P_1944059,0.0,0.0
Baixa vazao,285,P_1944063,0.0,-9.429571745757434
Baixa vazao,285,P_1945002,0.0,-8.075786825496163
Baixa vazao,285,P_1945008,0.0,-8.195721840605529
Baixa vazao,285,P_1946000,0.0,0.0
Baixa vazao,285,P_2044008,0.0,0.0
Baixa vazao,285,P_2044016,0.0,0.0
Baixa vazao,285,P_2044024,0.0,0.0
Baixa vazao,285,P_2044042,0.0,0.0
Baixa vazao,285,P_2045002,0.0,0.0
Baixa vazao,285,P_2046013,0.0,0.0
Baixa vazao,285,Q_40032000,7.5115,-8.788004614132662
Baixa vazao,285,Q_40050000,34.1072,0.0
Baixa vazao,285,Q_40060001,5.2495,-25.099963740236756
Baixa vazao,285,Q_40100000,69.3405,-171.75828476823216
Baixa vazao,285,Q_40185000,3.9337,0.0
Baixa vazao,285,Q_40330000,19.6796,-78.99609123346256
Baixa vazao,285,Q_40800001,12.782,-8.255621275844662
Baixa vazao,285,Q_40850000,20.1855,-72.55796222281123
Baixa vazao,285,Q_40930000,2.3349,-30.035124096740248
Baixa vazao,286,P_1944059,0.0,0.0
Baixa vazao,286,P_1944063,0.0,-9.010908186655954
Baixa vazao,286,P_1945002,0.0,-8.272642990660607
Baixa vazao,286,P_1945008,0.0,-8.527998290603987
Baixa vazao,286,P_1946000,0.0,0.0
Baixa vazao,286,P_2044008,0.0,0.0
Baixa vazao,286,P_2044016,0.0,0.0
Baixa vazao,286,P_2044024,0.0,0.0
Baixa vazao,286,P_2044042,0.0,0.0
Baixa vazao,286,P_2045002,0.0,0.0
Baixa vazao,286,P_2046013,0.0,0.0
Baixa vazao,286,Q_40032000,7.1451,-9.066028497436834
Baixa vazao,286,Q_40050000,24.202,0.0
Baixa vazao,286,Q_40060001,4.5555,-27.720195915325345
Baixa vazao,286,Q_40100000,69.3405,-172.33289230086436
Baixa vazao,286,Q_40185000,5.9063,0.0
Baixa vazao,286,Q_40330000,32.4766,-62.86806801552621
Baixa vazao,286,Q_40800001,21.2078,-7.296459717875109
Baixa vazao,286,Q_40850000,27.8445,-65.50049554544593
Baixa vazao,286,Q_40930000,2.1021,-29.81330081308129
Baixa vazao,287,P_1944059,0.0,0.0
Baixa vazao,287,P_1944063,0.0,-9.384192921696195
Baixa vazao,287,P_1945002,0.0,-7.644294549979569
Baixa vazao,287,P_1945008,0.0,-8.004803121746761
Baixa vazao,287,P_1946000,0.0,0.0
Baixa vazao,287,P_2044008,0.0,0.0
Baixa vazao,287,P_2044016,0.0,0.0
Baixa vazao,287,P_2044024,0.0,0.0
Baixa vazao,287,P_2044042,0.0,0.0
Baixa vazao,287,P_2045002,0.0,0.0
Baixa vazao,287,P_2046013,0.0,0.0
Baixa vazao,287,Q_40032000,8.1296,-8.567262376307623
Baixa vazao,287,Q_40050000,28.8846,0.0
Baixa vazao,287,Q_40060001,3.0402,-32.94630567595718
Baixa vazao,287,Q_40100000,48.6062,-196.97317514190928
Baixa vazao,287,Q_40185000,4.5622,0.0
Baixa vazao,287,Q_40330000,11.688,-88.15941097663861
Baixa vazao,287,Q_40800001,17.7625,-8.348907265516269
Baixa vazao,287,Q_40850000,23.6691,-68.94012342540452
Baixa vazao,287,Q_40930000,1.6446,-30.949853197225885
Baixa vazao,288,P_1944059,0.0,0.0
Baixa vazao,288,P_1944063,0.0,-9.295591870708035
Baixa vazao,288,P_1945002,0.0,-8.712249897660964
Baixa vazao,288,P_1945008,0.0,-7.915870945128784
Baixa vazao,288,P_1946000,0.0,0.0
Baixa vazao,288,P_2044008,0.0,0.0
Baixa vazao,288,P_2044016,0.0,0.0
Baixa vazao,288,P_2044024,0.0,0.0
Baixa vazao,288,P_2044042,0.0,0.0
Baixa vazao,288,P_2045002,0.0,0.0
Baixa vazao,288,P_2046013,0.0,0.0
Baixa vazao,288,Q_40032000,9.815,-8.70801924134126
Baixa vazao,288,Q_40050000,41.514,0.0
Baixa vazao,288,Q_40060001,6.0668,-22.63754382155379
Baixa vazao,288,Q_40100000,71.8088,-169.59245783671514
Baixa vazao,288,Q_40185000,4.8876,0.0
Baixa vazao,288,Q_40330000,23.9853,-73.37201829510828
Baixa vazao,288,Q_40800001,15.2633,-7.827676468691266
Baixa vazao,288,Q_40850000,21.164,-72.34219440560065
Baixa vazao,288,Q_40930000,4.4137,-25.43912908764711
Baixa vazao,289,P_1944059,0.0,0.0
Baixa vazao,289,P_1944063,0.0,-9.317752406878789
Baixa vazao,289,P_1945002,0.0,-8.156446221776777
Baixa vazao,289,P_1945008,0.0,-8.020125799653838
Baixa vazao,289,P_1946000,0.0,0.0
Baixa vazao,289,P_2044008,0.0,0.0
Baixa vazao,289,P_2044016,0.0,0.0
Baixa vazao,289,P_2044024,0.0,0.0
Baixa vazao,289,P_2044042,0.0,0.0
Baixa vazao,289,P_2045002,0.0,0.0
Baixa vazao,289,P_2046013,0.0,0.0
Baixa vazao,289,Q_40032000,6.3369,-8.287487951520463
Baixa vazao,289,Q_40050000,29.4435,0.0
Baixa vazao,289,Q_40060001,3.4974,-31.09736945281035
Baixa vazao,289,Q_40100000,48.6382,-197.6888147986634
Baixa vazao,289,Q_40185000,7.3505,0.0
Baixa vazao,289,Q_40330000,25.7919,-70.79697863931058
Baixa vazao,289,Q_40800001,23.2313,-7.093206956548272
Baixa vazao,289,Q_40850000,28.3803,-64.1756737923294
Baixa vazao,289,Q_40930000,2.6527,-28.63087003279228
Baixa vazao,290,P_1944059,0.0,-1.2305046970909075
Baixa vazao,290,P_1944063,8.5,0.0
Baixa vazao,290,P_1945002,0.0,-5.143475092375375
Baixa vazao,290,P_1945008,0.0,-4.550448692181747
Baixa vazao,290,P_1946000,0.0,0.0
Baixa vazao,290,P_2044008,2.0,0.0
Baixa vazao,290,P_2044016,0.0,0.0
Baixa vazao,290,P_2044024,4.5,0.0
Baixa vazao,290,P_2044042,0.7,0.0
Baixa vazao,290,P_2045002,0.0,0.0
Baixa vazao,290,P_2046013,0.0,0.0
Baixa vazao,290,Q_40032000,7.5115,-4.387656530071235
Baixa vazao,290,Q_40050000,26.3112,0.0
Baixa vazao,290,Q_40060001,4.8985,-25.86207225787732
Baixa vazao,290,Q_40100000,75.5625,-166.23814819627003
Baixa vazao,290,Q_40185000,6.2595,0.0
Baixa vazao,290,Q_40330000,36.022,-57.462732722054405
Baixa vazao,290,Q_40800001,27.5959,-4.264125963466721
Baixa vazao,290,Q_40850000,39.7006,-52.68158076869428
Baixa vazao,290,Q_40930000,2.3568,-27.799541434936593
Baixa vazao,291,P_1944059,0.0,0.0
Baixa vazao,291,P_1944063,0.0,-9.637996016529248
Baixa vazao,291,P_1945002,0.0,-8.308733342479197
Baixa vazao,291,P_1945008,0.0,-8.488285645792963
Baixa vazao,291,P_1946000,0.0,0.0
Baixa vazao,291,P_2044008,0.0,0.0
Baixa vazao,291,P_2044016,0.0,0.0
Baixa vazao,291,P_2044024,0.0,0.0
Baixa vazao,291,P_2044042,0.0,0.0
Baixa vazao,291,P_2045002,0.0,0.0
Baixa vazao,291,P_2046013,0.0,0.0
Baixa vazao,291,Q_40032000,7.6833,-8.971822567598739
Baixa vazao,291,Q_40050000,35.1297,0.0
Baixa vazao,291,Q_40060001,4.3869,-28.095438637552316
Baixa vazao,291,Q_40100000,59.8585,-184.1007378621701
Baixa vazao,291,Q_40185000,8.9491,0.0
Baixa vazao,291,Q_40330000,31.488,-63.56122149681504
Baixa vazao,291,Q_40800001,31.0345,-5.695517373290272
Baixa vazao,291,Q_40850000,40.8927,-51.864090871948925
Baixa vazao,291,Q_40930000,3.1917,-28.039264806466807
Baixa vazao,292,P_1944059,0.0,0.0
Baixa vazao,292,P_1944063,0.0,-9.333979968883257
Baixa vazao,292,P_1945002,0.0,-8.476449888277873
Baixa vazao,292,P_1945008,0.0,-8.4881873748492
Baixa vazao,292,P_1946000,0.0,0.0
Baixa vazao,292,P_2044008,0.0,0.0
Baixa vazao,292,P_2044016,0.0,0.0
Baixa vazao,292,P_2044024,0.0,0.0
Baixa vazao,292,P_2044042,0.0,0.0
Baixa vazao,292,P_2045002,0.0,0.0
Baixa vazao,292,P_2046013,0.0,0.0
Baixa vazao,292,Q_40032000,7.5115,-9.012076670915654
Baixa vazao,292,Q_40050000,27.1145,0.0
Baixa vazao,292,Q_40060001,5.073,-25.745875968372985
Baixa vazao,292,Q_40100000,79.3767,-159.1208299395159
Baixa vazao,292,Q_40185000,6.2595,0.0
Baixa vazao,292,Q_40330000,38.1066,-55.76879151541511
Baixa vazao,292,Q_40800001,25.9716,-6.185073143945374
Baixa vazao,292,Q_40850000,32.2141,-60.775561045889944
Baixa vazao,292,Q_40930000,2.88,-28.60210219637519
Baixa vazao,293,P_1944059,0.0,0.0
Baixa vazao,293,P_1944063,0.0,-9.157890582195114
Baixa vazao,293,P_1945002,0.0,-7.686689485427119
Baixa vazao,293,P_1945008,0.0,-7.962050929541484
Baixa vazao,293,P_1946000,0.0,0.0
Baixa vazao,293,P_2044008,3.4,0.0
Baixa vazao,293,P_2044016,0.0,0.0
Baixa vazao,293,P_2044024,0.0,0.0
Baixa vazao,293,P_2044042,0.0,0.0
Baixa vazao,293,P_2045002,0.0,0.0
Baixa vazao,293,P_2046013,0.0,0.0
Baixa vazao,293,Q_40032000,7.8831,-8.057717922655625
Baixa vazao,293,Q_40050000,34.3919,0.0
Baixa vazao,293,Q_40060001,4.3034,-28.693271447288563
Baixa vazao,293,Q_40100000,64.4022,-177.9360483738569
Baixa vazao,293,Q_40185000,3.631,0.0
Baixa vazao,293,Q_40330000,12.034,-88.43647365563957
Baixa vazao,293,Q_40800001,23.4079,-6.45941407129709
Baixa vazao,293,Q_40850000,23.6691,-69.58147341020546
Baixa vazao,293,Q_40930000,2.9059,-28.60115314439219
Baixa vazao,294,P_1944059,0.0,0.0
Baixa vazao,294,P_1944063,0.249462366,-8.66684337633288
Baixa vazao,294,P_1945002,0.0,-9.090568699828232
Baixa vazao,294,P_1945008,0.0,-8.151925231449784
Baixa vazao,294,P_1946000,0.0,0.0
Baixa vazao,294,P_2044008,0.0,0.0
Baixa vazao,294,P_2044016,0.0,0.0
Baixa vazao,294,P_2044024,0.0,0.0
Baixa vazao,294,P_2044042,0.0,0.0
Baixa vazao,294,P_2045002,0.0,0.0
Baixa vazao,294,P_2046013,0.0,0.0
Baixa vazao,294,Q_40032000,10.6207,-8.471230894647649
Baixa vazao,294,Q_40050000,54.238,0.0
Baixa vazao,294,Q_40060001,6.442,-21.058007554984652
Baixa vazao,294,Q_40100000,89.8358,-146.6556282505209
Baixa vazao,294,Q_40185000,6.6193,0.0
Baixa vazao,294,Q_40330000,24.8827,-72.67054511559178
Baixa vazao,294,Q_40800001,19.7008,-6.351793091344291
Baixa vazao,294,Q_40850000,23.6691,-69.59594121198434
Baixa vazao,294,Q_40930000,5.6875,-23.333828318959025
Baixa vazao,295,P_1944059,0.0,0.0
Baixa vazao,295,P_1944063,0.0,-9.299907610343963
Baixa vazao,295,P_1945002,0.0,-8.23491713395819
Baixa vazao,295,P_1945008,0.0,-8.436634855862035
Baixa vazao,295,P_1946000,0.0,0.0
Baixa vazao,295,P_2044008,0.0,0.0
Baixa vazao,295,P_2044016,0.0,0.0
Baixa vazao,295,P_2044024,0.0,0.0
Baixa vazao,295,P_2044042,0.0,0.0
Baixa vazao,295,P_2045002,0.0,0.0
Baixa vazao,295,P_2046013,0.0,0.0
Baixa vazao,295,Q_40032000,7.5115,-9.191217959340197
Baixa vazao,295,Q_40050000,35.2519,0.0
Baixa vazao,295,Q_40060001,5.3384,-24.679345266322112
Baixa vazao,295,Q_40100000,68.1168,-173.48621633127877
Baixa vazao,295,Q_40185000,3.9337,0.0
Baixa vazao,295,Q_40330000,23.5411,-73.67039366693896
Baixa vazao,295,Q_40800001,13.2603,-7.99701000191294
Baixa vazao,295,Q_40850000,20.6731,-72.62193200356921
Baixa vazao,295,Q_40930000,2.3349,-29.84958194785553
Baixa vazao,296,P_1944059,0.0,0.0
Baixa vazao,296,P_1944063,0.0,-9.784047610053051
Baixa vazao,296,P_1945002,0.0,-8.138003914321667
Baixa vazao,296,P_1945008,0.0,-8.292201950488643
Baixa vazao,296,P_1946000,0.0,0.0
Baixa vazao,296,P_2044008,0.0,0.0
Baixa vazao,296,P_2044016,0.0,0.0
Baixa vazao,296,P_2044024,0.0,0.0
Baixa vazao,296,P_2044042,0.0,0.0
Baixa vazao,296,P_2045002,0.0,0.0
Baixa vazao,296,P_2046013,0.0,0.0
Baixa vazao,296,Q_40032000,9.815,-8.31912451051976
Baixa vazao,296,Q_40050000,44.9608,0.0
Baixa vazao,296,Q_40060001,5.5177,-24.686514819533755
Baixa vazao,296,Q_40100000,76.8273,-163.05079136979924
Baixa vazao,296,Q_40185000,5.2202,0.0
Baixa vazao,296,Q_40330000,25.7919,-71.48320416073189
Baixa vazao,296,Q_40800001,17.9692,-7.660095880688175
Baixa vazao,296,Q_40850000,20.1855,-72.84280090361787
Baixa vazao,296,Q_40930000,4.727,-24.808165236729458
Baixa vazao,297,P_1944059,0.0,0.0
Baixa vazao,297,P_1944063,0.0,-9.244907429802428
Baixa vazao,297,P_1945002,0.0,-8.606449566350868
Baixa vazao,297,P_1945008,0.0,-8.217076121836213
Baixa vazao,297,P_1946000,0.0,0.0
Baixa vazao,297,P_2044008,0.0,0.0
Baixa vazao,297,P_2044016,0.0,0.0
Baixa vazao,297,P_2044024,0.0,0.0
Baixa vazao,297,P_2044042,0.0,0.0
Baixa vazao,297,P_2045002,0.0,0.0
Baixa vazao,297,P_2046013,0.0,0.0
Baixa vazao,297,Q_40032000,8.1296,-9.15601286833576
Baixa vazao,297,Q_40050000,30.4952,0.0
Baixa vazao,297,Q_40060001,3.1903,-32.07491364030753
Baixa vazao,297,Q_40100000,54.5059,-191.5556966798707
Baixa vazao,297,Q_40185000,5.5598,0.0
Baixa vazao,297,Q_40330000,74.7554,-8.370168306911227
Baixa vazao,297,Q_40800001,26.0328,-5.557158828083175
Baixa vazao,297,Q_40850000,42.7002,-49.883467325827716
Baixa vazao,297,Q_40930000,0.9784,-32.38780045585707
Baixa vazao,298,P_1944059,0.0,0.0
Baixa vazao,298,P_1944063,0.0,-9.737495669566941
Baixa vazao,298,P_1945002,0.0,-8.100652252973711
Baixa vazao,298,P_1945008,0.0,-8.527471806714907
Baixa vazao,298,P_1946000,0.0,0.0
Baixa vazao,298,P_2044008,0.0,0.0
Baixa vazao,298,P_2044016,0.0,0.0
Baixa vazao,298,P_2044024,0.0,0.0
Baixa vazao,298,P_2044042,0.0,0.0
Baixa vazao,298,P_2045002,0.0,0.0
Baixa vazao,298,P_2046013,0.0,0.0
Baixa vazao,298,Q_40032000,8.1296,-8.027582880808492
Baixa vazao,298,Q_40050000,32.9781,0.0
Baixa vazao,298,Q_40060001,3.4974,-30.984946225752804
Baixa vazao,298,Q_40100000,55.7127,-188.70889865183204
Baixa vazao,298,Q_40185000,5.2202,0.0
Baixa vazao,298,Q_40330000,12.737,-86.95788538384062
Baixa vazao,298,Q_40800001,23.8737,-6.779281421046562
Baixa vazao,298,Q_40850000,29.4609,-63.41117055673762
Baixa vazao,298,Q_40930000,2.1446,-29.75299690369411
Baixa vazao,299,P_1944059,0.0,0.0
Baixa vazao,299,P_1944063,0.0,-8.65629148032352
Baixa vazao,299,P_1945002,0.0,-8.053608991392021
Baixa vazao,299,P_1945008,0.0,-8.384304714561122
Baixa vazao,299,P_1946000,0.0,0.0
Baixa vazao,299,P_2044008,0.0,0.0
Baixa vazao,299,P_2044016,0.0,0.0
Baixa vazao,299,P_2044024,0.0,0.0
Baixa vazao,299,P_2044042,0.0,0.0
Baixa vazao,299,P_2045002,0.0,0.0
Baixa vazao,299,P_2046013,0.0,0.0
Baixa vazao,299,Q_40032000,4.9037,-7.549582930189729
Baixa vazao,299,Q_40050000,21.2687,0.0
Baixa vazao,299,Q_40060001,2.8194,-33.88312191793393
Baixa vazao,299,Q_40100000,30.9308,-217.60410661755424
Baixa vazao,299,Q_40185000,6.6284,0.0
Baixa vazao,299,Q_40330000,22.2264,-74.40863194232912
Baixa vazao,299,Q_40800001,13.9739,-8.757492855979859
Baixa vazao,299,Q_40850000,12.8812,-79.80843970451083
Baixa vazao,299,Q_40930000,1.1547,-32.00911285405281
Baixa vazao,300,P_1944059,23.4,24.016395339315757
Baixa vazao,300,P_1944063,8.6,0.0
Baixa vazao,300,P_1945002,0.0,0.0
Baixa vazao,300,P_1945008,27.0,43.58531632458743
Baixa vazao,300,P_1946000,2.0,0.0
Baixa vazao,300,P_2044008,19.8,0.0
Baixa vazao,300,P_2044016,14.8,0.0
Baixa vazao,300,P_2044024,5.6,0.0
Baixa vazao,300,P_2044042,15.8,-11.757437451619808
Baixa vazao,300,P_2045002,27.0,27.136064589363848
Baixa vazao,300,P_2046013,36.8,15.857402874507118
Baixa vazao,300,Q_40032000,8.1296,0.0
Baixa vazao,300,Q_40050000,30.2243,0.0
Baixa vazao,300,Q_40060001,4.6405,-29.624004363066867
Baixa vazao,300,Q_40100000,50.939,-200.75982099480493
Baixa vazao,300,Q_40185000,3.3363,0.0
Baixa vazao,300,Q_40330000,16.4609,-85.2598960154291
Baixa vazao,300,Q_40800001,28.2496,0.0
Baixa vazao,300,Q_40850000,19.7014,-75.35993588664516
Baixa vazao,300,Q_40930000,1.1884,-32.18569401341438
Baixa vazao,301,P_1944059,0.0,0.0
Baixa vazao,301,P_1944063,0.0,-9.446131315805449
Baixa vazao,301,P_1945002,0.0,-7.77571586192397
Baixa vazao,301,P_1945008,0.0,-8.081735237400533
Baixa vazao,301,P_1946000,0.0,0.0
Baixa vazao,301,P_2044008,0.0,0.0
Baixa vazao,301,P_2044016,0.0,0.0
Baixa vazao,301,P_2044024,0.0,0.0
Baixa vazao,301,P_2044042,0.0,0.0
Baixa vazao,301,P_2045002,0.0,0.0
Baixa vazao,301,P_2046013,0.0,0.0
Baixa vazao,301,Q_40032000,7.2701,-8.205062072843674
Baixa vazao,301,Q_40050000,22.5672,0.0
Baixa vazao,301,Q_40060001,2.6752,-34.37539171593341
Baixa vazao,301,Q_40100000,35.4027,-213.10892825586066
Baixa vazao,301,Q_40185000,2.7718,0.0
Baixa vazao,301,Q_40330000,11.3456,-87.68804493213426
Baixa vazao,301,Q_40800001,14.016,-9.265357311878105
Baixa vazao,301,Q_40850000,18.7438,-73.89232334356284
Baixa vazao,301,Q_40930000,1.2649,-31.247550134579928
Baixa vazao,302,P_1944059,0.0,0.0
Baixa vazao,302,P_1944063,0.0,-9.605558470005851
Baixa vazao,302,P_1945002,0.0,-7.860462771554596
Baixa vazao,302,P_1945008,0.0,-8.413332856303724
Baixa vazao,302,P_1946000,0.0,0.0
Baixa vazao,302,P_2044008,0.0,0.0
Baixa vazao,302,P_2044016,0.0,0.0
Baixa vazao,302,P_2044024,0.0,0.0
Baixa vazao,302,P_2044042,0.0,0.0
Baixa vazao,302,P_2045002,0.0,0.0
Baixa vazao,302,P_2046013,0.0,0.0
Baixa vazao,302,Q_40032000,8.1296,-8.28484029874889
Baixa vazao,302,Q_40050000,30.2243,0.0
Baixa vazao,302,Q_40060001,3.1903,-32.54780153143686
Baixa vazao,302,Q_40100000,52.119,-192.81246609522105
Baixa vazao,302,Q_40185000,4.5622,0.0
Baixa vazao,302,Q_40330000,12.034,-87.50388041506406
Baixa vazao,302,Q_40800001,20.4087,-7.158223371673387
Baixa vazao,302,Q_40850000,25.7317,-67.10393729427008
Baixa vazao,302,Q_40930000,1.8894,-30.633478929451
Baixa vazao,303,P_1944059,0.0,0.0
Baixa vazao,303,P_1944063,0.0,-9.32102871858717
Baixa vazao,303,P_1945002,0.0,-8.394796656412437
Baixa vazao,303,P_1945008,0.0,-7.955873513912608
Baixa vazao,303,P_1946000,0.0,0.0
Baixa vazao,303,P_2044008,0.0,0.0
Baixa vazao,303,P_2044016,0.0,0.0
Baixa vazao,303,P_2044024,0.0,0.0
Baixa vazao,303,P_2044042,0.0,0.0
Baixa vazao,303,P_2045002,0.0,0.0
Baixa vazao,303,P_2046013,0.0,0.0
Baixa vazao,303,Q_40032000,5.0991,-7.860610696456661
Baixa vazao,303,Q_40050000,23.4924,0.0
Baixa vazao,303,Q_40060001,2.966,-33.12715747937147
Baixa vazao,303,Q_40100000,33.6518,-214.53754693995873
Baixa vazao,303,Q_40185000,5.9377,0.0
Baixa vazao,303,Q_40330000,19.6796,-77.1817140995155
Baixa vazao,303,Q_40800001,16.8713,-8.26345956817027
Baixa vazao,303,Q_40850000,17.8004,-74.9098000831102
Baixa vazao,303,Q_40930000,1.3893,-31.200989029211
Baixa vazao,304,P_1944059,0.0,0.0
Baixa vazao,304,P_1944063,0.0,-9.409117637832203
Baixa vazao,304,P_1945002,0.0,-8.384105181958313
Baixa vazao,304,P_1945008,0.0,-7.770488086493102
Baixa vazao,304,P_1946000,0.0,0.0
Baixa vazao,304,P_2044008,0.0,0.0
Baixa vazao,304,P_2044016,0.0,0.0
Baixa vazao,304,P_2044024,0.0,0.0
Baixa vazao,304,P_2044042,0.0,0.0
Baixa vazao,304,P_2045002,0.0,0.0
Baixa vazao,304,P_2046013,0.0,0.0
Baixa vazao,304,Q_40032000,7.8831,-8.239803461439289
Baixa vazao,304,Q_40050000,32.4194,0.0
Baixa vazao,304,Q_40060001,4.8985,-26.622606132841558
Baixa vazao,304,Q_40100000,61.8768,-180.2200449647081
Baixa vazao,304,Q_40185000,6.9856,0.0
Baixa vazao,304,Q_40330000,12.034,-87.58984140302472
Baixa vazao,304,Q_40800001,14.2439,-8.227083994101065
Baixa vazao,304,Q_40850000,20.6731,-72.58248956389005
Baixa vazao,304,Q_40930000,0.7776,-32.66751751320289
Baixa vazao,305,P_1944059,0.0,0.0
Baixa vazao,305,P_1944063,0.249462366,-8.324596345514468
Baixa vazao,305,P_1945002,0.0,-7.602374311929062
Baixa vazao,305,P_1945008,0.0,-8.079176481957472
Baixa vazao,305,P_1946000,0.0,0.0
Baixa vazao,305,P_2044008,0.0,0.0
Baixa vazao,305,P_2044016,6.0,0.0
Baixa vazao,305,P_2044024,0.0,0.0
Baixa vazao,305,P_2044042,0.0,0.0
Baixa vazao,305,P_2045002,0.0,0.0
Baixa vazao,305,P_2046013,0.0,0.0
Baixa vazao,305,Q_40032000,10.2156,-8.584401428160437
Baixa vazao,305,Q_40050000,48.849,0.0
Baixa vazao,305,Q_40060001,5.6989,-24.123757781644116
Baixa vazao,305,Q_40100000,80.6614,-158.3440177706925
Baixa vazao,305,Q_40185000,5.9063,0.0
Baixa vazao,305,Q_40330000,33.476,-61.72607278757759
Baixa vazao,305,Q_40800001,17.4101,-7.239920836414171
Baixa vazao,305,Q_40850000,22.1561,-71.28419233684055
Baixa vazao,305,Q_40930000,5.0439,-24.52137100085078
Baixa vazao,306,P_1944059,0.0,0.0
Baixa vazao,306,P_1944063,0.0,-9.759217774062893
Baixa vazao,306,P_1945002,0.0,-8.02458975897291
Baixa vazao,306,P_1945008,0.0,-8.257468161753286
Baixa vazao,306,P_1946000,0.0,0.0
Baixa vazao,306,P_2044008,0.0,0.0
Baixa vazao,306,P_2044016,0.0,0.0
Baixa vazao,306,P_2044024,0.0,0.0
Baixa vazao,306,P_2044042,0.0,0.0
Baixa vazao,306,P_2045002,0.0,0.0
Baixa vazao,306,P_2046013,0.0,0.0
Baixa vazao,306,Q_40032000,9.815,-8.667794605951135
Baixa vazao,306,Q_40050000,46.2421,0.0
Baixa vazao,306,Q_40060001,5.5177,-25.015184274205705
Baixa vazao,306,Q_40100000,84.5546,-153.0996288132085
Baixa vazao,306,Q_40185000,5.5598,0.0
Baixa vazao,306,Q_40330000,25.7919,-71.3036376933187
Baixa vazao,306,Q_40800001,16.8599,-7.544382935889473
Baixa vazao,306,Q_40850000,21.6584,-71.46133122460671
Baixa vazao,306,Q_40930000,5.0439,-24.213949306408598
Baixa vazao,307,P_1944059,0.0,0.0
Baixa vazao,307,P_1944063,0.0,-9.52605441035935
Baixa vazao,307,P_1945002,0.0,0.0
Baixa vazao,307,P_1945008,0.0,-8.096607536782471
Baixa vazao,307,P_1946000,0.0,0.0
Baixa vazao,307,P_2044008,7.3,0.0
Baixa vazao,307,P_2044016,0.0,0.0
Baixa vazao,307,P_2044024,0.0,0.0
Baixa vazao,307,P_2044042,8.8,-9.825450464134754
Baixa vazao,307,P_2045002,0.0,0.0
Baixa vazao,307,P_2046013,3.4,0.0
Baixa vazao,307,Q_40032000,8.6413,-8.274734282618569
Baixa vazao,307,Q_40050000,30.4952,0.0
Baixa vazao,307,Q_40060001,4.138,-31.344389409686706
Baixa vazao,307,Q_40100000,58.1525,-188.77282602215848
Baixa vazao,307,Q_40185000,3.9337,0.0
Baixa vazao,307,Q_40330000,8.7413,-94.61594058593599
Baixa vazao,307,Q_40800001,12.3126,-8.81410657672738
Baixa vazao,307,Q_40850000,15.9576,-79.27437961314861
Baixa vazao,307,Q_40930000,2.6178,-30.06985796982377
Baixa vazao,308,P_1944059,0.0,0.0
Baixa vazao,308,P_1944063,0.0,-9.397862329340255
Baixa vazao,308,P_1945002,0.0,-8.068744921787546
Baixa vazao,308,P_1945008,0.0,-8.248524603070207
Baixa vazao,308,P_1946000,0.0,0.0
Baixa vazao,308,P_2044008,0.0,0.0
Baixa vazao,308,P_2044016,0.0,0.0
Baixa vazao,308,P_2044024,0.0,0.0
Baixa vazao,308,P_2044042,0.0,0.0
Baixa vazao,308,P_2045002,0.0,0.0
Baixa vazao,308,P_2046013,0.0,0.0
Baixa vazao,308,Q_40032000,5.912,-8.015114379527525
Baixa vazao,308,Q_40050000,26.9969,0.0
Baixa vazao,308,Q_40060001,3.2663,-31.957751327403873
Baixa vazao,308,Q_40100000,44.4214,-202.14626006804554
Baixa vazao,308,Q_40185000,7.7378,0.0
Baixa vazao,308,Q_40330000,27.1774,-68.74910212853116
Baixa vazao,308,Q_40800001,23.2313,-7.171385614559426
Baixa vazao,308,Q_40850000,27.3117,-65.26881113775171
Baixa vazao,308,Q_40930000,1.8783,-30.33501872439599
Baixa vazao,309,P_1944059,0.0,0.0
Baixa vazao,309,P_1944063,0.0,-9.142056296943903
Baixa vazao,309,P_1945002,0.0,-8.137382167207125
Baixa vazao,309,P_1945008,0.0,-7.737771623317997
Baixa vazao,309,P_1946000,0.0,0.0
Baixa vazao,309,P_2044008,0.0,0.0
Baixa vazao,309,P_2044016,0.0,0.0
Baixa vazao,309,P_2044024,0.0,0.0
Baixa vazao,309,P_2044042,0.0,0.0
Baixa vazao,309,P_2045002,0.0,0.0
Baixa vazao,309,P_2046013,0.0,0.0
Baixa vazao,309,Q_40032000,7.8831,-8.857059183010252
Baixa vazao,309,Q_40050000,36.4121,0.0
Baixa vazao,309,Q_40060001,5.5177,-24.484154216246324
Baixa vazao,309,Q_40100000,69.3405,-172.12010415466767
Baixa vazao,309,Q_40185000,3.9337,0.0
Baixa vazao,309,Q_40330000,27.1774,-69.9392101812177
Baixa vazao,309,Q_40800001,13.7476,-8.473158900544382
Baixa vazao,309,Q_40850000,21.6584,-71.4107180898492
Baixa vazao,309,Q_40930000,2.6178,-29.51715024074449
Baixa vazao,310,P_1944059,0.0,0.0
Baixa vazao,310,P_1944063,0.0,-9.595217555155335
Baixa vazao,310,P_1945002,0.0,-7.7805121255943845
Baixa vazao,310,P_1945008,0.0,-8.199148024060465
Baixa vazao,310,P_1946000,0.0,0.0
Baixa vazao,310,P_2044008,0.0,0.0
Baixa vazao,310,P_2044016,0.0,0.0
Baixa vazao,310,P_2044024,0.0,0.0
Baixa vazao,310,P_2044042,0.0,0.0
Baixa vazao,310,P_2045002,0.0,0.0
Baixa vazao,310,P_2046013,0.0,0.0
Baixa vazao,310,Q_40032000,6.0782,-8.11394206143701
Baixa vazao,310,Q_40050000,21.711,0.0
Baixa vazao,310,Q_40060001,4.3034,-28.507055770162207
Baixa vazao,310,Q_40100000,61.8768,-181.15095319806755
Baixa vazao,310,Q_40185000,4.2442,0.0
Baixa vazao,310,Q_40330000,23.9853,-72.75037797356381
Baixa vazao,310,Q_40800001,15.8818,-8.228930509074061
Baixa vazao,310,Q_40850000,20.6731,-72.43761518388399
Baixa vazao,310,Q_40930000,1.3702,-31.670117328043226
Baixa vazao,311,P_1944059,0.0,0.0
Baixa vazao,311,P_1944063,3.4,0.0
Baixa vazao,311,P_1945002,0.0,-6.311176732283855
Baixa vazao,311,P_1945008,42.9,90.55766672184716
Baixa vazao,311,P_1946000,0.0,0.0
Baixa vazao,311,P_2044008,5.5,0.0
Baixa vazao,311,P_2044016,3.1,0.0
Baixa vazao,311,P_2044024,1.0,0.0
Baixa vazao,311,P_2044042,4.0,-4.483275795098476
Baixa vazao,311,P_2045002,0.0,0.0
Baixa vazao,311,P_2046013,0.0,0.0
Baixa vazao,311,Q_40032000,7.8831,-7.70502343087787
Baixa vazao,311,Q_40050000,35.83,0.0
Baixa vazao,311,Q_40060001,5.5177,-28.402991956909435
Baixa vazao,311,Q_40100000,76.8273,-170.13930997759167
Baixa vazao,311,Q_40185000,5.5598,0.0
Baixa vazao,311,Q_40330000,12.3837,-91.83361467799095
Baixa vazao,311,Q_40800001,22.7675,-7.31019136496067
Baixa vazao,311,Q_40850000,27.8445,-68.99708722341387
Baixa vazao,311,Q_40930000,7.349,-20.231823665785914
Baixa vazao,312,P_1944059,0.0,0.0
Baixa vazao,312,P_1944063,0.0,-9.672850160615152
Baixa vazao,312,P_1945002,0.0,-8.114739792240414
Baixa vazao,312,P_1945008,0.0,-7.958966836593233
Baixa vazao,312,P_1946000,0.0,0.0
Baixa vazao,312,P_2044008,0.0,0.0
Baixa vazao,312,P_2044016,0.0,0.0
Baixa vazao,312,P_2044024,0.0,0.0
Baixa vazao,312,P_2044042,0.0,0.0
Baixa vazao,312,P_2045002,0.0,0.0
Baixa vazao,312,P_2046013,0.0,0.0
Baixa vazao,312,Q_40032000,6.4284,-8.50483969159256
Baixa vazao,312,Q_40050000,23.5055,0.0
Baixa vazao,312,Q_40060001,4.0561,-29.35600002662396
Baixa vazao,312,Q_40100000,61.8768,-181.75249890468095
Baixa vazao,312,Q_40185000,5.2202,0.0
Baixa vazao,312,Q_40330000,23.9853,-73.0915335128282
Baixa vazao,312,Q_40800001,15.8818,-7.893939781900564
Baixa vazao,312,Q_40850000,21.6584,-71.15177893068417
Baixa vazao,312,Q_40930000,1.8525,-30.010872176732054
Baixa vazao,313,P_1944059,12.8,0.0
Baixa vazao,313,P_1944063,35.3,83.37482454625682
Baixa vazao,313,P_1945002,5.8,0.0
Baixa vazao,313,P_1945008,0.0,0.0
Baixa vazao,313,P_1946000,0.0,0.0
Baixa vazao,313,P_2044008,0.0,0.0
Baixa vazao,313,P_2044016,0.0,0.0
Baixa vazao,313,P_2044024,9.6,0.0
Baixa vazao,313,P_2044042,5.9,-7.4927071621786405
Baixa vazao,313,P_2045002,1.0,0.0
Baixa vazao,313,P_2046013,23.1,0.0
Baixa vazao,313,Q_40032000,6.784,-6.001112221456633
Baixa vazao,313,Q_40050000,21.437,-5.83674307474638
Baixa vazao,313,Q_40060001,7.0181,-21.44184266613861
Baixa vazao,313,Q_40100000,54.5059,-203.05534250946494
Baixa vazao,313,Q_40185000,3.9337,0.0
Baixa vazao,313,Q_40330000,14.5561,-89.52626440360305
Baixa vazao,313,Q_40800001,28.4144,-6.976566331482263
Baixa vazao,313,Q_40850000,30.0057,-66.48899538378387
Baixa vazao,313,Q_40930000,1.6083,-31.216552773421057
Baixa vazao,314,P_1944059,0.0,0.0
Baixa vazao,314,P_1944063,0.249462366,-8.889463795274452
Baixa vazao,314,P_1945002,0.0,-8.706191999586743
Baixa vazao,314,P_1945008,0.0,-8.397402091560377
Baixa vazao,314,P_1946000,0.0,0.0
Baixa vazao,314,P_2044008,0.0,0.0
Baixa vazao,314,P_2044016,0.0,0.0
Baixa vazao,314,P_2044024,0.0,0.0
Baixa vazao,314,P_2044042,0.0,0.0
Baixa vazao,314,P_2045002,0.0,0.0
Baixa vazao,314,P_2046013,0.0,0.0
Baixa vazao,314,Q_40032000,11.0303,-7.769570236003187
Baixa vazao,314,Q_40050000,55.2742,0.0
Baixa vazao,314,Q_40060001,6.442,-21.393259070464122
Baixa vazao,314,Q_40100000,91.172,-144.59391351977862
Baixa vazao,314,Q_40185000,6.9856,0.0
Baixa vazao,314,Q_40330000,29.5441,-66.85113415081989
Baixa vazao,314,Q_40800001,19.7008,-7.036609468522386
Baixa vazao,314,Q_40850000,24.6941,-68.8704613906089
Baixa vazao,314,Q_40930000,5.6875,-23.017645622634294
Baixa vazao,315,P_1944059,0.0,0.0
Baixa vazao,315,P_1944063,0.0,-9.329766215230972
Baixa vazao,315,P_1945002,0.0,-7.7200973926230025
Baixa vazao,315,P_1945008,0.0,-7.873139255719111
Baixa vazao,315,P_1946000,0.0,0.0
Baixa vazao,315,P_2044008,0.0,-4.727491497827657
Baixa vazao,315,P_2044016,0.0,0.0
Baixa vazao,315,P_2044024,0.0,0.0
Baixa vazao,315,P_2044042,0.0,0.0
Baixa vazao,315,P_2045002,0.0,0.0
Baixa vazao,315,P_2046013,0.0,0.0
Baixa vazao,315,Q_40032000,7.0997,-8.623974475646635
Baixa vazao,315,Q_40050000,25.5195,0.0
Baixa vazao,315,Q_40060001,3.3428,-31.877035193250777
Baixa vazao,315,Q_40100000,52.119,-193.33884191447854
Baixa vazao,315,Q_40185000,3.9337,0.0
Baixa vazao,315,Q_40330000,14.1853,-85.47677113048645
Baixa vazao,315,Q_40800001,38.483,0.0
Baixa vazao,315,Q_40850000,51.4322,-41.474523262026025
Baixa vazao,315,Q_40930000,2.9059,-28.053470541655134
Baixa vazao,316,P_1944059,0.0,0.0
Baixa vazao,316,P_1944063,0.0,-9.609480730726359
Baixa vazao,316,P_1945002,0.0,-7.932434368289077
Baixa vazao,316,P_1945008,0.0,-8.138532661738662
Baixa vazao,316,P_1946000,0.0,0.0
Baixa vazao,316,P_2044008,0.0,0.0
Baixa vazao,316,P_2044016,0.0,0.0
Baixa vazao,316,P_2044024,0.0,0.0
Baixa vazao,316,P_2044042,0.0,0.0
Baixa vazao,316,P_2045002,0.0,0.0
Baixa vazao,316,P_2046013,0.0,0.0
Baixa vazao,316,Q_40032000,6.3369,-8.175344094913145
Baixa vazao,316,Q_40050000,29.4435,0.0
Baixa vazao,316,Q_40060001,3.4974,-31.201314153227063
Baixa vazao,316,Q_40100000,49.7169,-196.0528087279936
Baixa vazao,316,Q_40185000,7.3505,0.0
Baixa vazao,316,Q_40330000,24.8827,-71.94573182664253
Baixa vazao,316,Q_40800001,23.2313,-7.089437330626936
Baixa vazao,316,Q_40850000,28.3803,-64.5292607465536
Baixa vazao,316,Q_40930000,2.6527,-28.366527346631834
Baixa vazao,317,P_1944059,0.0,0.0
Baixa vazao,317,P_1944063,0.0,-9.73508782848691
Baixa vazao,317,P_1945002,0.0,-8.595353356587756
Baixa vazao,317,P_1945008,0.0,-8.559126196619514
Baixa vazao,317,P_1946000,0.0,0.0
Baixa vazao,317,P_2044008,0.0,0.0
Baixa vazao,317,P_2044016,0.0,0.0
Baixa vazao,317,P_2044024,0.0,0.0
Baixa vazao,317,P_2044042,0.0,0.0
Baixa vazao,317,P_2045002,0.0,0.0
Baixa vazao,317,P_2046013,0.0,0.0
Baixa vazao,317,Q_40032000,8.1556,-8.529713267017678
Baixa vazao,317,Q_40050000,37.5739,0.0
Baixa vazao,317,Q_40060001,4.4709,-27.762725388303366
Baixa vazao,317,Q_40100000,62.2166,-181.0933820833671
Baixa vazao,317,Q_40185000,8.9491,0.0
Baixa vazao,317,Q_40330000,31.488,-63.68811137404597
Baixa vazao,317,Q_40800001,31.7835,-5.2567685863189695
Baixa vazao,317,Q_40850000,42.7002,-50.04122286409709
Baixa vazao,317,Q_40930000,3.4672,-27.830688720721252
Baixa vazao,318,P_1944059,0.0,0.0
Baixa vazao,318,P_1944063,0.0,-9.173255632490532
Baixa vazao,318,P_1945002,0.0,-8.382906141840317
Baixa vazao,318,P_1945008,0.0,-7.9193026767097505
Baixa vazao,318,P_1946000,0.0,0.0
Baixa vazao,318,P_2044008,0.0,0.0
Baixa vazao,318,P_2044016,0.0,0.0
Baixa vazao,318,P_2044024,0.0,0.0
Baixa vazao,318,P_2044042,0.0,0.0
Baixa vazao,318,P_2045002,0.0,0.0
Baixa vazao,318,P_2046013,0.0,0.0
Baixa vazao,318,Q_40032000,7.1451,-9.108479138540961
Baixa vazao,318,Q_40050000,26.4528,0.0
Baixa vazao,318,Q_40060001,4.9855,-26.12751924898035
Baixa vazao,318,Q_40100000,76.8273,-162.71224924325313
Baixa vazao,318,Q_40185000,6.2595,0.0
Baixa vazao,318,Q_40330000,37.059,-56.64039163490255
Baixa vazao,318,Q_40800001,24.365,-6.721004605118594
Baixa vazao,318,Q_40850000,31.6576,-61.45609662852929
Baixa vazao,318,Q_40930000,2.6162,-29.60695616051252
Baixa vazao,319,P_1944059,0.0,0.0
Baixa vazao,319,P_1944063,0.0,-9.008186039426729
Baixa vazao,319,P_1945002,0.0,-7.898132941255604
Baixa vazao,319,P_1945008,0.0,-8.118975947798814
Baixa vazao,319,P_1946000,0.0,0.0
Baixa vazao,319,P_2044008,0.0,0.0
Baixa vazao,319,P_2044016,0.0,0.0
Baixa vazao,319,P_2044024,0.0,0.0
Baixa vazao,319,P_2044042,0.0,0.0
Baixa vazao,319,P_2045002,0.0,0.0
Baixa vazao,319,P_2046013,0.0,0.0
Baixa vazao,319,Q_40032000,5.912,-8.516329533841885
Baixa vazao,319,Q_40050000,23.4924,0.0
Baixa vazao,319,Q_40060001,3.1903,-32.21660810572816
Baixa vazao,319,Q_40100000,40.3633,-207.4466261803328
Baixa vazao,319,Q_40185000,7.3505,0.0
Baixa vazao,319,Q_40330000,25.7919,-70.11404701572364
Baixa vazao,319,Q_40800001,19.96,-7.789134008169299
Baixa vazao,319,Q_40850000,24.6941,-67.83829720579965
Baixa vazao,319,Q_40930000,1.3893,-31.2136069697155
Baixa vazao,320,P_1944059,0.0,0.0
Baixa vazao,320,P_1944063,0.0,-9.270919216977974
Baixa vazao,320,P_1945002,0.0,-8.154862733552108
Baixa vazao,320,P_1945008,0.0,-8.357191137168916
Baixa vazao,320,P_1946000,0.0,0.0
Baixa vazao,320,P_2044008,0.0,0.0
Baixa vazao,320,P_2044016,0.0,0.0
Baixa vazao,320,P_2044024,0.0,0.0
Baixa vazao,320,P_2044042,0.0,0.0
Baixa vazao,320,P_2045002,0.0,0.0
Baixa vazao,320,P_2046013,0.0,0.0
Baixa vazao,320,Q_40032000,6.7738,-8.384802623422036
Baixa vazao,320,Q_40050000,29.9433,0.0
Baixa vazao,320,Q_40060001,3.6543,-30.88967939135655
Baixa vazao,320,Q_40100000,50.8053,-195.03957037029173
Baixa vazao,320,Q_40185000,8.1334,0.0
Baixa vazao,320,Q_40330000,28.1156,-67.87171085063443
Baixa vazao,320,Q_40800001,25.9746,-6.677105838759758
Baixa vazao,320,Q_40850000,29.4609,-63.50999789984459
Baixa vazao,320,Q_40930000,2.9201,-27.878585086955827
Baixa vazao,321,P_1944059,0.0,0.0
Baixa vazao,321,P_1944063,0.0,-9.077362579007588
Baixa vazao,321,P_1945002,0.0,-7.7153881785882845
Baixa vazao,321,P_1945008,0.0,-7.8760794785076795
Baixa vazao,321,P_1946000,0.0,0.0
Baixa vazao,321,P_2044008,0.0,0.0
Baixa vazao,321,P_2044016,0.0,0.0
Baixa vazao,321,P_2044024,3.7,0.0
Baixa vazao,321,P_2044042,0.0,0.0
Baixa vazao,321,P_2045002,0.0,0.0
Baixa vazao,321,P_2046013,0.0,0.0
Baixa vazao,321,Q_40032000,6.4284,-8.530007342758035
Baixa vazao,321,Q_40050000,23.6445,0.0
Baixa vazao,321,Q_40060001,4.6405,-27.273223767844357
Baixa vazao,321,Q_40100000,59.3854,-183.96868790764998
Baixa vazao,321,Q_40185000,4.8876,0.0
Baixa vazao,321,Q_40330000,23.5411,-73.7425007905107
Baixa vazao,321,Q_40800001,15.1439,-8.23026249349341
Baixa vazao,321,Q_40850000,19.7014,-73.48189834010515
Baixa vazao,321,Q_40930000,1.6083,-30.814253833487058
Baixa vazao,322,P_1944059,0.0,0.0
Baixa vazao,322,P_1944063,0.0,-7.329356344420169
Baixa vazao,322,P_1945002,6.8,0.0
Baixa vazao,322,P_1945008,0.0,-6.079683055030968
Baixa vazao,322,P_1946000,3.0,0.0
Baixa vazao,322,P_2044008,15.3,0.0
Baixa vazao,322,P_2044016,5.2,0.0
Baixa vazao,322,P_2044024,2.8,0.0
Baixa vazao,322,P_2044042,14.1,-11.643734359060408
Baixa vazao,322,P_2045002,0.0,0.0
Baixa vazao,322,P_2046013,4.2,0.0
Baixa vazao,322,Q_40032000,10.6207,-5.953605946907619
Baixa vazao,322,Q_40050000,34.3919,0.0
Baixa vazao,322,Q_40060001,5.5177,-26.01875482968315
Baixa vazao,322,Q_40100000,59.3854,-190.49239623410386
Baixa vazao,322,Q_40185000,4.2442,0.0
Baixa vazao,322,Q_40330000,22.6616,-76.74377528117162
Baixa vazao,322,Q_40800001,28.858,-4.903595937800276
Baixa vazao,322,Q_40850000,22.6572,-72.95186344997381
Baixa vazao,322,Q_40930000,5.3641,-23.34770579235506
Baixa vazao,323,P_1944059,11.8,0.0
Baixa vazao,323,P_1944063,0.0,-5.813603141792445
Baixa vazao,323,P_1945002,3.6,0.0
Baixa vazao,323,P_1945008,0.0,-5.565468369247077
Baixa vazao,323,P_1946000,5.1,0.0
Baixa vazao,323,P_2044008,0.0,-2.3348656220674684
Baixa vazao,323,P_2044016,10.2,0.0
Baixa vazao,323,P_2044024,5.6,0.0
Baixa vazao,323,P_2044042,0.6,0.0
Baixa vazao,323,P_2045002,12.5,0.0
Baixa vazao,323,P_2046013,0.0,0.0
Baixa vazao,323,Q_40032000,9.5294,-5.537531166427325
Baixa vazao,323,Q_40050000,28.0929,0.0
Baixa vazao,323,Q_40060001,3.2663,-30.695485633071105
Baixa vazao,323,Q_40100000,33.3407,-218.0762340529446
Baixa vazao,323,Q_40185000,3.0498,0.0
Baixa vazao,323,Q_40330000,17.6437,-80.93350784712693
Baixa vazao,323,Q_40800001,23.8737,-5.4354985009151235
Baixa vazao,323,Q_40850000,42.7002,-48.45601037406838
Baixa vazao,323,Q_40930000,4.104,-24.247980390033963
Baixa vazao,324,P_1944059,0.0,0.0
Baixa vazao,324,P_1944063,0.0,-9.405792071828971
Baixa vazao,324,P_1945002,0.0,-8.071500061426342
Baixa vazao,324,P_1945008,0.0,-8.038836576991352
Baixa vazao,324,P_1946000,0.0,0.0
Baixa vazao,324,P_2044008,0.0,0.0
Baixa vazao,324,P_2044016,0.0,0.0
Baixa vazao,324,P_2044024,0.0,0.0
Baixa vazao,324,P_2044042,0.0,0.0
Baixa vazao,324,P_2045002,0.0,0.0
Baixa vazao,324,P_2046013,0.0,0.0
Baixa vazao,324,Q_40032000,7.2701,-8.595580793182421
Baixa vazao,324,Q_40050000,27.0513,0.0
Baixa vazao,324,Q_40060001,2.6752,-34.03413559390368
Baixa vazao,324,Q_40100000,39.6483,-207.62760397743978
Baixa vazao,324,Q_40185000,3.9337,0.0
Baixa vazao,324,Q_40330000,8.7413,-90.93961092851872
Baixa vazao,324,Q_40800001,16.7995,-8.252253685355658
Baixa vazao,324,Q_40850000,20.6731,-71.86418608240717
Baixa vazao,324,Q_40930000,1.7864,-30.395767052714554
Baixa vazao,325,P_1944059,0.0,0.0
Baixa vazao,325,P_1944063,0.0,-9.802274250294598
Baixa vazao,325,P_1945002,0.0,-8.333350506193348
Baixa vazao,325,P_1945008,0.0,-8.314737469515489
Baixa vazao,325,P_1946000,0.0,0.0
Baixa vazao,325,P_2044008,0.0,0.0
Baixa vazao,325,P_2044016,0.0,0.0
Baixa vazao,325,P_2044024,0.0,0.0
Baixa vazao,325,P_2044042,0.0,0.0
Baixa vazao,325,P_2045002,0.0,0.0
Baixa vazao,325,P_2046013,0.0,0.0
Baixa vazao,325,Q_40032000,7.2226,-8.80817397047603
Baixa vazao,325,Q_40050000,34.5958,0.0
Baixa vazao,325,Q_40060001,4.0561,-29.1430747232289
Baixa vazao,325,Q_40100000,56.392,-188.29732757255414
Baixa vazao,325,Q_40185000,6.6284,0.0
Baixa vazao,325,Q_40330000,22.6616,-74.86264000980925
Baixa vazao,325,Q_40800001,29.5559,-5.2731568437520195
Baixa vazao,325,Q_40850000,35.6119,-57.358319420856546
Baixa vazao,325,Q_40930000,2.9201,-28.441490926717137
Baixa vazao,326,P_1944059,0.0,0.0
Baixa vazao,326,P_1944063,0.0,-9.317219600143456
Baixa vazao,326,P_1945002,0.0,-8.091026097326694
Baixa vazao,326,P_1945008,0.0,-8.018013570084381
Baixa vazao,326,P_1946000,0.0,0.0
Baixa vazao,326,P_2044008,0.0,0.0
Baixa vazao,326,P_2044016,0.0,0.0
Baixa vazao,326,P_2044024,0.0,0.0
Baixa vazao,326,P_2044042,0.0,0.0
Baixa vazao,326,P_2045002,0.0,0.0
Baixa vazao,326,P_2046013,0.0,0.0
Baixa vazao,326,Q_40032000,8.1296,-9.00583859892179
Baixa vazao,326,Q_40050000,31.04,0.0
Baixa vazao,326,Q_40060001,3.2663,-31.86939246683579
Baixa vazao,326,Q_40100000,55.7127,-189.9808534113863
Baixa vazao,326,Q_40185000,5.9063,0.0
Baixa vazao,326,Q_40330000,37.5815,-56.31663821891942
Baixa vazao,326,Q_40800001,31.2921,-5.546150198027419
Baixa vazao,326,Q_40850000,45.1458,-47.83055882640047
Baixa vazao,326,Q_40930000,0.9784,-31.997729522246278
Baixa vazao,327,P_1944059,4.0,0.0
Baixa vazao,327,P_1944063,1.9,0.0
Baixa vazao,327,P_1945002,0.0,-5.846365878379261
Baixa vazao,327,P_1945008,0.0,-6.936676644553137
Baixa vazao,327,P_1946000,0.0,0.0
Baixa vazao,327,P_2044008,0.0,-4.04685689369262
Baixa vazao,327,P_2044016,5.0,0.0
Baixa vazao,327,P_2044024,0.0,0.0
Baixa vazao,327,P_2044042,6.4,-6.1065668282562395
Baixa vazao,327,P_2045002,9.9,0.0
Baixa vazao,327,P_2046013,0.0,0.0
Baixa vazao,327,Q_40032000,24.5977,0.0
Baixa vazao,327,Q_40050000,32.1416,0.0
Baixa vazao,327,Q_40060001,3.1903,-34.62149853665023
Baixa vazao,327,Q_40100000,60.6268,-186.71698307692816
Baixa vazao,327,Q_40185000,5.5598,0.0
Baixa vazao,327,Q_40330000,15.6889,-85.21436420189139
Baixa vazao,327,Q_40800001,21.0879,-6.303925463570728
Baixa vazao,327,Q_40850000,26.7819,-67.01332884258146
Baixa vazao,327,Q_40930000,8.7258,-17.081748247792667
Baixa vazao,328,P_1944059,0.0,0.0
Baixa vazao,328,P_1944063,0.249462366,-8.762087743356703
Baixa vazao,328,P_1945002,0.0,-8.861648943241937
Baixa vazao,328,P_1945008,0.0,-8.474071567614757
Baixa vazao,328,P_1946000,0.0,0.0
Baixa vazao,328,P_2044008,0.0,0.0
Baixa vazao,328,P_2044016,0.0,0.0
Baixa vazao,328,P_2044024,0.0,0.0
Baixa vazao,328,P_2044042,0.0,0.0
Baixa vazao,328,P_2045002,0.0,0.0
Baixa vazao,328,P_2046013,0.0,0.0
Baixa vazao,328,Q_40032000,11.4443,-8.550854291385681
Baixa vazao,328,Q_40050000,57.0191,0.0
Baixa vazao,328,Q_40060001,6.6323,-20.099078901598137
Baixa vazao,328,Q_40100000,93.8632,-141.31829170123797
Baixa vazao,328,Q_40185000,6.9856,0.0
Baixa vazao,328,Q_40330000,28.1156,-68.64887838809628
Baixa vazao,328,Q_40800001,20.2961,-6.682784155189552
Baixa vazao,328,Q_40850000,25.7317,-67.68261963537175
Baixa vazao,328,Q_40930000,6.0141,-22.466011677339825
Baixa vazao,329,P_1944059,0.0,0.0
Baixa vazao,329,P_1944063,0.0,-6.135845118660962
Baixa vazao,329,P_1945002,0.0,-4.330687548626827
Baixa vazao,329,P_1945008,0.0,-6.1968930930295345
Baixa vazao,329,P_1946000,0.0,0.0
Baixa vazao,329,P_2044008,0.0,0.0
Baixa vazao,329,P_2044016,0.0,0.0
Baixa vazao,329,P_2044024,0.0,0.0
Baixa vazao,329,P_2044042,0.0,0.0
Baixa vazao,329,P_2045002,18.5,0.0
Baixa vazao,329,P_2046013,6.6,0.0
Baixa vazao,329,Q_40032000,6.7606,-5.085540748171985
Baixa vazao,329,Q_40050000,24.2713,0.0
Baixa vazao,329,Q_40060001,2.747,-30.800470997807732
Baixa vazao,329,Q_40100000,38.5719,-203.86572756459825
Baixa vazao,329,Q_40185000,3.3363,0.0
Baixa vazao,329,Q_40330000,12.034,-83.47705058117104
Baixa vazao,329,Q_40800001,15.9948,-6.571839909862934
Baixa vazao,329,Q_40850000,21.6584,-68.24089558080672
Baixa vazao,329,Q_40930000,1.7864,-27.711081061892052
Baixa vazao,330,P_1944059,0.0,0.0
Baixa vazao,330,P_1944063,0.0,-8.945693355517161
Baixa vazao,330,P_1945002,0.0,-8.176488809987973
Baixa vazao,330,P_1945008,0.0,-8.524964230236685
Baixa vazao,330,P_1946000,0.0,0.0
Baixa vazao,330,P_2044008,0.0,0.0
Baixa vazao,330,P_2044016,0.0,0.0
Baixa vazao,330,P_2044024,0.0,0.0
Baixa vazao,330,P_2044042,0.0,0.0
Baixa vazao,330,P_2045002,0.0,0.0
Baixa vazao,330,P_2046013,0.0,0.0
Baixa vazao,330,Q_40032000,7.5115,-8.477407317366003
Baixa vazao,330,Q_40050000,34.1072,0.0
Baixa vazao,330,Q_40060001,4.2205,-28.691919482523176
Baixa vazao,330,Q_40100000,81.9526,-155.64975714336478
Baixa vazao,330,Q_40185000,5.5598,0.0
Baixa vazao,330,Q_40330000,11.3456,-89.55749291238898
Baixa vazao,330,Q_40800001,15.2633,-7.806238440602318
Baixa vazao,330,Q_40850000,20.6731,-72.63216714907955
Baixa vazao,330,Q_40930000,2.9059,-28.460594342565237
Baixa vazao,331,P_1944059,0.0,0.0
Baixa vazao,331,P_1944063,0.0,-9.452547272353165
Baixa vazao,331,P_1945002,0.0,-8.013952127505817
Baixa vazao,331,P_1945008,0.0,-8.412549699042726
Baixa vazao,331,P_1946000,0.0,0.0
Baixa vazao,331,P_2044008,0.0,0.0
Baixa vazao,331,P_2044016,0.0,0.0
Baixa vazao,331,P_2044024,0.0,0.0
Baixa vazao,331,P_2044042,0.0,0.0
Baixa vazao,331,P_2045002,0.0,0.0
Baixa vazao,331,P_2046013,0.0,0.0
Baixa vazao,331,Q_40032000,5.912,-8.286230774377053
Baixa vazao,331,Q_40050000,27.7217,0.0
Baixa vazao,331,Q_40060001,3.3428,-31.845576428756324
Baixa vazao,331,Q_40100000,46.5101,-199.67647918774614
Baixa vazao,331,Q_40185000,7.3505,0.0
Baixa vazao,331,Q_40330000,25.3358,-70.9704226930215
Baixa vazao,331,Q_40800001,23.2313,-6.786168283447637
Baixa vazao,331,Q_40850000,28.3803,-64.49068970140512
Baixa vazao,331,Q_40930000,2.1314,-29.420190145859245
Baixa vazao,332,P_1944059,0.0,0.0
Baixa vazao,332,P_1944063,0.0,-9.605579242504405
Baixa vazao,332,P_1945002,0.0,-8.562544355015277
Baixa vazao,332,P_1945008,0.0,-7.790307673649863
Baixa vazao,332,P_1946000,0.0,0.0
Baixa vazao,332,P_2044008,0.0,0.0
Baixa vazao,332,P_2044016,0.0,0.0
Baixa vazao,332,P_2044024,0.0,0.0
Baixa vazao,332,P_2044042,0.0,0.0
Baixa vazao,332,P_2045002,0.0,0.0
Baixa vazao,332,P_2046013,0.0,0.0
Baixa vazao,332,Q_40032000,9.815,-8.821210814625374
Baixa vazao,332,Q_40050000,46.2421,0.0
Baixa vazao,332,Q_40060001,5.608,-23.748069724920114
Baixa vazao,332,Q_40100000,81.9526,-156.0289971002021
Baixa vazao,332,Q_40185000,5.5598,0.0
Baixa vazao,332,Q_40330000,22.6616,-75.46696746284607
Baixa vazao,332,Q_40800001,17.4101,-7.857970629598041
Baixa vazao,332,Q_40850000,21.6584,-71.96142838395814
Baixa vazao,332,Q_40930000,5.0439,-24.360829131761705
Baixa vazao,333,P_1944059,0.0,0.0
Baixa vazao,333,P_1944063,0.0,-6.153608071502808
Baixa vazao,333,P_1945002,0.0,0.0
Baixa vazao,333,P_1945008,0.0,-5.509969459459508
Baixa vazao,333,P_1946000,0.0,0.0
Baixa vazao,333,P_2044008,10.2,0.0
Baixa vazao,333,P_2044016,56.9,91.89609232608416
Baixa vazao,333,P_2044024,5.3,0.0
Baixa vazao,333,P_2044042,21.1,0.0
Baixa vazao,333,P_2045002,16.9,0.0
Baixa vazao,333,P_2046013,0.0,0.0
Baixa vazao,333,Q_40032000,21.0508,0.0
Baixa vazao,333,Q_40050000,24.2713,-3.3278448967708982
Baixa vazao,333,Q_40060001,3.3428,-34.95787363448542
Baixa vazao,333,Q_40100000,68.1168,-169.74134192621972
Baixa vazao,333,Q_40185000,5.9063,0.0
Baixa vazao,333,Q_40330000,17.6437,-79.38006356882589
Baixa vazao,333,Q_40800001,21.7742,-6.307932765726621
Baixa vazao,333,Q_40850000,26.2553,-62.85334509036748
Baixa vazao,333,Q_40930000,11.2229,-10.575506445478764
Baixa vazao,334,P_1944059,0.0,0.0
Baixa vazao,334,P_1944063,0.0,-5.463584163475466
Baixa vazao,334,P_1945002,0.0,-5.277629876383274
Baixa vazao,334,P_1945008,0.0,-4.241189868129766
Baixa vazao,334,P_1946000,0.0,0.0
Baixa vazao,334,P_2044008,0.0,0.0
Baixa vazao,334,P_2044016,7.2,0.0
Baixa vazao,334,P_2044024,17.6,0.0
Baixa vazao,334,P_2044042,0.0,0.0
Baixa vazao,334,P_2045002,0.0,0.0
Baixa vazao,334,P_2046013,0.0,0.0
Baixa vazao,334,Q_40032000,7.0997,-5.012275467683423
Baixa vazao,334,Q_40050000,39.3799,0.0
Baixa vazao,334,Q_40060001,2.604,-31.575423343639937
Baixa vazao,334,Q_40100000,35.4027,-206.00642524491053
Baixa vazao,334,Q_40185000,6.2595,0.0
Baixa vazao,334,Q_40330000,13.0938,-80.95493554937596
Baixa vazao,334,Q_40800001,22.4673,-4.67783704195697
Baixa vazao,334,Q_40850000,27.3117,-61.27441696536816
Baixa vazao,334,Q_40930000,1.5219,-26.9456661241341
Baixa vazao,335,P_1944059,0.0,0.0
Baixa vazao,335,P_1944063,0.0,-9.357837413620071
Baixa vazao,335,P_1945002,0.0,-7.909333450397122
Baixa vazao,335,P_1945008,0.0,-8.068599396232988
Baixa vazao,335,P_1946000,0.0,0.0
Baixa vazao,335,P_2044008,0.0,0.0
Baixa vazao,335,P_2044016,0.0,0.0
Baixa vazao,335,P_2044024,0.0,0.0
Baixa vazao,335,P_2044042,0.0,0.0
Baixa vazao,335,P_2045002,0.0,0.0
Baixa vazao,335,P_2046013,0.0,0.0
Baixa vazao,335,Q_40032000,7.2701,-7.962034349607563
Baixa vazao,335,Q_40050000,26.7935,0.0
Baixa vazao,335,Q_40060001,2.6752,-34.47513848511284
Baixa vazao,335,Q_40100000,39.6483,-207.79299313450565
Baixa vazao,335,Q_40185000,3.631,0.0
Baixa vazao,335,Q_40330000,9.3694,-89.8982360143076
Baixa vazao,335,Q_40800001,15.5952,-8.612948130856612
Baixa vazao,335,Q_40850000,20.1855,-72.47113318760576
Baixa vazao,335,Q_40930000,1.7864,-30.71593843242085
Baixa vazao,336,P_1944059,0.0,0.0
Baixa vazao,336,P_1944063,0.0,-9.220082158436888
Baixa vazao,336,P_1945002,0.0,-7.697850815116287
Baixa vazao,336,P_1945008,0.0,-8.59884431717876
Baixa vazao,336,P_1946000,0.0,0.0
Baixa vazao,336,P_2044008,0.0,0.0
Baixa vazao,336,P_2044016,0.0,0.0
Baixa vazao,336,P_2044024,0.0,0.0
Baixa vazao,336,P_2044042,0.0,0.0
Baixa vazao,336,P_2045002,0.0,0.0
Baixa vazao,336,P_2046013,0.0,0.0
Baixa vazao,336,Q_40032000,7.8831,-8.71258414119942
Baixa vazao,336,Q_40050000,35.83,0.0
Baixa vazao,336,Q_40060001,5.5177,-24.002759474537168
Baixa vazao,336,Q_40100000,66.9,-175.34778366806378
Baixa vazao,336,Q_40185000,3.9337,0.0
Baixa vazao,336,Q_40330000,34.9956,-59.78974462427021
Baixa vazao,336,Q_40800001,13.7476,-8.489818423594912
Baixa vazao,336,Q_40850000,21.164,-72.74065700746365
Baixa vazao,336,Q_40930000,2.6178,-29.252026654356726
Baixa vazao,337,P_1944059,0.0,0.0
Baixa vazao,337,P_1944063,0.249462366,-8.892483630522554
Baixa vazao,337,P_1945002,0.0,-8.750476561868977
Baixa vazao,337,P_1945008,0.0,-8.154586519931422
Baixa vazao,337,P_1946000,0.0,0.0
Baixa vazao,337,P_2044008,0.0,0.0
Baixa vazao,337,P_2044016,0.0,0.0
Baixa vazao,337,P_2044024,0.0,0.0
Baixa vazao,337,P_2044042,0.0,0.0
Baixa vazao,337,P_2045002,0.0,0.0
Baixa vazao,337,P_2046013,0.0,0.0
Baixa vazao,337,Q_40032000,11.4443,-8.305402596473932
Baixa vazao,337,Q_40050000,57.7232,0.0
Baixa vazao,337,Q_40060001,6.7281,-20.366629195229727
Baixa vazao,337,Q_40100000,96.5792,-137.9750868035697
Baixa vazao,337,Q_40185000,7.3583,0.0
Baixa vazao,337,Q_40330000,29.0651,-67.54690291524784
Baixa vazao,337,Q_40800001,20.2961,-6.573517522673683
Baixa vazao,337,Q_40850000,25.7317,-67.70726820047528
Baixa vazao,337,Q_40930000,6.0141,-22.501710485197375
Baixa vazao,338,P_1944059,0.0,0.0
Baixa vazao,338,P_1944063,0.0,-9.020614670167747
Baixa vazao,338,P_1945002,0.0,-7.265876680110864
Baixa vazao,338,P_1945008,0.0,-8.326199072855726
Baixa vazao,338,P_1946000,0.0,0.0
Baixa vazao,338,P_2044008,0.0,0.0
Baixa vazao,338,P_2044016,0.0,0.0
Baixa vazao,338,P_2044024,0.0,0.0
Baixa vazao,338,P_2044042,18.2,0.0
Baixa vazao,338,P_2045002,0.0,0.0
Baixa vazao,338,P_2046013,0.0,0.0
Baixa vazao,338,Q_40032000,5.0991,-8.962416771248463
Baixa vazao,338,Q_40050000,23.4924,0.0
Baixa vazao,338,Q_40060001,2.966,-33.82106298639967
Baixa vazao,338,Q_40100000,34.5798,-210.46287770423234
Baixa vazao,338,Q_40185000,5.9377,0.0
Baixa vazao,338,Q_40330000,19.6796,-76.32990314416676
Baixa vazao,338,Q_40800001,16.2762,-8.79283385147199
Baixa vazao,338,Q_40850000,17.8004,-72.63677466342627
Baixa vazao,338,Q_40930000,1.3893,-31.335180943018898
Baixa vazao,339,P_1944059,0.0,0.0
Baixa vazao,339,P_1944063,0.0,-9.286928138467708
Baixa vazao,339,P_1945002,0.0,-8.272177004027515
Baixa vazao,339,P_1945008,0.0,-8.0424755728478
Baixa vazao,339,P_1946000,0.0,0.0
Baixa vazao,339,P_2044008,0.0,0.0
Baixa vazao,339,P_2044016,0.0,0.0
Baixa vazao,339,P_2044024,0.0,0.0
Baixa vazao,339,P_2044042,0.0,0.0
Baixa vazao,339,P_2045002,0.0,0.0
Baixa vazao,339,P_2046013,0.0,0.0
Baixa vazao,339,Q_40032000,7.2226,-8.570893356127142
Baixa vazao,339,Q_40050000,34.5958,0.0
Baixa vazao,339,Q_40060001,4.138,-29.184284400612537
Baixa vazao,339,Q_40100000,56.392,-188.30184324905238
Baixa vazao,339,Q_40185000,6.9836,0.0
Baixa vazao,339,Q_40330000,23.5411,-74.05439332316166
Baixa vazao,339,Q_40800001,30.292,-6.112262687564225
Baixa vazao,339,Q_40850000,38.5191,-54.17627548190941
Baixa vazao,339,Q_40930000,2.9201,-28.454316800916217
Baixa vazao,340,P_1944059,0.0,0.0
Baixa vazao,340,P_1944063,0.249462366,-8.983676199383881
Baixa vazao,340,P_1945002,0.0,-8.641947521760567
Baixa vazao,340,P_1945008,0.0,-8.422867447580963
Baixa vazao,340,P_1946000,0.0,0.0
Baixa vazao,340,P_2044008,0.0,0.0
Baixa vazao,340,P_2044016,0.0,0.0
Baixa vazao,340,P_2044024,0.0,0.0
Baixa vazao,340,P_2044042,0.0,0.0
Baixa vazao,340,P_2045002,0.0,0.0
Baixa vazao,340,P_2046013,0.0,0.0
Baixa vazao,340,Q_40032000,10.6207,-8.169869657606192
Baixa vazao,340,Q_40050000,54.9279,0.0
Baixa vazao,340,Q_40060001,6.442,-21.209314791719923
Baixa vazao,340,Q_40100000,89.8358,-146.3089185145201
Baixa vazao,340,Q_40185000,6.9856,0.0
Baixa vazao,340,Q_40330000,26.2508,-71.02707435927742
Baixa vazao,340,Q_40800001,19.7008,-6.800162272047032
Baixa vazao,340,Q_40850000,24.18,-69.57173674085635
Baixa vazao,340,Q_40930000,5.6875,-22.78336386979744
Baixa vazao,341,P_1944059,0.0,0.0
Baixa vazao,341,P_1944063,0.0,-9.613336302243546
Baixa vazao,341,P_1945002,0.0,-8.056502045230722
Baixa vazao,341,P_1945008,0.0,-7.8512393861734955
Baixa vazao,341,P_1946000,0.0,0.0
Baixa vazao,341,P_2044008,0.0,0.0
Baixa vazao,341,P_2044016,0.0,0.0
Baixa vazao,341,P_2044024,0.0,0.0
Baixa vazao,341,P_2044042,0.0,0.0
Baixa vazao,341,P_2045002,0.0,0.0
Baixa vazao,341,P_2046013,0.0,0.0
Baixa vazao,341,Q_40032000,7.441,-8.318829369625917
Baixa vazao,341,Q_40050000,25.7723,0.0
Baixa vazao,341,Q_40060001,2.8924,-33.66325794757006
Baixa vazao,341,Q_40100000,42.9361,-203.89398439763386
Baixa vazao,341,Q_40185000,3.631,0.0
Baixa vazao,341,Q_40330000,10.6718,-88.44138068399333
Baixa vazao,341,Q_40800001,15.5952,-8.363076854425273
Baixa vazao,341,Q_40850000,15.0589,-77.76303831575339
Baixa vazao,341,Q_40930000,1.1884,-31.560300323609177
Baixa vazao,342,P_1944059,0.0,0.0
Baixa vazao,342,P_1944063,0.0,-9.169261784423044
Baixa vazao,342,P_1945002,0.0,-8.011259118689615
Baixa vazao,342,P_1945008,0.0,-8.231915921405793
Baixa vazao,342,P_1946000,0.0,0.0
Baixa vazao,342,P_2044008,0.0,0.0
Baixa vazao,342,P_2044016,0.0,0.0
Baixa vazao,342,P_2044024,0.0,0.0
Baixa vazao,342,P_2044042,0.0,0.0
Baixa vazao,342,P_2045002,0.0,0.0
Baixa vazao,342,P_2046013,0.0,0.0
Baixa vazao,342,Q_40032000,8.1296,-8.408571756115116
Baixa vazao,342,Q_40050000,30.4952,0.0
Baixa vazao,342,Q_40060001,3.4974,-31.61433767324912
Baixa vazao,342,Q_40100000,52.119,-192.78584633502433
Baixa vazao,342,Q_40185000,4.5622,0.0
Baixa vazao,342,Q_40330000,12.034,-87.70202545592943
Baixa vazao,342,Q_40800001,21.0879,-7.652562780528399
Baixa vazao,342,Q_40850000,26.7819,-66.03470070747005
Baixa vazao,342,Q_40930000,1.8894,-30.18232832071884
Baixa vazao,343,P_1944059,0.0,0.0
Baixa vazao,343,P_1944063,0.0,-9.596101227607193
Baixa vazao,343,P_1945002,0.0,-7.739603280012886
Baixa vazao,343,P_1945008,0.0,-8.036127745559725
Baixa vazao,343,P_1946000,0.0,0.0
Baixa vazao,343,P_2044008,0.0,0.0
Baixa vazao,343,P_2044016,0.0,0.0
Baixa vazao,343,P_2044024,0.0,0.0
Baixa vazao,343,P_2044042,0.0,0.0
Baixa vazao,343,P_2045002,0.0,0.0
Baixa vazao,343,P_2046013,0.0,0.0
Baixa vazao,343,Q_40032000,7.441,-8.04361451305293
Baixa vazao,343,Q_40050000,21.3815,0.0
Baixa vazao,343,Q_40060001,2.5334,-34.606903590415094
Baixa vazao,343,Q_40100000,32.3253,-216.87974504537758
Baixa vazao,343,Q_40185000,2.5025,0.0
Baixa vazao,343,Q_40330000,8.7413,-90.51868000181676
Baixa vazao,343,Q_40800001,13.2384,-8.945756644261957
Baixa vazao,343,Q_40850000,18.2703,-74.4617851555547
Baixa vazao,343,Q_40930000,1.2649,-31.646606297355927
Baixa vazao,344,P_1944059,0.0,0.0
Baixa vazao,344,P_1944063,0.0,-9.044047097971482
Baixa vazao,344,P_1945002,0.0,-7.759612909662621
Baixa vazao,344,P_1945008,0.0,-8.61474278083513
Baixa vazao,344,P_1946000,0.0,0.0
Baixa vazao,344,P_2044008,1.5,0.0
Baixa vazao,344,P_2044016,0.0,0.0
Baixa vazao,344,P_2044024,0.0,0.0
Baixa vazao,344,P_2044042,0.0,0.0
Baixa vazao,344,P_2045002,0.0,0.0
Baixa vazao,344,P_2046013,0.0,0.0
Baixa vazao,344,Q_40032000,7.441,-7.898466399666653
Baixa vazao,344,Q_40050000,22.5672,0.0
Baixa vazao,344,Q_40060001,2.5334,-35.22501901934175
Baixa vazao,344,Q_40100000,36.449,-211.89428296835104
Baixa vazao,344,Q_40185000,3.0498,0.0
Baixa vazao,344,Q_40330000,8.4331,-91.2618473931938
Baixa vazao,344,Q_40800001,14.4079,-9.021084195407708
Baixa vazao,344,Q_40850000,18.7438,-74.1280926187875
Baixa vazao,344,Q_40930000,1.2649,-31.189240111205244
Baixa vazao,345,P_1944059,0.0,0.0
Baixa vazao,345,P_1944063,0.0,-9.660682741107246
Baixa vazao,345,P_1945002,0.0,-8.198307964890008
Baixa vazao,345,P_1945008,0.0,-7.556226728977601
Baixa vazao,345,P_1946000,0.0,0.0
Baixa vazao,345,P_2044008,0.0,0.0
Baixa vazao,345,P_2044016,0.0,0.0
Baixa vazao,345,P_2044024,0.0,0.0
Baixa vazao,345,P_2044042,0.0,0.0
Baixa vazao,345,P_2045002,0.0,0.0
Baixa vazao,345,P_2046013,0.0,0.0
Baixa vazao,345,Q_40032000,7.8831,-8.349500905014054
Baixa vazao,345,Q_40050000,32.1416,0.0
Baixa vazao,345,Q_40060001,4.9855,-26.677292990525903
Baixa vazao,345,Q_40100000,71.8088,-168.10070807338445
Baixa vazao,345,Q_40185000,2.7718,0.0
Baixa vazao,345,Q_40330000,5.845,-95.49116740598376
Baixa vazao,345,Q_40800001,11.4007,-8.996638621673911
Baixa vazao,345,Q_40850000,15.9576,-76.56914466398393
Baixa vazao,345,Q_40930000,1.2649,-31.738794054887805
Baixa vazao,346,P_1944059,0.0,0.0
Baixa vazao,346,P_1944063,0.0,-6.718293592707369
Baixa vazao,346,P_1945002,0.0,0.0
Baixa vazao,346,P_1945008,25.8,43.359017668233065
Baixa vazao,346,P_1946000,0.0,0.0
Baixa vazao,346,P_2044008,0.0,0.0
Baixa vazao,346,P_2044016,12.6,0.0
Baixa vazao,346,P_2044024,8.2,0.0
Baixa vazao,346,P_2044042,42.4,28.15627703026455
Baixa vazao,346,P_2045002,24.0,25.449038140146754
Baixa vazao,346,P_2046013,13.1,0.0
Baixa vazao,346,Q_40032000,7.5115,0.0
Baixa vazao,346,Q_40050000,46.2421,0.0
Baixa vazao,346,Q_40060001,4.3869,-29.52151152474163
Baixa vazao,346,Q_40100000,59.3854,-179.38350230278982
Baixa vazao,346,Q_40185000,4.5622,0.0
Baixa vazao,346,Q_40330000,14.9303,-82.50666499526243
Baixa vazao,346,Q_40800001,24.716,-7.528104596458728
Baixa vazao,346,Q_40850000,15.9576,-73.63123668882953
Baixa vazao,346,Q_40930000,4.727,-24.5153524899438
Baixa vazao,347,P_1944059,0.0,0.0
Baixa vazao,347,P_1944063,0.0,-10.356314421840635
Baixa vazao,347,P_1945002,0.0,-8.75228301045907
Baixa vazao,347,P_1945008,0.0,-8.511148648043257
Baixa vazao,347,P_1946000,0.0,0.0
Baixa vazao,347,P_2044008,0.0,0.0
Baixa vazao,347,P_2044016,0.0,0.0
Baixa vazao,347,P_2044024,0.0,0.0
Baixa vazao,347,P_2044042,0.0,0.0
Baixa vazao,347,P_2045002,0.0,0.0
Baixa vazao,347,P_2046013,0.0,0.0
Baixa vazao,347,Q_40032000,11.8626,-8.069505118689555
Baixa vazao,347,Q_40050000,60.2159,0.0
Baixa vazao,347,Q_40060001,6.8243,-19.508377007589562
Baixa vazao,347,Q_40100000,103.476,-129.2506896241759
Baixa vazao,347,Q_40185000,7.7372,0.0
Baixa vazao,347,Q_40330000,30.9979,-65.11843579555786
Baixa vazao,347,Q_40800001,22.136,-6.718512350882975
Baixa vazao,347,Q_40850000,27.3117,-66.27999553751324
Baixa vazao,347,Q_40930000,6.676,-20.83163616839159
Baixa vazao,348,P_1944059,0.0,0.0
Baixa vazao,348,P_1944063,0.0,-6.109529741950883
Baixa vazao,348,P_1945002,12.9,0.0
Baixa vazao,348,P_1945008,0.0,-4.997469714830785
Baixa vazao,348,P_1946000,0.0,0.0
Baixa vazao,348,P_2044008,0.0,-1.5028674052376232
Baixa vazao,348,P_2044016,0.0,0.0
Baixa vazao,348,P_2044024,0.0,0.0
Baixa vazao,348,P_2044042,0.0,0.0
Baixa vazao,348,P_2045002,0.0,0.0
Baixa vazao,348,P_2046013,0.0,0.0
Baixa vazao,348,Q_40032000,7.1451,-5.336189305663892
Baixa vazao,348,Q_40050000,26.0283,0.0
Baixa vazao,348,Q_40060001,4.9855,-25.95217761468455
Baixa vazao,348,Q_40100000,76.8273,-163.9005052456828
Baixa vazao,348,Q_40185000,6.2595,0.0
Baixa vazao,348,Q_40330000,37.5815,-54.853607952127845
Baixa vazao,348,Q_40800001,23.5685,-5.181060078037692
Baixa vazao,348,Q_40850000,30.5535,-63.88913072806414
Baixa vazao,348,Q_40930000,2.6162,-27.96426163026179
Baixa vazao,349,P_1944059,0.0,0.0
Baixa vazao,349,P_1944063,0.0,-9.67424236726312
Baixa vazao,349,P_1945002,0.0,-8.590588980711665
Baixa vazao,349,P_1945008,0.0,-7.965422792077565
Baixa vazao,349,P_1946000,0.0,0.0
Baixa vazao,349,P_2044008,0.0,0.0
Baixa vazao,349,P_2044016,0.0,0.0
Baixa vazao,349,P_2044024,0.0,0.0
Baixa vazao,349,P_2044042,0.0,0.0
Baixa vazao,349,P_2045002,0.0,0.0
Baixa vazao,349,P_2046013,0.0,0.0
Baixa vazao,349,Q_40032000,6.7738,-8.373705282848515
Baixa vazao,349,Q_40050000,29.693,0.0
Baixa vazao,349,Q_40060001,3.5756,-30.749469253646215
Baixa vazao,349,Q_40100000,49.7169,-196.26325733373
Baixa vazao,349,Q_40185000,7.3505,0.0
Baixa vazao,349,Q_40330000,25.7919,-70.46077716282277
Baixa vazao,349,Q_40800001,24.5892,-6.8670619689535215
Baixa vazao,349,Q_40850000,28.3803,-64.31605173223205
Baixa vazao,349,Q_40930000,2.6527,-28.665686348409004
Baixa vazao,350,P_1944059,0.0,0.0
Baixa vazao,350,P_1944063,0.0,-9.202409171555752
Baixa vazao,350,P_1945002,0.0,-7.993256498775992
Baixa vazao,350,P_1945008,0.0,-8.419744417569701
Baixa vazao,350,P_1946000,0.0,0.0
Baixa vazao,350,P_2044008,0.0,0.0
Baixa vazao,350,P_2044016,0.0,0.0
Baixa vazao,350,P_2044024,0.0,0.0
Baixa vazao,350,P_2044042,0.0,0.0
Baixa vazao,350,P_2045002,0.0,0.0
Baixa vazao,350,P_2046013,0.0,0.0
Baixa vazao,350,Q_40032000,6.784,-8.724452917748366
Baixa vazao,350,Q_40050000,23.7837,0.0
Baixa vazao,350,Q_40060001,4.3869,-28.56243373294986
Baixa vazao,350,Q_40100000,68.1168,-173.45719620427923
Baixa vazao,350,Q_40185000,5.5598,0.0
Baixa vazao,350,Q_40330000,29.5441,-66.66055078182046
Baixa vazao,350,Q_40800001,20.4308,-7.256674336805872
Baixa vazao,350,Q_40850000,26.2553,-66.80401359235519
Baixa vazao,350,Q_40930000,2.1021,-30.457981214830095
Baixa vazao,351,P_1944059,0.0,0.0
Baixa vazao,351,P_1944063,0.0,-9.354858164538099
Baixa vazao,351,P_1945002,0.0,-7.652999731120474
Baixa vazao,351,P_1945008,0.0,-7.9044610729631035
Baixa vazao,351,P_1946000,0.0,0.0
Baixa vazao,351,P_2044008,0.0,0.0
Baixa vazao,351,P_2044016,0.0,0.0
Baixa vazao,351,P_2044024,0.0,0.0
Baixa vazao,351,P_2044042,0.0,0.0
Baixa vazao,351,P_2045002,0.0,0.0
Baixa vazao,351,P_2046013,0.0,0.0
Baixa vazao,351,Q_40032000,6.4284,-8.407064094497537
Baixa vazao,351,Q_40050000,23.5055,0.0
Baixa vazao,351,Q_40060001,4.0561,-29.385722526287235
Baixa vazao,351,Q_40100000,60.6268,-182.66675705574028
Baixa vazao,351,Q_40185000,5.2202,0.0
Baixa vazao,351,Q_40330000,23.9853,-73.2802624876016
Baixa vazao,351,Q_40800001,15.8818,-7.788800238381502
Baixa vazao,351,Q_40850000,20.1855,-72.87033633626022
Baixa vazao,351,Q_40930000,1.8525,-31.05141051188643
Baixa vazao,352,P_1944059,0.0,0.0
Baixa vazao,352,P_1944063,0.0,-9.547202484245732
Baixa vazao,352,P_1945002,0.0,-8.4901348275125
Baixa vazao,352,P_1945008,0.0,-8.533241355943709
Baixa vazao,352,P_1946000,0.0,0.0
Baixa vazao,352,P_2044008,0.0,-4.81534872100201
Baixa vazao,352,P_2044016,0.0,0.0
Baixa vazao,352,P_2044024,0.0,0.0
Baixa vazao,352,P_2044042,0.0,0.0
Baixa vazao,352,P_2045002,0.0,0.0
Baixa vazao,352,P_2046013,0.0,0.0
Baixa vazao,352,Q_40032000,8.6394,-9.22482694639069
Baixa vazao,352,Q_40050000,44.714,0.0
Baixa vazao,352,Q_40060001,5.8819,-22.973078916982146
Baixa vazao,352,Q_40100000,77.1417,-162.73006511276472
Baixa vazao,352,Q_40185000,7.7378,0.0
Baixa vazao,352,Q_40330000,26.7127,-70.18815399733798
Baixa vazao,352,Q_40800001,33.3007,0.0
Baixa vazao,352,Q_40850000,43.918,-48.618228531584556
Baixa vazao,352,Q_40930000,4.8967,-24.7447869553951
Baixa vazao,353,P_1944059,0.0,0.0
Baixa vazao,353,P_1944063,0.0,-9.702709312263657
Baixa vazao,353,P_1945002,0.0,-8.071383812507372
Baixa vazao,353,P_1945008,0.0,-8.33530285839725
Baixa vazao,353,P_1946000,0.0,0.0
Baixa vazao,353,P_2044008,0.0,0.0
Baixa vazao,353,P_2044016,0.0,0.0
Baixa vazao,353,P_2044024,0.0,0.0
Baixa vazao,353,P_2044042,0.0,0.0
Baixa vazao,353,P_2045002,0.0,0.0
Baixa vazao,353,P_2046013,0.0,0.0
Baixa vazao,353,Q_40032000,9.815,-8.728366829793176
Baixa vazao,353,Q_40050000,41.8227,0.0
Baixa vazao,353,Q_40060001,6.0668,-22.316659662786737
Baixa vazao,353,Q_40100000,71.8088,-169.27921297790945
Baixa vazao,353,Q_40185000,4.8876,0.0
Baixa vazao,353,Q_40330000,23.0998,-74.73655052370776
Baixa vazao,353,Q_40800001,15.2633,-8.158222491992603
Baixa vazao,353,Q_40850000,21.164,-71.99556561501572
Baixa vazao,353,Q_40930000,4.4137,-25.58402436781282
Baixa vazao,354,P_1944059,0.0,-4.575372854044683
Baixa vazao,354,P_1944063,0.0,-8.310022507321845
Baixa vazao,354,P_1945002,0.0,-7.0398227589023055
Baixa vazao,354,P_1945008,3.4,0.0
Baixa vazao,354,P_1946000,0.0,0.0
Baixa vazao,354,P_2044008,0.0,-4.615254604488882
Baixa vazao,354,P_2044016,0.0,0.0
Baixa vazao,354,P_2044024,0.0,0.0
Baixa vazao,354,P_2044042,0.0,0.0
Baixa vazao,354,P_2045002,0.0,0.0
Baixa vazao,354,P_2046013,5.4,0.0
Baixa vazao,354,Q_40032000,7.441,-7.354267498328663
Baixa vazao,354,Q_40050000,35.83,0.0
Baixa vazao,354,Q_40060001,2.604,-35.25281112973853
Baixa vazao,354,Q_40100000,38.5719,-211.45708855250754
Baixa vazao,354,Q_40185000,6.2595,0.0
Baixa vazao,354,Q_40330000,13.4541,-86.48722980196447
Baixa vazao,354,Q_40800001,38.483,0.0
Baixa vazao,354,Q_40850000,28.9191,-64.2748172240295
Baixa vazao,354,Q_40930000,1.2649,-31.111189145371906
Baixa vazao,355,P_1944059,0.0,0.0
Baixa vazao,355,P_1944063,1.5,0.0
Baixa vazao,355,P_1945002,0.0,-7.821148785098734
Baixa vazao,355,P_1945008,0.0,-8.128222295853744
Baixa vazao,355,P_1946000,0.0,0.0
Baixa vazao,355,P_2044008,0.0,-4.847257103512902
Baixa vazao,355,P_2044016,0.0,0.0
Baixa vazao,355,P_2044024,0.0,0.0
Baixa vazao,355,P_2044042,0.1,0.0
Baixa vazao,355,P_2045002,0.0,0.0
Baixa vazao,355,P_2046013,0.0,0.0
Baixa vazao,355,Q_40032000,8.6413,-8.547882024763691
Baixa vazao,355,Q_40050000,39.9849,0.0
Baixa vazao,355,Q_40060001,6.0668,-22.342729229135497
Baixa vazao,355,Q_40100000,71.8088,-169.1538243426425
Baixa vazao,355,Q_40185000,4.5622,0.0
Baixa vazao,355,Q_40330000,23.5411,-74.53824795878506
Baixa vazao,355,Q_40800001,16.8599,-7.783958502953409
Baixa vazao,355,Q_40850000,20.1855,-73.11180366858244
Baixa vazao,355,Q_40930000,4.104,-26.40273044906172
Baixa vazao,356,P_1944059,0.0,0.0
Baixa vazao,356,P_1944063,0.0,-9.623404688134036
Baixa vazao,356,P_1945002,0.0,-7.9065008576372415
Baixa vazao,356,P_1945008,0.0,-7.804472404319557
Baixa vazao,356,P_1946000,0.0,0.0
Baixa vazao,356,P_2044008,0.0,0.0
Baixa vazao,356,P_2044016,0.0,0.0
Baixa vazao,356,P_2044024,0.0,0.0
Baixa vazao,356,P_2044042,0.0,0.0
Baixa vazao,356,P_2045002,0.0,0.0
Baixa vazao,356,P_2046013,0.0,0.0
Baixa vazao,356,Q_40032000,6.784,-8.850930988521576
Baixa vazao,356,Q_40050000,23.7837,0.0
Baixa vazao,356,Q_40060001,4.2205,-28.93196432865564
Baixa vazao,356,Q_40100000,65.6775,-176.87160348633154
Baixa vazao,356,Q_40185000,5.5598,0.0
Baixa vazao,356,Q_40330000,29.5441,-66.16413421696149
Baixa vazao,356,Q_40800001,20.4308,-7.453642593434836
Baixa vazao,356,Q_40850000,25.7317,-67.85350539195939
Baixa vazao,356,Q_40930000,2.1021,-30.06865858802819
Baixa vazao,357,P_1944059,0.0,0.0
Baixa vazao,357,P_1944063,0.0,-9.496149757479536
Baixa vazao,357,P_1945002,0.0,-7.965269171570549
Baixa vazao,357,P_1945008,0.0,-8.163753603964349
Baixa vazao,357,P_1946000,0.0,0.0
Baixa vazao,357,P_2044008,0.0,0.0
Baixa vazao,357,P_2044016,0.0,0.0
Baixa vazao,357,P_2044024,0.0,0.0
Baixa vazao,357,P_2044042,0.0,0.0
Baixa vazao,357,P_2045002,0.0,0.0
Baixa vazao,357,P_2046013,0.0,0.0
Baixa vazao,357,Q_40032000,6.3369,-8.410077332878643
Baixa vazao,357,Q_40050000,28.4544,0.0
Baixa vazao,357,Q_40060001,3.4198,-31.51773046058405
Baixa vazao,357,Q_40100000,47.5692,-198.68620749651387
Baixa vazao,357,Q_40185000,6.6284,0.0
Baixa vazao,357,Q_40330000,21.7942,-75.37657076238757
Baixa vazao,357,Q_40800001,21.9014,-7.027959168469522
Baixa vazao,357,Q_40850000,27.3117,-65.54574261022945
Baixa vazao,357,Q_40930000,2.1314,-29.432924074437135
Baixa vazao,358,P_1944059,0.0,0.0
Baixa vazao,358,P_1944063,0.0,-6.4773633555788095
Baixa vazao,358,P_1945002,0.0,-3.3299762460013653
Baixa vazao,358,P_1945008,0.0,-5.78209518652458
Baixa vazao,358,P_1946000,0.0,0.0
Baixa vazao,358,P_2044008,2.0,0.0
Baixa vazao,358,P_2044016,0.0,0.0
Baixa vazao,358,P_2044024,5.0,0.0
Baixa vazao,358,P_2044042,6.9,0.0
Baixa vazao,358,P_2045002,7.2,0.0
Baixa vazao,358,P_2046013,28.5,0.0
Baixa vazao,358,Q_40032000,7.8831,-3.7814191225503717
Baixa vazao,358,Q_40050000,44.3257,0.0
Baixa vazao,358,Q_40060001,5.3384,-23.777412753900407
Baixa vazao,358,Q_40100000,68.1168,-175.65805799887363
Baixa vazao,358,Q_40185000,6.2595,0.0
Baixa vazao,358,Q_40330000,12.034,-88.7119063554784
Baixa vazao,358,Q_40800001,19.1146,-7.333891381862605
Baixa vazao,358,Q_40850000,25.7317,-67.90289985321782
Baixa vazao,358,Q_40930000,7.0112,-19.529242677690796
Baixa vazao,359,P_1944059,0.0,0.0
Baixa vazao,359,P_1944063,0.0,-9.112305122627156
Baixa vazao,359,P_1945002,0.0,-8.078483742777376
Baixa vazao,359,P_1945008,0.0,-8.297438477816062
Baixa vazao,359,P_1946000,0.0,0.0
Baixa vazao,359,P_2044008,0.0,0.0
Baixa vazao,359,P_2044016,0.0,0.0
Baixa vazao,359,P_2044024,0.0,0.0
Baixa vazao,359,P_2044042,0.0,0.0
Baixa vazao,359,P_2045002,0.0,0.0
Baixa vazao,359,P_2046013,0.0,0.0
Baixa vazao,359,Q_40032000,6.3369,-8.711100098973517
Baixa vazao,359,Q_40050000,29.4435,0.0
Baixa vazao,359,Q_40060001,3.5756,-30.921649973619147
Baixa vazao,359,Q_40100000,49.7169,-196.1029582598359
Baixa vazao,359,Q_40185000,7.7378,0.0
Baixa vazao,359,Q_40330000,27.6451,-68.26330570441938
Baixa vazao,359,Q_40800001,23.9068,-7.008158159404331
Baixa vazao,359,Q_40850000,30.5535,-62.29608586078973
Baixa vazao,359,Q_40930000,2.6527,-28.71835783952159
Baixa vazao,360,P_1944059,0.0,0.0
Baixa vazao,360,P_1944063,0.0,-8.259546616219495
Baixa vazao,360,P_1945002,0.0,-6.447291506212452
Baixa vazao,360,P_1945008,25.7,51.23356205719095
Baixa vazao,360,P_1946000,0.0,0.0
Baixa vazao,360,P_2044008,0.0,0.0
Baixa vazao,360,P_2044016,0.0,0.0
Baixa vazao,360,P_2044024,0.0,0.0
Baixa vazao,360,P_2044042,0.0,0.0
Baixa vazao,360,P_2045002,0.0,0.0
Baixa vazao,360,P_2046013,11.4,0.0
Baixa vazao,360,Q_40032000,7.8831,-6.747513038314256
Baixa vazao,360,Q_40050000,33.2589,0.0
Baixa vazao,360,Q_40060001,4.4709,-31.766926131866583
Baixa vazao,360,Q_40100000,74.3045,-171.69901066926417
Baixa vazao,360,Q_40185000,2.7718,0.0
Baixa vazao,360,Q_40330000,6.1155,-100.22193839269384
Baixa vazao,360,Q_40800001,10.9581,-10.029734880724748
Baixa vazao,360,Q_40850000,15.9576,-81.45796272115658
Baixa vazao,360,Q_40930000,1.2649,-32.58741932880426
Baixa vazao,361,P_1944059,0.0,0.0
Baixa vazao,361,P_1944063,0.0,-9.583880661457323
Baixa vazao,361,P_1945002,0.0,-8.096418436438551
Baixa vazao,361,P_1945008,0.0,-7.999908002357353
Baixa vazao,361,P_1946000,0.0,0.0
Baixa vazao,361,P_2044008,0.0,0.0
Baixa vazao,361,P_2044016,0.0,0.0
Baixa vazao,361,P_2044024,0.0,0.0
Baixa vazao,361,P_2044042,0.0,0.0
Baixa vazao,361,P_2045002,0.0,0.0
Baixa vazao,361,P_2046013,0.0,0.0
Baixa vazao,361,Q_40032000,7.8831,-8.443313035253338
Baixa vazao,361,Q_40050000,32.9781,0.0
Baixa vazao,361,Q_40060001,5.2495,-25.378091359220104
Baixa vazao,361,Q_40100000,70.5712,-170.15734138270759
Baixa vazao,361,Q_40185000,6.9856,0.0
Baixa vazao,361,Q_40330000,14.9303,-84.39703240963593
Baixa vazao,361,Q_40800001,15.7865,-8.21709802588299
Baixa vazao,361,Q_40850000,24.6941,-68.3367505915053
Baixa vazao,361,Q_40930000,0.7776,-32.63015002136093
Baixa vazao,362,P_1944059,0.0,0.0
Baixa vazao,362,P_1944063,0.0,-9.89411708397395
Baixa vazao,362,P_1945002,0.0,-8.30147658014898
Baixa vazao,362,P_1945008,0.0,-8.622850261680597
Baixa vazao,362,P_1946000,0.0,0.0
Baixa vazao,362,P_2044008,0.0,-5.056629186965779
Baixa vazao,362,P_2044016,0.0,0.0
Baixa vazao,362,P_2044024,0.0,0.0
Baixa vazao,362,P_2044042,0.0,0.0
Baixa vazao,362,P_2045002,0.0,0.0
Baixa vazao,362,P_2046013,0.0,0.0
Baixa vazao,362,Q_40032000,8.6413,-8.778232529291271
Baixa vazao,362,Q_40050000,41.8227,0.0
Baixa vazao,362,Q_40060001,6.442,-20.857496107014512
Baixa vazao,362,Q_40100000,92.5145,-142.02750725244098
Baixa vazao,362,Q_40185000,6.6193,0.0
Baixa vazao,362,Q_40330000,14.1853,-85.97055423678808
Baixa vazao,362,Q_40800001,34.8899,0.0
Baixa vazao,362,Q_40850000,34.4681,-58.71631733414769
Baixa vazao,362,Q_40930000,1.0163,-32.44658893686371
Baixa vazao,363,P_1944059,0.0,0.0
Baixa vazao,363,P_1944063,0.0,-9.550062743048453
Baixa vazao,363,P_1945002,0.0,-7.889842968047625
Baixa vazao,363,P_1945008,0.0,-8.022928702630429
Baixa vazao,363,P_1946000,0.0,0.0
Baixa vazao,363,P_2044008,0.0,0.0
Baixa vazao,363,P_2044016,0.0,0.0
Baixa vazao,363,P_2044024,0.0,0.0
Baixa vazao,363,P_2044042,0.0,0.0
Baixa vazao,363,P_2045002,0.0,0.0
Baixa vazao,363,P_2046013,0.0,0.0
Baixa vazao,363,Q_40032000,7.5115,-9.644117686388382
Baixa vazao,363,Q_40050000,25.3232,0.0
Baixa vazao,363,Q_40060001,4.726,-26.758296509811277
Baixa vazao,363,Q_40100000,75.5625,-164.50259876436724
Baixa vazao,363,Q_40185000,5.9063,0.0
Baixa vazao,363,Q_40330000,36.022,-58.4348558147121
Baixa vazao,363,Q_40800001,26.7816,-5.8784528692326035
Baixa vazao,363,Q_40850000,33.3355,-59.51815195187908
Baixa vazao,363,Q_40930000,2.3568,-29.935535229667103
Baixa vazao,364,P_1944059,0.0,0.0
Baixa vazao,364,P_1944063,0.0,-9.33131190399796
Baixa vazao,364,P_1945002,0.0,-7.788623895894196
Baixa vazao,364,P_1945008,0.0,-7.811893621861202
Baixa vazao,364,P_1946000,0.0,0.0
Baixa vazao,364,P_2044008,0.0,0.0
Baixa vazao,364,P_2044016,0.0,0.0
Baixa vazao,364,P_2044024,0.0,0.0
Baixa vazao,364,P_2044042,0.0,0.0
Baixa vazao,364,P_2045002,0.0,0.0
Baixa vazao,364,P_2046013,0.0,0.0
Baixa vazao,364,Q_40032000,7.5115,-8.775283638547865
Baixa vazao,364,Q_40050000,32.6983,0.0
Baixa vazao,364,Q_40060001,5.073,-26.148928465810275
Baixa vazao,364,Q_40100000,71.8088,-168.58363804761615
Baixa vazao,364,Q_40185000,3.631,0.0
Baixa vazao,364,Q_40330000,9.6892,-90.73297434748461
Baixa vazao,364,Q_40800001,12.3126,-8.708581478508568
Baixa vazao,364,Q_40850000,19.7014,-73.24407487181746
Baixa vazao,364,Q_40930000,2.0576,-30.117038766585736
Baixa vazao,365,P_1944059,0.0,0.0
Baixa vazao,365,P_1944063,0.0,-9.118783134570265
Baixa vazao,365,P_1945002,0.0,-8.144767645455179
Baixa vazao,365,P_1945008,0.0,-8.081896281337993
Baixa vazao,365,P_1946000,0.0,0.0
Baixa vazao,365,P_2044008,0.0,0.0
Baixa vazao,365,P_2044016,0.0,0.0
Baixa vazao,365,P_2044024,0.0,0.0
Baixa vazao,365,P_2044042,0.0,0.0
Baixa vazao,365,P_2045002,0.0,0.0
Baixa vazao,365,P_2046013,0.0,0.0
Baixa vazao,365,Q_40032000,6.784,-9.088129541056912
Baixa vazao,365,Q_40050000,23.7837,0.0
Baixa vazao,365,Q_40060001,4.3034,-28.7862230423102
Baixa vazao,365,Q_40100000,66.9,-175.59740551003156
Baixa vazao,365,Q_40185000,5.5598,0.0
Baixa vazao,365,Q_40330000,29.0651,-66.69056543410278
Baixa vazao,365,Q_40800001,20.4308,-7.39335718560244
Baixa vazao,365,Q_40850000,25.7317,-67.36671773069487
Baixa vazao,365,Q_40930000,2.1021,-30.092843071536063
Baixa vazao,366,P_1944059,0.0,0.0
Baixa vazao,366,P_1944063,0.0,-8.996514948055944
Baixa vazao,366,P_1945002,44.3,56.751859000397765
Baixa vazao,366,P_1945008,0.0,-8.200528279915156
Baixa vazao,366,P_1946000,5.2,-5.590261614272947
Baixa vazao,366,P_2044008,5.5,0.0
Baixa vazao,366,P_2044016,7.7,0.0
Baixa vazao,366,P_2044024,3.6,0.0
Baixa vazao,366,P_2044042,17.0,-17.25200755178441
Baixa vazao,366,P_2045002,0.0,0.0
Baixa vazao,366,P_2046013,15.2,0.0
Baixa vazao,366,Q_40032000,12.2259,0.0
Baixa vazao,366,Q_40050000,39.6819,0.0
Baixa vazao,366,Q_40060001,4.2205,-36.568705299638175
Baixa vazao,366,Q_40100000,63.1353,-192.2779973559236
Baixa vazao,366,Q_40185000,6.6193,0.0
Baixa vazao,366,Q_40330000,15.6889,-88.99973696172496
Baixa vazao,366,Q_40800001,23.8737,-8.864540810537699
Baixa vazao,366,Q_40850000,33.9004,-63.54093517516507
Baixa vazao,366,Q_40930000,16.1074,0.0
Baixa vazao,367,P_1944059,0.0,0.0
Baixa vazao,367,P_1944063,0.0,-9.577230398979253
Baixa vazao,367,P_1945002,0.0,-8.766166576384428
Baixa vazao,367,P_1945008,0.0,-8.279774908593623
Baixa vazao,367,P_1946000,0.0,0.0
Baixa vazao,367,P_2044008,0.0,0.0
Baixa vazao,367,P_2044016,0.0,0.0
Baixa vazao,367,P_2044024,0.0,0.0
Baixa vazao,367,P_2044042,0.0,0.0
Baixa vazao,367,P_2045002,0.0,0.0
Baixa vazao,367,P_2046013,0.0,0.0
Baixa vazao,367,Q_40032000,8.6394,-9.055657430428413
Baixa vazao,367,Q_40050000,37.5739,0.0
Baixa vazao,367,Q_40060001,4.9855,-25.939269528011508
Baixa vazao,367,Q_40100000,67.0446,-174.95323170715406
Baixa vazao,367,Q_40185000,8.9491,0.0
Baixa vazao,367,Q_40330000,31.9809,-63.43196294929494
Baixa vazao,367,Q_40800001,32.5389,-5.10430435660885
Baixa vazao,367,Q_40850000,39.7006,-53.06395031745104
Baixa vazao,367,Q_40930000,4.6044,-25.239051902815593
Baixa vazao,368,P_1944059,0.0,0.0
Baixa vazao,368,P_1944063,0.0,-9.378656055720326
Baixa vazao,368,P_1945002,0.0,-7.739756655156671
Baixa vazao,368,P_1945008,0.0,-8.475528023130876
Baixa vazao,368,P_1946000,0.0,0.0
Baixa vazao,368,P_2044008,0.0,0.0
Baixa vazao,368,P_2044016,0.0,0.0
Baixa vazao,368,P_2044024,0.0,0.0
Baixa vazao,368,P_2044042,0.0,0.0
Baixa vazao,368,P_2045002,0.0,0.0
Baixa vazao,368,P_2046013,0.0,0.0
Baixa vazao,368,Q_40032000,7.441,-8.626383192947856
Baixa vazao,368,Q_40050000,22.328,0.0
Baixa vazao,368,Q_40060001,2.604,-34.038167789606455
Baixa vazao,368,Q_40100000,34.3665,-214.3373657869816
Baixa vazao,368,Q_40185000,2.7718,0.0
Baixa vazao,368,Q_40330000,11.688,-87.5443877882697
Baixa vazao,368,Q_40800001,13.2384,-9.092758693562196
Baixa vazao,368,Q_40850000,18.2703,-74.43994693292564
Baixa vazao,368,Q_40930000,1.2649,-31.068276598826603
Baixa vazao,369,P_1944059,0.0,-4.219608088621783
Baixa vazao,369,P_1944063,0.0,-8.527143597702453
Baixa vazao,369,P_1945002,0.0,-7.553490476455632
Baixa vazao,369,P_1945008,3.2,0.0
Baixa vazao,369,P_1946000,0.0,0.0
Baixa vazao,369,P_2044008,0.0,0.0
Baixa vazao,369,P_2044016,0.0,0.0
Baixa vazao,369,P_2044024,0.0,0.0
Baixa vazao,369,P_2044042,0.0,0.0
Baixa vazao,369,P_2045002,0.0,0.0
Baixa vazao,369,P_2046013,0.0,0.0
Baixa vazao,369,Q_40032000,6.784,-7.958422780100522
Baixa vazao,369,Q_40050000,22.3984,0.0
Baixa vazao,369,Q_40060001,5.6989,-23.445652330668302
Baixa vazao,369,Q_40100000,55.7127,-189.67101077555787
Baixa vazao,369,Q_40185000,3.9337,0.0
Baixa vazao,369,Q_40330000,14.9303,-85.21030651543352
Baixa vazao,369,Q_40800001,20.4308,-6.802164654042192
Baixa vazao,369,Q_40850000,35.0386,-57.920104315220826
Baixa vazao,369,Q_40930000,2.88,-28.007016305102237
Baixa vazao,370,P_1944059,0.0,0.0
Baixa vazao,370,P_1944063,0.0,-9.389777908118276
Baixa vazao,370,P_1945002,0.0,-8.008924822729853
Baixa vazao,370,P_1945008,0.0,-8.097454180066022
Baixa vazao,370,P_1946000,0.0,0.0
Baixa vazao,370,P_2044008,0.0,0.0
Baixa vazao,370,P_2044016,0.0,0.0
Baixa vazao,370,P_2044024,0.0,0.0
Baixa vazao,370,P_2044042,0.0,0.0
Baixa vazao,370,P_2045002,0.0,0.0
Baixa vazao,370,P_2046013,0.0,0.0
Baixa vazao,370,Q_40032000,6.784,-8.520857945845673
Baixa vazao,370,Q_40050000,23.6445,0.0
Baixa vazao,370,Q_40060001,4.138,-28.70386991565895
Baixa vazao,370,Q_40100000,63.1353,-179.40781751435156
Baixa vazao,370,Q_40185000,5.5598,0.0
Baixa vazao,370,Q_40330000,26.2508,-70.64150000509495
Baixa vazao,370,Q_40800001,18.1312,-7.733095216125605
Baixa vazao,370,Q_40850000,22.6572,-70.89422722819543
Baixa vazao,370,Q_40930000,1.8525,-30.79013680193777
Baixa vazao,371,P_1944059,0.0,0.0
Baixa vazao,371,P_1944063,0.0,-9.344169992423481
Baixa vazao,371,P_1945002,0.0,-8.611265841367592
Baixa vazao,371,P_1945008,0.0,-7.748339156818322
Baixa vazao,371,P_1946000,0.0,0.0
Baixa vazao,371,P_2044008,0.0,0.0
Baixa vazao,371,P_2044016,0.0,0.0
Baixa vazao,371,P_2044024,0.0,0.0
Baixa vazao,371,P_2044042,0.0,0.0
Baixa vazao,371,P_2045002,0.0,0.0
Baixa vazao,371,P_2046013,0.0,0.0
Baixa vazao,371,Q_40032000,6.4284,-8.54160371917007
Baixa vazao,371,Q_40050000,23.6445,0.0
Baixa vazao,371,Q_40060001,4.4709,-28.112307714276984
Baixa vazao,371,Q_40100000,69.3405,-172.03990277474512
Baixa vazao,371,Q_40185000,4.2442,0.0
Baixa vazao,371,Q_40330000,26.2508,-70.50596735376826
Baixa vazao,371,Q_40800001,21.9898,-7.044809190477565
Baixa vazao,371,Q_40850000,28.9191,-64.33799694506318
Baixa vazao,371,Q_40930000,1.3702,-31.75173219962292
Baixa vazao,372,P_1944059,0.0,0.0
Baixa vazao,372,P_1944063,0.0,-9.39848020267837
Baixa vazao,372,P_1945002,0.0,-7.8884253443599
Baixa vazao,372,P_1945008,0.0,-8.2605539885072
Baixa vazao,372,P_1946000,0.0,0.0
Baixa vazao,372,P_2044008,0.0,0.0
Baixa vazao,372,P_2044016,0.0,0.0
Baixa vazao,372,P_2044024,0.0,0.0
Baixa vazao,372,P_2044042,0.0,0.0
Baixa vazao,372,P_2045002,0.0,0.0
Baixa vazao,372,P_2046013,0.0,0.0
Baixa vazao,372,Q_40032000,6.4284,-8.876451442722281
Baixa vazao,372,Q_40050000,23.7837,0.0
Baixa vazao,372,Q_40060001,4.4709,-27.82869061721022
Baixa vazao,372,Q_40100000,68.1168,-173.99477708106093
Baixa vazao,372,Q_40185000,4.5622,0.0
Baixa vazao,372,Q_40330000,26.7127,-69.58985899441991
Baixa vazao,372,Q_40800001,22.7768,-6.770544866432431
Baixa vazao,372,Q_40850000,32.7733,-60.63173803956082
Baixa vazao,372,Q_40930000,1.3702,-31.84526620531267
Baixa vazao,373,P_1944059,0.0,0.0
Baixa vazao,373,P_1944063,0.0,-9.563330477366579
Baixa vazao,373,P_1945002,0.0,-8.031223508469786
Baixa vazao,373,P_1945008,0.0,-8.08565895155017
Baixa vazao,373,P_1946000,0.0,0.0
Baixa vazao,373,P_2044008,0.0,0.0
Baixa vazao,373,P_2044016,0.0,0.0
Baixa vazao,373,P_2044024,0.0,0.0
Baixa vazao,373,P_2044042,0.0,0.0
Baixa vazao,373,P_2045002,0.0,0.0
Baixa vazao,373,P_2046013,0.0,0.0
Baixa vazao,373,Q_40032000,7.6124,-7.9878591201606355
Baixa vazao,373,Q_40050000,27.5701,0.0
Baixa vazao,373,Q_40060001,3.0402,-33.01528480644245
Baixa vazao,373,Q_40100000,45.176,-200.9643173017184
Baixa vazao,373,Q_40185000,4.2442,0.0
Baixa vazao,373,Q_40330000,14.1853,-84.95072078276392
Baixa vazao,373,Q_40800001,16.7995,-8.528102454988131
Baixa vazao,373,Q_40850000,19.7014,-73.15712242027672
Baixa vazao,373,Q_40930000,1.4107,-31.088417477326765
Baixa vazao,374,P_1944059,11.04,4.660443477857058
Baixa vazao,374,P_1944063,10.0,14.54316015883893
Baixa vazao,374,P_1945002,12.1,11.162665687550442
Baixa vazao,374,P_1945008,0.0,0.0
Baixa vazao,374,P_1946000,0.0,0.0
Baixa vazao,374,P_2044008,31.9,32.50250334218426
Baixa vazao,374,P_2044016,19.2,4.999887419453878
Baixa vazao,374,P_2044024,39.0,39.744396407202466
Baixa vazao,374,P_2044042,5.2,0.0
Baixa vazao,374,P_2045002,0.0,0.0
Baixa vazao,374,P_2046013,0.0,0.0
Baixa vazao,374,Q_40032000,10.6207,0.0
Baixa vazao,374,Q_40050000,39.3799,0.0
Baixa vazao,374,Q_40060001,11.2362,0.0
Baixa vazao,374,Q_40100000,59.3854,-193.2719276552329
Baixa vazao,374,Q_40185000,6.2595,0.0
Baixa vazao,374,Q_40330000,23.0998,-77.14043062780473
Baixa vazao,374,Q_40800001,50.6,0.0
Baixa vazao,374,Q_40850000,43.918,-51.45946147491603
Baixa vazao,374,Q_40930000,6.0141,-22.41334193780823
Baixa vazao,375,P_1944059,0.0,0.0
Baixa vazao,375,P_1944063,0.0,-9.302068384693928
Baixa vazao,375,P_1945002,0.0,-8.279000051210605
Baixa vazao,375,P_1945008,0.0,-8.40335520215711
Baixa vazao,375,P_1946000,0.0,0.0
Baixa vazao,375,P_2044008,0.0,0.0
Baixa vazao,375,P_2044016,0.0,0.0
Baixa vazao,375,P_2044024,0.8,0.0
Baixa vazao,375,P_2044042,0.0,0.0
Baixa vazao,375,P_2045002,0.0,0.0
Baixa vazao,375,P_2046013,1.8,0.0
Baixa vazao,375,Q_40032000,8.6394,-8.786941223270738
Baixa vazao,375,Q_40050000,43.8303,0.0
Baixa vazao,375,Q_40060001,5.4278,-24.237950446507504
Baixa vazao,375,Q_40100000,72.0203,-169.32953681653754
Baixa vazao,375,Q_40185000,8.1334,0.0
Baixa vazao,375,Q_40330000,28.5889,-67.90024931005316
Baixa vazao,375,Q_40800001,34.0688,-4.888756561330297
Baixa vazao,375,Q_40850000,43.918,-48.25613279937537
Baixa vazao,375,Q_40930000,5.192,-23.6304300813667
Baixa vazao,376,P_1944059,0.0,0.0
Baixa vazao,376,P_1944063,0.249462366,-8.784825563811875
Baixa vazao,376,P_1945002,0.0,-9.002048127482007
Baixa vazao,376,P_1945008,0.0,-8.4128368897472
Baixa vazao,376,P_1946000,0.0,0.0
Baixa vazao,376,P_2044008,0.0,0.0
Baixa vazao,376,P_2044016,0.0,0.0
Baixa vazao,376,P_2044024,0.0,0.0
Baixa vazao,376,P_2044042,0.0,0.0
Baixa vazao,376,P_2045002,0.0,0.0
Baixa vazao,376,P_2046013,0.0,0.0
Baixa vazao,376,Q_40032000,10.6207,-8.074874346216914
Baixa vazao,376,Q_40050000,52.869,0.0
Baixa vazao,376,Q_40060001,6.442,-20.94930499485101
Baixa vazao,376,Q_40100000,87.1825,-150.22792534551402
Baixa vazao,376,Q_40185000,6.6193,0.0
Baixa vazao,376,Q_40330000,30.9979,-64.56508037916028
Baixa vazao,376,Q_40800001,19.1146,-7.101276577424244
Baixa vazao,376,Q_40850000,23.1615,-70.01594613034155
Baixa vazao,376,Q_40930000,5.3641,-23.830253693828936
Baixa vazao,377,P_1944059,0.0,0.0
Baixa vazao,377,P_1944063,0.0,-9.748870050457883
Baixa vazao,377,P_1945002,0.0,-8.405718667086402
Baixa vazao,377,P_1945008,0.0,-7.889775784927842
Baixa vazao,377,P_1946000,0.0,0.0
Baixa vazao,377,P_2044008,0.0,0.0
Baixa vazao,377,P_2044016,0.0,0.0
Baixa vazao,377,P_2044024,0.0,0.0
Baixa vazao,377,P_2044042,0.0,0.0
Baixa vazao,377,P_2045002,0.0,0.0
Baixa vazao,377,P_2046013,0.0,0.0
Baixa vazao,377,Q_40032000,7.2226,-8.657780562164543
Baixa vazao,377,Q_40050000,34.5958,0.0
Baixa vazao,377,Q_40060001,4.2205,-28.99004067847906
Baixa vazao,377,Q_40100000,57.5381,-186.98078244842216
Baixa vazao,377,Q_40185000,6.6284,0.0
Baixa vazao,377,Q_40330000,23.0998,-74.22284067780299
Baixa vazao,377,Q_40800001,29.5559,-6.065406360063662
Baixa vazao,377,Q_40850000,37.3481,-55.287947130843015
Baixa vazao,377,Q_40930000,2.9201,-28.3783795489704
Baixa vazao,378,P_1944059,0.0,0.0
Baixa vazao,378,P_1944063,0.0,-9.11356881413904
Baixa vazao,378,P_1945002,0.0,-7.972107381491612
Baixa vazao,378,P_1945008,0.0,-7.90490455671403
Baixa vazao,378,P_1946000,0.0,0.0
Baixa vazao,378,P_2044008,0.0,0.0
Baixa vazao,378,P_2044016,0.0,0.0
Baixa vazao,378,P_2044024,0.0,0.0
Baixa vazao,378,P_2044042,0.0,0.0
Baixa vazao,378,P_2045002,0.0,0.0
Baixa vazao,378,P_2046013,0.0,0.0
Baixa vazao,378,Q_40032000,7.441,-8.30711378711115
Baixa vazao,378,Q_40050000,27.0513,0.0
Baixa vazao,378,Q_40060001,3.0402,-33.23323209534742
Baixa vazao,378,Q_40100000,44.0513,-202.4598124014564
Baixa vazao,378,Q_40185000,3.9337,0.0
Baixa vazao,378,Q_40330000,13.0938,-85.84080364627955
Baixa vazao,378,Q_40800001,16.3963,-9.019109861738423
Baixa vazao,378,Q_40850000,17.8004,-74.81782465250046
Baixa vazao,378,Q_40930000,1.4107,-31.085365524207244
Baixa vazao,379,P_1944059,0.0,0.0
Baixa vazao,379,P_1944063,0.0,-9.357567522568266
Baixa vazao,379,P_1945002,0.0,-8.249736309796205
Baixa vazao,379,P_1945008,0.0,-8.190772752114079
Baixa vazao,379,P_1946000,0.0,0.0
Baixa vazao,379,P_2044008,0.0,0.0
Baixa vazao,379,P_2044016,0.0,0.0
Baixa vazao,379,P_2044024,0.0,0.0
Baixa vazao,379,P_2044042,0.0,0.0
Baixa vazao,379,P_2045002,0.0,0.0
Baixa vazao,379,P_2046013,0.0,0.0
Baixa vazao,379,Q_40032000,6.0782,-8.519244062514431
Baixa vazao,379,Q_40050000,22.2606,0.0
Baixa vazao,379,Q_40060001,4.3034,-28.40553812031969
Baixa vazao,379,Q_40100000,63.1353,-179.25097719458063
Baixa vazao,379,Q_40185000,4.2442,0.0
Baixa vazao,379,Q_40330000,24.4325,-72.59363395272815
Baixa vazao,379,Q_40800001,16.6258,-7.885006202354134
Baixa vazao,379,Q_40850000,22.6572,-70.65432237418277
Baixa vazao,379,Q_40930000,1.3702,-31.355429697356353
Baixa vazao,380,P_1944059,0.0,0.0
Baixa vazao,380,P_1944063,0.0,-9.446918813762617
Baixa vazao,380,P_1945002,0.0,-7.914928967558462
Baixa vazao,380,P_1945008,0.0,-8.11757455265865
Baixa vazao,380,P_1946000,0.0,0.0
Baixa vazao,380,P_2044008,0.0,0.0
Baixa vazao,380,P_2044016,0.0,0.0
Baixa vazao,380,P_2044024,0.0,0.0
Baixa vazao,380,P_2044042,0.0,0.0
Baixa vazao,380,P_2045002,0.0,0.0
Baixa vazao,380,P_2046013,0.0,0.0
Baixa vazao,380,Q_40032000,7.6124,-8.225000551538797
Baixa vazao,380,Q_40050000,27.831,0.0
Baixa vazao,380,Q_40060001,3.0402,-32.74250543391741
Baixa vazao,380,Q_40100000,45.176,-201.2212678903351
Baixa vazao,380,Q_40185000,4.2442,0.0
Baixa vazao,380,Q_40330000,11.0068,-88.54453383431449
Baixa vazao,380,Q_40800001,17.2046,-8.56470188383912
Baixa vazao,380,Q_40850000,20.1855,-72.22717613470986
Baixa vazao,380,Q_40930000,1.4107,-31.263841134180943
Baixa vazao,381,P_1944059,0.0,0.0
Baixa vazao,381,P_1944063,0.0,-9.61476681389862
Baixa vazao,381,P_1945002,0.0,-7.728330150006343
Baixa vazao,381,P_1945008,0.0,-8.090129633652976
Baixa vazao,381,P_1946000,0.0,0.0
Baixa vazao,381,P_2044008,0.0,0.0
Baixa vazao,381,P_2044016,0.0,0.0
Baixa vazao,381,P_2044024,0.0,0.0
Baixa vazao,381,P_2044042,0.0,0.0
Baixa vazao,381,P_2045002,0.0,0.0
Baixa vazao,381,P_2046013,0.0,0.0
Baixa vazao,381,Q_40032000,7.6124,-8.304646799526882
Baixa vazao,381,Q_40050000,27.3102,0.0
Baixa vazao,381,Q_40060001,3.0402,-32.952608160426415
Baixa vazao,381,Q_40100000,45.176,-201.03848530238616
Baixa vazao,381,Q_40185000,4.2442,0.0
Baixa vazao,381,Q_40330000,12.737,-86.32428060474159
Baixa vazao,381,Q_40800001,16.3963,-8.659685258143647
Baixa vazao,381,Q_40850000,18.7438,-73.68804535319579
Baixa vazao,381,Q_40930000,1.4107,-31.551175497057777
Baixa vazao,382,P_1944059,0.0,0.0
Baixa vazao,382,P_1944063,0.0,-9.343605447999813
Baixa vazao,382,P_1945002,0.0,-7.9407415263394325
Baixa vazao,382,P_1945008,0.0,-8.529749928168476
Baixa vazao,382,P_1946000,0.0,0.0
Baixa vazao,382,P_2044008,0.0,0.0
Baixa vazao,382,P_2044016,0.0,0.0
Baixa vazao,382,P_2044024,0.0,0.0
Baixa vazao,382,P_2044042,0.0,0.0
Baixa vazao,382,P_2045002,0.0,0.0
Baixa vazao,382,P_2046013,0.0,0.0
Baixa vazao,382,Q_40032000,5.912,-8.147635081594046
Baixa vazao,382,Q_40050000,26.9969,0.0
Baixa vazao,382,Q_40060001,3.2663,-31.7984795007664
Baixa vazao,382,Q_40100000,44.4214,-202.66418392110327
Baixa vazao,382,Q_40185000,8.1334,0.0
Baixa vazao,382,Q_40330000,28.1156,-67.50367268887292
Baixa vazao,382,Q_40800001,21.9014,-7.209432124629737
Baixa vazao,382,Q_40850000,28.3803,-64.09399212902488
Baixa vazao,382,Q_40930000,1.8783,-30.125869812183684
Baixa vazao,383,P_1944059,0.0,0.0
Baixa vazao,383,P_1944063,0.0,-9.526198284076917
Baixa vazao,383,P_1945002,0.0,-8.138330267923688
Baixa vazao,383,P_1945008,0.0,-8.381215313604335
Baixa vazao,383,P_1946000,0.0,0.0
Baixa vazao,383,P_2044008,0.0,0.0
Baixa vazao,383,P_2044016,0.0,0.0
Baixa vazao,383,P_2044024,0.0,0.0
Baixa vazao,383,P_2044042,0.0,0.0
Baixa vazao,383,P_2045002,0.0,0.0
Baixa vazao,383,P_2046013,0.0,0.0
Baixa vazao,383,Q_40032000,7.8831,-9.083362659849277
Baixa vazao,383,Q_40050000,36.7046,0.0
Baixa vazao,383,Q_40060001,5.608,-23.886919385252053
Baixa vazao,383,Q_40100000,69.3405,-172.58104550898128
Baixa vazao,383,Q_40185000,4.2442,0.0
Baixa vazao,383,Q_40330000,24.4325,-72.6380822716151
Baixa vazao,383,Q_40800001,13.7476,-7.997357924170103
Baixa vazao,383,Q_40850000,21.6584,-71.44049631933427
Baixa vazao,383,Q_40930000,2.6178,-29.039433876754554
Baixa vazao,384,P_1944059,0.0,0.0
Baixa vazao,384,P_1944063,0.0,-9.827481450434338
Baixa vazao,384,P_1945002,0.0,-8.558428083263081
Baixa vazao,384,P_1945008,0.0,-8.293869647099205
Baixa vazao,384,P_1946000,0.0,0.0
Baixa vazao,384,P_2044008,0.0,0.0
Baixa vazao,384,P_2044016,0.0,0.0
Baixa vazao,384,P_2044024,0.0,0.0
Baixa vazao,384,P_2044042,0.0,0.0
Baixa vazao,384,P_2045002,0.0,0.0
Baixa vazao,384,P_2046013,0.0,0.0
Baixa vazao,384,Q_40032000,8.1556,-8.84206579020918
Baixa vazao,384,Q_40050000,40.9373,0.0
Baixa vazao,384,Q_40060001,5.073,-25.611722972440397
Baixa vazao,384,Q_40100000,68.2748,-173.71571007119147
Baixa vazao,384,Q_40185000,8.5372,0.0
Baixa vazao,384,Q_40330000,30.5105,-65.37992888329369
Baixa vazao,384,Q_40800001,31.7835,-4.9841542272232005
Baixa vazao,384,Q_40850000,40.8927,-52.116923669153586
Baixa vazao,384,Q_40930000,4.6044,-25.10918491031982
Baixa vazao,385,P_1944059,0.0,0.0
Baixa vazao,385,P_1944063,0.249462366,-8.903855479109106
Baixa vazao,385,P_1945002,0.0,-8.73905509123819
Baixa vazao,385,P_1945008,0.0,-8.658985186521132
Baixa vazao,385,P_1946000,0.0,0.0
Baixa vazao,385,P_2044008,0.0,0.0
Baixa vazao,385,P_2044016,0.0,0.0
Baixa vazao,385,P_2044024,0.0,0.0
Baixa vazao,385,P_2044042,0.0,0.0
Baixa vazao,385,P_2045002,0.0,0.0
Baixa vazao,385,P_2046013,0.0,0.0
Baixa vazao,385,Q_40032000,11.0303,-8.444464510905167
Baixa vazao,385,Q_40050000,55.6214,0.0
Baixa vazao,385,Q_40060001,6.6323,-20.482376492177437
Baixa vazao,385,Q_40100000,92.5145,-143.02617167440775
Baixa vazao,385,Q_40185000,6.9856,0.0
Baixa vazao,385,Q_40330000,27.6451,-69.12643633314548
Baixa vazao,385,Q_40800001,20.2961,-6.660180508473559
Baixa vazao,385,Q_40850000,25.2113,-68.01571489166669
Baixa vazao,385,Q_40930000,5.6875,-22.973614424678836
Baixa vazao,386,P_1944059,0.0,0.0
Baixa vazao,386,P_1944063,0.0,-9.370647087021158
Baixa vazao,386,P_1945002,0.0,-7.980609059083794
Baixa vazao,386,P_1945008,0.0,-7.792025477092486
Baixa vazao,386,P_1946000,0.0,0.0
Baixa vazao,386,P_2044008,0.0,0.0
Baixa vazao,386,P_2044016,0.6,0.0
Baixa vazao,386,P_2044024,0.0,0.0
Baixa vazao,386,P_2044042,0.0,0.0
Baixa vazao,386,P_2045002,0.0,0.0
Baixa vazao,386,P_2046013,0.0,0.0
Baixa vazao,386,Q_40032000,8.8259,-8.749225803133859
Baixa vazao,386,Q_40050000,38.1813,0.0
Baixa vazao,386,Q_40060001,3.4974,-31.897683211199624
Baixa vazao,386,Q_40100000,56.9282,-187.82163249712437
Baixa vazao,386,Q_40185000,5.2202,0.0
Baixa vazao,386,Q_40330000,16.4609,-82.4115334336037
Baixa vazao,386,Q_40800001,28.2496,-6.086287428086507
Baixa vazao,386,Q_40850000,30.0057,-62.87501867128175
Baixa vazao,386,Q_40930000,2.4097,-29.48264669764521
Baixa vazao,387,P_1944059,0.0,0.0
Baixa vazao,387,P_1944063,0.0,-9.455643487926434
Baixa vazao,387,P_1945002,0.0,-8.319677130939574
Baixa vazao,387,P_1945008,0.0,-8.167810288337224
Baixa vazao,387,P_1946000,0.0,0.0
Baixa vazao,387,P_2044008,0.0,0.0
Baixa vazao,387,P_2044016,0.0,0.0
Baixa vazao,387,P_2044024,0.0,0.0
Baixa vazao,387,P_2044042,0.0,0.0
Baixa vazao,387,P_2045002,0.0,0.0
Baixa vazao,387,P_2046013,0.0,0.0
Baixa vazao,387,Q_40032000,8.1296,-8.37538795608289
Baixa vazao,387,Q_40050000,30.4952,0.0
Baixa vazao,387,Q_40060001,3.8134,-30.122800780586378
Baixa vazao,387,Q_40100000,52.119,-193.1236912610672
Baixa vazao,387,Q_40185000,4.8876,0.0
Baixa vazao,387,Q_40330000,12.3837,-86.958408081857
Baixa vazao,387,Q_40800001,20.4087,-7.551982446175828
Baixa vazao,387,Q_40850000,26.7819,-65.97978605967882
Baixa vazao,387,Q_40930000,1.8894,-30.34324369879305
Baixa vazao,388,P_1944059,0.0,0.0
Baixa vazao,388,P_1944063,0.0,-9.912601147707043
Baixa vazao,388,P_1945002,0.0,-7.706096884654357
Baixa vazao,388,P_1945008,0.0,-8.272523149439623
Baixa vazao,388,P_1946000,0.0,0.0
Baixa vazao,388,P_2044008,0.0,0.0
Baixa vazao,388,P_2044016,1.0,0.0
Baixa vazao,388,P_2044024,0.0,0.0
Baixa vazao,388,P_2044042,3.8,0.0
Baixa vazao,388,P_2045002,0.0,0.0
Baixa vazao,388,P_2046013,0.0,0.0
Baixa vazao,388,Q_40032000,6.7606,-8.385781442443522
Baixa vazao,388,Q_40050000,24.0247,0.0
Baixa vazao,388,Q_40060001,2.604,-35.816778041049105
Baixa vazao,388,Q_40100000,36.449,-213.18264227016698
Baixa vazao,388,Q_40185000,4.2442,0.0
Baixa vazao,388,Q_40330000,10.013,-89.84241755858582
Baixa vazao,388,Q_40800001,15.9948,-9.327219471557846
Baixa vazao,388,Q_40850000,20.6731,-72.59187460152549
Baixa vazao,388,Q_40930000,1.7864,-31.353790386521656
Baixa vazao,389,P_1944059,0.0,0.0
Baixa vazao,389,P_1944063,0.249462366,-8.719323103984866
Baixa vazao,389,P_1945002,0.0,-8.762725299651994
Baixa vazao,389,P_1945008,0.0,-8.409222969806963
Baixa vazao,389,P_1946000,0.0,0.0
Baixa vazao,389,P_2044008,0.0,0.0
Baixa vazao,389,P_2044016,0.0,0.0
Baixa vazao,389,P_2044024,0.0,0.0
Baixa vazao,389,P_2044042,0.0,0.0
Baixa vazao,389,P_2045002,0.0,0.0
Baixa vazao,389,P_2046013,0.0,0.0
Baixa vazao,389,Q_40032000,10.2156,-8.445795788923743
Baixa vazao,389,Q_40050000,49.179,0.0
Baixa vazao,389,Q_40060001,5.6989,-23.817424882758598
Baixa vazao,389,Q_40100000,81.9526,-156.52264810462756
Baixa vazao,389,Q_40185000,6.2595,0.0
Baixa vazao,389,Q_40330000,37.059,-56.915680873092896
Baixa vazao,389,Q_40800001,17.9692,-6.857682384777206
Baixa vazao,389,Q_40850000,22.1561,-71.63873625547835
Baixa vazao,389,Q_40930000,5.0439,-24.049113098166362
Baixa vazao,390,P_1944059,0.0,-4.487508108369354
Baixa vazao,390,P_1944063,0.0,-8.897505321041834
Baixa vazao,390,P_1945002,0.0,-7.7629038548361535
Baixa vazao,390,P_1945008,0.0,-7.792865535373267
Baixa vazao,390,P_1946000,0.0,0.0
Baixa vazao,390,P_2044008,0.0,0.0
Baixa vazao,390,P_2044016,0.0,0.0
Baixa vazao,390,P_2044024,0.0,0.0
Baixa vazao,390,P_2044042,0.0,0.0
Baixa vazao,390,P_2045002,0.0,0.0
Baixa vazao,390,P_2046013,5.2,0.0
Baixa vazao,390,Q_40032000,8.1556,-8.801688193207395
Baixa vazao,390,Q_40050000,39.5215,0.0
Baixa vazao,390,Q_40060001,4.6405,-26.783870123282345
Baixa vazao,390,Q_40100000,63.4096,-179.90927006156693
Baixa vazao,390,Q_40185000,8.9491,0.0
Baixa vazao,390,Q_40330000,32.4766,-62.688541488653115
Baixa vazao,390,Q_40800001,34.8431,0.0
Baixa vazao,390,Q_40850000,45.1458,-47.42062470203224
Baixa vazao,390,Q_40930000,3.7464,-26.414681329937228
Baixa vazao,391,P_1944059,1.0,0.0
Baixa vazao,391,P_1944063,2.6,0.0
Baixa vazao,391,P_1945002,0.0,0.0
Baixa vazao,391,P_1945008,15.0,0.0
Baixa vazao,391,P_1946000,16.4,-12.07490384300206
Baixa vazao,391,P_2044008,12.6,0.0
Baixa vazao,391,P_2044016,18.2,0.0
Baixa vazao,391,P_2044024,9.7,0.0
Baixa vazao,391,P_2044042,24.7,-9.063589279171298
Baixa vazao,391,P_2045002,48.2,79.06385473049737
Baixa vazao,391,P_2046013,42.2,31.30180123934044
Baixa vazao,391,Q_40032000,11.6529,0.0
Baixa vazao,391,Q_40050000,37.2924,0.0
Baixa vazao,391,Q_40060001,9.4737,-9.23153632508045
Baixa vazao,391,Q_40100000,84.5546,-151.56941721988022
Baixa vazao,391,Q_40185000,3.631,0.0
Baixa vazao,391,Q_40330000,9.3694,-89.24349857627969
Baixa vazao,391,Q_40800001,15.2633,-8.42103781367183
Baixa vazao,391,Q_40850000,15.0589,-75.70074732775545
Baixa vazao,391,Q_40930000,1.2649,-30.79566811677319
Baixa vazao,392,P_1944059,0.0,0.0
Baixa vazao,392,P_1944063,0.0,-9.371006706215844
Baixa vazao,392,P_1945002,0.0,-8.093036726860868
Baixa vazao,392,P_1945008,0.0,-7.989008062486885
Baixa vazao,392,P_1946000,0.0,0.0
Baixa vazao,392,P_2044008,0.0,0.0
Baixa vazao,392,P_2044016,0.0,0.0
Baixa vazao,392,P_2044024,0.0,0.0
Baixa vazao,392,P_2044042,0.0,0.0
Baixa vazao,392,P_2045002,0.0,0.0
Baixa vazao,392,P_2046013,0.0,0.0
Baixa vazao,392,Q_40032000,8.2597,-8.536117006388592
Baixa vazao,392,Q_40050000,35.2519,0.0
Baixa vazao,392,Q_40060001,4.3034,-28.77045201162682
Baixa vazao,392,Q_40100000,58.1525,-185.41169572626913
Baixa vazao,392,Q_40185000,3.631,0.0
Baixa vazao,392,Q_40330000,11.688,-88.07411503624094
Baixa vazao,392,Q_40800001,28.1449,-6.739235310506331
Baixa vazao,392,Q_40850000,21.6584,-71.44104251585176
Baixa vazao,392,Q_40930000,3.1988,-27.606541669075348
Baixa vazao,393,P_1944059,0.0,0.0
Baixa vazao,393,P_1944063,0.0,-5.064207487777977
Baixa vazao,393,P_1945002,18.7,25.145274420700474
Baixa vazao,393,P_1945008,9.1,0.0
Baixa vazao,393,P_1946000,2.0,0.0
Baixa vazao,393,P_2044008,10.5,0.0
Baixa vazao,393,P_2044016,3.4,0.0
Baixa vazao,393,P_2044024,10.0,0.0
Baixa vazao,393,P_2044042,0.4,0.0
Baixa vazao,393,P_2045002,8.8,0.0
Baixa vazao,393,P_2046013,2.8,0.0
Baixa vazao,393,Q_40032000,9.8838,-4.720994646847116
Baixa vazao,393,Q_40050000,29.4175,-3.240487620922481
Baixa vazao,393,Q_40060001,3.4198,-34.57750220486709
Baixa vazao,393,Q_40100000,35.4027,-224.44819420424093
Baixa vazao,393,Q_40185000,3.3363,0.0
Baixa vazao,393,Q_40330000,14.9303,-86.6625097271989
Baixa vazao,393,Q_40800001,40.1432,-2.6416285374267545
Baixa vazao,393,Q_40850000,39.7006,-54.555193643268815
Baixa vazao,393,Q_40930000,4.727,-23.35327867729011
Baixa vazao,394,P_1944059,0.0,0.0
Baixa vazao,394,P_1944063,0.0,-9.167569890212299
Baixa vazao,394,P_1945002,0.0,-7.8856562846842735
Baixa vazao,394,P_1945008,0.0,-8.1313726811912
Baixa vazao,394,P_1946000,0.0,0.0
Baixa vazao,394,P_2044008,0.0,0.0
Baixa vazao,394,P_2044016,0.0,0.0
Baixa vazao,394,P_2044024,0.0,0.0
Baixa vazao,394,P_2044042,0.0,0.0
Baixa vazao,394,P_2045002,0.0,0.0
Baixa vazao,394,P_2046013,0.0,0.0
Baixa vazao,394,Q_40032000,7.441,-8.317490808963617
Baixa vazao,394,Q_40050000,21.6166,0.0
Baixa vazao,394,Q_40060001,2.5334,-34.95126579355389
Baixa vazao,394,Q_40100000,33.3407,-214.89630827617353
Baixa vazao,394,Q_40185000,2.5025,0.0
Baixa vazao,394,Q_40330000,8.4331,-91.00513764927665
Baixa vazao,394,Q_40800001,14.016,-9.138621794707374
Baixa vazao,394,Q_40850000,18.2703,-73.99865818911576
Baixa vazao,394,Q_40930000,1.2649,-32.04351870784317
Baixa vazao,395,P_1944059,0.0,0.0
Baixa vazao,395,P_1944063,0.0,-9.026243164353
Baixa vazao,395,P_1945002,0.0,-7.564114990840416
Baixa vazao,395,P_1945008,0.0,-7.686520353915623
Baixa vazao,395,P_1946000,0.0,0.0
Baixa vazao,395,P_2044008,0.14,0.0
Baixa vazao,395,P_2044016,3.5,0.0
Baixa vazao,395,P_2044024,0.8,0.0
Baixa vazao,395,P_2044042,0.0,0.0
Baixa vazao,395,P_2045002,0.0,0.0
Baixa vazao,395,P_2046013,0.0,0.0
Baixa vazao,395,Q_40032000,8.303,-8.09080312966421
Baixa vazao,395,Q_40050000,21.3815,0.0
Baixa vazao,395,Q_40060001,2.5334,-34.99594694539871
Baixa vazao,395,Q_40100000,32.3253,-217.19307915238315
Baixa vazao,395,Q_40185000,2.5025,0.0
Baixa vazao,395,Q_40330000,12.737,-86.20165750959954
Baixa vazao,395,Q_40800001,12.8527,-9.308638232665956
Baixa vazao,395,Q_40850000,16.8715,-76.05434219126573
Baixa vazao,395,Q_40930000,1.2649,-31.571446635859985
Baixa vazao,396,P_1944059,0.0,0.0
Baixa vazao,396,P_1944063,0.0,-9.649387401785512
Baixa vazao,396,P_1945002,0.0,-8.374934254732823
Baixa vazao,396,P_1945008,0.0,-8.577488560164651
Baixa vazao,396,P_1946000,0.0,0.0
Baixa vazao,396,P_2044008,0.0,0.0
Baixa vazao,396,P_2044016,0.0,0.0
Baixa vazao,396,P_2044024,0.0,0.0
Baixa vazao,396,P_2044042,0.0,0.0
Baixa vazao,396,P_2045002,0.0,0.0
Baixa vazao,396,P_2046013,0.0,0.0
Baixa vazao,396,Q_40032000,8.1556,-8.6549742836911
Baixa vazao,396,Q_40050000,42.6633,0.0
Baixa vazao,396,Q_40060001,5.2495,-24.91712388823618
Baixa vazao,396,Q_40100000,69.5141,-171.71976693525983
Baixa vazao,396,Q_40185000,6.9836,0.0
Baixa vazao,396,Q_40330000,24.4325,-72.89464912870966
Baixa vazao,396,Q_40800001,32.5389,-5.1137436489784704
Baixa vazao,396,Q_40850000,42.0951,-50.92192579701491
Baixa vazao,396,Q_40930000,4.8967,-25.200482519922037
Baixa vazao,397,P_1944059,0.0,0.0
Baixa vazao,397,P_1944063,0.0,-9.08026661514491
Baixa vazao,397,P_1945002,0.0,-7.8171908632821925
Baixa vazao,397,P_1945008,0.0,-8.04317621346928
Baixa vazao,397,P_1946000,0.0,0.0
Baixa vazao,397,P_2044008,0.0,0.0
Baixa vazao,397,P_2044016,0.0,0.0
Baixa vazao,397,P_2044024,0.0,0.0
Baixa vazao,397,P_2044042,0.0,0.0
Baixa vazao,397,P_2045002,0.0,0.0
Baixa vazao,397,P_2046013,0.0,0.0
Baixa vazao,397,Q_40032000,7.2701,-8.574148553725498
Baixa vazao,397,Q_40050000,27.5701,0.0
Baixa vazao,397,Q_40060001,2.8194,-33.66694723776746
Baixa vazao,397,Q_40100000,40.7345,-207.10529534781332
Baixa vazao,397,Q_40185000,4.2442,0.0
Baixa vazao,397,Q_40330000,14.9303,-83.37249030447724
Baixa vazao,397,Q_40800001,19.0712,-8.327917992704181
Baixa vazao,397,Q_40850000,23.6691,-69.26440113883736
Baixa vazao,397,Q_40930000,2.3349,-29.035600677885153
Baixa vazao,398,P_1944059,0.0,0.0
Baixa vazao,398,P_1944063,0.0,-9.402770511007798
Baixa vazao,398,P_1945002,0.0,-7.965060820545716
Baixa vazao,398,P_1945008,0.0,-8.066476006954405
Baixa vazao,398,P_1946000,0.0,0.0
Baixa vazao,398,P_2044008,0.0,0.0
Baixa vazao,398,P_2044016,0.0,0.0
Baixa vazao,398,P_2044024,0.0,0.0
Baixa vazao,398,P_2044042,0.0,0.0
Baixa vazao,398,P_2045002,0.0,0.0
Baixa vazao,398,P_2046013,0.0,0.0
Baixa vazao,398,Q_40032000,5.4994,-7.746504818476479
Baixa vazao,398,Q_40050000,23.4924,0.0
Baixa vazao,398,Q_40060001,3.0402,-33.043187909725035
Baixa vazao,398,Q_40100000,36.4666,-211.3844068718533
Baixa vazao,398,Q_40185000,6.6284,0.0
Baixa vazao,398,Q_40330000,22.2264,-74.44710844315335
Baixa vazao,398,Q_40800001,16.8713,-8.411680787036724
Baixa vazao,398,Q_40850000,18.7438,-73.78720439160261
Baixa vazao,398,Q_40930000,1.6307,-30.716517508530337
Baixa vazao,399,P_1944059,0.0,0.0
Baixa vazao,399,P_1944063,0.0,-9.021953763558894
Baixa vazao,399,P_1945002,0.0,-8.049800527153689
Baixa vazao,399,P_1945008,0.0,-8.413460582253133
Baixa vazao,399,P_1946000,0.0,0.0
Baixa vazao,399,P_2044008,0.0,0.0
Baixa vazao,399,P_2044016,0.0,0.0
Baixa vazao,399,P_2044024,0.0,0.0
Baixa vazao,399,P_2044042,0.0,0.0
Baixa vazao,399,P_2045002,0.0,0.0
Baixa vazao,399,P_2046013,0.0,0.0
Baixa vazao,399,Q_40032000,8.1296,-8.558759273475346
Baixa vazao,399,Q_40050000,30.7671,0.0
Baixa vazao,399,Q_40060001,3.8134,-30.389656025785374
Baixa vazao,399,Q_40100000,52.119,-192.88848422726429
Baixa vazao,399,Q_40185000,4.8876,0.0
Baixa vazao,399,Q_40330000,12.737,-86.73800900625432
Baixa vazao,399,Q_40800001,21.7742,-7.3513720184546605
Baixa vazao,399,Q_40850000,27.3117,-65.4177846289126
Baixa vazao,399,Q_40930000,1.8894,-30.450155471828168
Baixa vazao,400,P_1944059,0.0,0.0
Baixa vazao,400,P_1944063,0.0,-9.366147853694907
Baixa vazao,400,P_1945002,0.0,-8.225160824895
Baixa vazao,400,P_1945008,0.0,-8.05261349841371
Baixa vazao,400,P_1946000,0.0,0.0
Baixa vazao,400,P_2044008,0.0,0.0
Baixa vazao,400,P_2044016,0.0,0.0
Baixa vazao,400,P_2044024,0.0,0.0
Baixa vazao,400,P_2044042,0.0,0.0
Baixa vazao,400,P_2045002,0.0,0.0
Baixa vazao,400,P_2046013,0.0,0.0
Baixa vazao,400,Q_40032000,7.8831,-8.227308271770346
Baixa vazao,400,Q_40050000,31.5888,0.0
Baixa vazao,400,Q_40060001,4.9855,-26.40475555144094
Baixa vazao,400,Q_40100000,70.5712,-170.0684760592481
Baixa vazao,400,Q_40185000,3.3363,0.0
Baixa vazao,400,Q_40330000,11.3456,-88.92298164218563
Baixa vazao,400,Q_40800001,11.8522,-8.745246048950353
Baixa vazao,400,Q_40850000,18.7438,-74.60270615600848
Baixa vazao,400,Q_40930000,1.7864,-30.228897101243156
Baixa vazao,401,P_1944059,0.0,0.0
Baixa vazao,401,P_1944063,0.0,-10.010455988776059
Baixa vazao,401,P_1945002,0.0,-8.306176006350311
Baixa vazao,401,P_1945008,0.0,-8.519191952612186
Baixa vazao,401,P_1946000,0.0,0.0
Baixa vazao,401,P_2044008,0.0,-5.128814863743685
Baixa vazao,401,P_2044016,0.0,0.0
Baixa vazao,401,P_2044024,0.0,0.0
Baixa vazao,401,P_2044042,0.0,0.0
Baixa vazao,401,P_2045002,0.0,0.0
Baixa vazao,401,P_2046013,0.0,0.0
Baixa vazao,401,Q_40032000,8.6394,-9.024363211944767
Baixa vazao,401,Q_40050000,44.4186,0.0
Baixa vazao,401,Q_40060001,5.7902,-22.834572426423325
Baixa vazao,401,Q_40100000,75.8478,-164.2108243050584
Baixa vazao,401,Q_40185000,7.7378,0.0
Baixa vazao,401,Q_40330000,27.1774,-70.00194392098742
Baixa vazao,401,Q_40800001,32.5389,0.0
Baixa vazao,401,Q_40850000,42.7002,-49.72124440388373
Baixa vazao,401,Q_40930000,4.8967,-24.727445368988754
Baixa vazao,402,P_1944059,0.0,0.0
Baixa vazao,402,P_1944063,0.0,-8.881792234100518
Baixa vazao,402,P_1945002,0.0,-8.192282762079515
Baixa vazao,402,P_1945008,0.0,-7.626575132315095
Baixa vazao,402,P_1946000,0.0,0.0
Baixa vazao,402,P_2044008,0.0,0.0
Baixa vazao,402,P_2044016,0.0,0.0
Baixa vazao,402,P_2044024,0.0,0.0
Baixa vazao,402,P_2044042,0.0,0.0
Baixa vazao,402,P_2045002,0.0,0.0
Baixa vazao,402,P_2046013,0.0,0.0
Baixa vazao,402,Q_40032000,6.0782,-8.662536567400197
Baixa vazao,402,Q_40050000,21.3002,0.0
Baixa vazao,402,Q_40060001,4.2205,-29.334995809898146
Baixa vazao,402,Q_40100000,58.1525,-185.32753294115577
Baixa vazao,402,Q_40185000,3.9337,0.0
Baixa vazao,402,Q_40330000,24.8827,-71.51284514044173
Baixa vazao,402,Q_40800001,15.1439,-8.449104642956497
Baixa vazao,402,Q_40850000,19.7014,-73.81688052875776
Baixa vazao,402,Q_40930000,1.3702,-31.320051203823475
Baixa vazao,403,P_1944059,0.0,0.0
Baixa vazao,403,P_1944063,0.0,-9.160957677983603
Baixa vazao,403,P_1945002,0.0,-7.601735975462059
Baixa vazao,403,P_1945008,0.0,-7.705675552822526
Baixa vazao,403,P_1946000,0.0,0.0
Baixa vazao,403,P_2044008,0.0,0.0
Baixa vazao,403,P_2044016,0.0,0.0
Baixa vazao,403,P_2044024,0.0,0.0
Baixa vazao,403,P_2044042,0.0,0.0
Baixa vazao,403,P_2045002,0.0,0.0
Baixa vazao,403,P_2046013,0.0,0.0
Baixa vazao,403,Q_40032000,5.0991,-7.761018481380413
Baixa vazao,403,Q_40050000,23.4924,0.0
Baixa vazao,403,Q_40060001,2.8924,-33.398187844964994
Baixa vazao,403,Q_40100000,33.6518,-214.76290095535614
Baixa vazao,403,Q_40185000,6.6284,0.0
Baixa vazao,403,Q_40330000,23.0998,-73.53510735557168
Baixa vazao,403,Q_40800001,16.8713,-8.555148685316794
Baixa vazao,403,Q_40850000,18.7438,-73.78192835042022
Baixa vazao,403,Q_40930000,1.3893,-31.653981676912043
Baixa vazao,404,P_1944059,0.0,0.0
Baixa vazao,404,P_1944063,0.0,-9.25508056378748
Baixa vazao,404,P_1945002,0.0,-7.971644266994668
Baixa vazao,404,P_1945008,0.0,-7.890348676908142
Baixa vazao,404,P_1946000,0.0,0.0
Baixa vazao,404,P_2044008,0.0,0.0
Baixa vazao,404,P_2044016,0.0,0.0
Baixa vazao,404,P_2044024,0.0,0.0
Baixa vazao,404,P_2044042,0.0,0.0
Baixa vazao,404,P_2045002,0.0,0.0
Baixa vazao,404,P_2046013,0.0,0.0
Baixa vazao,404,Q_40032000,6.3369,-8.584857426461056
Baixa vazao,404,Q_40050000,28.9472,0.0
Baixa vazao,404,Q_40060001,3.4198,-31.296099976220564
Baixa vazao,404,Q_40100000,47.5692,-198.58258844840302
Baixa vazao,404,Q_40185000,6.6284,0.0
Baixa vazao,404,Q_40330000,22.6616,-74.3471866684197
Baixa vazao,404,Q_40800001,23.2313,-6.984433452448513
Baixa vazao,404,Q_40850000,28.3803,-64.47375037946249
Baixa vazao,404,Q_40930000,2.6527,-29.07465904474112
Baixa vazao,405,P_1944059,0.0,0.0
Baixa vazao,405,P_1944063,0.0,-9.409530623473037
Baixa vazao,405,P_1945002,0.0,-8.232954736020979
Baixa vazao,405,P_1945008,0.0,-8.129515235258054
Baixa vazao,405,P_1946000,0.0,0.0
Baixa vazao,405,P_2044008,0.0,0.0
Baixa vazao,405,P_2044016,0.0,0.0
Baixa vazao,405,P_2044024,0.0,0.0
Baixa vazao,405,P_2044042,0.0,0.0
Baixa vazao,405,P_2045002,0.5,0.0
Baixa vazao,405,P_2046013,0.0,0.0
Baixa vazao,405,Q_40032000,7.8831,-8.666937840454906
Baixa vazao,405,Q_40050000,35.5405,0.0
Baixa vazao,405,Q_40060001,5.3384,-24.662371488477483
Baixa vazao,405,Q_40100000,65.6775,-177.2456452831135
Baixa vazao,405,Q_40185000,3.9337,0.0
Baixa vazao,405,Q_40330000,26.2508,-70.81519650059441
Baixa vazao,405,Q_40800001,13.7476,-8.269023511231088
Baixa vazao,405,Q_40850000,20.6731,-72.56804534023743
Baixa vazao,405,Q_40930000,2.6178,-28.968027771255365
Baixa vazao,406,P_1944059,0.0,0.0
Baixa vazao,406,P_1944063,0.0,-9.66860183632215
Baixa vazao,406,P_1945002,0.0,-7.818526812249937
Baixa vazao,406,P_1945008,0.0,-8.436848528757961
Baixa vazao,406,P_1946000,0.0,0.0
Baixa vazao,406,P_2044008,0.0,0.0
Baixa vazao,406,P_2044016,0.0,0.0
Baixa vazao,406,P_2044024,0.0,0.0
Baixa vazao,406,P_2044042,0.0,0.0
Baixa vazao,406,P_2045002,0.0,0.0
Baixa vazao,406,P_2046013,0.0,0.0
Baixa vazao,406,Q_40032000,6.7738,-8.47277145010002
Baixa vazao,406,Q_40050000,30.6995,0.0
Baixa vazao,406,Q_40060001,3.8134,-30.065254771356166
Baixa vazao,406,Q_40100000,54.1286,-191.18904678716302
Baixa vazao,406,Q_40185000,7.3505,0.0
Baixa vazao,406,Q_40330000,25.7919,-70.89341843071223
Baixa vazao,406,Q_40800001,27.3871,-6.449467295258614
Baixa vazao,406,Q_40850000,34.4681,-58.002791600754975
Baixa vazao,406,Q_40930000,2.6527,-29.014511906308375
Baixa vazao,407,P_1944059,0.0,0.0
Baixa vazao,407,P_1944063,0.0,-10.490429721258497
Baixa vazao,407,P_1945002,0.0,-9.200356861290034
Baixa vazao,407,P_1945008,0.0,-8.270750907285814
Baixa vazao,407,P_1946000,0.0,0.0
Baixa vazao,407,P_2044008,0.0,0.0
Baixa vazao,407,P_2044016,0.0,0.0
Baixa vazao,407,P_2044024,0.0,0.0
Baixa vazao,407,P_2044042,0.0,0.0
Baixa vazao,407,P_2045002,0.0,0.0
Baixa vazao,407,P_2046013,0.0,0.0
Baixa vazao,407,Q_40032000,12.2852,-7.957665362122727
Baixa vazao,407,Q_40050000,66.8232,0.0
Baixa vazao,407,Q_40060001,7.0181,-19.119661816563827
Baixa vazao,407,Q_40100000,107.687,-123.67231439185979
Baixa vazao,407,Q_40185000,8.1222,0.0
Baixa vazao,407,Q_40330000,30.0259,-66.33746337864639
Baixa vazao,407,Q_40800001,23.4079,-6.0775606752616795
Baixa vazao,407,Q_40850000,29.4609,-64.2389347567769
Baixa vazao,407,Q_40930000,7.0112,-20.69100053473419
Baixa vazao,408,P_1944059,0.0,0.0
Baixa vazao,408,P_1944063,5.9,0.0
Baixa vazao,408,P_1945002,0.0,-6.233313466796858
Baixa vazao,408,P_1945008,0.0,-7.115081513833693
Baixa vazao,408,P_1946000,12.0,-9.657253549493502
Baixa vazao,408,P_2044008,2.7,0.0
Baixa vazao,408,P_2044016,0.0,0.0
Baixa vazao,408,P_2044024,0.0,0.0
Baixa vazao,408,P_2044042,0.0,0.0
Baixa vazao,408,P_2045002,0.0,0.0
Baixa vazao,408,P_2046013,2.0,0.0
Baixa vazao,408,Q_40032000,7.8831,-7.673884729210576
Baixa vazao,408,Q_40050000,26.0283,0.0
Baixa vazao,408,Q_40060001,6.7281,-20.285431527795332
Baixa vazao,408,Q_40100000,52.119,-196.2499574662763
Baixa vazao,408,Q_40185000,5.2202,0.0
Baixa vazao,408,Q_40330000,19.6796,-79.7983788330507
Baixa vazao,408,Q_40800001,20.4308,-6.729712363564942
Baixa vazao,408,Q_40850000,26.2553,-68.54207518997781
Baixa vazao,408,Q_40930000,3.9737,-25.507461814140072
Baixa vazao,409,P_1944059,0.0,0.0
Baixa vazao,409,P_1944063,0.249462366,-8.794200372838
Baixa vazao,409,P_1945002,0.0,-7.970733252782272
Baixa vazao,409,P_1945008,0.0,-8.057189113147086
Baixa vazao,409,P_1946000,0.0,0.0
Baixa vazao,409,P_2044008,0.0,0.0
Baixa vazao,409,P_2044016,0.0,0.0
Baixa vazao,409,P_2044024,0.0,0.0
Baixa vazao,409,P_2044042,0.0,0.0
Baixa vazao,409,P_2045002,0.0,0.0
Baixa vazao,409,P_2046013,0.0,0.0
Baixa vazao,409,Q_40032000,10.2156,-8.618952099285414
Baixa vazao,409,Q_40050000,49.8417,0.0
Baixa vazao,409,Q_40060001,5.7902,-23.242043295778313
Baixa vazao,409,Q_40100000,81.9526,-156.7871007475426
Baixa vazao,409,Q_40185000,6.2595,0.0
Baixa vazao,409,Q_40330000,36.5392,-57.889686188558514
Baixa vazao,409,Q_40800001,17.9692,-7.621187289073134
Baixa vazao,409,Q_40850000,22.1561,-71.56734935725746
Baixa vazao,409,Q_40930000,5.0439,-23.961813510826072
Baixa vazao,410,P_1944059,0.0,-2.266623964844216
Baixa vazao,410,P_1944063,3.5,0.0
Baixa vazao,410,P_1945002,6.8,0.0
Baixa vazao,410,P_1945008,0.0,-4.701525813469278
Baixa vazao,410,P_1946000,58.2,12.80900398978082
Baixa vazao,410,P_2044008,4.8,0.0
Baixa vazao,410,P_2044016,3.0,0.0
Baixa vazao,410,P_2044024,2.2,0.0
Baixa vazao,410,P_2044042,3.3,0.0
Baixa vazao,410,P_2045002,19.4,0.0
Baixa vazao,410,P_2046013,18.3,0.0
Baixa vazao,410,Q_40032000,6.784,-2.9174186344789486
Baixa vazao,410,Q_40050000,20.2115,0.0
Baixa vazao,410,Q_40060001,10.1233,-5.856430679815192
Baixa vazao,410,Q_40100000,50.939,-187.20124748166867
Baixa vazao,410,Q_40185000,3.9337,0.0
Baixa vazao,410,Q_40330000,14.5561,-80.3397375134106
Baixa vazao,410,Q_40800001,28.4144,-4.909169658801394
Baixa vazao,410,Q_40850000,20.6731,-68.85077074057708
Baixa vazao,410,Q_40930000,1.6083,-25.624921765937124
Baixa vazao,411,P_1944059,0.0,-4.932055441381237
Baixa vazao,411,P_1944063,0.0,-9.436472041440442
Baixa vazao,411,P_1945002,0.0,-8.460520579958429
Baixa vazao,411,P_1945008,0.0,-8.09678783317715
Baixa vazao,411,P_1946000,0.0,0.0
Baixa vazao,411,P_2044008,0.0,0.0
Baixa vazao,411,P_2044016,0.0,0.0
Baixa vazao,411,P_2044024,0.0,0.0
Baixa vazao,411,P_2044042,0.0,0.0
Baixa vazao,411,P_2045002,0.0,0.0
Baixa vazao,411,P_2046013,0.0,0.0
Baixa vazao,411,Q_40032000,7.8831,-8.796923242750722
Baixa vazao,411,Q_40050000,26.3112,0.0
Baixa vazao,411,Q_40060001,4.812,-26.763768873882814
Baixa vazao,411,Q_40100000,75.5625,-164.60718434171687
Baixa vazao,411,Q_40185000,5.9063,0.0
Baixa vazao,411,Q_40330000,35.5075,-59.14662369368903
Baixa vazao,411,Q_40800001,32.5681,0.0
Baixa vazao,411,Q_40850000,43.918,-48.46397229537464
Baixa vazao,411,Q_40930000,2.3568,-29.604973372975405
Baixa vazao,412,P_1944059,0.0,0.0
Baixa vazao,412,P_1944063,0.0,-9.465893863770633
Baixa vazao,412,P_1945002,0.0,-8.199089642000564
Baixa vazao,412,P_1945008,0.0,-8.208795938711333
Baixa vazao,412,P_1946000,0.0,0.0
Baixa vazao,412,P_2044008,0.0,0.0
Baixa vazao,412,P_2044016,0.0,0.0
Baixa vazao,412,P_2044024,0.0,0.0
Baixa vazao,412,P_2044042,0.0,0.0
Baixa vazao,412,P_2045002,0.0,0.0
Baixa vazao,412,P_2046013,0.0,0.0
Baixa vazao,412,Q_40032000,7.8831,-8.175958386707649
Baixa vazao,412,Q_40050000,31.8647,0.0
Baixa vazao,412,Q_40060001,4.9855,-26.431401469097327
Baixa vazao,412,Q_40100000,69.3405,-171.54606786439723
Baixa vazao,412,Q_40185000,3.3363,0.0
Baixa vazao,412,Q_40330000,9.0534,-91.51494257201526
Baixa vazao,412,Q_40800001,12.782,-8.255698983646028
Baixa vazao,412,Q_40850000,19.2208,-74.02195489692357
Baixa vazao,412,Q_40930000,1.7864,-30.516646373002832
Baixa vazao,413,P_1944059,0.0,0.0
Baixa vazao,413,P_1944063,0.0,-9.898832925166843
Baixa vazao,413,P_1945002,0.0,-8.13594419327211
Baixa vazao,413,P_1945008,0.0,-8.08772003001727
Baixa vazao,413,P_1946000,0.0,0.0
Baixa vazao,413,P_2044008,0.0,0.0
Baixa vazao,413,P_2044016,0.0,0.0
Baixa vazao,413,P_2044024,0.0,0.0
Baixa vazao,413,P_2044042,0.0,0.0
Baixa vazao,413,P_2045002,0.0,0.0
Baixa vazao,413,P_2046013,0.0,0.0
Baixa vazao,413,Q_40032000,7.8831,-8.098718328598729
Baixa vazao,413,Q_40050000,32.4194,0.0
Baixa vazao,413,Q_40060001,4.138,-28.576090837087772
Baixa vazao,413,Q_40100000,71.8088,-168.52698289299363
Baixa vazao,413,Q_40185000,5.9063,0.0
Baixa vazao,413,Q_40330000,10.013,-90.34610837811842
Baixa vazao,413,Q_40800001,14.2439,-8.373499497782147
Baixa vazao,413,Q_40850000,19.7014,-73.2740711807772
Baixa vazao,413,Q_40930000,2.9059,-28.760974402239636
Baixa vazao,414,P_1944059,0.0,0.0
Baixa vazao,414,P_1944063,0.0,-9.967392549030759
Baixa vazao,414,P_1945002,0.0,-8.811253615882718
Baixa vazao,414,P_1945008,0.0,-7.780948797936009
Baixa vazao,414,P_1946000,0.0,0.0
Baixa vazao,414,P_2044008,0.0,0.0
Baixa vazao,414,P_2044016,0.0,0.0
Baixa vazao,414,P_2044024,0.0,0.0
Baixa vazao,414,P_2044042,0.0,0.0
Baixa vazao,414,P_2045002,0.0,0.0
Baixa vazao,414,P_2046013,0.0,0.0
Baixa vazao,414,Q_40032000,9.815,-8.405297711769249
Baixa vazao,414,Q_40050000,44.3257,0.0
Baixa vazao,414,Q_40060001,5.8819,-23.06850333679249
Baixa vazao,414,Q_40100000,74.3045,-165.96435014294426
Baixa vazao,414,Q_40185000,5.2202,0.0
Baixa vazao,414,Q_40330000,26.2508,-70.70007817537477
Baixa vazao,414,Q_40800001,17.4101,-7.414139202004037
Baixa vazao,414,Q_40850000,21.6584,-71.95032537318205
Baixa vazao,414,Q_40930000,4.727,-25.0027987806687
Baixa vazao,415,P_1944059,0.0,0.0
Baixa vazao,415,P_1944063,0.0,-9.33849033482846
Baixa vazao,415,P_1945002,0.0,-7.912466584183404
Baixa vazao,415,P_1945008,0.0,-8.212299835847942
Baixa vazao,415,P_1946000,0.0,0.0
Baixa vazao,415,P_2044008,0.0,0.0
Baixa vazao,415,P_2044016,0.0,0.0
Baixa vazao,415,P_2044024,0.0,0.0
Baixa vazao,415,P_2044042,0.0,0.0
Baixa vazao,415,P_2045002,0.0,0.0
Baixa vazao,415,P_2046013,0.0,0.0
Baixa vazao,415,Q_40032000,8.1296,-7.917170939538661
Baixa vazao,415,Q_40050000,30.2243,0.0
Baixa vazao,415,Q_40060001,3.1903,-32.454088826678195
Baixa vazao,415,Q_40100000,50.939,-194.4795893690361
Baixa vazao,415,Q_40185000,4.5622,0.0
Baixa vazao,415,Q_40330000,12.034,-87.38687491200595
Baixa vazao,415,Q_40800001,20.4087,-7.945750351280992
Baixa vazao,415,Q_40850000,25.7317,-67.46413511347168
Baixa vazao,415,Q_40930000,1.6446,-30.687444380139418
Baixa vazao,416,P_1944059,0.0,0.0
Baixa vazao,416,P_1944063,0.0,-9.682464564208924
Baixa vazao,416,P_1945002,0.0,-8.520023658775482
Baixa vazao,416,P_1945008,0.0,-8.031637508984787
Baixa vazao,416,P_1946000,0.0,0.0
Baixa vazao,416,P_2044008,0.0,-4.725583426947026
Baixa vazao,416,P_2044016,0.0,0.0
Baixa vazao,416,P_2044024,0.0,0.0
Baixa vazao,416,P_2044042,0.0,0.0
Baixa vazao,416,P_2045002,0.0,0.0
Baixa vazao,416,P_2046013,0.0,0.0
Baixa vazao,416,Q_40032000,9.1347,-8.853970408315705
Baixa vazao,416,Q_40050000,43.8303,0.0
Baixa vazao,416,Q_40060001,5.5177,-24.43467062178335
Baixa vazao,416,Q_40100000,72.0203,-168.90553712325936
Baixa vazao,416,Q_40185000,7.7378,0.0
Baixa vazao,416,Q_40330000,27.6451,-69.23085901665515
Baixa vazao,416,Q_40800001,34.0688,0.0
Baixa vazao,416,Q_40850000,42.7002,-50.10797357983778
Baixa vazao,416,Q_40930000,5.192,-24.09463797945414
Baixa vazao,417,P_1944059,0.0,0.0
Baixa vazao,417,P_1944063,0.0,-9.52701333255191
Baixa vazao,417,P_1945002,0.0,-7.953893149287617
Baixa vazao,417,P_1945008,0.0,-7.949876772110472
Baixa vazao,417,P_1946000,0.0,0.0
Baixa vazao,417,P_2044008,0.0,0.0
Baixa vazao,417,P_2044016,0.0,0.0
Baixa vazao,417,P_2044024,0.0,0.0
Baixa vazao,417,P_2044042,0.0,0.0
Baixa vazao,417,P_2045002,0.0,0.0
Baixa vazao,417,P_2046013,0.0,0.0
Baixa vazao,417,Q_40032000,7.2701,-8.437404221992706
Baixa vazao,417,Q_40050000,27.3102,0.0
Baixa vazao,417,Q_40060001,2.747,-34.20482558677079
Baixa vazao,417,Q_40100000,40.7345,-206.70882503551516
Baixa vazao,417,Q_40185000,3.9337,0.0
Baixa vazao,417,Q_40330000,15.6889,-82.48615817291818
Baixa vazao,417,Q_40800001,17.7625,-7.957357312576278
Baixa vazao,417,Q_40850000,22.1561,-70.83325424707283
Baixa vazao,417,Q_40930000,2.3349,-29.37147771855861
Baixa vazao,418,P_1944059,0.0,0.0
Baixa vazao,418,P_1944063,0.0,-9.451351684115243
Baixa vazao,418,P_1945002,0.0,-7.694134333145769
Baixa vazao,418,P_1945008,0.0,-8.088851613899523
Baixa vazao,418,P_1946000,0.0,0.0
Baixa vazao,418,P_2044008,0.0,0.0
Baixa vazao,418,P_2044016,0.0,0.0
Baixa vazao,418,P_2044024,0.0,0.0
Baixa vazao,418,P_2044042,0.0,0.0
Baixa vazao,418,P_2045002,0.0,0.0
Baixa vazao,418,P_2046013,0.0,0.0
Baixa vazao,418,Q_40032000,7.441,-8.956450855095815
Baixa vazao,418,Q_40050000,25.0171,0.0
Baixa vazao,418,Q_40060001,2.604,-34.09811789896602
Baixa vazao,418,Q_40100000,39.6483,-207.85420639447432
Baixa vazao,418,Q_40185000,3.3363,0.0
Baixa vazao,418,Q_40330000,10.013,-89.53265308179225
Baixa vazao,418,Q_40800001,15.5952,-8.658322278027613
Baixa vazao,418,Q_40850000,19.7014,-72.58772775729337
Baixa vazao,418,Q_40930000,1.7864,-30.573127135454783
Baixa vazao,419,P_1944059,0.0,0.0
Baixa vazao,419,P_1944063,0.0,-9.264222795858641
Baixa vazao,419,P_1945002,0.0,-8.065307006046458
Baixa vazao,419,P_1945008,0.0,-7.928302913775029
Baixa vazao,419,P_1946000,0.0,0.0
Baixa vazao,419,P_2044008,0.0,0.0
Baixa vazao,419,P_2044016,0.0,0.0
Baixa vazao,419,P_2044024,0.0,0.0
Baixa vazao,419,P_2044042,0.0,0.0
Baixa vazao,419,P_2045002,0.0,0.0
Baixa vazao,419,P_2046013,0.0,0.0
Baixa vazao,419,Q_40032000,8.1296,-7.889999298207426
Baixa vazao,419,Q_40050000,29.9543,0.0
Baixa vazao,419,Q_40060001,3.115,-32.72759702185114
Baixa vazao,419,Q_40100000,50.939,-194.4390710706435
Baixa vazao,419,Q_40185000,4.5622,0.0
Baixa vazao,419,Q_40330000,12.034,-87.92012632961038
Baixa vazao,419,Q_40800001,19.7364,-7.844665496302753
Baixa vazao,419,Q_40850000,25.2113,-67.71233052419872
Baixa vazao,419,Q_40930000,1.6446,-30.875203205165207
Baixa vazao,420,P_1944059,0.0,0.0
Baixa vazao,420,P_1944063,0.0,-9.291943851978653
Baixa vazao,420,P_1945002,0.0,-8.276080197154121
Baixa vazao,420,P_1945008,0.0,-8.048721939802949
Baixa vazao,420,P_1946000,0.0,0.0
Baixa vazao,420,P_2044008,0.0,0.0
Baixa vazao,420,P_2044016,0.0,0.0
Baixa vazao,420,P_2044024,0.0,0.0
Baixa vazao,420,P_2044042,0.0,0.0
Baixa vazao,420,P_2045002,0.0,0.0
Baixa vazao,420,P_2046013,0.0,0.0
Baixa vazao,420,Q_40032000,6.784,-8.395352252945518
Baixa vazao,420,Q_40050000,23.6445,0.0
Baixa vazao,420,Q_40060001,4.138,-29.073957594069253
Baixa vazao,420,Q_40100000,63.1353,-179.69584939157423
Baixa vazao,420,Q_40185000,5.2202,0.0
Baixa vazao,420,Q_40330000,23.5411,-74.0057487043639
Baixa vazao,420,Q_40800001,17.3756,-7.393291132839067
Baixa vazao,420,Q_40850000,22.6572,-70.6137726135708
Baixa vazao,420,Q_40930000,1.8525,-30.587325573692784
Baixa vazao,421,P_1944059,0.0,0.0
Baixa vazao,421,P_1944063,0.0,-9.319460534222102
Baixa vazao,421,P_1945002,0.0,-7.925891446631389
Baixa vazao,421,P_1945008,0.0,-7.822130177519243
Baixa vazao,421,P_1946000,0.0,0.0
Baixa vazao,421,P_2044008,0.0,0.0
Baixa vazao,421,P_2044016,0.0,0.0
Baixa vazao,421,P_2044024,0.0,0.0
Baixa vazao,421,P_2044042,0.0,0.0
Baixa vazao,421,P_2045002,0.0,0.0
Baixa vazao,421,P_2046013,0.0,0.0
Baixa vazao,421,Q_40032000,8.303,-8.483224537833005
Baixa vazao,421,Q_40050000,33.2589,0.0
Baixa vazao,421,Q_40060001,3.4974,-31.392950281617807
Baixa vazao,421,Q_40100000,56.9282,-187.15981602107664
Baixa vazao,421,Q_40185000,5.2202,0.0
Baixa vazao,421,Q_40330000,12.3837,-87.3178461270715
Baixa vazao,421,Q_40800001,23.8737,-6.762879832175997
Baixa vazao,421,Q_40850000,30.0057,-63.443606284521486
Baixa vazao,421,Q_40930000,2.4097,-29.456966280806437
Baixa vazao,422,P_1944059,0.0,0.0
Baixa vazao,422,P_1944063,0.0,-9.812683194885212
Baixa vazao,422,P_1945002,0.0,-8.56979919624246
Baixa vazao,422,P_1945008,0.0,-8.211167955331454
Baixa vazao,422,P_1946000,0.0,0.0
Baixa vazao,422,P_2044008,0.0,0.0
Baixa vazao,422,P_2044016,0.0,0.0
Baixa vazao,422,P_2044024,0.0,0.0
Baixa vazao,422,P_2044042,0.0,0.0
Baixa vazao,422,P_2045002,0.0,0.0
Baixa vazao,422,P_2046013,0.0,0.0
Baixa vazao,422,Q_40032000,8.6413,-8.838289113649024
Baixa vazao,422,Q_40050000,37.884,0.0
Baixa vazao,422,Q_40060001,6.2535,-21.59166152655357
Baixa vazao,422,Q_40100000,89.8358,-145.785358405457
Baixa vazao,422,Q_40185000,6.2595,0.0
Baixa vazao,422,Q_40330000,14.5561,-85.86532242733813
Baixa vazao,422,Q_40800001,26.0603,-5.983603268400373
Baixa vazao,422,Q_40850000,45.1458,-47.52059148457055
Baixa vazao,422,Q_40930000,1.0163,-32.5690986009502
Baixa vazao,423,P_1944059,0.0,0.0
Baixa vazao,423,P_1944063,0.0,-9.169788378465602
Baixa vazao,423,P_1945002,0.0,-7.705307356622017
Baixa vazao,423,P_1945008,0.0,-8.395389452902577
Baixa vazao,423,P_1946000,0.0,0.0
Baixa vazao,423,P_2044008,0.0,0.0
Baixa vazao,423,P_2044016,0.0,0.0
Baixa vazao,423,P_2044024,0.0,0.0
Baixa vazao,423,P_2044042,0.0,0.0
Baixa vazao,423,P_2045002,0.0,0.0
Baixa vazao,423,P_2046013,0.0,0.0
Baixa vazao,423,Q_40032000,7.2701,-8.371458427428797
Baixa vazao,423,Q_40050000,25.7723,0.0
Baixa vazao,423,Q_40060001,2.8924,-33.793570217372455
Baixa vazao,423,Q_40100000,44.0513,-201.99579367464557
Baixa vazao,423,Q_40185000,3.631,0.0
Baixa vazao,423,Q_40330000,7.8289,-92.03705301689442
Baixa vazao,423,Q_40800001,15.5952,-8.45909861867143
Baixa vazao,423,Q_40850000,14.6153,-77.72735234227136
Baixa vazao,423,Q_40930000,1.1884,-31.950307633416223
Baixa vazao,424,P_1944059,0.0,0.0
Baixa vazao,424,P_1944063,0.0,-9.42490614251386
Baixa vazao,424,P_1945002,0.0,-8.370695525739196
Baixa vazao,424,P_1945008,0.0,-7.9706288487543695
Baixa vazao,424,P_1946000,0.0,0.0
Baixa vazao,424,P_2044008,0.0,0.0
Baixa vazao,424,P_2044016,0.0,0.0
Baixa vazao,424,P_2044024,0.0,0.0
Baixa vazao,424,P_2044042,0.0,0.0
Baixa vazao,424,P_2045002,0.0,0.0
Baixa vazao,424,P_2046013,0.0,0.0
Baixa vazao,424,Q_40032000,8.6413,-8.915281947967067
Baixa vazao,424,Q_40050000,38.7787,0.0
Baixa vazao,424,Q_40060001,5.9741,-22.696040783307105
Baixa vazao,424,Q_40100000,71.8088,-168.97382902614385
Baixa vazao,424,Q_40185000,4.5622,0.0
Baixa vazao,424,Q_40330000,21.3651,-77.07832178035748
Baixa vazao,424,Q_40800001,15.7865,-7.87588452980242
Baixa vazao,424,Q_40850000,19.2208,-73.60454258802656
Baixa vazao,424,Q_40930000,4.104,-26.532321625277767
Baixa vazao,425,P_1944059,0.0,-3.779711348697276
Baixa vazao,425,P_1944063,0.0,-7.9388011918516375
Baixa vazao,425,P_1945002,6.5,0.0
Baixa vazao,425,P_1945008,0.0,-6.900227017123504
Baixa vazao,425,P_1946000,0.0,0.0
Baixa vazao,425,P_2044008,0.0,0.0
Baixa vazao,425,P_2044016,0.0,0.0
Baixa vazao,425,P_2044024,0.0,0.0
Baixa vazao,425,P_2044042,0.0,0.0
Baixa vazao,425,P_2045002,0.0,0.0
Baixa vazao,425,P_2046013,0.0,0.0
Baixa vazao,425,Q_40032000,7.6124,-7.682972245078588
Baixa vazao,425,Q_40050000,27.0513,0.0
Baixa vazao,425,Q_40060001,2.8194,-34.97171329222347
Baixa vazao,425,Q_40100000,47.4535,-200.89783778144576
Baixa vazao,425,Q_40185000,4.5622,0.0
Baixa vazao,425,Q_40330000,15.3079,-84.0858352528677
Baixa vazao,425,Q_40800001,17.7625,-7.087649139980766
Baixa vazao,425,Q_40850000,25.7317,-67.87267580019562
Baixa vazao,425,Q_40930000,3.2603,-26.66014935733162
Baixa vazao,426,P_1944059,0.0,0.0
Baixa vazao,426,P_1944063,0.0,-7.491306302399453
Baixa vazao,426,P_1945002,0.0,-5.891633881591467
Baixa vazao,426,P_1945008,7.6,0.0
Baixa vazao,426,P_1946000,0.0,0.0
Baixa vazao,426,P_2044008,0.0,-3.1776439239644674
Baixa vazao,426,P_2044016,0.0,0.0
Baixa vazao,426,P_2044024,0.0,0.0
Baixa vazao,426,P_2044042,0.0,0.0
Baixa vazao,426,P_2045002,0.0,0.0
Baixa vazao,426,P_2046013,0.0,0.0
Baixa vazao,426,Q_40032000,8.2597,-6.409271012956665
Baixa vazao,426,Q_40050000,31.04,0.0
Baixa vazao,426,Q_40060001,4.138,-28.843261194601464
Baixa vazao,426,Q_40100000,60.6268,-183.5165602569069
Baixa vazao,426,Q_40185000,4.2442,0.0
Baixa vazao,426,Q_40330000,10.013,-90.42795851213017
Baixa vazao,426,Q_40800001,12.3126,-7.441532717286925
Baixa vazao,426,Q_40850000,17.8004,-75.23980395404722
Baixa vazao,426,Q_40930000,2.6178,-28.054338585950372
Baixa vazao,427,P_1944059,0.0,0.0
Baixa vazao,427,P_1944063,0.0,-9.375930005861502
Baixa vazao,427,P_1945002,0.0,-7.634644820483572
Baixa vazao,427,P_1945008,0.0,-7.934012771822217
Baixa vazao,427,P_1946000,0.0,0.0
Baixa vazao,427,P_2044008,0.0,0.0
Baixa vazao,427,P_2044016,0.0,0.0
Baixa vazao,427,P_2044024,0.0,0.0
Baixa vazao,427,P_2044042,0.0,0.0
Baixa vazao,427,P_2045002,0.0,0.0
Baixa vazao,427,P_2046013,0.0,0.0
Baixa vazao,427,Q_40032000,5.4994,-8.41408416448862
Baixa vazao,427,Q_40050000,23.4924,0.0
Baixa vazao,427,Q_40060001,3.1903,-32.32689338542015
Baixa vazao,427,Q_40100000,39.3739,-208.20885520022216
Baixa vazao,427,Q_40185000,7.7378,0.0
Baixa vazao,427,Q_40330000,27.1774,-68.73967712041329
Baixa vazao,427,Q_40800001,18.7021,-8.030368416449946
Baixa vazao,427,Q_40850000,19.2208,-73.13683465037569
Baixa vazao,427,Q_40930000,1.3893,-31.023842692040073
Baixa vazao,428,P_1944059,4.0,0.0
Baixa vazao,428,P_1944063,6.1,0.0
Baixa vazao,428,P_1945002,14.2,20.473652684419335
Baixa vazao,428,P_1945008,0.0,-5.428200948219332
Baixa vazao,428,P_1946000,0.0,0.0
Baixa vazao,428,P_2044008,0.0,-2.3643225217838904
Baixa vazao,428,P_2044016,0.0,0.0
Baixa vazao,428,P_2044024,0.0,0.0
Baixa vazao,428,P_2044042,0.0,0.0
Baixa vazao,428,P_2045002,0.0,0.0
Baixa vazao,428,P_2046013,0.0,0.0
Baixa vazao,428,Q_40032000,7.441,-5.565583959703738
Baixa vazao,428,Q_40050000,26.2808,0.0
Baixa vazao,428,Q_40060001,2.8194,-36.840767829219914
Baixa vazao,428,Q_40100000,46.3101,-207.70782470009345
Baixa vazao,428,Q_40185000,4.5622,0.0
Baixa vazao,428,Q_40330000,17.2461,-83.00955499191507
Baixa vazao,428,Q_40800001,17.7625,-6.625013242259471
Baixa vazao,428,Q_40850000,24.6941,-70.76818157931959
Baixa vazao,428,Q_40930000,6.5097,-19.8004118133102
Baixa vazao,429,P_1944059,0.0,0.0
Baixa vazao,429,P_1944063,0.0,-9.187264844377228
Baixa vazao,429,P_1945002,0.0,-7.945932696247127
Baixa vazao,429,P_1945008,0.0,-7.715844442058622
Baixa vazao,429,P_1946000,0.0,0.0
Baixa vazao,429,P_2044008,0.0,0.0
Baixa vazao,429,P_2044016,0.0,0.0
Baixa vazao,429,P_2044024,0.0,0.0
Baixa vazao,429,P_2044042,0.0,0.0
Baixa vazao,429,P_2045002,0.0,0.0
Baixa vazao,429,P_2046013,0.0,0.0
Baixa vazao,429,Q_40032000,7.0997,-8.352316162263719
Baixa vazao,429,Q_40050000,27.5701,0.0
Baixa vazao,429,Q_40060001,2.8194,-33.7028462064565
Baixa vazao,429,Q_40100000,41.8305,-205.18117379907227
Baixa vazao,429,Q_40185000,4.2442,0.0
Baixa vazao,429,Q_40330000,13.4541,-85.67651301395755
Baixa vazao,429,Q_40800001,20.4087,-7.7229206975846445
Baixa vazao,429,Q_40850000,24.6941,-68.14209820995355
Baixa vazao,429,Q_40930000,2.9059,-28.59942486703175
Baixa vazao,430,P_1944059,21.8,25.13716816729866
Baixa vazao,430,P_1944063,15.5,26.18920646681268
Baixa vazao,430,P_1945002,0.0,-6.250642586194198
Baixa vazao,430,P_1945008,0.0,0.0
Baixa vazao,430,P_1946000,0.0,0.0
Baixa vazao,430,P_2044008,17.8,8.911029147623719
Baixa vazao,430,P_2044016,3.7,0.0
Baixa vazao,430,P_2044024,55.0,84.9976222230821
Baixa vazao,430,P_2044042,1.5,0.0
Baixa vazao,430,P_2045002,0.0,0.0
Baixa vazao,430,P_2046013,15.3,0.0
Baixa vazao,430,Q_40032000,10.6207,-5.530531814516394
Baixa vazao,430,Q_40050000,35.2519,0.0
Baixa vazao,430,Q_40060001,11.6916,0.0
Baixa vazao,430,Q_40100000,58.1525,-186.14819027094734
Baixa vazao,430,Q_40185000,5.2202,0.0
Baixa vazao,430,Q_40330000,19.266,-76.58455674740394
Baixa vazao,430,Q_40800001,45.0334,0.0
Baixa vazao,430,Q_40850000,28.9191,-63.13250125117549
Baixa vazao,430,Q_40930000,6.676,-19.153927531395265
Baixa vazao,431,P_1944059,0.0,0.0
Baixa vazao,431,P_1944063,0.0,-9.50731853144599
Baixa vazao,431,P_1945002,0.0,-7.7235540609918445
Baixa vazao,431,P_1945008,0.0,-7.870015434405502
Baixa vazao,431,P_1946000,0.0,0.0
Baixa vazao,431,P_2044008,0.0,0.0
Baixa vazao,431,P_2044016,0.0,0.0
Baixa vazao,431,P_2044024,0.0,0.0
Baixa vazao,431,P_2044042,0.0,0.0
Baixa vazao,431,P_2045002,0.0,0.0
Baixa vazao,431,P_2046013,0.0,0.0
Baixa vazao,431,Q_40032000,5.4994,-8.061377355676209
Baixa vazao,431,Q_40050000,23.4924,0.0
Baixa vazao,431,Q_40060001,3.115,-32.87924774265322
Baixa vazao,431,Q_40100000,38.3946,-209.4239705703791
Baixa vazao,431,Q_40185000,6.9836,0.0
Baixa vazao,431,Q_40330000,23.5411,-72.63181121232357
Baixa vazao,431,Q_40800001,18.7021,-7.966379570778234
Baixa vazao,431,Q_40850000,21.6584,-71.16404155787211
Baixa vazao,431,Q_40930000,1.8783,-30.032935919078767
Baixa vazao,432,P_1944059,0.0,0.0
Baixa vazao,432,P_1944063,0.0,-9.491877612959838
Baixa vazao,432,P_1945002,0.0,-8.438937330001748
Baixa vazao,432,P_1945008,0.0,-8.051197097046346
Baixa vazao,432,P_1946000,0.0,0.0
Baixa vazao,432,P_2044008,0.0,0.0
Baixa vazao,432,P_2044016,0.0,0.0
Baixa vazao,432,P_2044024,0.0,0.0
Baixa vazao,432,P_2044042,0.0,0.0
Baixa vazao,432,P_2045002,0.0,0.0
Baixa vazao,432,P_2046013,0.0,0.0
Baixa vazao,432,Q_40032000,6.7738,-8.663494448263368
Baixa vazao,432,Q_40050000,33.2758,0.0
Baixa vazao,432,Q_40060001,3.8938,-29.68637954318778
Baixa vazao,432,Q_40100000,55.2555,-189.8015216836141
Baixa vazao,432,Q_40185000,7.3505,0.0
Baixa vazao,432,Q_40330000,26.2508,-70.05110208229915
Baixa vazao,432,Q_40800001,27.3871,-6.454552941939198
Baixa vazao,432,Q_40850000,35.6119,-57.04218240463863
Baixa vazao,432,Q_40930000,2.6527,-29.19137580579497
Baixa vazao,433,P_1944059,0.0,0.0
Baixa vazao,433,P_1944063,0.0,-9.297030717268886
Baixa vazao,433,P_1945002,0.0,-8.094690868609717
Baixa vazao,433,P_1945008,0.0,-7.834813883502043
Baixa vazao,433,P_1946000,0.0,0.0
Baixa vazao,433,P_2044008,0.0,0.0
Baixa vazao,433,P_2044016,0.0,0.0
Baixa vazao,433,P_2044024,0.0,0.0
Baixa vazao,433,P_2044042,0.0,0.0
Baixa vazao,433,P_2045002,0.0,0.0
Baixa vazao,433,P_2046013,0.0,0.0
Baixa vazao,433,Q_40032000,7.7843,-8.818711754383857
Baixa vazao,433,Q_40050000,29.9543,0.0
Baixa vazao,433,Q_40060001,2.966,-33.27643899524823
Baixa vazao,433,Q_40100000,52.119,-193.01841567990428
Baixa vazao,433,Q_40185000,4.8876,0.0
Baixa vazao,433,Q_40330000,13.4541,-85.93239423995331
Baixa vazao,433,Q_40800001,22.4673,-6.893301949701083
Baixa vazao,433,Q_40850000,38.5191,-54.273955732370645
Baixa vazao,433,Q_40930000,0.9784,-32.28372772450627
Baixa vazao,434,P_1944059,0.0,0.0
Baixa vazao,434,P_1944063,0.0,-9.744995247513284
Baixa vazao,434,P_1945002,0.0,-7.8780335637559284
Baixa vazao,434,P_1945008,0.0,-8.303164280659551
Baixa vazao,434,P_1946000,0.0,0.0
Baixa vazao,434,P_2044008,0.0,0.0
Baixa vazao,434,P_2044016,0.0,0.0
Baixa vazao,434,P_2044024,0.0,0.0
Baixa vazao,434,P_2044042,0.0,0.0
Baixa vazao,434,P_2045002,0.0,0.0
Baixa vazao,434,P_2046013,0.0,0.0
Baixa vazao,434,Q_40032000,6.7738,-8.766234085684204
Baixa vazao,434,Q_40050000,30.1945,0.0
Baixa vazao,434,Q_40060001,3.8134,-29.93943961467805
Baixa vazao,434,Q_40100000,54.1286,-191.29481953451258
Baixa vazao,434,Q_40185000,7.7378,0.0
Baixa vazao,434,Q_40330000,27.1774,-69.08760842730672
Baixa vazao,434,Q_40800001,26.6775,-6.037002991924169
Baixa vazao,434,Q_40850000,34.4681,-58.41555206084014
Baixa vazao,434,Q_40930000,2.6527,-29.061677820116646
Baixa vazao,435,P_1944059,0.0,0.0
Baixa vazao,435,P_1944063,0.0,-9.352250926005427
Baixa vazao,435,P_1945002,0.0,-7.704668836099415
Baixa vazao,435,P_1945008,0.0,-8.48354584078982
Baixa vazao,435,P_1946000,0.0,0.0
Baixa vazao,435,P_2044008,0.0,0.0
Baixa vazao,435,P_2044016,0.0,0.0
Baixa vazao,435,P_2044024,0.0,0.0
Baixa vazao,435,P_2044042,0.0,0.0
Baixa vazao,435,P_2045002,0.0,0.0
Baixa vazao,435,P_2046013,0.0,0.0
Baixa vazao,435,Q_40032000,5.0991,-8.068417568032162
Baixa vazao,435,Q_40050000,23.4924,0.0
Baixa vazao,435,Q_40060001,2.8924,-33.41209399781329
Baixa vazao,435,Q_40100000,33.6518,-214.80369383084772
Baixa vazao,435,Q_40185000,6.6284,0.0
Baixa vazao,435,Q_40330000,22.6616,-73.89329688880818
Baixa vazao,435,Q_40800001,17.474,-8.309288236926358
Baixa vazao,435,Q_40850000,18.7438,-73.31950421819029
Baixa vazao,435,Q_40930000,1.3893,-30.975491343537215
Baixa vazao,436,P_1944059,0.0,0.0
Baixa vazao,436,P_1944063,0.249462366,-8.506644469685076
Baixa vazao,436,P_1945002,0.0,-8.641091662928256
Baixa vazao,436,P_1945008,0.0,-7.845742064461321
Baixa vazao,436,P_1946000,0.0,0.0
Baixa vazao,436,P_2044008,2.2,0.0
Baixa vazao,436,P_2044016,0.0,0.0
Baixa vazao,436,P_2044024,0.0,0.0
Baixa vazao,436,P_2044042,0.0,0.0
Baixa vazao,436,P_2045002,0.0,0.0
Baixa vazao,436,P_2046013,0.0,0.0
Baixa vazao,436,Q_40032000,11.4443,-8.369401930191485
Baixa vazao,436,Q_40050000,58.0767,0.0
Baixa vazao,436,Q_40060001,6.7281,-20.317298798971656
Baixa vazao,436,Q_40100000,97.9464,-136.12891937055974
Baixa vazao,436,Q_40185000,7.3583,0.0
Baixa vazao,436,Q_40330000,33.476,-61.6297671755111
Baixa vazao,436,Q_40800001,20.2961,-6.403020429405956
Baixa vazao,436,Q_40850000,25.7317,-68.04296978032372
Baixa vazao,436,Q_40930000,6.0141,-22.130175546027193
Baixa vazao,437,P_1944059,0.0,0.0
Baixa vazao,437,P_1944063,0.0,-9.234867699450685
Baixa vazao,437,P_1945002,0.0,-8.003934367395004
Baixa vazao,437,P_1945008,0.0,-8.497773646988733
Baixa vazao,437,P_1946000,0.0,0.0
Baixa vazao,437,P_2044008,0.0,0.0
Baixa vazao,437,P_2044016,0.0,0.0
Baixa vazao,437,P_2044024,0.0,0.0
Baixa vazao,437,P_2044042,0.0,0.0
Baixa vazao,437,P_2045002,0.0,0.0
Baixa vazao,437,P_2046013,0.0,0.0
Baixa vazao,437,Q_40032000,5.0991,-7.955213366474491
Baixa vazao,437,Q_40050000,21.4869,0.0
Baixa vazao,437,Q_40060001,2.8924,-33.371946093423304
Baixa vazao,437,Q_40100000,31.8273,-216.34425159445422
Baixa vazao,437,Q_40185000,6.6284,0.0
Baixa vazao,437,Q_40330000,23.0998,-73.30097523215512
Baixa vazao,437,Q_40800001,15.1092,-8.942746555266497
Baixa vazao,437,Q_40850000,16.8715,-75.4533455963029
Baixa vazao,437,Q_40930000,1.1547,-31.69886791477755
Baixa vazao,438,P_1944059,1.0,0.0
Baixa vazao,438,P_1944063,0.0,-9.050510420159597
Baixa vazao,438,P_1945002,0.0,-8.186001471398356
Baixa vazao,438,P_1945008,0.0,-7.840983975401891
Baixa vazao,438,P_1946000,0.0,0.0
Baixa vazao,438,P_2044008,0.0,0.0
Baixa vazao,438,P_2044016,2.1,0.0
Baixa vazao,438,P_2044024,1.2,0.0
Baixa vazao,438,P_2044042,0.8,0.0
Baixa vazao,438,P_2045002,0.0,0.0
Baixa vazao,438,P_2046013,0.0,0.0
Baixa vazao,438,Q_40032000,7.441,-8.224425491780343
Baixa vazao,438,Q_40050000,23.0489,0.0
Baixa vazao,438,Q_40060001,2.5334,-34.87621197636803
Baixa vazao,438,Q_40100000,37.5054,-210.49446347025918
Baixa vazao,438,Q_40185000,3.0498,0.0
Baixa vazao,438,Q_40330000,7.241,-92.41166392943649
Baixa vazao,438,Q_40800001,14.8017,-9.16604856242831
Baixa vazao,438,Q_40850000,20.1855,-72.36461942620805
Baixa vazao,438,Q_40930000,1.5219,-30.855626949205334
Baixa vazao,439,P_1944059,0.0,-4.8177943930487
Baixa vazao,439,P_1944063,0.0,-8.992354286086096
Baixa vazao,439,P_1945002,2.8,0.0
Baixa vazao,439,P_1945008,0.0,-7.756350796502686
Baixa vazao,439,P_1946000,0.0,0.0
Baixa vazao,439,P_2044008,0.0,0.0
Baixa vazao,439,P_2044016,0.0,0.0
Baixa vazao,439,P_2044024,0.0,0.0
Baixa vazao,439,P_2044042,0.0,0.0
Baixa vazao,439,P_2045002,0.0,0.0
Baixa vazao,439,P_2046013,0.0,0.0
Baixa vazao,439,Q_40032000,7.6124,-8.068824792303317
Baixa vazao,439,Q_40050000,27.831,0.0
Baixa vazao,439,Q_40060001,2.8194,-34.34194506282052
Baixa vazao,439,Q_40100000,48.6062,-198.8719729483199
Baixa vazao,439,Q_40185000,4.5622,0.0
Baixa vazao,439,Q_40330000,13.818,-85.70345155957331
Baixa vazao,439,Q_40800001,20.4087,-7.642211272447957
Baixa vazao,439,Q_40850000,30.0057,-62.664071667887136
Baixa vazao,439,Q_40930000,2.9679,-28.22662634848998
Baixa vazao,440,P_1944059,0.0,0.0
Baixa vazao,440,P_1944063,0.249462366,-8.74511860241504
Baixa vazao,440,P_1945002,0.0,-8.613818038744538
Baixa vazao,440,P_1945008,0.0,-8.53930307338645
Baixa vazao,440,P_1946000,0.0,0.0
Baixa vazao,440,P_2044008,0.0,0.0
Baixa vazao,440,P_2044016,0.0,0.0
Baixa vazao,440,P_2044024,0.0,0.0
Baixa vazao,440,P_2044042,0.0,0.0
Baixa vazao,440,P_2045002,0.0,0.0
Baixa vazao,440,P_2046013,0.0,0.0
Baixa vazao,440,Q_40032000,10.6207,-8.464312714194334
Baixa vazao,440,Q_40050000,50.8426,0.0
Baixa vazao,440,Q_40060001,6.0668,-22.275570765554857
Baixa vazao,440,Q_40100000,84.5546,-153.4059555282348
Baixa vazao,440,Q_40185000,6.2595,0.0
Baixa vazao,440,Q_40330000,26.2508,-70.88445008535348
Baixa vazao,440,Q_40800001,18.5374,-7.099313987919572
Baixa vazao,440,Q_40850000,22.1561,-70.86584306037271
Baixa vazao,440,Q_40930000,5.3641,-23.623725742983503
Baixa vazao,441,P_1944059,0.0,0.0
Baixa vazao,441,P_1944063,0.0,-9.519891152223776
Baixa vazao,441,P_1945002,0.0,-8.777449152496914
Baixa vazao,441,P_1945008,0.0,-8.089138768222163
Baixa vazao,441,P_1946000,0.0,0.0
Baixa vazao,441,P_2044008,0.0,0.0
Baixa vazao,441,P_2044016,0.0,0.0
Baixa vazao,441,P_2044024,0.0,0.0
Baixa vazao,441,P_2044042,0.0,0.0
Baixa vazao,441,P_2045002,0.0,0.0
Baixa vazao,441,P_2046013,0.0,0.0
Baixa vazao,441,Q_40032000,7.8831,-9.197701280845346
Baixa vazao,441,Q_40050000,42.7543,0.0
Baixa vazao,441,Q_40060001,6.8243,-19.819976842238162
Baixa vazao,441,Q_40100000,70.5712,-170.73881314114547
Baixa vazao,441,Q_40185000,5.9063,0.0
Baixa vazao,441,Q_40330000,14.9303,-85.02060586819101
Baixa vazao,441,Q_40800001,26.7461,-5.930401580381385
Baixa vazao,441,Q_40850000,39.1085,-53.59430371378907
Baixa vazao,441,Q_40930000,8.0325,-18.280729220719763
Baixa vazao,442,P_1944059,0.0,0.0
Baixa vazao,442,P_1944063,0.0,-9.508197551052405
Baixa vazao,442,P_1945002,0.0,-8.35933702949887
Baixa vazao,442,P_1945008,0.0,-8.227138353977786
Baixa vazao,442,P_1946000,0.0,0.0
Baixa vazao,442,P_2044008,0.0,0.0
Baixa vazao,442,P_2044016,0.0,0.0
Baixa vazao,442,P_2044024,0.0,0.0
Baixa vazao,442,P_2044042,0.0,0.0
Baixa vazao,442,P_2045002,0.0,0.0
Baixa vazao,442,P_2046013,0.0,0.0
Baixa vazao,442,Q_40032000,7.5115,-8.287654196507734
Baixa vazao,442,Q_40050000,33.2589,0.0
Baixa vazao,442,Q_40060001,5.161,-26.018465558383895
Baixa vazao,442,Q_40100000,66.9,-174.45114038869878
Baixa vazao,442,Q_40185000,3.631,0.0
Baixa vazao,442,Q_40330000,11.3456,-88.59052077810938
Baixa vazao,442,Q_40800001,12.782,-7.972475623810112
Baixa vazao,442,Q_40850000,19.7014,-73.07063590560594
Baixa vazao,442,Q_40930000,2.3349,-29.84337728040888
Baixa vazao,443,P_1944059,0.0,0.0
Baixa vazao,443,P_1944063,0.0,-9.447298560540839
Baixa vazao,443,P_1945002,0.0,-8.395775569598698
Baixa vazao,443,P_1945008,0.0,-7.972508055002337
Baixa vazao,443,P_1946000,0.0,0.0
Baixa vazao,443,P_2044008,0.0,0.0
Baixa vazao,443,P_2044016,0.0,0.0
Baixa vazao,443,P_2044024,0.0,0.0
Baixa vazao,443,P_2044042,0.0,0.0
Baixa vazao,443,P_2045002,0.0,0.0
Baixa vazao,443,P_2046013,0.0,0.0
Baixa vazao,443,Q_40032000,7.9567,-8.313957280576044
Baixa vazao,443,Q_40050000,28.6197,0.0
Baixa vazao,443,Q_40060001,3.0402,-33.295540429476596
Baixa vazao,443,Q_40100000,48.6062,-196.64841215776755
Baixa vazao,443,Q_40185000,4.2442,0.0
Baixa vazao,443,Q_40330000,11.688,-87.7887571417378
Baixa vazao,443,Q_40800001,17.2046,-8.580261780076091
Baixa vazao,443,Q_40850000,22.6572,-70.09410695305439
Baixa vazao,443,Q_40930000,1.6446,-30.40420217962961
Baixa vazao,444,P_1944059,0.0,0.0
Baixa vazao,444,P_1944063,0.0,-9.209472694158153
Baixa vazao,444,P_1945002,0.0,-8.015777967415335
Baixa vazao,444,P_1945008,0.0,-8.298570586718133
Baixa vazao,444,P_1946000,0.0,0.0
Baixa vazao,444,P_2044008,0.0,0.0
Baixa vazao,444,P_2044016,0.0,0.0
Baixa vazao,444,P_2044024,0.0,0.0
Baixa vazao,444,P_2044042,0.0,0.0
Baixa vazao,444,P_2045002,0.0,0.0
Baixa vazao,444,P_2046013,0.0,0.0
Baixa vazao,444,Q_40032000,7.2226,-8.535024778926667
Baixa vazao,444,Q_40050000,34.3301,0.0
Baixa vazao,444,Q_40060001,4.0561,-29.644785389087183
Baixa vazao,444,Q_40100000,56.392,-188.43402416571558
Baixa vazao,444,Q_40185000,6.6284,0.0
Baixa vazao,444,Q_40330000,22.2264,-75.7017917310363
Baixa vazao,444,Q_40800001,29.5559,-6.158586445631556
Baixa vazao,444,Q_40850000,37.3481,-55.219627209942125
Baixa vazao,444,Q_40930000,2.9201,-28.216803853184484
Baixa vazao,445,P_1944059,0.0,0.0
Baixa vazao,445,P_1944063,0.0,-9.603276968062664
Baixa vazao,445,P_1945002,0.0,-7.8703299870785655
Baixa vazao,445,P_1945008,0.0,-8.180950016769032
Baixa vazao,445,P_1946000,0.0,0.0
Baixa vazao,445,P_2044008,0.0,0.0
Baixa vazao,445,P_2044016,0.0,0.0
Baixa vazao,445,P_2044024,0.0,0.0
Baixa vazao,445,P_2044042,0.0,0.0
Baixa vazao,445,P_2045002,0.0,0.0
Baixa vazao,445,P_2046013,0.0,0.0
Baixa vazao,445,Q_40032000,7.441,-8.32342916094141
Baixa vazao,445,Q_40050000,26.0261,0.0
Baixa vazao,445,Q_40060001,2.8924,-33.69293427752368
Baixa vazao,445,Q_40100000,41.8305,-204.8786021583798
Baixa vazao,445,Q_40185000,3.631,0.0
Baixa vazao,445,Q_40330000,9.0534,-90.53529664379018
Baixa vazao,445,Q_40800001,17.7625,-8.34197411729014
Baixa vazao,445,Q_40850000,15.0589,-77.55006913133059
Baixa vazao,445,Q_40930000,1.1884,-31.31695828716306
Baixa vazao,446,P_1944059,0.0,0.0
Baixa vazao,446,P_1944063,0.0,-9.397402718725004
Baixa vazao,446,P_1945002,0.0,-8.581403466601934
Baixa vazao,446,P_1945008,0.0,-9.154889936505754
Baixa vazao,446,P_1946000,0.0,0.0
Baixa vazao,446,P_2044008,0.0,0.0
Baixa vazao,446,P_2044016,0.0,0.0
Baixa vazao,446,P_2044024,0.0,0.0
Baixa vazao,446,P_2044042,5.9,0.0
Baixa vazao,446,P_2045002,0.0,0.0
Baixa vazao,446,P_2046013,0.0,0.0
Baixa vazao,446,Q_40032000,5.0991,-9.305205280193526
Baixa vazao,446,Q_40050000,23.4924,0.0
Baixa vazao,446,Q_40060001,3.0402,-33.89506557022096
Baixa vazao,446,Q_40100000,36.4666,-212.7514993739703
Baixa vazao,446,Q_40185000,6.6284,0.0
Baixa vazao,446,Q_40330000,23.0998,-74.3138501410871
Baixa vazao,446,Q_40800001,16.2762,-8.78824545757894
Baixa vazao,446,Q_40850000,18.7438,-75.21290344587764
Baixa vazao,446,Q_40930000,1.6307,-31.521403300683147
Baixa vazao,447,P_1944059,0.0,-5.064844140579339
Baixa vazao,447,P_1944063,0.0,-9.824129782575193
Baixa vazao,447,P_1945002,0.0,-8.628317172313103
Baixa vazao,447,P_1945008,0.0,-8.241562085543002
Baixa vazao,447,P_1946000,0.0,0.0
Baixa vazao,447,P_2044008,0.0,0.0
Baixa vazao,447,P_2044016,0.0,0.0
Baixa vazao,447,P_2044024,0.0,0.0
Baixa vazao,447,P_2044042,0.0,0.0
Baixa vazao,447,P_2045002,0.0,0.0
Baixa vazao,447,P_2046013,0.0,0.0
Baixa vazao,447,Q_40032000,8.6394,-9.02927889210198
Baixa vazao,447,Q_40050000,40.6525,0.0
Baixa vazao,447,Q_40060001,4.8985,-25.665163290285275
Baixa vazao,447,Q_40100000,65.8237,-176.905036128005
Baixa vazao,447,Q_40185000,10.6773,0.0
Baixa vazao,447,Q_40330000,39.1647,-53.62578588755524
Baixa vazao,447,Q_40800001,46.3232,0.0
Baixa vazao,447,Q_40850000,75.7264,-16.085146179256625
Baixa vazao,447,Q_40930000,4.0291,-25.867596893483483
Baixa vazao,448,P_1944059,0.0,0.0
Baixa vazao,448,P_1944063,0.0,-9.885228344596504
Baixa vazao,448,P_1945002,0.0,-8.534910529747988
Baixa vazao,448,P_1945008,0.0,-8.412665019794265
Baixa vazao,448,P_1946000,0.0,0.0
Baixa vazao,448,P_2044008,0.0,-4.851899530474441
Baixa vazao,448,P_2044016,0.0,0.0
Baixa vazao,448,P_2044024,0.0,0.0
Baixa vazao,448,P_2044042,0.0,0.0
Baixa vazao,448,P_2045002,0.0,0.0
Baixa vazao,448,P_2046013,0.0,0.0
Baixa vazao,448,Q_40032000,7.6833,-8.974068551011959
Baixa vazao,448,Q_40050000,37.299,0.0
Baixa vazao,448,Q_40060001,4.4709,-28.025820536073585
Baixa vazao,448,Q_40100000,61.0328,-182.74557910596408
Baixa vazao,448,Q_40185000,9.7973,0.0
Baixa vazao,448,Q_40330000,34.9956,-59.46794043689642
Baixa vazao,448,Q_40800001,31.0345,0.0
Baixa vazao,448,Q_40850000,40.8927,-51.69732040819455
Baixa vazao,448,Q_40930000,3.4672,-27.39579505437421
Baixa vazao,449,P_1944059,0.0,0.0
Baixa vazao,449,P_1944063,13.9,28.496750346050103
Baixa vazao,449,P_1945002,0.0,-7.387565208147862
Baixa vazao,449,P_1945008,18.9,31.990180680279863
Baixa vazao,449,P_1946000,8.2,-8.99684752288221
Baixa vazao,449,P_2044008,4.8,0.0
Baixa vazao,449,P_2044016,0.3,0.0
Baixa vazao,449,P_2044024,0.0,0.0
Baixa vazao,449,P_2044042,3.7,0.0
Baixa vazao,449,P_2045002,0.0,0.0
Baixa vazao,449,P_2046013,11.0,0.0
Baixa vazao,449,Q_40032000,7.1451,0.0
Baixa vazao,449,Q_40050000,23.0893,0.0
Baixa vazao,449,Q_40060001,4.6405,-33.58735576523657
Baixa vazao,449,Q_40100000,54.5059,-204.40124769692434
Baixa vazao,449,Q_40185000,3.9337,0.0
Baixa vazao,449,Q_40330000,14.9303,-91.39128661191948
Baixa vazao,449,Q_40800001,18.1312,-10.4017304395133
Baixa vazao,449,Q_40850000,23.6691,-76.06269536455162
Baixa vazao,449,Q_40930000,2.3568,-32.476320498247375
Baixa vazao,450,P_1944059,0.0,0.0
Baixa vazao,450,P_1944063,0.0,-8.810308081961193
Baixa vazao,450,P_1945002,0.0,-7.6992743724565
Baixa vazao,450,P_1945008,0.0,-8.205056079533493
Baixa vazao,450,P_1946000,0.0,0.0
Baixa vazao,450,P_2044008,0.0,0.0
Baixa vazao,450,P_2044016,0.0,0.0
Baixa vazao,450,P_2044024,0.0,0.0
Baixa vazao,450,P_2044042,0.0,0.0
Baixa vazao,450,P_2045002,0.0,0.0
Baixa vazao,450,P_2046013,0.0,0.0
Baixa vazao,450,Q_40032000,5.912,-8.161182430626623
Baixa vazao,450,Q_40050000,23.4924,0.0
Baixa vazao,450,Q_40060001,3.1903,-32.80032990733032
Baixa vazao,450,Q_40100000,40.3633,-206.99005421158998
Baixa vazao,450,Q_40185000,7.7378,0.0
Baixa vazao,450,Q_40330000,27.6451,-68.44340112847844
Baixa vazao,450,Q_40800001,18.7021,-7.895042238425339
Baixa vazao,450,Q_40850000,23.6691,-68.99563611015705
Baixa vazao,450,Q_40930000,1.3893,-31.160399438502598
Baixa vazao,451,P_1944059,0.0,0.0
Baixa vazao,451,P_1944063,0.0,-9.032496893907538
Baixa vazao,451,P_1945002,0.0,-7.861965387061299
Baixa vazao,451,P_1945008,0.0,-7.845178549438799
Baixa vazao,451,P_1946000,0.0,0.0
Baixa vazao,451,P_2044008,0.0,0.0
Baixa vazao,451,P_2044016,0.0,0.0
Baixa vazao,451,P_2044024,0.0,0.0
Baixa vazao,451,P_2044042,0.0,0.0
Baixa vazao,451,P_2045002,0.0,0.0
Baixa vazao,451,P_2046013,0.0,0.0
Baixa vazao,451,Q_40032000,6.9299,-8.283813723475795
Baixa vazao,451,Q_40050000,24.5189,0.0
Baixa vazao,451,Q_40060001,3.0402,-32.94512123219506
Baixa vazao,451,Q_40100000,45.176,-201.49081942608402
Baixa vazao,451,Q_40185000,3.631,0.0
Baixa vazao,451,Q_40330000,10.6718,-88.88537660054709
Baixa vazao,451,Q_40800001,18.4132,-8.007668882884746
Baixa vazao,451,Q_40850000,28.9191,-64.20265714900312
Baixa vazao,451,Q_40930000,2.3349,-29.54958639860477
Baixa vazao,452,P_1944059,0.0,0.0
Baixa vazao,452,P_1944063,0.0,-9.12803485927394
Baixa vazao,452,P_1945002,0.0,-7.301003468099906
Baixa vazao,452,P_1945008,0.0,-7.486653475145812
Baixa vazao,452,P_1946000,0.0,0.0
Baixa vazao,452,P_2044008,0.0,0.0
Baixa vazao,452,P_2044016,0.0,0.0
Baixa vazao,452,P_2044024,0.0,0.0
Baixa vazao,452,P_2044042,0.7,0.0
Baixa vazao,452,P_2045002,0.0,0.0
Baixa vazao,452,P_2046013,5.4,0.0
Baixa vazao,452,Q_40032000,17.2744,-5.8475837309994745
Baixa vazao,452,Q_40050000,29.9543,0.0
Baixa vazao,452,Q_40060001,3.0402,-34.78945201880312
Baixa vazao,452,Q_40100000,71.8088,-171.2159858181463
Baixa vazao,452,Q_40185000,6.2595,0.0
Baixa vazao,452,Q_40330000,15.6889,-85.53974848354537
Baixa vazao,452,Q_40800001,20.4087,-7.315574424729646
Baixa vazao,452,Q_40850000,27.3117,-66.77096796862904
Baixa vazao,452,Q_40930000,12.6941,-8.84990826731401
Baixa vazao,453,P_1944059,2.0,0.0
Baixa vazao,453,P_1944063,3.2,0.0
Baixa vazao,453,P_1945002,0.0,-6.367701328369528
Baixa vazao,453,P_1945008,0.0,-7.229530662112365
Baixa vazao,453,P_1946000,0.0,0.0
Baixa vazao,453,P_2044008,0.0,-3.9114361076923956
Baixa vazao,453,P_2044016,0.0,0.0
Baixa vazao,453,P_2044024,0.0,0.0
Baixa vazao,453,P_2044042,0.0,0.0
Baixa vazao,453,P_2045002,0.0,0.0
Baixa vazao,453,P_2046013,0.0,0.0
Baixa vazao,453,Q_40032000,6.9299,-7.553507315952255
Baixa vazao,453,Q_40050000,32.9781,0.0
Baixa vazao,453,Q_40060001,2.604,-34.74662712107867
Baixa vazao,453,Q_40100000,35.4027,-214.30554369170324
Baixa vazao,453,Q_40185000,5.9063,0.0
Baixa vazao,453,Q_40330000,12.3837,-86.65594396572271
Baixa vazao,453,Q_40800001,21.0879,-6.904600301188727
Baixa vazao,453,Q_40850000,28.3803,-63.91395157856674
Baixa vazao,453,Q_40930000,1.5219,-30.36006519327645
Baixa vazao,454,P_1944059,0.0,0.0
Baixa vazao,454,P_1944063,0.0,-8.555946299841766
Baixa vazao,454,P_1945002,26.8,45.69543855201172
Baixa vazao,454,P_1945008,0.0,-7.407360584902357
Baixa vazao,454,P_1946000,0.0,0.0
Baixa vazao,454,P_2044008,0.0,0.0
Baixa vazao,454,P_2044016,0.0,0.0
Baixa vazao,454,P_2044024,0.0,0.0
Baixa vazao,454,P_2044042,0.0,0.0
Baixa vazao,454,P_2045002,0.0,0.0
Baixa vazao,454,P_2046013,0.0,0.0
Baixa vazao,454,Q_40032000,7.5115,-7.500604850824118
Baixa vazao,454,Q_40050000,39.6819,0.0
Baixa vazao,454,Q_40060001,4.2205,-33.00861773585601
Baixa vazao,454,Q_40100000,83.2504,-160.82981151988477
Baixa vazao,454,Q_40185000,7.3583,0.0
Baixa vazao,454,Q_40330000,18.4484,-83.62580724247483
Baixa vazao,454,Q_40800001,19.7008,-7.821364418378688
Baixa vazao,454,Q_40850000,17.8004,-80.27932825009933
Baixa vazao,454,Q_40930000,8.378,-17.831317598518446
Baixa vazao,455,P_1944059,0.0,0.0
Baixa vazao,455,P_1944063,0.0,-9.342357302804684
Baixa vazao,455,P_1945002,0.0,-8.357578880987152
Baixa vazao,455,P_1945008,0.0,-8.259127377937432
Baixa vazao,455,P_1946000,0.0,0.0
Baixa vazao,455,P_2044008,0.0,0.0
Baixa vazao,455,P_2044016,0.0,0.0
Baixa vazao,455,P_2044024,0.0,0.0
Baixa vazao,455,P_2044042,0.0,0.0
Baixa vazao,455,P_2045002,0.0,0.0
Baixa vazao,455,P_2046013,0.0,0.0
Baixa vazao,455,Q_40032000,7.5115,-8.714410358064635
Baixa vazao,455,Q_40050000,34.6776,0.0
Baixa vazao,455,Q_40060001,5.2495,-25.841229319178765
Baixa vazao,455,Q_40100000,71.8088,-168.95708441894286
Baixa vazao,455,Q_40185000,3.9337,0.0
Baixa vazao,455,Q_40330000,22.2264,-75.4464801430155
Baixa vazao,455,Q_40800001,12.3126,-8.58172906367229
Baixa vazao,455,Q_40850000,20.6731,-72.01670146281216
Baixa vazao,455,Q_40930000,2.3349,-29.472644729263298
Baixa vazao,456,P_1944059,0.0,0.0
Baixa vazao,456,P_1944063,0.0,-9.112463696359608
Baixa vazao,456,P_1945002,0.0,-7.414108313456133
Baixa vazao,456,P_1945008,0.0,-7.52677304590498
Baixa vazao,456,P_1946000,0.0,0.0
Baixa vazao,456,P_2044008,0.0,-4.4868679827129085
Baixa vazao,456,P_2044016,0.6,0.0
Baixa vazao,456,P_2044024,0.4,0.0
Baixa vazao,456,P_2044042,0.8,0.0
Baixa vazao,456,P_2045002,1.1,0.0
Baixa vazao,456,P_2046013,1.2,0.0
Baixa vazao,456,Q_40032000,24.3392,0.0
Baixa vazao,456,Q_40050000,34.3919,0.0
Baixa vazao,456,Q_40060001,3.1903,-34.05222590642217
Baixa vazao,456,Q_40100000,60.6268,-185.47467990558278
Baixa vazao,456,Q_40185000,5.5598,0.0
Baixa vazao,456,Q_40330000,15.6889,-84.85722701287415
Baixa vazao,456,Q_40800001,21.7742,-6.814037713624147
Baixa vazao,456,Q_40850000,27.3117,-67.0872592827422
Baixa vazao,456,Q_40930000,7.349,-19.930225465554376
Baixa vazao,457,P_1944059,0.0,0.0
Baixa vazao,457,P_1944063,0.0,-10.179351218094288
Baixa vazao,457,P_1945002,0.0,-8.267345513010783
Baixa vazao,457,P_1945008,0.0,-8.30263299168811
Baixa vazao,457,P_1946000,0.0,0.0
Baixa vazao,457,P_2044008,0.0,0.0
Baixa vazao,457,P_2044016,0.0,0.0
Baixa vazao,457,P_2044024,0.0,0.0
Baixa vazao,457,P_2044042,0.0,0.0
Baixa vazao,457,P_2045002,0.0,0.0
Baixa vazao,457,P_2046013,0.0,0.0
Baixa vazao,457,Q_40032000,6.7738,-8.341767633312525
Baixa vazao,457,Q_40050000,32.7537,0.0
Baixa vazao,457,Q_40060001,3.8938,-29.82480766002191
Baixa vazao,457,Q_40100000,54.1286,-190.81545730592057
Baixa vazao,457,Q_40185000,7.7378,0.0
Baixa vazao,457,Q_40330000,26.7127,-69.43330466276684
Baixa vazao,457,Q_40800001,26.6775,-6.728117477320495
Baixa vazao,457,Q_40850000,34.4681,-58.30369445202592
Baixa vazao,457,Q_40930000,2.6527,-28.61792212591573
Baixa vazao,458,P_1944059,0.0,0.0
Baixa vazao,458,P_1944063,0.0,-9.154502149170051
Baixa vazao,458,P_1945002,0.0,-8.021308194047357
Baixa vazao,458,P_1945008,0.0,-8.402371247023126
Baixa vazao,458,P_1946000,0.0,0.0
Baixa vazao,458,P_2044008,0.0,0.0
Baixa vazao,458,P_2044016,0.0,0.0
Baixa vazao,458,P_2044024,0.0,0.0
Baixa vazao,458,P_2044042,0.0,0.0
Baixa vazao,458,P_2045002,0.0,0.0
Baixa vazao,458,P_2046013,0.0,0.0
Baixa vazao,458,Q_40032000,5.912,-8.066392880552604
Baixa vazao,458,Q_40050000,24.6383,0.0
Baixa vazao,458,Q_40060001,3.2663,-32.10592363105384
Baixa vazao,458,Q_40100000,42.3723,-204.66988491759972
Baixa vazao,458,Q_40185000,7.3505,0.0
Baixa vazao,458,Q_40330000,24.8827,-71.40179702576918
Baixa vazao,458,Q_40800001,24.5892,-7.008745579094693
Baixa vazao,458,Q_40850000,35.0386,-57.46127742337416
Baixa vazao,458,Q_40930000,1.6307,-31.08243969161121
Baixa vazao,459,P_1944059,0.0,0.0
Baixa vazao,459,P_1944063,0.0,-9.617730424290508
Baixa vazao,459,P_1945002,0.0,-7.9479283478392935
Baixa vazao,459,P_1945008,0.0,-8.234199828810267
Baixa vazao,459,P_1946000,0.0,0.0
Baixa vazao,459,P_2044008,0.0,0.0
Baixa vazao,459,P_2044016,0.0,0.0
Baixa vazao,459,P_2044024,0.0,0.0
Baixa vazao,459,P_2044042,0.0,0.0
Baixa vazao,459,P_2045002,0.0,0.0
Baixa vazao,459,P_2046013,0.0,0.0
Baixa vazao,459,Q_40032000,6.4284,-8.347146874343405
Baixa vazao,459,Q_40050000,23.5055,0.0
Baixa vazao,459,Q_40060001,4.0561,-29.442106185010918
Baixa vazao,459,Q_40100000,63.1353,-179.78518493635835
Baixa vazao,459,Q_40185000,5.5598,0.0
Baixa vazao,459,Q_40330000,23.9853,-73.07284220684923
Baixa vazao,459,Q_40800001,17.3756,-7.455059380287423
Baixa vazao,459,Q_40850000,21.6584,-71.51368119679006
Baixa vazao,459,Q_40930000,1.8525,-30.37129997981013
Baixa vazao,460,P_1944059,8.0,0.0
Baixa vazao,460,P_1944063,8.0,0.0
Baixa vazao,460,P_1945002,0.0,-3.76044427929736
Baixa vazao,460,P_1945008,0.0,-5.70638562414207
Baixa vazao,460,P_1946000,0.0,0.0
Baixa vazao,460,P_2044008,7.1,0.0
Baixa vazao,460,P_2044016,3.5,0.0
Baixa vazao,460,P_2044024,2.2,0.0
Baixa vazao,460,P_2044042,9.9,-9.379344071453755
Baixa vazao,460,P_2045002,0.0,0.0
Baixa vazao,460,P_2046013,1.6,0.0
Baixa vazao,460,Q_40032000,8.1296,-4.429420528753527
Baixa vazao,460,Q_40050000,27.5701,0.0
Baixa vazao,460,Q_40060001,3.9747,-30.395450835918673
Baixa vazao,460,Q_40100000,47.4535,-203.29781247770222
Baixa vazao,460,Q_40185000,3.3363,0.0
Baixa vazao,460,Q_40330000,10.013,-90.62275460092533
Baixa vazao,460,Q_40800001,15.1975,-6.481460607820381
Baixa vazao,460,Q_40850000,18.2703,-73.1920282323368
Baixa vazao,460,Q_40930000,1.1884,-30.388212745594263
Baixa vazao,461,P_1944059,0.0,0.0
Baixa vazao,461,P_1944063,0.0,-9.261681963692364
Baixa vazao,461,P_1945002,0.0,-8.273066253568446
Baixa vazao,461,P_1945008,0.0,-8.341368338559933
Baixa vazao,461,P_1946000,0.0,0.0
Baixa vazao,461,P_2044008,0.0,0.0
Baixa vazao,461,P_2044016,0.0,0.0
Baixa vazao,461,P_2044024,0.0,0.0
Baixa vazao,461,P_2044042,0.0,0.0
Baixa vazao,461,P_2045002,0.0,0.0
Baixa vazao,461,P_2046013,0.0,0.0
Baixa vazao,461,Q_40032000,8.2597,-8.608177704271865
Baixa vazao,461,Q_40050000,37.884,0.0
Baixa vazao,461,Q_40060001,5.8819,-23.125069633964095
Baixa vazao,461,Q_40100000,68.1168,-173.98410386064714
Baixa vazao,461,Q_40185000,4.5622,0.0
Baixa vazao,461,Q_40330000,21.7942,-75.73271796639492
Baixa vazao,461,Q_40800001,14.7491,-7.933163738390078
Baixa vazao,461,Q_40850000,18.7438,-74.52215056334
Baixa vazao,461,Q_40930000,3.7981,-27.00831910806872
Baixa vazao,462,P_1944059,0.0,0.0
Baixa vazao,462,P_1944063,0.0,-9.266561168845191
Baixa vazao,462,P_1945002,0.0,-8.024592391392535
Baixa vazao,462,P_1945008,0.0,-8.50851821314952
Baixa vazao,462,P_1946000,0.0,0.0
Baixa vazao,462,P_2044008,0.0,0.0
Baixa vazao,462,P_2044016,0.0,0.0
Baixa vazao,462,P_2044024,0.0,0.0
Baixa vazao,462,P_2044042,0.0,0.0
Baixa vazao,462,P_2045002,0.0,0.0
Baixa vazao,462,P_2046013,0.0,0.0
Baixa vazao,462,Q_40032000,5.912,-8.233781337041243
Baixa vazao,462,Q_40050000,27.4792,0.0
Baixa vazao,462,Q_40060001,3.3428,-31.959532704118637
Baixa vazao,462,Q_40100000,45.4608,-200.56341688709645
Baixa vazao,462,Q_40185000,7.3505,0.0
Baixa vazao,462,Q_40330000,25.7919,-70.29942165247671
Baixa vazao,462,Q_40800001,22.5628,-7.466693619816056
Baixa vazao,462,Q_40850000,28.3803,-64.35787820024935
Baixa vazao,462,Q_40930000,2.1314,-29.47529820085243
Baixa vazao,463,P_1944059,0.0,0.0
Baixa vazao,463,P_1944063,0.0,-9.642085477115854
Baixa vazao,463,P_1945002,0.0,-8.038741099084021
Baixa vazao,463,P_1945008,0.0,-8.399181696946586
Baixa vazao,463,P_1946000,0.0,0.0
Baixa vazao,463,P_2044008,0.0,0.0
Baixa vazao,463,P_2044016,0.0,0.0
Baixa vazao,463,P_2044024,0.0,0.0
Baixa vazao,463,P_2044042,0.0,0.0
Baixa vazao,463,P_2045002,0.0,0.0
Baixa vazao,463,P_2046013,0.0,0.0
Baixa vazao,463,Q_40032000,10.6207,-7.9141724052110165
Baixa vazao,463,Q_40050000,46.2421,0.0
Baixa vazao,463,Q_40060001,5.6989,-24.017594485833197
Baixa vazao,463,Q_40100000,76.8273,-162.7363281998078
Baixa vazao,463,Q_40185000,5.5598,0.0
Baixa vazao,463,Q_40330000,24.8827,-73.03044288091363
Baixa vazao,463,Q_40800001,17.9692,-7.40196501454767
Baixa vazao,463,Q_40850000,21.164,-72.20401652739113
Baixa vazao,463,Q_40930000,4.727,-25.19096639287478
Baixa vazao,464,P_1944059,0.0,-4.786645286662891
Baixa vazao,464,P_1944063,0.0,-8.824189701639915
Baixa vazao,464,P_1945002,0.0,-7.272410220864978
Baixa vazao,464,P_1945008,15.0,30.32369147994882
Baixa vazao,464,P_1946000,0.0,0.0
Baixa vazao,464,P_2044008,0.0,0.0
Baixa vazao,464,P_2044016,0.0,0.0
Baixa vazao,464,P_2044024,0.0,0.0
Baixa vazao,464,P_2044042,0.0,0.0
Baixa vazao,464,P_2045002,0.0,0.0
Baixa vazao,464,P_2046013,0.0,0.0
Baixa vazao,464,Q_40032000,8.1296,-7.4042037480164575
Baixa vazao,464,Q_40050000,36.7046,0.0
Baixa vazao,464,Q_40060001,4.138,-31.598003262637125
Baixa vazao,464,Q_40100000,52.119,-197.35617946892404
Baixa vazao,464,Q_40185000,6.2595,0.0
Baixa vazao,464,Q_40330000,13.818,-88.55110119985115
Baixa vazao,464,Q_40800001,51.4518,0.0
Baixa vazao,464,Q_40850000,32.2141,-62.361483974018086
Baixa vazao,464,Q_40930000,1.1884,-31.911083604188732
Baixa vazao,465,P_1944059,0.0,0.0
Baixa vazao,465,P_1944063,0.0,-9.257862386563751
Baixa vazao,465,P_1945002,0.0,-8.502442697345888
Baixa vazao,465,P_1945008,0.0,-8.00615901991543
Baixa vazao,465,P_1946000,0.0,0.0
Baixa vazao,465,P_2044008,0.0,0.0
Baixa vazao,465,P_2044016,0.0,0.0
Baixa vazao,465,P_2044024,0.0,0.0
Baixa vazao,465,P_2044042,0.0,0.0
Baixa vazao,465,P_2045002,0.0,0.0
Baixa vazao,465,P_2046013,0.0,0.0
Baixa vazao,465,Q_40032000,8.6413,-8.647313231167335
Baixa vazao,465,Q_40050000,39.0788,0.0
Baixa vazao,465,Q_40060001,5.9741,-22.879065479302763
Baixa vazao,465,Q_40100000,69.3405,-172.27390154792323
Baixa vazao,465,Q_40185000,4.5622,0.0
Baixa vazao,465,Q_40330000,21.3651,-76.78996618267934
Baixa vazao,465,Q_40800001,16.8599,-7.545447644361957
Baixa vazao,465,Q_40850000,19.7014,-73.14562174686507
Baixa vazao,465,Q_40930000,4.104,-26.806774607370357
Baixa vazao,466,P_1944059,0.0,0.0
Baixa vazao,466,P_1944063,0.0,-10.23653674415931
Baixa vazao,466,P_1945002,0.0,-9.169524883039278
Baixa vazao,466,P_1945008,0.0,-8.437574989917657
Baixa vazao,466,P_1946000,0.0,0.0
Baixa vazao,466,P_2044008,0.0,0.0
Baixa vazao,466,P_2044016,0.0,0.0
Baixa vazao,466,P_2044024,0.0,0.0
Baixa vazao,466,P_2044042,0.0,0.0
Baixa vazao,466,P_2045002,0.0,0.0
Baixa vazao,466,P_2046013,0.0,0.0
Baixa vazao,466,Q_40032000,11.4443,-8.163058119346184
Baixa vazao,466,Q_40050000,60.2159,0.0
Baixa vazao,466,Q_40060001,6.8243,-20.22474736052653
Baixa vazao,466,Q_40100000,102.085,-130.88948667960628
Baixa vazao,466,Q_40185000,7.7372,0.0
Baixa vazao,466,Q_40330000,29.0651,-67.18484500393208
Baixa vazao,466,Q_40800001,22.136,-6.499068822669642
Baixa vazao,466,Q_40850000,27.3117,-65.94748903216463
Baixa vazao,466,Q_40930000,6.3436,-21.625370491141386
Baixa vazao,467,P_1944059,0.0,0.0
Baixa vazao,467,P_1944063,0.0,-9.460125382642959
Baixa vazao,467,P_1945002,0.0,-8.381096899866785
Baixa vazao,467,P_1945008,0.0,-8.232648297361145
Baixa vazao,467,P_1946000,0.0,0.0
Baixa vazao,467,P_2044008,0.0,0.0
Baixa vazao,467,P_2044016,0.0,0.0
Baixa vazao,467,P_2044024,0.0,0.0
Baixa vazao,467,P_2044042,0.0,0.0
Baixa vazao,467,P_2045002,0.0,0.0
Baixa vazao,467,P_2046013,0.0,0.0
Baixa vazao,467,Q_40032000,7.8831,-9.086082641458713
Baixa vazao,467,Q_40050000,25.464,0.0
Baixa vazao,467,Q_40060001,4.726,-26.835698805961343
Baixa vazao,467,Q_40100000,76.8273,-163.04886284965733
Baixa vazao,467,Q_40185000,5.9063,0.0
Baixa vazao,467,Q_40330000,36.022,-58.47338044624125
Baixa vazao,467,Q_40800001,26.7816,-5.798179870158492
Baixa vazao,467,Q_40850000,35.6119,-57.403617488551546
Baixa vazao,467,Q_40930000,2.3568,-29.3785904992909
Baixa vazao,468,P_1944059,0.0,0.0
Baixa vazao,468,P_1944063,0.0,-9.482949601770569
Baixa vazao,468,P_1945002,0.0,-7.582240273821567
Baixa vazao,468,P_1945008,0.0,-8.378774151898247
Baixa vazao,468,P_1946000,0.0,0.0
Baixa vazao,468,P_2044008,0.0,0.0
Baixa vazao,468,P_2044016,0.0,0.0
Baixa vazao,468,P_2044024,0.0,0.0
Baixa vazao,468,P_2044042,4.9,0.0
Baixa vazao,468,P_2045002,2.2,0.0
Baixa vazao,468,P_2046013,6.5,0.0
Baixa vazao,468,Q_40032000,8.6394,-8.383273080156137
Baixa vazao,468,Q_40050000,42.0847,0.0
Baixa vazao,468,Q_40060001,5.2495,-26.01243069694594
Baixa vazao,468,Q_40100000,68.2748,-175.23829842445303
Baixa vazao,468,Q_40185000,7.3505,0.0
Baixa vazao,468,Q_40330000,25.7919,-72.66163030361405
Baixa vazao,468,Q_40800001,31.7835,-5.426897504223973
Baixa vazao,468,Q_40850000,41.4926,-52.06984213935246
Baixa vazao,468,Q_40930000,4.8967,-25.125283186595066
Baixa vazao,469,P_1944059,0.0,0.0
Baixa vazao,469,P_1944063,0.0,-9.455543073828203
Baixa vazao,469,P_1945002,0.0,-7.576018278986278
Baixa vazao,469,P_1945008,0.0,-8.161951803923479
Baixa vazao,469,P_1946000,0.0,0.0
Baixa vazao,469,P_2044008,0.0,0.0
Baixa vazao,469,P_2044016,0.0,0.0
Baixa vazao,469,P_2044024,0.0,0.0
Baixa vazao,469,P_2044042,0.0,0.0
Baixa vazao,469,P_2045002,0.0,0.0
Baixa vazao,469,P_2046013,0.0,0.0
Baixa vazao,469,Q_40032000,6.7738,-8.64524326501988
Baixa vazao,469,Q_40050000,29.693,0.0
Baixa vazao,469,Q_40060001,3.6543,-30.802286486370093
Baixa vazao,469,Q_40100000,50.8053,-194.71906564695615
Baixa vazao,469,Q_40185000,7.3505,0.0
Baixa vazao,469,Q_40330000,24.8827,-71.85801271895087
Baixa vazao,469,Q_40800001,25.2785,-6.883908001788029
Baixa vazao,469,Q_40850000,32.2141,-60.55696583051089
Baixa vazao,469,Q_40930000,2.9201,-28.65651219595033
Baixa vazao,470,P_1944059,0.0,0.0
Baixa vazao,470,P_1944063,0.0,-8.915654880807892
Baixa vazao,470,P_1945002,0.0,-8.232191038755445
Baixa vazao,470,P_1945008,0.0,-8.05933608064636
Baixa vazao,470,P_1946000,0.0,0.0
Baixa vazao,470,P_2044008,0.0,0.0
Baixa vazao,470,P_2044016,0.0,0.0
Baixa vazao,470,P_2044024,0.0,0.0
Baixa vazao,470,P_2044042,0.0,0.0
Baixa vazao,470,P_2045002,0.0,0.0
Baixa vazao,470,P_2046013,0.0,0.0
Baixa vazao,470,Q_40032000,5.912,-8.288822381124765
Baixa vazao,470,Q_40050000,26.5181,0.0
Baixa vazao,470,Q_40060001,3.2663,-32.32486060260143
Baixa vazao,470,Q_40100000,42.3723,-204.64919595176508
Baixa vazao,470,Q_40185000,7.7378,0.0
Baixa vazao,470,Q_40330000,27.1774,-68.50473992379384
Baixa vazao,470,Q_40800001,24.5892,-6.831045573550057
Baixa vazao,470,Q_40850000,31.1041,-61.850091062042054
Baixa vazao,470,Q_40930000,1.6307,-30.727051801826267
Baixa vazao,471,P_1944059,0.0,0.0
Baixa vazao,471,P_1944063,0.0,-9.482369816428191
Baixa vazao,471,P_1945002,0.0,-8.344320809310945
Baixa vazao,471,P_1945008,0.0,-8.023135614621856
Baixa vazao,471,P_1946000,0.0,0.0
Baixa vazao,471,P_2044008,0.0,0.0
Baixa vazao,471,P_2044016,0.0,0.0
Baixa vazao,471,P_2044024,0.0,0.0
Baixa vazao,471,P_2044042,0.0,0.0
Baixa vazao,471,P_2045002,0.0,0.0
Baixa vazao,471,P_2046013,0.0,0.0
Baixa vazao,471,Q_40032000,7.5115,-9.052202400544367
Baixa vazao,471,Q_40050000,25.1826,0.0
Baixa vazao,471,Q_40060001,4.6405,-26.814664781326005
Baixa vazao,471,Q_40100000,71.8088,-169.46723752291265
Baixa vazao,471,Q_40185000,5.9063,0.0
Baixa vazao,471,Q_40330000,38.6343,-55.08477845113344
Baixa vazao,471,Q_40800001,23.5685,-6.2301820287990495
Baixa vazao,471,Q_40850000,31.6576,-61.782180733756846
Baixa vazao,471,Q_40930000,2.1021,-30.466289391497625
Baixa vazao,472,P_1944059,0.0,0.0
Baixa vazao,472,P_1944063,0.0,-8.677450653030135
Baixa vazao,472,P_1945002,0.0,-6.855909893749955
Baixa vazao,472,P_1945008,0.0,-8.375921193687494
Baixa vazao,472,P_1946000,0.0,0.0
Baixa vazao,472,P_2044008,0.0,0.0
Baixa vazao,472,P_2044016,30.0,32.5645794784902
Baixa vazao,472,P_2044024,0.0,0.0
Baixa vazao,472,P_2044042,3.9,0.0
Baixa vazao,472,P_2045002,5.6,0.0
Baixa vazao,472,P_2046013,1.6,0.0
Baixa vazao,472,Q_40032000,9.6412,-7.948475725746958
Baixa vazao,472,Q_40050000,37.299,0.0
Baixa vazao,472,Q_40060001,4.9855,-28.29752790846508
Baixa vazao,472,Q_40100000,65.8237,-177.70307887942752
Baixa vazao,472,Q_40185000,8.9491,0.0
Baixa vazao,472,Q_40330000,31.488,-65.35960141776894
Baixa vazao,472,Q_40800001,31.0345,0.0
Baixa vazao,472,Q_40850000,41.4926,-52.14910265740927
Baixa vazao,472,Q_40930000,4.6044,-26.485216937817224
Baixa vazao,473,P_1944059,19.8,0.0
Baixa vazao,473,P_1944063,0.0,-3.1492019255345554
Baixa vazao,473,P_1945002,0.0,-3.164449770463113
Baixa vazao,473,P_1945008,0.0,-4.6176107926600265
Baixa vazao,473,P_1946000,0.0,0.0
Baixa vazao,473,P_2044008,0.0,0.0
Baixa vazao,473,P_2044016,0.1,0.0
Baixa vazao,473,P_2044024,0.0,0.0
Baixa vazao,473,P_2044042,0.0,0.0
Baixa vazao,473,P_2045002,0.0,0.0
Baixa vazao,473,P_2046013,0.0,0.0
Baixa vazao,473,Q_40032000,8.6413,-3.588212028195624
Baixa vazao,473,Q_40050000,36.998,0.0
Baixa vazao,473,Q_40060001,4.3869,-21.779527147151207
Baixa vazao,473,Q_40100000,56.9282,-180.84608460179442
Baixa vazao,473,Q_40185000,3.9337,0.0
Baixa vazao,473,Q_40330000,8.7413,-86.47493991441267
Baixa vazao,473,Q_40800001,18.5374,-6.2740759552672385
Baixa vazao,473,Q_40850000,21.6584,-65.34894171407527
Baixa vazao,473,Q_40930000,4.104,-19.71411079159727
Baixa vazao,474,P_1944059,0.0,0.0
Baixa vazao,474,P_1944063,0.249462366,-8.844457179155215
Baixa vazao,474,P_1945002,0.0,-8.043806285782553
Baixa vazao,474,P_1945008,0.0,-8.083121698211363
Baixa vazao,474,P_1946000,0.0,0.0
Baixa vazao,474,P_2044008,0.0,0.0
Baixa vazao,474,P_2044016,0.0,0.0
Baixa vazao,474,P_2044024,0.0,0.0
Baixa vazao,474,P_2044042,0.0,0.0
Baixa vazao,474,P_2045002,0.0,0.0
Baixa vazao,474,P_2046013,0.0,0.0
Baixa vazao,474,Q_40032000,10.6207,-8.50447664544172
Baixa vazao,474,Q_40050000,50.5081,0.0
Baixa vazao,474,Q_40060001,5.9741,-22.542866479323905
Baixa vazao,474,Q_40100000,83.2504,-154.83258275883992
Baixa vazao,474,Q_40185000,6.2595,0.0
Baixa vazao,474,Q_40330000,25.3358,-71.92017658894814
Baixa vazao,474,Q_40800001,18.5374,-6.969602810057211
Baixa vazao,474,Q_40850000,22.1561,-72.0426395167995
Baixa vazao,474,Q_40930000,5.3641,-23.889687495974655
Baixa vazao,475,P_1944059,15.6,0.0
Baixa vazao,475,P_1944063,0.0,-5.222888214717576
Baixa vazao,475,P_1945002,0.0,-3.291854709542122
Baixa vazao,475,P_1945008,3.4,0.0
Baixa vazao,475,P_1946000,5.1,0.0
Baixa vazao,475,P_2044008,1.7,0.0
Baixa vazao,475,P_2044016,13.8,0.0
Baixa vazao,475,P_2044024,8.2,0.0
Baixa vazao,475,P_2044042,15.0,-8.278841292529721
Baixa vazao,475,P_2045002,0.0,0.0
Baixa vazao,475,P_2046013,2.8,0.0
Baixa vazao,475,Q_40032000,6.7606,-4.890286389643698
Baixa vazao,475,Q_40050000,24.0247,0.0
Baixa vazao,475,Q_40060001,2.604,-33.36222789272103
Baixa vazao,475,Q_40100000,35.4027,-210.67693345467336
Baixa vazao,475,Q_40185000,4.8876,0.0
Baixa vazao,475,Q_40330000,10.6718,-85.59666899266495
Baixa vazao,475,Q_40800001,16.7995,-5.930795898262814
Baixa vazao,475,Q_40850000,20.6731,-68.83109235690846
Baixa vazao,475,Q_40930000,1.5219,-29.34656611087445
Baixa vazao,476,P_1944059,0.0,0.0
Baixa vazao,476,P_1944063,0.0,-10.047544008337994
Baixa vazao,476,P_1945002,0.0,-8.666598042045734
Baixa vazao,476,P_1945008,0.0,-8.89577964285058
Baixa vazao,476,P_1946000,8.2,0.0
Baixa vazao,476,P_2044008,0.0,0.0
Baixa vazao,476,P_2044016,0.0,0.0
Baixa vazao,476,P_2044024,0.0,0.0
Baixa vazao,476,P_2044042,0.0,0.0
Baixa vazao,476,P_2045002,2.3,0.0
Baixa vazao,476,P_2046013,0.0,0.0
Baixa vazao,476,Q_40032000,7.8831,-9.16468512275274
Baixa vazao,476,Q_40050000,30.7671,0.0
Baixa vazao,476,Q_40060001,7.2136,-19.306487625340157
Baixa vazao,476,Q_40100000,74.3045,-166.68617236884648
Baixa vazao,476,Q_40185000,2.7718,0.0
Baixa vazao,476,Q_40330000,5.3172,-98.46524499563976
Baixa vazao,476,Q_40800001,11.8522,-10.251648008313373
Baixa vazao,476,Q_40850000,16.8715,-78.12001616740767
Baixa vazao,476,Q_40930000,1.2649,-32.610203696238024
Baixa vazao,477,P_1944059,0.0,0.0
Baixa vazao,477,P_1944063,0.0,-9.374657653392092
Baixa vazao,477,P_1945002,0.0,-8.189112965305766
Baixa vazao,477,P_1945008,0.0,-8.268435308871407
Baixa vazao,477,P_1946000,0.0,0.0
Baixa vazao,477,P_2044008,0.0,0.0
Baixa vazao,477,P_2044016,0.0,0.0
Baixa vazao,477,P_2044024,0.0,0.0
Baixa vazao,477,P_2044042,0.0,0.0
Baixa vazao,477,P_2045002,0.0,0.0
Baixa vazao,477,P_2046013,0.0,0.0
Baixa vazao,477,Q_40032000,7.6833,-8.742850314725457
Baixa vazao,477,Q_40050000,35.398,0.0
Baixa vazao,477,Q_40060001,4.3869,-27.843692046206368
Baixa vazao,477,Q_40100000,59.8585,-184.51529573157757
Baixa vazao,477,Q_40185000,9.3692,0.0
Baixa vazao,477,Q_40330000,32.9749,-62.596441702007624
Baixa vazao,477,Q_40800001,31.7835,-5.605304304980393
Baixa vazao,477,Q_40850000,39.7006,-52.577650012752436
Baixa vazao,477,Q_40930000,3.1917,-28.199235231215198
Baixa vazao,478,P_1944059,0.0,0.0
Baixa vazao,478,P_1944063,0.0,-8.925560836361369
Baixa vazao,478,P_1945002,0.0,-7.508904183571821
Baixa vazao,478,P_1945008,0.0,-7.08015508158949
Baixa vazao,478,P_1946000,0.0,0.0
Baixa vazao,478,P_2044008,0.0,-4.433141376883441
Baixa vazao,478,P_2044016,0.0,0.0
Baixa vazao,478,P_2044024,0.0,0.0
Baixa vazao,478,P_2044042,0.0,0.0
Baixa vazao,478,P_2045002,0.0,0.0
Baixa vazao,478,P_2046013,2.0,0.0
Baixa vazao,478,Q_40032000,14.6283,-6.220527487542339
Baixa vazao,478,Q_40050000,40.5937,0.0
Baixa vazao,478,Q_40060001,3.4198,-31.539804065104285
Baixa vazao,478,Q_40100000,63.1353,-181.26773281857416
Baixa vazao,478,Q_40185000,6.9856,0.0
Baixa vazao,478,Q_40330000,13.818,-86.298639410766
Baixa vazao,478,Q_40800001,21.7742,-6.210835059137209
Baixa vazao,478,Q_40850000,30.0057,-62.94659339632836
Baixa vazao,478,Q_40930000,16.8836,0.0
Baixa vazao,479,P_1944059,0.0,0.0
Baixa vazao,479,P_1944063,0.0,-9.443563984711254
Baixa vazao,479,P_1945002,0.0,-7.896376162471421
Baixa vazao,479,P_1945008,0.0,-8.167682193675693
Baixa vazao,479,P_1946000,0.0,0.0
Baixa vazao,479,P_2044008,0.0,0.0
Baixa vazao,479,P_2044016,0.0,0.0
Baixa vazao,479,P_2044024,0.0,0.0
Baixa vazao,479,P_2044042,0.0,0.0
Baixa vazao,479,P_2045002,0.0,0.0
Baixa vazao,479,P_2046013,0.0,0.0
Baixa vazao,479,Q_40032000,6.7738,-8.61307351319843
Baixa vazao,479,Q_40050000,32.235,0.0
Baixa vazao,479,Q_40060001,3.8938,-29.647268657841053
Baixa vazao,479,Q_40100000,54.1286,-190.82975861272746
Baixa vazao,479,Q_40185000,7.7378,0.0
Baixa vazao,479,Q_40330000,26.7127,-69.93399831353925
Baixa vazao,479,Q_40800001,26.6775,-6.789442468350785
Baixa vazao,479,Q_40850000,33.3355,-59.682831211153584
Baixa vazao,479,Q_40930000,2.6527,-28.890957069869213
Baixa vazao,480,P_1944059,0.0,0.0
Baixa vazao,480,P_1944063,0.249462366,-8.495401757747452
Baixa vazao,480,P_1945002,0.0,-8.295209375321084
Baixa vazao,480,P_1945008,0.0,-7.869495935325784
Baixa vazao,480,P_1946000,0.0,0.0
Baixa vazao,480,P_2044008,5.1,0.0
Baixa vazao,480,P_2044016,0.0,0.0
Baixa vazao,480,P_2044024,0.0,0.0
Baixa vazao,480,P_2044042,0.0,0.0
Baixa vazao,480,P_2045002,0.0,0.0
Baixa vazao,480,P_2046013,0.0,0.0
Baixa vazao,480,Q_40032000,11.4443,-7.919728818513586
Baixa vazao,480,Q_40050000,58.7862,0.0
Baixa vazao,480,Q_40060001,6.7281,-19.82320965644324
Baixa vazao,480,Q_40100000,97.9464,-136.03675533019856
Baixa vazao,480,Q_40185000,7.3583,0.0
Baixa vazao,480,Q_40330000,32.9749,-62.31264415250148
Baixa vazao,480,Q_40800001,20.9004,-5.909647259534722
Baixa vazao,480,Q_40850000,26.2553,-66.63537539769712
Baixa vazao,480,Q_40930000,6.0141,-22.20766059068093
Normal,0,P_1944059,4.6,0.0
Normal,0,P_1944063,33.0,95.11093313493753
Normal,0,P_1945002,9.5,9.330903754550178
Normal,0,P_1945008,24.7,47.010591594153624
Normal,0,P_1946000,0.0,6.042480837388233
Normal,0,P_2044008,0.0,0.0
Normal,0,P_2044016,4.5,0.0
Normal,0,P_2044024,6.3,0.0
Normal,0,P_2044042,11.8,0.0
Normal,0,P_2045002,5.2,0.0
Normal,0,P_2046013,0.0,0.0
Normal,0,Q_40032000,19.58,0.0
Normal,0,Q_40050000,154.977,5.222353072719853
Normal,0,Q_40060001,8.9429,0.0
Normal,0,Q_40100000,257.972,116.8007629921873
Normal,0,Q_40185000,16.001,0.0
Normal,0,Q_40330000,63.0395,-25.720404236713502
Normal,0,Q_40800001,86.1183,2.954283935240767
Normal,0,Q_40850000,95.471,5.193613206360894
Normal,0,Q_40930000,72.2627,134.96876872795102
Normal,1,P_1944059,0.0,0.0
Normal,1,P_1944063,0.0,-11.689839340984454
Normal,1,P_1945002,0.0,-9.390886217345239
Normal,1,P_1945008,0.0,-12.573493591293511
Normal,1,P_1946000,0.0,0.0
Normal,1,P_2044008,0.0,-6.864089706206187
Normal,1,P_2044016,0.0,0.0
Normal,1,P_2044024,0.0,0.0
Normal,1,P_2044042,0.0,0.0
Normal,1,P_2045002,0.0,0.0
Normal,1,P_2046013,0.0,0.0
Normal,1,Q_40032000,9.1347,-7.241610478497325
Normal,1,Q_40050000,47.7118,0.0
Normal,1,Q_40060001,6.3475,-19.648551732236673
Normal,1,Q_40100000,82.4071,-126.80942607036887
Normal,1,Q_40185000,8.9491,0.0
Normal,1,Q_40330000,31.488,-64.01651255048462
Normal,1,Q_40800001,35.6238,0.0
Normal,1,Q_40850000,47.0062,-44.68711554828691
Normal,1,Q_40930000,5.192,-25.3834870619266
Normal,2,P_1944059,0.0,0.0
Normal,2,P_1944063,0.0,-12.229398209648563
Normal,2,P_1945002,0.0,-9.84262321394628
Normal,2,P_1945008,0.0,-12.293080705281348
Normal,2,P_1946000,0.0,0.0
Normal,2,P_2044008,0.0,-5.999521142661437
Normal,2,P_2044016,0.0,-3.0367601254703516
Normal,2,P_2044024,0.0,0.0
Normal,2,P_2044042,0.0,0.0
Normal,2,P_2045002,0.0,0.0
Normal,2,P_2046013,0.0,-4.135547627455802
Normal,2,Q_40032000,16.5007,0.0
Normal,2,Q_40050000,103.359,0.0
Normal,2,Q_40060001,9.9052,-6.151751023613702
Normal,2,Q_40100000,183.522,0.0
Normal,2,Q_40185000,11.4112,0.0
Normal,2,Q_40330000,40.7711,-51.69621036923758
Normal,2,Q_40800001,33.3272,-3.3614432963826815
Normal,2,Q_40850000,45.7634,-44.91432843940135
Normal,2,Q_40930000,15.3374,0.0
Normal,3,P_1944059,0.0,-4.373985100034926
Normal,3,P_1944063,0.0,-12.956959953429056
Normal,3,P_1945002,0.0,-11.010859375341537
Normal,3,P_1945008,0.0,-12.869629088070345
Normal,3,P_1946000,0.0,0.0
Normal,3,P_2044008,0.0,-7.243565927126554
Normal,3,P_2044016,0.0,0.0
Normal,3,P_2044024,0.0,0.0
Normal,3,P_2044042,0.0,0.0
Normal,3,P_2045002,0.0,0.0
Normal,3,P_2046013,0.0,0.0
Normal,3,Q_40032000,17.4656,0.0
Normal,3,Q_40050000,93.8464,0.0
Normal,3,Q_40060001,7.9113,-15.428309913722295
Normal,3,Q_40100000,162.172,-22.422645530936034
Normal,3,Q_40185000,11.4112,0.0
Normal,3,Q_40330000,40.2331,-53.61594091458259
Normal,3,Q_40800001,32.8495,0.0
Normal,3,Q_40850000,50.7927,-40.97921625012731
Normal,3,Q_40930000,56.1611,87.75180043933403
Normal,4,P_1944059,0.0,0.0
Normal,4,P_1944063,0.0,-11.158746545967032
Normal,4,P_1945002,0.0,-9.04646397093994
Normal,4,P_1945008,0.0,-11.94294019820969
Normal,4,P_1946000,0.0,0.0
Normal,4,P_2044008,0.0,-7.124889968595198
Normal,4,P_2044016,0.0,0.0
Normal,4,P_2044024,0.0,0.0
Normal,4,P_2044042,0.0,0.0
Normal,4,P_2045002,0.0,0.0
Normal,4,P_2046013,0.0,0.0
Normal,4,Q_40032000,9.815,-7.176377921846448
Normal,4,Q_40050000,33.3903,0.0
Normal,4,Q_40060001,6.5369,-19.380872461308478
Normal,4,Q_40100000,99.3198,-105.08481060578245
Normal,4,Q_40185000,8.5132,0.0
Normal,4,Q_40330000,35.5075,-58.86231777864255
Normal,4,Q_40800001,35.1065,0.0
Normal,4,Q_40850000,45.7634,-46.30481302465648
Normal,4,Q_40930000,3.9737,-27.722352575588395
Normal,5,P_1944059,0.0,0.0
Normal,5,P_1944063,0.0,-12.638787267544132
Normal,5,P_1945002,5.4,0.0
Normal,5,P_1945008,0.0,-12.490068441599275
Normal,5,P_1946000,0.0,0.0
Normal,5,P_2044008,15.6,10.564723423766598
Normal,5,P_2044016,1.0,0.0
Normal,5,P_2044024,2.4,0.0
Normal,5,P_2044042,6.6,0.0
Normal,5,P_2045002,0.0,0.0
Normal,5,P_2046013,0.0,0.0
Normal,5,Q_40032000,11.8626,-6.9824289398202035
Normal,5,Q_40050000,69.1578,0.0
Normal,5,Q_40060001,5.608,-23.224864185447018
Normal,5,Q_40100000,114.822,-85.72564666399298
Normal,5,Q_40185000,17.473,0.0
Normal,5,Q_40330000,59.2957,-26.811857908540066
Normal,5,Q_40800001,142.834,10.884640537238013
Normal,5,Q_40850000,155.955,67.70063138602063
Normal,5,Q_40930000,10.905,-13.0787602435713
Normal,6,P_1944059,0.0,0.0
Normal,6,P_1944063,0.0,-16.33268365703588
Normal,6,P_1945002,0.0,-14.234638019867225
Normal,6,P_1945008,0.0,-15.36379940477276
Normal,6,P_1946000,0.0,7.0930644305686315
Normal,6,P_2044008,0.0,-6.733986255690728
Normal,6,P_2044016,0.0,0.0
Normal,6,P_2044024,0.0,0.0
Normal,6,P_2044042,0.0,0.0
Normal,6,P_2045002,0.0,0.0
Normal,6,P_2046013,0.0,-6.084844813341521
Normal,6,Q_40032000,17.6672,0.0
Normal,6,Q_40050000,93.2452,0.0
Normal,6,Q_40060001,16.1669,17.957659707557582
Normal,6,Q_40100000,300.067,161.96358561627684
Normal,6,Q_40185000,24.872,0.0
Normal,6,Q_40330000,82.2622,0.0
Normal,6,Q_40800001,107.718,0.0
Normal,6,Q_40850000,175.677,88.91849549920063
Normal,6,Q_40930000,10.905,-12.657970380994707
Normal,7,P_1944059,2.0,0.0
Normal,7,P_1944063,1.8,0.0
Normal,7,P_1945002,0.0,-15.796686391927594
Normal,7,P_1945008,0.0,-16.74746518244811
Normal,7,P_1946000,0.0,4.494122659224403
Normal,7,P_2044008,9.8,4.635778575058747
Normal,7,P_2044016,15.7,8.797208289028953
Normal,7,P_2044024,3.8,0.0
Normal,7,P_2044042,2.6,0.0
Normal,7,P_2045002,0.0,0.0
Normal,7,P_2046013,0.0,0.0
Normal,7,Q_40032000,20.0669,0.0
Normal,7,Q_40050000,105.172,0.0
Normal,7,Q_40060001,16.4218,19.983289725751067
Normal,7,Q_40100000,325.876,197.08183881151137
Normal,7,Q_40185000,21.5977,0.0
Normal,7,Q_40330000,99.6193,23.604821863514285
Normal,7,Q_40800001,125.591,5.318681321226791
Normal,7,Q_40850000,211.818,124.54465047283601
Normal,7,Q_40930000,11.1637,0.0
Normal,8,P_1944059,0.0,0.0
Normal,8,P_1944063,0.0,-14.073243530331226
Normal,8,P_1945002,0.0,-11.531685546634689
Normal,8,P_1945008,0.0,-12.71144464448885
Normal,8,P_1946000,0.0,0.0
Normal,8,P_2044008,0.0,-6.879926862088934
Normal,8,P_2044016,0.0,0.0
Normal,8,P_2044024,0.0,0.0
Normal,8,P_2044042,0.0,0.0
Normal,8,P_2045002,0.0,0.0
Normal,8,P_2046013,0.0,-4.241697824018729
Normal,8,Q_40032000,49.1294,43.14555951041759
Normal,8,Q_40050000,155.91,0.0
Normal,8,Q_40060001,11.9215,0.0
Normal,8,Q_40100000,398.643,299.32803606596747
Normal,8,Q_40185000,16.9776,0.0
Normal,8,Q_40330000,53.8364,-34.49313531446552
Normal,8,Q_40800001,40.6468,0.0
Normal,8,Q_40850000,59.7906,-30.777562204646976
Normal,8,Q_40930000,20.8512,10.717868814378292
Normal,9,P_1944059,0.0,0.0
Normal,9,P_1944063,1.3,0.0
Normal,9,P_1945002,19.8,57.121950215348946
Normal,9,P_1945008,0.0,-14.622924612743857
Normal,9,P_1946000,12.0,-10.114583059677242
Normal,9,P_2044008,0.0,0.0
Normal,9,P_2044016,0.0,0.0
Normal,9,P_2044024,9.6,0.0
Normal,9,P_2044042,0.0,0.0
Normal,9,P_2045002,0.7,0.0
Normal,9,P_2046013,2.5,0.0
Normal,9,Q_40032000,21.5477,3.625041315099537
Normal,9,Q_40050000,342.886,8.299455252061037
Normal,9,Q_40060001,18.9049,36.48206599520777
Normal,9,Q_40100000,205.697,35.68766156406408
Normal,9,Q_40185000,28.8766,0.0
Normal,9,Q_40330000,65.5807,-20.703574691390127
Normal,9,Q_40800001,91.6524,0.0
Normal,9,Q_40850000,106.076,15.002413744239762
Normal,9,Q_40930000,63.1095,105.36309965594094
Normal,10,P_1944059,0.0,0.0
Normal,10,P_1944063,0.0,-16.36804888815516
Normal,10,P_1945002,0.0,-13.278783600828191
Normal,10,P_1945008,0.0,-14.6233004471021
Normal,10,P_1946000,2.1,0.0
Normal,10,P_2044008,0.0,-7.042239004200885
Normal,10,P_2044016,0.0,-4.75397415429606
Normal,10,P_2044024,0.0,0.0
Normal,10,P_2044042,0.0,0.0
Normal,10,P_2045002,0.0,0.0
Normal,10,P_2046013,0.0,-5.963686466991953
Normal,10,Q_40032000,14.2709,-5.645011932350127
Normal,10,Q_40050000,101.809,0.0
Normal,10,Q_40060001,17.7147,23.930644811015668
Normal,10,Q_40100000,302.78,166.42388780481733
Normal,10,Q_40185000,21.7464,0.0
Normal,10,Q_40330000,78.818,0.0
Normal,10,Q_40800001,62.7347,0.0
Normal,10,Q_40850000,86.0586,0.0
Normal,10,Q_40930000,10.9131,-13.322818290632613
Normal,11,P_1944059,0.0,0.0
Normal,11,P_1944063,0.0,-13.674670316045672
Normal,11,P_1945002,0.0,-11.888403932083282
Normal,11,P_1945008,0.0,-12.977596036317491
Normal,11,P_1946000,0.0,0.0
Normal,11,P_2044008,0.0,-6.50961732637541
Normal,11,P_2044016,0.0,-3.8595107647918354
Normal,11,P_2044024,0.0,0.0
Normal,11,P_2044042,0.0,0.0
Normal,11,P_2045002,0.0,0.0
Normal,11,P_2046013,0.0,-5.155010185893161
Normal,11,Q_40032000,17.9032,0.0
Normal,11,Q_40050000,120.447,0.0
Normal,11,Q_40060001,9.4737,-8.298407952509049
Normal,11,Q_40100000,209.18,41.04273837989287
Normal,11,Q_40185000,12.735,0.0
Normal,11,Q_40330000,44.0531,-47.66996318534462
Normal,11,Q_40800001,38.9563,0.0
Normal,11,Q_40850000,47.6312,-43.73186834144394
Normal,11,Q_40930000,16.1074,0.0
Normal,12,P_1944059,0.0,-4.789087865434112
Normal,12,P_1944063,0.0,-12.308040077434715
Normal,12,P_1945002,0.0,-10.559502154877045
Normal,12,P_1945008,0.0,-12.542233941449105
Normal,12,P_1946000,0.0,0.0
Normal,12,P_2044008,0.0,-6.491930554168929
Normal,12,P_2044016,0.0,0.0
Normal,12,P_2044024,0.0,0.0
Normal,12,P_2044042,0.0,0.0
Normal,12,P_2045002,0.0,0.0
Normal,12,P_2046013,0.0,0.0
Normal,12,Q_40032000,14.6283,0.0
Normal,12,Q_40050000,70.9995,0.0
Normal,12,Q_40060001,6.3475,-20.71139692771988
Normal,12,Q_40100000,151.03,-37.58707916044288
Normal,12,Q_40185000,8.5132,0.0
Normal,12,Q_40330000,32.4766,-63.7462614961403
Normal,12,Q_40800001,32.8495,0.0
Normal,12,Q_40850000,47.0062,-44.914298872193406
Normal,12,Q_40930000,8.7258,-18.14871152120751
Normal,13,P_1944059,0.0,0.0
Normal,13,P_1944063,0.0,-11.632163328230206
Normal,13,P_1945002,0.0,-9.701316237018162
Normal,13,P_1945008,0.0,-11.676418993133911
Normal,13,P_1946000,0.0,0.0
Normal,13,P_2044008,0.0,-7.029968173280338
Normal,13,P_2044016,0.0,0.0
Normal,13,P_2044024,0.0,0.0
Normal,13,P_2044042,0.0,0.0
Normal,13,P_2045002,0.0,0.0
Normal,13,P_2046013,0.0,0.0
Normal,13,Q_40032000,9.815,-7.620701233854349
Normal,13,Q_40050000,34.1922,0.0
Normal,13,Q_40060001,6.7281,-18.23906289185172
Normal,13,Q_40100000,103.476,-99.70075026128444
Normal,13,Q_40185000,8.9101,0.0
Normal,13,Q_40330000,36.5392,-58.08021830541847
Normal,13,Q_40800001,35.96,0.0
Normal,13,Q_40850000,47.0062,-44.39081791272312
Normal,13,Q_40930000,3.9737,-27.330122060445106
Normal,14,P_1944059,0.0,0.0
Normal,14,P_1944063,0.0,-12.606272172590346
Normal,14,P_1945002,0.0,-10.235094423368059
Normal,14,P_1945008,0.0,-12.88836587186485
Normal,14,P_1946000,0.0,0.0
Normal,14,P_2044008,0.0,-6.615862468474505
Normal,14,P_2044016,0.0,0.0
Normal,14,P_2044024,0.0,0.0
Normal,14,P_2044042,0.0,0.0
Normal,14,P_2045002,0.0,0.0
Normal,14,P_2046013,0.0,0.0
Normal,14,Q_40032000,13.7968,-6.009043937442101
Normal,14,Q_40050000,80.0655,0.0
Normal,14,Q_40060001,8.2165,-14.599410143840355
Normal,14,Q_40100000,135.561,-58.75263338112622
Normal,14,Q_40185000,9.3129,0.0
Normal,14,Q_40330000,34.4864,-60.80514241968349
Normal,14,Q_40800001,27.441,0.0
Normal,14,Q_40850000,37.9323,-54.37781885531377
Normal,14,Q_40930000,10.8599,-13.185800142481357
Normal,15,P_1944059,0.0,0.0
Normal,15,P_1944063,0.0,-12.936551984296436
Normal,15,P_1945002,0.0,-10.32025325927557
Normal,15,P_1945008,22.4,63.56048826291994
Normal,15,P_1946000,0.0,6.654068315254909
Normal,15,P_2044008,0.0,-7.440536336905762
Normal,15,P_2044016,0.0,0.0
Normal,15,P_2044024,0.0,0.0
Normal,15,P_2044042,8.3,0.0
Normal,15,P_2045002,2.6,0.0
Normal,15,P_2046013,0.0,0.0
Normal,15,Q_40032000,22.048,0.0
Normal,15,Q_40050000,135.498,0.0
Normal,15,Q_40060001,12.7372,6.467059548779645
Normal,15,Q_40100000,243.177,91.07692760365848
Normal,15,Q_40185000,22.6724,0.0
Normal,15,Q_40330000,67.5103,-16.74526504573348
Normal,15,Q_40800001,59.7782,0.0
Normal,15,Q_40850000,75.7264,-14.076557385419314
Normal,15,Q_40930000,13.0665,-8.25349846192525
Normal,16,P_1944059,0.0,0.0
Normal,16,P_1944063,0.0,-13.574528296787106
Normal,16,P_1945002,0.0,-11.439233669420888
Normal,16,P_1945008,0.0,-13.011486321220552
Normal,16,P_1946000,0.0,0.0
Normal,16,P_2044008,0.0,-6.178194472483873
Normal,16,P_2044016,0.0,0.0
Normal,16,P_2044024,0.0,0.0
Normal,16,P_2044042,0.2,0.0
Normal,16,P_2045002,0.0,0.0
Normal,16,P_2046013,0.0,-4.4824005367056765
Normal,16,Q_40032000,13.5778,-4.18920742552665
Normal,16,Q_40050000,124.672,0.0
Normal,16,Q_40060001,9.4737,-6.065535687748052
Normal,16,Q_40100000,241.347,84.20080347927617
Normal,16,Q_40185000,19.4999,0.0
Normal,16,Q_40330000,71.4293,-10.350619381144147
Normal,16,Q_40800001,75.6839,0.0
Normal,16,Q_40850000,98.4517,0.0
Normal,16,Q_40930000,13.6033,-5.2974346929008265
Normal,17,P_1944059,0.0,0.0
Normal,17,P_1944063,0.0,-11.328555553685385
Normal,17,P_1945002,0.0,-8.864563653114558
Normal,17,P_1945008,0.0,-11.643348279610663
Normal,17,P_1946000,0.0,0.0
Normal,17,P_2044008,0.0,-6.6829010812904395
Normal,17,P_2044016,0.0,0.0
Normal,17,P_2044024,0.0,0.0
Normal,17,P_2044042,0.0,0.0
Normal,17,P_2045002,0.0,0.0
Normal,17,P_2046013,0.0,0.0
Normal,17,Q_40032000,14.069,-5.38609823941162
Normal,17,Q_40050000,41.8227,0.0
Normal,17,Q_40060001,3.3428,-30.829647320343824
Normal,17,Q_40100000,70.5712,-142.30803687592348
Normal,17,Q_40185000,6.2595,0.0
Normal,17,Q_40330000,23.0998,-75.48112025642988
Normal,17,Q_40800001,52.3575,0.0
Normal,17,Q_40850000,70.4506,-19.91202298779986
Normal,17,Q_40930000,32.1439,32.3932143230262
Normal,18,P_1944059,0.0,0.0
Normal,18,P_1944063,0.0,-16.778450643083005
Normal,18,P_1945002,0.0,-14.087551297556303
Normal,18,P_1945008,0.0,-15.526236368100482
Normal,18,P_1946000,0.0,6.637929798164534
Normal,18,P_2044008,0.0,-8.256626701564931
Normal,18,P_2044016,6.0,0.0
Normal,18,P_2044024,0.0,0.0
Normal,18,P_2044042,0.0,0.0
Normal,18,P_2045002,0.0,0.0
Normal,18,P_2046013,0.0,-6.546377661377619
Normal,18,Q_40032000,21.5477,0.0
Normal,18,Q_40050000,164.402,0.0
Normal,18,Q_40060001,18.2406,29.29042756789979
Normal,18,Q_40100000,323.867,195.6178481372964
Normal,18,Q_40185000,21.5977,0.0
Normal,18,Q_40330000,97.2953,22.34573916995098
Normal,18,Q_40800001,61.5838,0.0
Normal,18,Q_40850000,115.547,26.157648493709075
Normal,18,Q_40930000,14.5737,0.0
Normal,19,P_1944059,2.5,0.0
Normal,19,P_1944063,15.8,25.498449379652175
Normal,19,P_1945002,0.0,0.0
Normal,19,P_1945008,0.0,-8.702710238330726
Normal,19,P_1946000,0.0,7.605337907481605
Normal,19,P_2044008,9.0,0.0
Normal,19,P_2044016,5.5,0.0
Normal,19,P_2044024,28.6,0.0
Normal,19,P_2044042,0.0,0.0
Normal,19,P_2045002,40.4,37.07663421630158
Normal,19,P_2046013,29.4,19.082529723937594
Normal,19,Q_40032000,14.4597,0.0
Normal,19,Q_40050000,75.6736,0.0
Normal,19,Q_40060001,7.4108,-17.012364305967385
Normal,19,Q_40100000,125.054,-73.07291585540318
Normal,19,Q_40185000,10.5553,0.0
Normal,19,Q_40330000,59.2957,-28.138887153799818
Normal,19,Q_40800001,69.5346,0.0
Normal,19,Q_40850000,96.9564,9.321328576739354
Normal,19,Q_40930000,7.9986,-18.108624265038436
Normal,20,P_1944059,0.0,0.0
Normal,20,P_1944063,0.0,-12.154075351628245
Normal,20,P_1945002,0.0,-10.357437227861656
Normal,20,P_1945008,0.0,-12.512781611983907
Normal,20,P_1946000,0.0,0.0
Normal,20,P_2044008,0.0,-6.86408786978175
Normal,20,P_2044016,0.0,0.0
Normal,20,P_2044024,0.0,0.0
Normal,20,P_2044042,0.0,0.0
Normal,20,P_2045002,0.0,0.0
Normal,20,P_2046013,0.0,0.0
Normal,20,Q_40032000,13.1428,0.0
Normal,20,Q_40050000,74.8861,0.0
Normal,20,Q_40060001,7.8104,-14.910636894974921
Normal,20,Q_40100000,123.575,-74.93048125719272
Normal,20,Q_40185000,8.9101,0.0
Normal,20,Q_40330000,32.4766,-63.7496035677493
Normal,20,Q_40800001,26.7461,-5.674624842973856
Normal,20,Q_40850000,34.4681,-58.09612012181799
Normal,20,Q_40930000,9.4285,-17.208773781158193
Normal,21,P_1944059,35.0,35.054951726702214
Normal,21,P_1944063,14.8,22.47011811614624
Normal,21,P_1945002,0.0,0.0
Normal,21,P_1945008,52.9,94.57536101927613
Normal,21,P_1946000,0.0,0.0
Normal,21,P_2044008,40.0,42.457074954785355
Normal,21,P_2044016,30.3,0.0
Normal,21,P_2044024,22.3,0.0
Normal,21,P_2044042,29.2,-16.28467280241339
Normal,21,P_2045002,35.5,23.835279967852273
Normal,21,P_2046013,18.4,0.0
Normal,21,Q_40032000,15.4548,0.0
Normal,21,Q_40050000,103.137,0.0
Normal,21,Q_40060001,6.7281,-21.873332780419044
Normal,21,Q_40100000,112.35,-92.3110012792759
Normal,21,Q_40185000,13.0142,0.0
Normal,21,Q_40330000,47.9961,-45.317680717276325
Normal,21,Q_40800001,64.6666,0.0
Normal,21,Q_40850000,75.0579,-18.209206206132897
Normal,21,Q_40930000,10.245,0.0
Normal,22,P_1944059,6.0,0.0
Normal,22,P_1944063,0.0,-5.340008993646383
Normal,22,P_1945002,0.0,0.0
Normal,22,P_1945008,10.5,0.0
Normal,22,P_1946000,0.0,0.0
Normal,22,P_2044008,26.4,18.33587087530866
Normal,22,P_2044016,62.7,87.32242476219147
Normal,22,P_2044024,26.0,0.0
Normal,22,P_2044042,29.9,-8.792995581858897
Normal,22,P_2045002,14.2,0.0
Normal,22,P_2046013,3.0,0.0
Normal,22,Q_40032000,15.0028,-2.7854030920799033
Normal,22,Q_40050000,70.2324,0.0
Normal,22,Q_40060001,6.0668,-21.877884229944268
Normal,22,Q_40100000,120.635,-78.96015622927577
Normal,22,Q_40185000,6.9856,0.0
Normal,22,Q_40330000,45.7281,-44.39447765142852
Normal,22,Q_40800001,54.3997,0.0
Normal,22,Q_40850000,34.4681,-55.79754823058806
Normal,22,Q_40930000,7.6895,-17.07580804740243
Normal,23,P_1944059,0.0,-2.408629800487944
Normal,23,P_1944063,5.5,0.0
Normal,23,P_1945002,18.8,29.36572298750286
Normal,23,P_1945008,0.0,-9.403140748285663
Normal,23,P_1946000,0.0,0.0
Normal,23,P_2044008,0.0,-4.754807557934085
Normal,23,P_2044016,5.3,0.0
Normal,23,P_2044024,0.0,0.0
Normal,23,P_2044042,0.0,0.0
Normal,23,P_2045002,0.0,0.0
Normal,23,P_2046013,0.0,0.0
Normal,23,Q_40032000,7.5115,-4.207553852551633
Normal,23,Q_40050000,26.1697,0.0
Normal,23,Q_40060001,5.608,-24.166082780431555
Normal,23,Q_40100000,87.1825,-124.44607718783749
Normal,23,Q_40185000,7.3583,0.0
Normal,23,Q_40330000,25.7919,-74.41188910467048
Normal,23,Q_40800001,44.683,0.0
Normal,23,Q_40850000,83.9466,-3.1314817781951816
Normal,23,Q_40930000,13.044,-6.4077289688798125
Normal,24,P_1944059,42.6,59.92117713545213
Normal,24,P_1944063,6.1,9.083390168972509
Normal,24,P_1945002,9.1,10.503899931022575
Normal,24,P_1945008,0.0,0.0
Normal,24,P_1946000,10.0,0.0
Normal,24,P_2044008,0.0,0.0
Normal,24,P_2044016,7.3,0.0
Normal,24,P_2044024,0.8,0.0
Normal,24,P_2044042,32.6,0.0
Normal,24,P_2045002,0.0,0.0
Normal,24,P_2046013,0.0,0.0
Normal,24,Q_40032000,28.0283,6.361439973225458
Normal,24,Q_40050000,214.365,0.0
Normal,24,Q_40060001,25.8112,69.2078229477653
Normal,24,Q_40100000,190.259,7.656589508010215
Normal,24,Q_40185000,39.373,0.0
Normal,24,Q_40330000,126.257,57.35979423752939
Normal,24,Q_40800001,153.482,10.002400784306706
Normal,24,Q_40850000,146.922,52.331666356201886
Normal,24,Q_40930000,32.736,30.39711671847721
Normal,25,P_1944059,21.8,10.60508402222898
Normal,25,P_1944063,94.0,235.96175079051827
Normal,25,P_1945002,0.0,0.0
Normal,25,P_1945008,90.0,195.43306676501865
Normal,25,P_1946000,0.0,5.01820714154303
Normal,25,P_2044008,35.1,35.39521472052252
Normal,25,P_2044016,26.0,9.495543606458517
Normal,25,P_2044024,7.4,0.0
Normal,25,P_2044042,6.7,0.0
Normal,25,P_2045002,15.7,0.0
Normal,25,P_2046013,18.3,0.0
Normal,25,Q_40032000,20.5571,0.0
Normal,25,Q_40050000,212.242,12.247526174901083
Normal,25,Q_40060001,9.2602,0.0
Normal,25,Q_40100000,173.564,0.0
Normal,25,Q_40185000,15.5197,0.0
Normal,25,Q_40330000,41.855,-58.63447356719287
Normal,25,Q_40800001,110.909,4.8599822209457795
Normal,25,Q_40850000,85.3521,0.0
Normal,25,Q_40930000,27.1018,20.3834593625819
Normal,26,P_1944059,0.0,0.0
Normal,26,P_1944063,0.0,-12.217251708102918
Normal,26,P_1945002,0.0,-10.146922284287683
Normal,26,P_1945008,0.0,-12.34001521501728
Normal,26,P_1946000,0.0,0.0
Normal,26,P_2044008,0.0,-6.428506537425347
Normal,26,P_2044016,0.0,0.0
Normal,26,P_2044024,0.0,0.0
Normal,26,P_2044042,0.0,0.0
Normal,26,P_2045002,0.0,0.0
Normal,26,P_2046013,0.0,0.0
Normal,26,Q_40032000,11.4443,-7.105769957333621
Normal,26,Q_40050000,40.7075,0.0
Normal,26,Q_40060001,8.0126,-13.833221249528899
Normal,26,Q_40100000,126.538,-69.7859021258243
Normal,26,Q_40185000,10.9806,0.0
Normal,26,Q_40330000,37.5815,-56.36084502964356
Normal,26,Q_40800001,42.0316,0.0
Normal,26,Q_40850000,59.1871,-31.8220264539783
Normal,26,Q_40930000,4.9048,-25.512934304847832
Normal,27,P_1944059,0.0,-3.7234680644062337
Normal,27,P_1944063,0.0,-10.551064377262755
Normal,27,P_1945002,0.0,-7.8036373801493655
Normal,27,P_1945008,5.4,0.0
Normal,27,P_1946000,0.0,0.0
Normal,27,P_2044008,0.0,-5.962330108850092
Normal,27,P_2044016,0.0,0.0
Normal,27,P_2044024,0.0,0.0
Normal,27,P_2044042,0.0,0.0
Normal,27,P_2045002,0.0,0.0
Normal,27,P_2046013,0.0,0.0
Normal,27,Q_40032000,10.6207,-5.797297484672223
Normal,27,Q_40050000,35.8228,0.0
Normal,27,Q_40060001,7.0181,-16.248218790691716
Normal,27,Q_40100000,109.102,-91.27412263269999
Normal,27,Q_40185000,9.3129,0.0
Normal,27,Q_40330000,37.059,-55.987877089889686
Normal,27,Q_40800001,38.5417,0.0
Normal,27,Q_40850000,49.5209,-41.227762216295986
Normal,27,Q_40930000,4.1869,-25.8519300755639
Normal,28,P_1944059,27.8,34.94353527558041
Normal,28,P_1944063,13.1,20.70849056719264
Normal,28,P_1945002,0.0,-4.1924978703355436
Normal,28,P_1945008,0.0,-8.408689472864843
Normal,28,P_1946000,68.2,-19.177736897368113
Normal,28,P_2044008,11.2,0.0
Normal,28,P_2044016,11.5,0.0
Normal,28,P_2044024,39.0,12.466694895513019
Normal,28,P_2044042,19.9,-12.443058337767546
Normal,28,P_2045002,0.0,0.0
Normal,28,P_2046013,4.9,0.0
Normal,28,Q_40032000,14.0168,0.0
Normal,28,Q_40050000,78.8576,0.0
Normal,28,Q_40060001,12.3855,0.0
Normal,28,Q_40100000,165.402,-21.189233087589834
Normal,28,Q_40185000,58.5215,0.0
Normal,28,Q_40330000,80.8782,0.0
Normal,28,Q_40800001,98.9226,8.376549236541088
Normal,28,Q_40850000,89.6288,0.0
Normal,28,Q_40930000,10.1438,-13.340360551844132
Normal,29,P_1944059,0.0,0.0
Normal,29,P_1944063,0.0,-13.038429145217258
Normal,29,P_1945002,0.0,-10.830631242974807
Normal,29,P_1945008,0.0,-12.416559138357043
Normal,29,P_1946000,0.0,0.0
Normal,29,P_2044008,0.0,-6.3744666914600785
Normal,29,P_2044016,0.0,0.0
Normal,29,P_2044024,0.0,0.0
Normal,29,P_2044042,0.0,0.0
Normal,29,P_2045002,0.0,0.0
Normal,29,P_2046013,0.0,-4.590257919938873
Normal,29,Q_40032000,14.6612,-4.342747176436902
Normal,29,Q_40050000,55.566,0.0
Normal,29,Q_40060001,8.2165,-12.398158205520536
Normal,29,Q_40100000,171.978,-8.738729742282965
Normal,29,Q_40185000,13.0142,0.0
Normal,29,Q_40330000,47.4254,-42.983868964108986
Normal,29,Q_40800001,57.9978,0.0
Normal,29,Q_40850000,76.3974,-13.444740731489134
Normal,29,Q_40930000,16.1266,0.0
Normal,30,P_1944059,0.0,0.0
Normal,30,P_1944063,0.0,-16.203219723289568
Normal,30,P_1945002,0.0,-14.434279154067228
Normal,30,P_1945008,0.0,-15.725032130787003
Normal,30,P_1946000,13.8,-10.767436930933401
Normal,30,P_2044008,0.0,-8.666245941858746
Normal,30,P_2044016,0.0,0.0
Normal,30,P_2044024,0.0,0.0
Normal,30,P_2044042,0.0,0.0
Normal,30,P_2045002,0.0,0.0
Normal,30,P_2046013,0.0,0.0
Normal,30,Q_40032000,30.4766,11.899667517058091
Normal,30,Q_40050000,144.877,0.0
Normal,30,Q_40060001,14.9122,14.015668998020168
Normal,30,Q_40100000,292.263,151.57241842304524
Normal,30,Q_40185000,18.9864,0.0
Normal,30,Q_40330000,58.0662,-30.773729809962724
Normal,30,Q_40800001,55.104,0.0
Normal,30,Q_40850000,85.3521,0.0
Normal,30,Q_40930000,36.4326,43.59870965826984
Normal,31,P_1944059,0.0,0.0
Normal,31,P_1944063,0.0,-18.124525418696294
Normal,31,P_1945002,0.0,0.0
Normal,31,P_1945008,0.0,-18.36161490372911
Normal,31,P_1946000,0.0,6.4988682966348525
Normal,31,P_2044008,0.0,0.0
Normal,31,P_2044016,0.0,0.0
Normal,31,P_2044024,0.0,0.0
Normal,31,P_2044042,0.0,0.0
Normal,31,P_2045002,0.0,0.0
Normal,31,P_2046013,35.9,41.521022763889256
Normal,31,Q_40032000,31.3056,14.076668777985969
Normal,31,Q_40050000,177.978,0.0
Normal,31,Q_40060001,24.7337,61.289813620142084
Normal,31,Q_40100000,371.071,257.012388113899
Normal,31,Q_40185000,34.9237,0.0
Normal,31,Q_40330000,124.523,56.92614027161554
Normal,31,Q_40800001,92.6355,0.0
Normal,31,Q_40850000,130.404,39.358856199005295
Normal,31,Q_40930000,61.7842,103.6829168566229
Normal,32,P_1944059,0.0,-2.285365921740538
Normal,32,P_1944063,0.0,-10.761633739065921
Normal,32,P_1945002,0.0,-7.046759857452467
Normal,32,P_1945008,0.0,-9.764324254770765
Normal,32,P_1946000,0.0,0.0
Normal,32,P_2044008,0.3,-3.852566561032898
Normal,32,P_2044016,2.6,-1.2112620185203014
Normal,32,P_2044024,0.0,0.0
Normal,32,P_2044042,0.0,0.0
Normal,32,P_2045002,0.0,0.0
Normal,32,P_2046013,6.2,0.0
Normal,32,Q_40032000,18.6166,0.0
Normal,32,Q_40050000,101.788,0.0
Normal,32,Q_40060001,7.312,-15.376901316191107
Normal,32,Q_40100000,188.568,0.0
Normal,32,Q_40185000,14.105,0.0
Normal,32,Q_40330000,43.4998,-45.95199074405103
Normal,32,Q_40800001,39.3104,0.0
Normal,32,Q_40850000,47.6312,-41.65011794113034
Normal,32,Q_40930000,8.7258,-15.933753029612475
Normal,33,P_1944059,9.0,0.0
Normal,33,P_1944063,18.3,43.952815405495436
Normal,33,P_1945002,8.6,0.0
Normal,33,P_1945008,0.0,-8.173638951570132
Normal,33,P_1946000,0.0,0.0
Normal,33,P_2044008,0.0,-3.6944527002974574
Normal,33,P_2044016,2.1,0.0
Normal,33,P_2044024,8.8,0.0
Normal,33,P_2044042,9.9,-10.260621641046596
Normal,33,P_2045002,0.0,0.0
Normal,33,P_2046013,0.0,0.0
Normal,33,Q_40032000,14.4416,-3.634505619219283
Normal,33,Q_40050000,60.936,0.0
Normal,33,Q_40060001,3.7336,-33.790178878026964
Normal,33,Q_40100000,85.8653,-128.50752227837341
Normal,33,Q_40185000,9.3129,0.0
Normal,33,Q_40330000,33.476,-63.78177753572098
Normal,33,Q_40800001,51.4518,0.0
Normal,33,Q_40850000,51.4322,-40.68169829947558
Normal,33,Q_40930000,7.349,-18.501162512285998
Normal,34,P_1944059,0.0,0.0
Normal,34,P_1944063,0.0,-12.634906961813666
Normal,34,P_1945002,0.0,-10.38334910604032
Normal,34,P_1945008,0.0,-12.367955437946652
Normal,34,P_1946000,0.0,0.0
Normal,34,P_2044008,0.0,-6.225656186726872
Normal,34,P_2044016,0.0,-4.740289807982322
Normal,34,P_2044024,0.0,0.0
Normal,34,P_2044042,0.0,0.0
Normal,34,P_2045002,0.0,0.0
Normal,34,P_2046013,0.0,-5.110457549733838
Normal,34,Q_40032000,14.2709,0.0
Normal,34,Q_40050000,53.809,0.0
Normal,34,Q_40060001,8.0126,-13.738321532693524
Normal,34,Q_40100000,136.024,-57.119744388732876
Normal,34,Q_40185000,12.5314,0.0
Normal,34,Q_40330000,45.7281,-45.930452710668014
Normal,34,Q_40800001,55.2205,0.0
Normal,34,Q_40850000,75.0579,-15.016097853573507
Normal,34,Q_40930000,15.0575,0.0
Normal,35,P_1944059,17.8,0.0
Normal,35,P_1944063,37.3,87.34124765200136
Normal,35,P_1945002,35.9,37.02521614312536
Normal,35,P_1945008,12.0,11.876897716677036
Normal,35,P_1946000,4.2,0.0
Normal,35,P_2044008,35.3,32.047976823042525
Normal,35,P_2044016,86.3,99.79358271668168
Normal,35,P_2044024,37.0,0.0
Normal,35,P_2044042,17.4,0.0
Normal,35,P_2045002,1.8,0.0
Normal,35,P_2046013,11.8,0.0
Normal,35,Q_40032000,160.256,198.01183605371477
Normal,35,Q_40050000,101.788,0.0
Normal,35,Q_40060001,19.9833,51.254791407019944
Normal,35,Q_40100000,226.869,58.511155248414255
Normal,35,Q_40185000,16.4869,0.0
Normal,35,Q_40330000,89.3077,0.0
Normal,35,Q_40800001,94.6218,0.0
Normal,35,Q_40850000,103.763,12.39507051240988
Normal,35,Q_40930000,24.5323,17.6720767105328
Normal,36,P_1944059,0.0,-3.730993480127664
Normal,36,P_1944063,0.0,-13.8564776013615
Normal,36,P_1945002,0.0,-11.193918760649046
Normal,36,P_1945008,0.0,-12.47431637172434
Normal,36,P_1946000,0.0,0.0
Normal,36,P_2044008,0.0,-5.808348719909336
Normal,36,P_2044016,0.0,-3.416142396446972
Normal,36,P_2044024,0.0,0.0
Normal,36,P_2044042,0.0,0.0
Normal,36,P_2045002,0.0,0.0
Normal,36,P_2046013,0.0,-5.163117441094882
Normal,36,Q_40032000,16.7322,0.0
Normal,36,Q_40050000,73.7065,0.0
Normal,36,Q_40060001,11.2362,0.0
Normal,36,Q_40100000,223.295,60.1550231930258
Normal,36,Q_40185000,21.5977,0.0
Normal,36,Q_40330000,58.6798,-28.129443533204235
Normal,36,Q_40800001,67.7773,0.0
Normal,36,Q_40850000,88.9097,0.0
Normal,36,Q_40930000,8.4572,-17.39595638535693
Normal,37,P_1944059,0.0,0.0
Normal,37,P_1944063,0.0,-12.600248321840638
Normal,37,P_1945002,0.0,-10.56518443750827
Normal,37,P_1945008,0.0,-12.34891295563667
Normal,37,P_1946000,0.0,0.0
Normal,37,P_2044008,0.0,-6.803714844433309
Normal,37,P_2044016,0.0,0.0
Normal,37,P_2044024,0.0,0.0
Normal,37,P_2044042,0.0,0.0
Normal,37,P_2045002,0.0,0.0
Normal,37,P_2046013,0.0,0.0
Normal,37,Q_40032000,12.2852,-5.834538094480905
Normal,37,Q_40050000,45.6513,0.0
Normal,37,Q_40060001,8.422,-12.897866553675469
Normal,37,Q_40100000,143.229,-47.57636992688567
Normal,37,Q_40185000,12.735,0.0
Normal,37,Q_40330000,44.6089,-47.063842769630554
Normal,37,Q_40800001,47.3624,0.0
Normal,37,Q_40850000,62.8474,-27.758657839863265
Normal,37,Q_40930000,5.2811,-25.09789457125374
Normal,38,P_1944059,0.0,0.0
Normal,38,P_1944063,44.7,128.92211821706715
Normal,38,P_1945002,10.3,9.687684012455538
Normal,38,P_1945008,0.0,0.0
Normal,38,P_1946000,12.2,0.0
Normal,38,P_2044008,22.2,21.271062647622742
Normal,38,P_2044016,12.9,3.1124908563702434
Normal,38,P_2044024,3.8,0.0
Normal,38,P_2044042,0.0,0.0
Normal,38,P_2045002,17.6,0.0
Normal,38,P_2046013,32.4,15.474885858855998
Normal,38,Q_40032000,15.1315,0.0
Normal,38,Q_40050000,56.5818,0.0
Normal,38,Q_40060001,13.6903,12.811895762681912
Normal,38,Q_40100000,294.208,170.9633519399004
Normal,38,Q_40185000,27.7127,0.0
Normal,38,Q_40330000,64.3056,-23.416580724678283
Normal,38,Q_40800001,133.087,12.71078900882108
Normal,38,Q_40850000,188.391,114.72638192014787
Normal,38,Q_40930000,15.6359,0.0
Normal,39,P_1944059,0.0,0.0
Normal,39,P_1944063,0.0,-11.207662263496116
Normal,39,P_1945002,0.0,-8.959928194141018
Normal,39,P_1945008,0.0,-12.431721788911776
Normal,39,P_1946000,0.0,0.0
Normal,39,P_2044008,0.0,-7.122681727626173
Normal,39,P_2044016,0.0,0.0
Normal,39,P_2044024,0.0,0.0
Normal,39,P_2044042,0.0,0.0
Normal,39,P_2045002,0.0,0.0
Normal,39,P_2046013,0.0,0.0
Normal,39,Q_40032000,7.7843,-7.879928747004107
Normal,39,Q_40050000,34.9642,0.0
Normal,39,Q_40060001,3.1903,-30.7160447149791
Normal,39,Q_40100000,96.5792,-108.20595209776701
Normal,39,Q_40185000,6.6193,0.0
Normal,39,Q_40330000,29.5441,-67.10210171346749
Normal,39,Q_40800001,35.2296,0.0
Normal,39,Q_40850000,51.4322,-39.59139848810158
Normal,39,Q_40930000,7.0112,-20.83393045276099
Normal,40,P_1944059,0.0,0.0
Normal,40,P_1944063,0.0,-16.113563521029832
Normal,40,P_1945002,0.0,-13.189952319451029
Normal,40,P_1945008,0.0,-14.878956736254999
Normal,40,P_1946000,0.0,6.816578242943429
Normal,40,P_2044008,0.0,-7.969191858388967
Normal,40,P_2044016,0.0,0.0
Normal,40,P_2044024,0.0,0.0
Normal,40,P_2044042,0.0,0.0
Normal,40,P_2045002,0.0,0.0
Normal,40,P_2046013,0.0,0.0
Normal,40,Q_40032000,51.0328,46.0778674386248
Normal,40,Q_40050000,191.995,0.0
Normal,40,Q_40060001,11.9215,0.0
Normal,40,Q_40100000,276.854,131.25145910004454
Normal,40,Q_40185000,28.2927,0.0
Normal,40,Q_40330000,85.0554,5.75169030077312
Normal,40,Q_40800001,76.7171,0.0
Normal,40,Q_40850000,141.614,52.89364281782304
Normal,40,Q_40930000,19.2475,5.629816092754282
Normal,41,P_1944059,0.0,0.0
Normal,41,P_1944063,0.0,-11.755712599779104
Normal,41,P_1945002,0.0,-9.32410249654272
Normal,41,P_1945008,0.0,-12.142640558949942
Normal,41,P_1946000,0.0,0.0
Normal,41,P_2044008,0.0,-6.979846000177613
Normal,41,P_2044016,0.0,0.0
Normal,41,P_2044024,0.0,0.0
Normal,41,P_2044042,0.0,0.0
Normal,41,P_2045002,0.0,0.0
Normal,41,P_2046013,0.0,0.0
Normal,41,Q_40032000,11.4443,-6.8004728149374785
Normal,41,Q_40050000,40.2712,0.0
Normal,41,Q_40060001,7.9113,-14.510103497399799
Normal,41,Q_40100000,125.054,-71.93639104286068
Normal,41,Q_40185000,10.5553,0.0
Normal,41,Q_40330000,39.6976,-53.58010087074751
Normal,41,Q_40800001,42.0316,0.0
Normal,41,Q_40850000,59.1871,-32.51409391838813
Normal,41,Q_40930000,4.9048,-25.367261388472414
Normal,42,P_1944059,0.0,-2.2714386953172063
Normal,42,P_1944063,0.0,-10.11549730704257
Normal,42,P_1945002,5.6,0.0
Normal,42,P_1945008,0.0,-9.567581142411063
Normal,42,P_1946000,0.0,0.0
Normal,42,P_2044008,0.0,-4.287281004449776
Normal,42,P_2044016,0.0,-1.342815928739924
Normal,42,P_2044024,0.0,0.0
Normal,42,P_2044042,0.0,0.0
Normal,42,P_2045002,0.0,0.0
Normal,42,P_2046013,0.0,-3.081956151255655
Normal,42,Q_40032000,10.9561,-4.4376441525428625
Normal,42,Q_40050000,70.167,0.0
Normal,42,Q_40060001,10.8984,0.0
Normal,42,Q_40100000,183.504,0.0
Normal,42,Q_40185000,10.2333,0.0
Normal,42,Q_40330000,37.5815,-53.531597934989705
Normal,42,Q_40800001,53.3963,0.0
Normal,42,Q_40850000,67.2371,-20.602140974651718
Normal,42,Q_40930000,7.648,-17.378246750370515
Normal,43,P_1944059,0.0,-5.03933162963947
Normal,43,P_1944063,0.0,-14.579997099975389
Normal,43,P_1945002,0.0,-12.783633682336438
Normal,43,P_1945008,0.0,-13.676384749593343
Normal,43,P_1946000,0.0,0.0
Normal,43,P_2044008,0.0,-7.190909650840273
Normal,43,P_2044016,0.0,0.0
Normal,43,P_2044024,0.0,0.0
Normal,43,P_2044042,0.0,0.0
Normal,43,P_2045002,0.0,0.0
Normal,43,P_2046013,0.0,0.0
Normal,43,Q_40032000,19.823,0.0
Normal,43,Q_40050000,113.81,0.0
Normal,43,Q_40060001,7.8104,-15.308406584938558
Normal,43,Q_40100000,243.177,87.22939991287345
Normal,43,Q_40185000,22.1329,0.0
Normal,43,Q_40330000,57.455,-30.679886651984322
Normal,43,Q_40800001,43.5286,0.0
Normal,43,Q_40850000,64.713,-26.21755760580975
Normal,43,Q_40930000,59.5984,95.40507435086374
Normal,44,P_1944059,0.0,0.0
Normal,44,P_1944063,0.0,-11.736148564108767
Normal,44,P_1945002,0.0,-10.517088083660843
Normal,44,P_1945008,0.0,-12.510567530208903
Normal,44,P_1946000,0.0,0.0
Normal,44,P_2044008,0.0,-4.457803483749196
Normal,44,P_2044016,0.7,0.0
Normal,44,P_2044024,1.4,0.0
Normal,44,P_2044042,0.0,0.0
Normal,44,P_2045002,0.0,0.0
Normal,44,P_2046013,0.0,-2.2416074605738223
Normal,44,Q_40032000,31.0286,0.0
Normal,44,Q_40050000,147.148,0.0
Normal,44,Q_40060001,14.0534,0.0
Normal,44,Q_40100000,155.774,-28.809406175403698
Normal,44,Q_40185000,39.373,-1.8310734432584752
Normal,44,Q_40330000,52.6491,-34.586498524943174
Normal,44,Q_40800001,68.6053,0.0
Normal,44,Q_40850000,73.7287,-14.292327805751214
Normal,44,Q_40930000,12.6941,-6.763042983784751
Normal,45,P_1944059,0.0,0.0
Normal,45,P_1944063,8.4,0.0
Normal,45,P_1945002,44.2,49.41879233801757
Normal,45,P_1945008,5.8,0.0
Normal,45,P_1946000,22.3,-19.479493650471486
Normal,45,P_2044008,0.0,-4.5199036484546555
Normal,45,P_2044016,0.0,0.0
Normal,45,P_2044024,0.0,0.0
Normal,45,P_2044042,4.4,-3.540093173026321
Normal,45,P_2045002,18.2,0.0
Normal,45,P_2046013,0.0,0.0
Normal,45,Q_40032000,6.784,0.0
Normal,45,Q_40050000,26.9338,-2.3878235403465085
Normal,45,Q_40060001,5.3384,-25.304792040375396
Normal,45,Q_40100000,89.8358,-123.00206320324028
Normal,45,Q_40185000,6.9856,0.0
Normal,45,Q_40330000,24.8827,-75.19959703023429
Normal,45,Q_40800001,35.1065,-2.974056288189048
Normal,45,Q_40850000,57.2922,-34.50070496170052
Normal,45,Q_40930000,22.0691,0.0
Normal,46,P_1944059,0.0,0.0
Normal,46,P_1944063,0.0,-13.408669026121098
Normal,46,P_1945002,0.0,-10.339774694466755
Normal,46,P_1945008,0.0,-12.983265452169906
Normal,46,P_1946000,22.5,-18.686077020953416
Normal,46,P_2044008,2.8,0.0
Normal,46,P_2044016,7.2,0.0
Normal,46,P_2044024,0.0,0.0
Normal,46,P_2044042,3.3,0.0
Normal,46,P_2045002,0.0,0.0
Normal,46,P_2046013,0.0,0.0
Normal,46,Q_40032000,51.9922,47.50939410318455
Normal,46,Q_40050000,186.436,0.0
Normal,46,Q_40060001,15.5355,19.99054580944509
Normal,46,Q_40100000,246.85,91.18759742811858
Normal,46,Q_40185000,11.4112,0.0
Normal,46,Q_40330000,53.8364,-35.301478306235516
Normal,46,Q_40800001,46.8522,0.0
Normal,46,Q_40850000,75.7264,-14.608732294369277
Normal,46,Q_40930000,26.5005,22.76775916765614
Normal,47,P_1944059,0.0,0.0
Normal,47,P_1944063,0.0,-12.717704559964089
Normal,47,P_1945002,0.0,-10.343216239570234
Normal,47,P_1945008,0.0,-12.306587083604171
Normal,47,P_1946000,0.0,0.0
Normal,47,P_2044008,0.0,-6.328016233963238
Normal,47,P_2044016,0.0,0.0
Normal,47,P_2044024,0.0,0.0
Normal,47,P_2044042,0.0,0.0
Normal,47,P_2045002,0.0,0.0
Normal,47,P_2046013,0.0,0.0
Normal,47,Q_40032000,10.2156,-6.670797086083521
Normal,47,Q_40050000,42.698,0.0
Normal,47,Q_40060001,5.2495,-23.763134112139284
Normal,47,Q_40100000,114.822,-84.737332563176
Normal,47,Q_40185000,15.0433,0.0
Normal,47,Q_40330000,50.8861,-38.377818347019186
Normal,47,Q_40800001,74.5259,0.0
Normal,47,Q_40850000,121.232,32.025188569594285
Normal,47,Q_40930000,14.1721,-5.239586340923665
Normal,48,P_1944059,0.0,0.0
Normal,48,P_1944063,0.0,-10.28176864405487
Normal,48,P_1945002,0.0,-8.41400095654551
Normal,48,P_1945008,0.0,-11.390436430410723
Normal,48,P_1946000,0.0,0.0
Normal,48,P_2044008,3.2,0.0
Normal,48,P_2044016,0.0,-2.9379738846805323
Normal,48,P_2044024,0.0,0.0
Normal,48,P_2044042,19.9,-2.343919625692223
Normal,48,P_2045002,4.1,0.0
Normal,48,P_2046013,0.0,-3.4850668804547875
Normal,48,Q_40032000,18.3779,0.0
Normal,48,Q_40050000,106.132,0.0
Normal,48,Q_40060001,8.2165,-11.5226134235235
Normal,48,Q_40100000,191.955,0.0
Normal,48,Q_40185000,17.473,0.0
Normal,48,Q_40330000,45.7281,-43.732060693942245
Normal,48,Q_40800001,37.6612,0.0
Normal,48,Q_40850000,50.7927,-38.89331954930735
Normal,48,Q_40930000,10.4989,-11.789081701206113
Normal,49,P_1944059,0.0,0.0
Normal,49,P_1944063,0.0,-12.519754022140543
Normal,49,P_1945002,0.0,-9.982371020361576
Normal,49,P_1945008,0.0,-12.326382520661339
Normal,49,P_1946000,0.0,0.0
Normal,49,P_2044008,0.0,-6.6667510577163585
Normal,49,P_2044016,0.0,0.0
Normal,49,P_2044024,0.0,0.0
Normal,49,P_2044042,0.0,0.0
Normal,49,P_2045002,0.0,0.0
Normal,49,P_2046013,0.0,0.0
Normal,49,Q_40032000,12.2023,-6.226761962792352
Normal,49,Q_40050000,43.823,0.0
Normal,49,Q_40060001,7.5101,-15.612140780126037
Normal,49,Q_40100000,118.48,-80.18427014829244
Normal,49,Q_40185000,11.5888,0.0
Normal,49,Q_40330000,42.949,-48.76012931699307
Normal,49,Q_40800001,48.9332,0.0
Normal,49,Q_40850000,64.0885,-26.83895925746687
Normal,49,Q_40930000,12.6128,-9.567802269673546
Normal,50,P_1944059,0.0,0.0
Normal,50,P_1944063,0.0,-12.604766119399759
Normal,50,P_1945002,0.0,-10.573838624151906
Normal,50,P_1945008,0.0,-12.669539720518902
Normal,50,P_1946000,0.0,0.0
Normal,50,P_2044008,0.0,-6.498878877768533
Normal,50,P_2044016,0.0,0.0
Normal,50,P_2044024,0.0,0.0
Normal,50,P_2044042,0.0,0.0
Normal,50,P_2045002,0.0,0.0
Normal,50,P_2046013,0.0,0.0
Normal,50,Q_40032000,9.8987,-7.53553475758011
Normal,50,Q_40050000,58.1652,0.0
Normal,50,Q_40060001,9.3667,-8.74653637107082
Normal,50,Q_40100000,163.295,-21.913487254719072
Normal,50,Q_40185000,8.5372,0.0
Normal,50,Q_40330000,30.5105,-65.70905248281997
Normal,50,Q_40800001,42.0889,0.0
Normal,50,Q_40850000,55.9738,-35.446614425175476
Normal,50,Q_40930000,6.7087,-22.257337394894538
Normal,51,P_1944059,0.0,-3.791809957973567
Normal,51,P_1944063,0.0,-12.072079790349708
Normal,51,P_1945002,4.5,0.0
Normal,51,P_1945008,0.0,-11.554213035911754
Normal,51,P_1946000,0.0,0.0
Normal,51,P_2044008,0.0,-5.921327437371037
Normal,51,P_2044016,0.0,0.0
Normal,51,P_2044024,0.0,0.0
Normal,51,P_2044042,0.0,0.0
Normal,51,P_2045002,0.0,0.0
Normal,51,P_2046013,0.0,-3.880394350986837
Normal,51,Q_40032000,18.8561,0.0
Normal,51,Q_40050000,121.708,0.0
Normal,51,Q_40060001,10.0141,-5.03241629344042
Normal,51,Q_40100000,214.438,49.80152105741544
Normal,51,Q_40185000,12.735,0.0
Normal,51,Q_40330000,45.1672,-45.71842168878981
Normal,51,Q_40800001,34.104,-2.68387345847427
Normal,51,Q_40850000,48.8886,-41.1827102323734
Normal,51,Q_40930000,16.1074,0.0
Normal,52,P_1944059,9.8,10.96506073286643
Normal,52,P_1944063,1.1,-6.107625930741072
Normal,52,P_1945002,0.0,-8.061723312297609
Normal,52,P_1945008,5.4,5.356538722056075
Normal,52,P_1946000,3.2,0.0
Normal,52,P_2044008,5.3,0.0
Normal,52,P_2044016,1.2,0.0
Normal,52,P_2044024,9.4,0.0
Normal,52,P_2044042,0.1,0.0
Normal,52,P_2045002,0.0,0.0
Normal,52,P_2046013,16.7,11.6669603914752
Normal,52,Q_40032000,34.1142,12.833595145946022
Normal,52,Q_40050000,137.264,0.0
Normal,52,Q_40060001,14.5421,16.787183539333185
Normal,52,Q_40100000,143.229,-45.45985271102732
Normal,52,Q_40185000,41.9921,0.0
Normal,52,Q_40330000,47.4254,-43.505476463735626
Normal,52,Q_40800001,51.634,0.0
Normal,52,Q_40850000,80.4771,-8.094888475958765
Normal,52,Q_40930000,14.5737,0.0
Normal,53,P_1944059,0.0,-3.2398072933851343
Normal,53,P_1944063,0.0,-11.061475715108601
Normal,53,P_1945002,6.8,0.0
Normal,53,P_1945008,0.0,-10.156485964709303
Normal,53,P_1946000,0.0,0.0
Normal,53,P_2044008,0.0,-5.1527547258888315
Normal,53,P_2044016,0.0,0.0
Normal,53,P_2044024,0.0,0.0
Normal,53,P_2044042,0.8,0.0
Normal,53,P_2045002,0.0,0.0
Normal,53,P_2046013,0.0,0.0
Normal,53,Q_40032000,14.6283,0.0
Normal,53,Q_40050000,74.1019,0.0
Normal,53,Q_40060001,6.5369,-17.30605398912638
Normal,53,Q_40100000,157.366,-25.47750395085435
Normal,53,Q_40185000,9.3129,0.0
Normal,53,Q_40330000,33.9799,-60.315753193264165
Normal,53,Q_40800001,32.8495,-3.095833947084259
Normal,53,Q_40850000,47.6312,-43.237912195313044
Normal,53,Q_40930000,9.076,-16.505327807271303
Normal,54,P_1944059,14.2,18.03830159942098
Normal,54,P_1944063,14.4,61.14851097350594
Normal,54,P_1945002,0.0,0.0
Normal,54,P_1945008,0.0,-14.922002816728764
Normal,54,P_1946000,3.0,2.8251337226414783
Normal,54,P_2044008,0.0,0.0
Normal,54,P_2044016,1.4,0.0
Normal,54,P_2044024,0.7,0.0
Normal,54,P_2044042,0.6,0.0
Normal,54,P_2045002,0.1,0.0
Normal,54,P_2046013,5.8,0.0
Normal,54,Q_40032000,35.0328,20.223740315635904
Normal,54,Q_40050000,76.912,0.0
Normal,54,Q_40060001,15.9134,20.824544698358864
Normal,54,Q_40100000,231.846,73.41667968096031
Normal,54,Q_40185000,33.7124,0.0
Normal,54,Q_40330000,121.939,55.991543796240535
Normal,54,Q_40800001,134.401,7.9571895978345255
Normal,54,Q_40850000,277.249,194.81189056809362
Normal,54,Q_40930000,17.2076,0.0
Normal,55,P_1944059,0.0,-3.464912351380974
Normal,55,P_1944063,0.0,-12.477501765303732
Normal,55,P_1945002,0.0,-9.854905221945966
Normal,55,P_1945008,0.0,-11.986757526875243
Normal,55,P_1946000,5.2,0.0
Normal,55,P_2044008,0.0,-7.13882761434132
Normal,55,P_2044016,0.7,0.0
Normal,55,P_2044024,2.4,0.0
Normal,55,P_2044042,14.8,-5.272587066004464
Normal,55,P_2045002,0.5,0.0
Normal,55,P_2046013,5.0,0.0
Normal,55,Q_40032000,21.7975,0.0
Normal,55,Q_40050000,122.13,0.0
Normal,55,Q_40060001,10.3429,0.0
Normal,55,Q_40100000,212.681,45.584674277772386
Normal,55,Q_40185000,13.6433,0.0
Normal,55,Q_40330000,42.4007,-50.837366082189426
Normal,55,Q_40800001,35.6849,-3.5288253184785368
Normal,55,Q_40850000,50.7927,-40.592529996070596
Normal,55,Q_40930000,16.4948,0.0
Normal,56,P_1944059,0.0,0.0
Normal,56,P_1944063,0.0,-11.591586998393218
Normal,56,P_1945002,0.0,-9.506577839282354
Normal,56,P_1945008,0.0,-11.62802397107448
Normal,56,P_1946000,0.0,0.0
Normal,56,P_2044008,0.0,-7.256634407251021
Normal,56,P_2044016,0.0,0.0
Normal,56,P_2044024,0.0,0.0
Normal,56,P_2044042,0.0,0.0
Normal,56,P_2045002,0.0,0.0
Normal,56,P_2046013,0.0,0.0
Normal,56,Q_40032000,8.6413,-7.704642226927376
Normal,56,Q_40050000,28.9518,0.0
Normal,56,Q_40060001,5.7902,-22.085698032412314
Normal,56,Q_40100000,85.8653,-122.08446961001123
Normal,56,Q_40185000,6.9856,0.0
Normal,56,Q_40330000,32.9749,-61.66893005765733
Normal,56,Q_40800001,30.0639,0.0
Normal,56,Q_40850000,45.1458,-46.650005868696354
Normal,56,Q_40930000,2.88,-29.548578783971585
Normal,57,P_1944059,1.0,0.0
Normal,57,P_1944063,10.7,42.07539907541411
Normal,57,P_1945002,8.9,19.733716044530333
Normal,57,P_1945008,0.0,-13.399055021798292
Normal,57,P_1946000,0.0,6.626047552916674
Normal,57,P_2044008,0.0,-7.134971573908892
Normal,57,P_2044016,0.0,0.0
Normal,57,P_2044024,1.0,0.0
Normal,57,P_2044042,0.1,0.0
Normal,57,P_2045002,0.0,0.0
Normal,57,P_2046013,0.0,0.0
Normal,57,Q_40032000,14.0168,0.0
Normal,57,Q_40050000,189.966,0.0
Normal,57,Q_40060001,9.0483,-10.110993644837063
Normal,57,Q_40100000,265.474,119.44633870606805
Normal,57,Q_40185000,21.0667,0.0
Normal,57,Q_40330000,64.942,-19.369762872367563
Normal,57,Q_40800001,87.1739,0.0
Normal,57,Q_40850000,117.159,29.14934181821097
Normal,57,Q_40930000,11.9548,-10.211514276389925
Normal,58,P_1944059,0.0,0.0
Normal,58,P_1944063,0.0,-16.843837674740602
Normal,58,P_1945002,0.0,-14.904831978773245
Normal,58,P_1945008,15.3,39.25506623446051
Normal,58,P_1946000,0.0,5.740245392581267
Normal,58,P_2044008,0.0,0.0
Normal,58,P_2044016,0.0,0.0
Normal,58,P_2044024,0.0,0.0
Normal,58,P_2044042,0.0,0.0
Normal,58,P_2045002,0.0,0.0
Normal,58,P_2046013,0.0,0.0
Normal,58,Q_40032000,22.2994,0.0
Normal,58,Q_40050000,102.8,0.0
Normal,58,Q_40060001,15.0362,13.565758675525423
Normal,58,Q_40100000,265.474,116.91084219028039
Normal,58,Q_40185000,27.1366,0.0
Normal,58,Q_40330000,104.432,31.545367729897677
Normal,58,Q_40800001,122.403,6.197722947368251
Normal,58,Q_40850000,173.755,85.16305671389578
Normal,58,Q_40930000,19.0616,4.402816710155394
Normal,59,P_1944059,0.0,0.0
Normal,59,P_1944063,0.0,-11.878441364001592
Normal,59,P_1945002,0.0,-10.310121373500616
Normal,59,P_1945008,0.0,-12.21780135949534
Normal,59,P_1946000,0.0,0.0
Normal,59,P_2044008,0.0,-7.00655631072455
Normal,59,P_2044016,0.0,0.0
Normal,59,P_2044024,0.0,0.0
Normal,59,P_2044042,0.0,0.0
Normal,59,P_2045002,0.0,0.0
Normal,59,P_2046013,0.0,0.0
Normal,59,Q_40032000,7.918,-7.429737241898636
Normal,59,Q_40050000,50.1675,0.0
Normal,59,Q_40060001,6.7281,-18.634758806767408
Normal,59,Q_40100000,100.494,-103.96055902299334
Normal,59,Q_40185000,9.7973,0.0
Normal,59,Q_40330000,34.9956,-59.495797393807905
Normal,59,Q_40800001,37.2036,0.0
Normal,59,Q_40850000,49.5209,-41.91023516245979
Normal,59,Q_40930000,5.4901,-24.501165394793617
Normal,60,P_1944059,0.0,0.0
Normal,60,P_1944063,0.0,-11.196893166861846
Normal,60,P_1945002,0.0,-9.185019652257843
Normal,60,P_1945008,0.0,-11.77185098580856
Normal,60,P_1946000,0.0,0.0
Normal,60,P_2044008,0.0,-6.748326852883935
Normal,60,P_2044016,0.0,0.0
Normal,60,P_2044024,0.0,0.0
Normal,60,P_2044042,0.0,0.0
Normal,60,P_2045002,0.0,0.0
Normal,60,P_2046013,0.0,0.0
Normal,60,Q_40032000,8.2597,-7.469226148239272
Normal,60,Q_40050000,27.4774,0.0
Normal,60,Q_40060001,5.2495,-24.181815170079073
Normal,60,Q_40100000,80.6614,-129.36474501688892
Normal,60,Q_40185000,6.6193,0.0
Normal,60,Q_40330000,37.059,-57.061518905659405
Normal,60,Q_40800001,26.7816,0.0
Normal,60,Q_40850000,33.3355,-58.891712821004404
Normal,60,Q_40930000,2.88,-29.785328748845547
Normal,61,P_1944059,24.0,16.902347409163806
Normal,61,P_1944063,19.6,37.69117619502246
Normal,61,P_1945002,8.5,0.0
Normal,61,P_1945008,6.4,0.0
Normal,61,P_1946000,0.0,4.885632111522191
Normal,61,P_2044008,14.0,5.081176243705215
Normal,61,P_2044016,36.6,24.600789189767855
Normal,61,P_2044024,10.9,0.0
Normal,61,P_2044042,38.3,0.0
Normal,61,P_2045002,0.0,0.0
Normal,61,P_2046013,12.0,0.0
Normal,61,Q_40032000,18.6166,0.0
Normal,61,Q_40050000,59.1589,0.0
Normal,61,Q_40060001,6.921,0.0
Normal,61,Q_40100000,263.592,117.37443600720188
Normal,61,Q_40185000,17.473,0.0
Normal,61,Q_40330000,59.914,-30.048913729564585
Normal,61,Q_40800001,154.907,18.279358904751582
Normal,61,Q_40850000,106.076,15.584790741549572
Normal,61,Q_40930000,23.8176,14.823625781593408
Normal,62,P_1944059,0.0,-2.4746000882391286
Normal,62,P_1944063,0.0,-9.43705332419335
Normal,62,P_1945002,8.6,0.0
Normal,62,P_1945008,0.0,-9.6205770843206
Normal,62,P_1946000,0.0,0.0
Normal,62,P_2044008,0.0,-3.7756992750463887
Normal,62,P_2044016,0.0,0.0
Normal,62,P_2044024,0.0,0.0
Normal,62,P_2044042,0.0,0.0
Normal,62,P_2045002,0.0,0.0
Normal,62,P_2046013,0.0,0.0
Normal,62,Q_40032000,11.8626,-4.0973881950620505
Normal,62,Q_40050000,44.0496,0.0
Normal,62,Q_40060001,8.3191,-9.618625835797273
Normal,62,Q_40100000,135.561,-54.854795181504265
Normal,62,Q_40185000,11.8472,0.0
Normal,62,Q_40330000,39.6976,-51.67235067498151
Normal,62,Q_40800001,46.4662,0.0
Normal,62,Q_40850000,61.6168,-27.286074413064682
Normal,62,Q_40930000,5.0915,-22.934950276202354
Normal,63,P_1944059,0.0,0.0
Normal,63,P_1944063,0.0,-10.841821122458033
Normal,63,P_1945002,0.0,-9.001671832631834
Normal,63,P_1945008,0.0,-11.787028998279967
Normal,63,P_1946000,0.0,0.0
Normal,63,P_2044008,0.0,-6.956508362129796
Normal,63,P_2044016,0.0,0.0
Normal,63,P_2044024,0.0,0.0
Normal,63,P_2044042,0.0,0.0
Normal,63,P_2045002,0.0,0.0
Normal,63,P_2046013,0.0,0.0
Normal,63,Q_40032000,8.6413,-7.928361127546717
Normal,63,Q_40050000,29.1387,0.0
Normal,63,Q_40060001,5.8819,-21.859143437628767
Normal,63,Q_40100000,87.1825,-120.57194542996237
Normal,63,Q_40185000,7.3583,0.0
Normal,63,Q_40330000,32.9749,-62.48400041806856
Normal,63,Q_40800001,29.2371,0.0
Normal,63,Q_40850000,45.7634,-46.09706656967649
Normal,63,Q_40930000,3.1479,-29.2846671476853
Normal,64,P_1944059,6.0,3.4492622228415333
Normal,64,P_1944063,0.0,-18.25224096720106
Normal,64,P_1945002,0.0,0.0
Normal,64,P_1945008,0.0,0.0
Normal,64,P_1946000,0.0,5.340637642168956
Normal,64,P_2044008,4.1,0.0
Normal,64,P_2044016,6.3,0.0
Normal,64,P_2044024,5.6,0.0
Normal,64,P_2044042,0.1,0.0
Normal,64,P_2045002,0.0,0.0
Normal,64,P_2046013,0.0,0.0
Normal,64,Q_40032000,55.8804,55.38723560198636
Normal,64,Q_40050000,236.632,0.0
Normal,64,Q_40060001,12.8551,4.533413460699792
Normal,64,Q_40100000,259.841,105.7495743015971
Normal,64,Q_40185000,32.4602,0.0
Normal,64,Q_40330000,94.3623,16.227879500387257
Normal,64,Q_40800001,102.169,2.1483816340230604
Normal,64,Q_40850000,132.103,39.95522615194757
Normal,64,Q_40930000,20.0467,5.588357411731614
Normal,65,P_1944059,37.2,17.799706512822713
Normal,65,P_1944063,29.4,35.95886067524591
Normal,65,P_1945002,8.3,0.0
Normal,65,P_1945008,2.352380952,0.0
Normal,65,P_1946000,80.0,0.0
Normal,65,P_2044008,37.3,36.467605770076936
Normal,65,P_2044016,31.7,11.68102050803079
Normal,65,P_2044024,41.0,0.0
Normal,65,P_2044042,91.7,42.64235405512068
Normal,65,P_2045002,65.9,53.48377881841504
Normal,65,P_2046013,60.0,32.09366126077753
Normal,65,Q_40032000,44.1565,0.0
Normal,65,Q_40050000,172.105,0.0
Normal,65,Q_40060001,38.0305,130.00920593591036
Normal,65,Q_40100000,191.955,0.0
Normal,65,Q_40185000,85.5723,9.356414553621448
Normal,65,Q_40330000,90.7417,0.0
Normal,65,Q_40800001,85.3866,0.0
Normal,65,Q_40850000,91.0744,0.0
Normal,65,Q_40930000,27.042,17.519335178754535
Normal,66,P_1944059,0.0,0.0
Normal,66,P_1944063,0.0,-14.90528881950352
Normal,66,P_1945002,0.0,-12.25247838233829
Normal,66,P_1945008,0.0,-13.992874942581116
Normal,66,P_1946000,0.0,0.0
Normal,66,P_2044008,5.6,0.0
Normal,66,P_2044016,1.5,0.0
Normal,66,P_2044024,0.0,0.0
Normal,66,P_2044042,9.3,0.0
Normal,66,P_2045002,27.4,18.43298433485213
Normal,66,P_2046013,0.0,0.0
Normal,66,Q_40032000,25.6396,6.991541621211127
Normal,66,Q_40050000,109.99,0.0
Normal,66,Q_40060001,16.8064,22.5575250747909
Normal,66,Q_40100000,300.067,159.53035835097197
Normal,66,Q_40185000,27.1366,0.0
Normal,66,Q_40330000,74.0858,-8.676821500172188
Normal,66,Q_40800001,86.3456,0.0
Normal,66,Q_40850000,132.103,42.68885915505011
Normal,66,Q_40930000,12.4945,-9.201461232880217
Normal,67,P_1944059,0.0,-4.906891645294927
Normal,67,P_1944063,0.0,-14.767444233102365
Normal,67,P_1945002,0.0,-12.656629033831994
Normal,67,P_1945008,0.0,-13.869058681005459
Normal,67,P_1946000,5.2,0.0
Normal,67,P_2044008,0.0,-7.069019339515221
Normal,67,P_2044016,0.0,0.0
Normal,67,P_2044024,0.0,0.0
Normal,67,P_2044042,0.0,0.0
Normal,67,P_2045002,3.0,0.0
Normal,67,P_2046013,0.0,-6.1525566191593635
Normal,67,Q_40032000,19.0965,0.0
Normal,67,Q_40050000,86.2178,0.0
Normal,67,Q_40060001,11.4632,0.0
Normal,67,Q_40100000,245.011,88.54055855299355
Normal,67,Q_40185000,28.2927,0.0
Normal,67,Q_40330000,107.688,36.07975909647313
Normal,67,Q_40800001,39.1013,0.0
Normal,67,Q_40850000,64.0885,-26.88951726357132
Normal,67,Q_40930000,9.7831,-15.663895748803883
Normal,68,P_1944059,0.0,0.0
Normal,68,P_1944063,0.0,-13.022226269958377
Normal,68,P_1945002,0.0,-10.119670097206766
Normal,68,P_1945008,0.0,-12.840716830954445
Normal,68,P_1946000,0.0,0.0
Normal,68,P_2044008,0.0,-6.510274007588287
Normal,68,P_2044016,0.0,0.0
Normal,68,P_2044024,0.0,0.0
Normal,68,P_2044042,0.0,0.0
Normal,68,P_2045002,0.0,0.0
Normal,68,P_2046013,0.0,0.0
Normal,68,Q_40032000,13.1428,-6.944717670105547
Normal,68,Q_40050000,77.2589,0.0
Normal,68,Q_40060001,7.9113,-14.33359883915207
Normal,68,Q_40100000,129.524,-66.31645607018527
Normal,68,Q_40185000,9.3129,0.0
Normal,68,Q_40330000,29.0651,-67.88340589554515
Normal,68,Q_40800001,28.858,0.0
Normal,68,Q_40850000,36.7667,-55.76512031677678
Normal,68,Q_40930000,9.7831,-15.973321539415513
Normal,69,P_1944059,1.0,0.0
Normal,69,P_1944063,0.0,-9.957741635931237
Normal,69,P_1945002,0.0,-7.6215741534408314
Normal,69,P_1945008,20.0,44.2330480596825
Normal,69,P_1946000,0.0,0.0
Normal,69,P_2044008,0.0,-6.286514362651828
Normal,69,P_2044016,0.0,0.0
Normal,69,P_2044024,0.0,0.0
Normal,69,P_2044042,0.0,0.0
Normal,69,P_2045002,0.0,0.0
Normal,69,P_2046013,0.0,0.0
Normal,69,Q_40032000,6.784,-6.151911353819088
Normal,69,Q_40050000,26.1697,0.0
Normal,69,Q_40060001,4.9855,-25.656638767078334
Normal,69,Q_40100000,120.635,-76.92852903052581
Normal,69,Q_40185000,8.1222,0.0
Normal,69,Q_40330000,28.5889,-69.61305839896416
Normal,69,Q_40800001,47.3624,0.0
Normal,69,Q_40850000,75.7264,-12.965113407265111
Normal,69,Q_40930000,10.905,-12.843917724198995
Normal,70,P_1944059,1.0,0.0
Normal,70,P_1944063,0.0,-6.500938260413043
Normal,70,P_1945002,8.2,0.0
Normal,70,P_1945008,7.9,0.0
Normal,70,P_1946000,12.2,-7.307655153922833
Normal,70,P_2044008,0.0,-4.3117523120077115
Normal,70,P_2044016,0.0,0.0
Normal,70,P_2044024,2.0,0.0
Normal,70,P_2044042,0.2,0.0
Normal,70,P_2045002,11.0,0.0
Normal,70,P_2046013,15.5,0.0
Normal,70,Q_40032000,15.7553,-4.229013891838174
Normal,70,Q_40050000,47.5382,0.0
Normal,70,Q_40060001,5.8819,-21.881148187215828
Normal,70,Q_40100000,95.2181,-111.88960735253285
Normal,70,Q_40185000,10.1356,0.0
Normal,70,Q_40330000,42.949,-49.23682543918568
Normal,70,Q_40800001,32.0679,-4.233394738553784
Normal,70,Q_40850000,48.8886,-42.63756763855807
Normal,70,Q_40930000,8.0325,-17.100272165199332
Normal,71,P_1944059,0.0,-1.6409724034162139
Normal,71,P_1944063,0.0,-8.628682437785589
Normal,71,P_1945002,8.9,0.0
Normal,71,P_1945008,0.0,-8.564543258259718
Normal,71,P_1946000,3.0,0.0
Normal,71,P_2044008,0.0,-3.143182154175351
Normal,71,P_2044016,0.6,0.0
Normal,71,P_2044024,0.0,0.0
Normal,71,P_2044042,0.1,0.0
Normal,71,P_2045002,0.0,0.0
Normal,71,P_2046013,3.4,0.0
Normal,71,Q_40032000,13.1428,-3.7235868913275603
Normal,71,Q_40050000,49.1731,0.0
Normal,71,Q_40060001,9.2602,-6.0974127432651
Normal,71,Q_40100000,154.188,-28.493977820579754
Normal,71,Q_40185000,10.9806,0.0
Normal,71,Q_40330000,49.1448,-39.20528647331494
Normal,71,Q_40800001,51.8873,0.0
Normal,71,Q_40850000,69.8027,-18.641894616771044
Normal,71,Q_40930000,7.9986,-17.28992418232885
Normal,72,P_1944059,0.0,0.0
Normal,72,P_1944063,0.0,-12.246446391945144
Normal,72,P_1945002,0.0,-10.255518314242071
Normal,72,P_1945008,0.0,-11.878839489164735
Normal,72,P_1946000,0.0,0.0
Normal,72,P_2044008,0.0,-6.936258058556234
Normal,72,P_2044016,0.0,0.0
Normal,72,P_2044024,0.0,0.0
Normal,72,P_2044042,0.0,0.0
Normal,72,P_2045002,0.0,0.0
Normal,72,P_2046013,0.0,0.0
Normal,72,Q_40032000,8.3961,-8.13542056856208
Normal,72,Q_40050000,52.6737,0.0
Normal,72,Q_40060001,7.2136,-17.034911079898738
Normal,72,Q_40100000,118.48,-80.88185375126317
Normal,72,Q_40185000,9.7973,0.0
Normal,72,Q_40330000,34.9956,-59.52502247716041
Normal,72,Q_40800001,38.8079,0.0
Normal,72,Q_40850000,50.1556,-40.91638477615923
Normal,72,Q_40930000,5.4901,-24.26404122856917
Normal,73,P_1944059,11.6,11.762287024893816
Normal,73,P_1944063,5.1,10.558312066568798
Normal,73,P_1945002,7.5,12.017076780394103
Normal,73,P_1945008,0.0,0.0
Normal,73,P_1946000,0.0,6.494466249154256
Normal,73,P_2044008,20.2,19.336806884029922
Normal,73,P_2044016,12.8,0.0
Normal,73,P_2044024,1.0,0.0
Normal,73,P_2044042,0.0,0.0
Normal,73,P_2045002,17.3,0.0
Normal,73,P_2046013,0.0,0.0
Normal,73,Q_40032000,19.58,0.0
Normal,73,Q_40050000,92.9235,0.0
Normal,73,Q_40060001,13.3303,7.821231043390971
Normal,73,Q_40100000,246.85,92.70757687842804
Normal,73,Q_40185000,22.6724,0.0
Normal,73,Q_40330000,87.882,11.357299484934433
Normal,73,Q_40800001,112.924,5.436191653339932
Normal,73,Q_40850000,129.559,40.27856873879788
Normal,73,Q_40930000,10.395,0.0
Normal,74,P_1944059,0.0,0.0
Normal,74,P_1944063,3.0,0.0
Normal,74,P_1945002,0.0,-5.298747826564607
Normal,74,P_1945008,0.0,-10.928829271459819
Normal,74,P_1946000,0.0,0.0
Normal,74,P_2044008,20.3,11.962508024099463
Normal,74,P_2044016,27.3,24.973287050624652
Normal,74,P_2044024,8.4,0.0
Normal,74,P_2044042,1.8,0.0
Normal,74,P_2045002,0.0,0.0
Normal,74,P_2046013,52.0,38.95699516729832
Normal,74,Q_40032000,10.2156,0.0
Normal,74,Q_40050000,57.0191,0.0
Normal,74,Q_40060001,8.6292,-12.88670422138734
Normal,74,Q_40100000,58.1525,-161.63805013752028
Normal,74,Q_40185000,4.8876,0.0
Normal,74,Q_40330000,18.8556,-82.87677700558868
Normal,74,Q_40800001,45.9382,0.0
Normal,74,Q_40850000,23.6691,-70.43317198128538
Normal,74,Q_40930000,6.0141,-24.651910035299814
Normal,75,P_1944059,0.0,0.0
Normal,75,P_1944063,0.0,-12.146779592993433
Normal,75,P_1945002,0.0,-9.591051227037239
Normal,75,P_1945008,0.0,-12.255728491617488
Normal,75,P_1946000,0.0,0.0
Normal,75,P_2044008,47.9,83.56353525567583
Normal,75,P_2044016,0.0,-4.161606819650032
Normal,75,P_2044024,3.8,0.0
Normal,75,P_2044042,0.0,0.0
Normal,75,P_2045002,0.0,0.0
Normal,75,P_2046013,0.0,0.0
Normal,75,Q_40032000,11.4834,-6.598592526393164
Normal,75,Q_40050000,78.9255,0.0
Normal,75,Q_40060001,12.3855,0.0
Normal,75,Q_40100000,233.636,69.48655406222265
Normal,75,Q_40185000,15.0211,0.0
Normal,75,Q_40330000,55.0332,-32.42998363540832
Normal,75,Q_40800001,57.0666,0.0
Normal,75,Q_40850000,69.8027,-20.064946717766095
Normal,75,Q_40930000,9.9136,-14.845731452319335
Normal,76,P_1944059,0.0,-1.7924012542732606
Normal,76,P_1944063,0.0,-7.590886796965162
Normal,76,P_1945002,5.9,0.0
Normal,76,P_1945008,0.0,-8.617367259151766
Normal,76,P_1946000,6.2,-1.5781981245206111
Normal,76,P_2044008,7.1,0.0
Normal,76,P_2044016,1.3,0.0
Normal,76,P_2044024,17.8,0.0
Normal,76,P_2044042,2.1,0.0
Normal,76,P_2045002,0.0,0.0
Normal,76,P_2046013,0.0,0.0
Normal,76,Q_40032000,9.0278,-3.617297266350025
Normal,76,Q_40050000,38.1813,0.0
Normal,76,Q_40060001,6.0668,-19.993082274574757
Normal,76,Q_40100000,47.4535,-170.7061960400645
Normal,76,Q_40185000,7.7372,0.0
Normal,76,Q_40330000,18.8556,-78.68087916923365
Normal,76,Q_40800001,70.5534,0.0
Normal,76,Q_40850000,56.6319,-32.07685783808625
Normal,76,Q_40930000,7.6895,-17.77327571776976
Normal,77,P_1944059,0.0,0.0
Normal,77,P_1944063,0.0,-12.287323213603294
Normal,77,P_1945002,0.0,-9.712939783268128
Normal,77,P_1945008,0.0,-12.323695280531972
Normal,77,P_1946000,0.0,0.0
Normal,77,P_2044008,0.0,-6.836897294114138
Normal,77,P_2044016,0.0,0.0
Normal,77,P_2044024,0.0,0.0
Normal,77,P_2044042,0.0,0.0
Normal,77,P_2045002,0.0,0.0
Normal,77,P_2046013,0.0,0.0
Normal,77,Q_40032000,11.0303,-7.3207053316018005
Normal,77,Q_40050000,38.335,0.0
Normal,77,Q_40060001,7.6098,-15.3524472102681
Normal,77,Q_40100000,119.173,-78.91744061989243
Normal,77,Q_40185000,10.1356,0.0
Normal,77,Q_40330000,41.855,-50.571908197685346
Normal,77,Q_40800001,40.28,0.0
Normal,77,Q_40850000,54.6647,-36.65899527973284
Normal,77,Q_40930000,4.7209,-25.881681083026063
Normal,78,P_1944059,0.0,0.0
Normal,78,P_1944063,0.0,-13.272968573041604
Normal,78,P_1945002,0.0,-10.736395138652354
Normal,78,P_1945008,0.0,-12.079064621174144
Normal,78,P_1946000,0.0,0.0
Normal,78,P_2044008,0.0,-6.3422727239937045
Normal,78,P_2044016,0.0,0.0
Normal,78,P_2044024,0.0,0.0
Normal,78,P_2044042,0.0,0.0
Normal,78,P_2045002,0.0,0.0
Normal,78,P_2046013,12.7,9.316954555527673
Normal,78,Q_40032000,47.872,39.23051850423806
Normal,78,Q_40050000,142.171,0.0
Normal,78,Q_40060001,13.932,12.978145930804606
Normal,78,Q_40100000,274.947,133.11286811611558
Normal,78,Q_40185000,15.0433,0.0
Normal,78,Q_40330000,54.4336,-33.916809018761676
Normal,78,Q_40800001,42.374,0.0
Normal,78,Q_40850000,68.5147,-21.854839426349034
Normal,78,Q_40930000,15.3374,0.0
Normal,79,P_1944059,0.0,0.0
Normal,79,P_1944063,0.0,-12.969932746878326
Normal,79,P_1945002,0.0,-10.763535458809956
Normal,79,P_1945008,0.0,-13.101218016301454
Normal,79,P_1946000,0.0,0.0
Normal,79,P_2044008,0.0,-7.020473136555274
Normal,79,P_2044016,0.0,0.0
Normal,79,P_2044024,0.0,0.0
Normal,79,P_2044042,0.0,0.0
Normal,79,P_2045002,0.0,0.0
Normal,79,P_2046013,0.0,0.0
Normal,79,Q_40032000,12.7119,-5.869895351947235
Normal,79,Q_40050000,48.459,0.0
Normal,79,Q_40060001,9.2602,-9.595101408864162
Normal,79,Q_40100000,160.565,-24.956196410860343
Normal,79,Q_40185000,16.4869,0.0
Normal,79,Q_40330000,55.0332,-34.04747181743597
Normal,79,Q_40800001,49.1637,0.0
Normal,79,Q_40850000,64.0885,-26.450952807231864
Normal,79,Q_40930000,5.8669,-23.563316197433256
Normal,80,P_1944059,0.0,0.0
Normal,80,P_1944063,0.0,-11.606506200530749
Normal,80,P_1945002,0.0,-9.007240216815536
Normal,80,P_1945008,0.0,-12.197055288464457
Normal,80,P_1946000,0.0,0.0
Normal,80,P_2044008,0.0,-6.7906330774882235
Normal,80,P_2044016,0.0,0.0
Normal,80,P_2044024,0.0,0.0
Normal,80,P_2044042,0.0,0.0
Normal,80,P_2045002,0.0,0.0
Normal,80,P_2046013,0.0,0.0
Normal,80,Q_40032000,9.4191,-7.452461280779975
Normal,80,Q_40050000,32.204,0.0
Normal,80,Q_40060001,6.5369,-18.894753826459954
Normal,80,Q_40100000,97.9464,-106.75948071482726
Normal,80,Q_40185000,8.5132,0.0
Normal,80,Q_40330000,32.4766,-63.07129112363977
Normal,80,Q_40800001,34.2567,0.0
Normal,80,Q_40850000,43.918,-48.07121054286813
Normal,80,Q_40930000,3.9737,-27.53598402966253
Normal,81,P_1944059,0.0,0.0
Normal,81,P_1944063,0.0,-11.707507648409745
Normal,81,P_1945002,18.2,38.07393773705663
Normal,81,P_1945008,6.1,0.0
Normal,81,P_1946000,15.4,-14.651193109693148
Normal,81,P_2044008,0.0,0.0
Normal,81,P_2044016,5.5,0.0
Normal,81,P_2044024,4.6,0.0
Normal,81,P_2044042,1.2,0.0
Normal,81,P_2045002,4.1,0.0
Normal,81,P_2046013,0.0,0.0
Normal,81,Q_40032000,49.1294,31.126714067115348
Normal,81,Q_40050000,186.939,11.077082588428146
Normal,81,Q_40060001,12.5024,8.470275553664367
Normal,81,Q_40100000,257.972,115.52391396369626
Normal,81,Q_40185000,12.735,0.0
Normal,81,Q_40330000,47.9961,-44.071718363917064
Normal,81,Q_40800001,48.7077,0.0
Normal,81,Q_40850000,65.3401,-26.44073706046523
Normal,81,Q_40930000,31.5568,35.942962650675305
Normal,82,P_1944059,0.0,0.0
Normal,82,P_1944063,0.0,-13.161254983097354
Normal,82,P_1945002,0.0,-10.38668239482385
Normal,82,P_1945008,0.0,-12.72559111656343
Normal,82,P_1946000,0.0,0.0
Normal,82,P_2044008,0.0,-6.641069881072497
Normal,82,P_2044016,0.0,0.0
Normal,82,P_2044024,0.0,0.0
Normal,82,P_2044042,0.0,0.0
Normal,82,P_2045002,0.0,0.0
Normal,82,P_2046013,0.0,0.0
Normal,82,Q_40032000,12.2852,-6.469247601629199
Normal,82,Q_40050000,46.5785,0.0
Normal,82,Q_40060001,8.8379,-10.731566003315399
Normal,82,Q_40100000,146.333,-44.023122450473956
Normal,82,Q_40185000,15.0433,0.0
Normal,82,Q_40330000,50.3033,-39.92859864393805
Normal,82,Q_40800001,49.1637,0.0
Normal,82,Q_40850000,64.0885,-26.678304084940933
Normal,82,Q_40930000,5.4736,-24.209721622150646
Normal,83,P_1944059,0.0,0.0
Normal,83,P_1944063,0.0,-13.188551056642693
Normal,83,P_1945002,0.0,-11.733274429993145
Normal,83,P_1945008,0.0,-13.178540977715803
Normal,83,P_1946000,0.0,0.0
Normal,83,P_2044008,0.2,-6.6860690930605955
Normal,83,P_2044016,0.0,0.0
Normal,83,P_2044024,0.0,0.0
Normal,83,P_2044042,0.0,0.0
Normal,83,P_2045002,0.0,0.0
Normal,83,P_2046013,0.0,0.0
Normal,83,Q_40032000,15.0559,-4.280191481030896
Normal,83,Q_40050000,58.6392,0.0
Normal,83,Q_40060001,8.3191,-11.967549439749698
Normal,83,Q_40100000,215.927,49.11015239645004
Normal,83,Q_40185000,13.0142,0.0
Normal,83,Q_40330000,47.9961,-42.49636130465165
Normal,83,Q_40800001,58.9345,0.0
Normal,83,Q_40850000,79.107,-11.057482221399749
Normal,83,Q_40930000,13.3039,-7.3780480101486745
Normal,84,P_1944059,0.0,-3.521319257019044
Normal,84,P_1944063,0.0,-11.25875151459816
Normal,84,P_1945002,0.0,-10.217572096449768
Normal,84,P_1945008,0.0,-10.681452886950819
Normal,84,P_1946000,0.0,0.0
Normal,84,P_2044008,0.0,-2.627695254373876
Normal,84,P_2044016,0.0,0.0
Normal,84,P_2044024,0.0,0.0
Normal,84,P_2044042,0.0,0.0
Normal,84,P_2045002,0.0,0.0
Normal,84,P_2046013,0.0,-3.6153726582476495
Normal,84,Q_40032000,18.3779,0.0
Normal,84,Q_40050000,116.695,0.0
Normal,84,Q_40060001,8.6292,-8.618578098638425
Normal,84,Q_40100000,195.362,0.0
Normal,84,Q_40185000,21.5977,0.0
Normal,84,Q_40330000,47.9961,-40.61035858885774
Normal,84,Q_40800001,40.9814,0.0
Normal,84,Q_40850000,60.3967,-28.20626976580903
Normal,84,Q_40930000,10.8599,-9.624033778248327
Normal,85,P_1944059,6.0,0.0
Normal,85,P_1944063,1.0,-5.479201351530746
Normal,85,P_1945002,0.0,-5.063112097323363
Normal,85,P_1945008,0.0,-9.50198915972345
Normal,85,P_1946000,9.2,-2.973169982850976
Normal,85,P_2044008,10.5,0.0
Normal,85,P_2044016,2.1,0.0
Normal,85,P_2044024,4.4,0.0
Normal,85,P_2044042,46.0,27.054716851098302
Normal,85,P_2045002,0.0,0.0
Normal,85,P_2046013,5.0,0.0
Normal,85,Q_40032000,10.2156,-4.284110833026932
Normal,85,Q_40050000,23.6445,0.0
Normal,85,Q_40060001,5.8819,-21.260590379676024
Normal,85,Q_40100000,110.523,-89.43634028023878
Normal,85,Q_40185000,12.735,0.0
Normal,85,Q_40330000,42.949,-47.87226117738273
Normal,85,Q_40800001,55.5582,0.0
Normal,85,Q_40850000,94.732,0.0
Normal,85,Q_40930000,4.54,-24.602418242444394
Normal,86,P_1944059,8.0,0.0
Normal,86,P_1944063,0.0,-8.568433409991167
Normal,86,P_1945002,9.1,15.243804055233975
Normal,86,P_1945008,0.0,-8.727439562611577
Normal,86,P_1946000,0.0,0.0
Normal,86,P_2044008,0.0,-4.132029518996641
Normal,86,P_2044016,0.0,-1.3516879608756653
Normal,86,P_2044024,0.0,0.0
Normal,86,P_2044042,0.0,0.0
Normal,86,P_2045002,0.0,0.0
Normal,86,P_2046013,0.0,0.0
Normal,86,Q_40032000,6.784,-5.790579670380767
Normal,86,Q_40050000,29.326,0.0
Normal,86,Q_40060001,5.8819,-20.150068974979902
Normal,86,Q_40100000,106.277,-94.44784833538898
Normal,86,Q_40185000,10.9806,0.0
Normal,86,Q_40330000,38.1066,-54.4490281879101
Normal,86,Q_40800001,50.9766,0.0
Normal,86,Q_40850000,48.8886,-40.84319975516703
Normal,86,Q_40930000,18.4181,0.0
Normal,87,P_1944059,16.0,24.81746788612931
Normal,87,P_1944063,0.4,-10.573124403163265
Normal,87,P_1945002,3.6,0.0
Normal,87,P_1945008,0.0,-11.71346146547274
Normal,87,P_1946000,0.0,0.0
Normal,87,P_2044008,15.0,10.471454316473437
Normal,87,P_2044016,3.1,0.0
Normal,87,P_2044024,3.1,0.0
Normal,87,P_2044042,0.2,0.0
Normal,87,P_2045002,0.0,0.0
Normal,87,P_2046013,0.0,0.0
Normal,87,Q_40032000,16.0405,0.0
Normal,87,Q_40050000,70.0004,0.0
Normal,87,Q_40060001,8.7334,-11.556346381875684
Normal,87,Q_40100000,113.384,-87.44427692819806
Normal,87,Q_40185000,17.473,0.0
Normal,87,Q_40330000,58.0662,-28.62537316518445
Normal,87,Q_40800001,123.464,9.12719628104665
Normal,87,Q_40850000,169.939,82.94146518885046
Normal,87,Q_40930000,14.1721,-5.960035598892254
Normal,88,P_1944059,1.2,0.0
Normal,88,P_1944063,4.4,0.0
Normal,88,P_1945002,28.8,71.06548506201894
Normal,88,P_1945008,0.0,-11.421641701985923
Normal,88,P_1946000,4.2,0.0
Normal,88,P_2044008,8.6,0.0
Normal,88,P_2044016,0.7,0.0
Normal,88,P_2044024,1.0,0.0
Normal,88,P_2044042,6.3,0.0
Normal,88,P_2045002,21.5,4.625715591724216
Normal,88,P_2046013,0.0,0.0
Normal,88,Q_40032000,14.0168,0.0
Normal,88,Q_40050000,233.868,11.80558456408807
Normal,88,Q_40060001,8.2165,-12.593993280851013
Normal,88,Q_40100000,181.85,6.590667352065664
Normal,88,Q_40185000,21.5977,0.0
Normal,88,Q_40330000,63.0395,-22.451560267421463
Normal,88,Q_40800001,108.713,10.306753571388708
Normal,88,Q_40850000,130.404,47.1727626769951
Normal,88,Q_40930000,7.3307,-20.106262916433923
Normal,89,P_1944059,0.0,0.0
Normal,89,P_1944063,0.0,-12.826318001240981
Normal,89,P_1945002,0.0,-11.441972873672585
Normal,89,P_1945008,0.0,-12.840486950706886
Normal,89,P_1946000,0.0,0.0
Normal,89,P_2044008,0.0,-6.968270531225528
Normal,89,P_2044016,0.0,0.0
Normal,89,P_2044024,0.0,0.0
Normal,89,P_2044042,0.0,0.0
Normal,89,P_2045002,0.0,0.0
Normal,89,P_2046013,0.0,0.0
Normal,89,Q_40032000,9.8987,-8.000700121851867
Normal,89,Q_40050000,60.8265,0.0
Normal,89,Q_40060001,9.581,-7.742087854731337
Normal,89,Q_40100000,168.635,-14.29386381574083
Normal,89,Q_40185000,8.9491,0.0
Normal,89,Q_40330000,31.9809,-63.967360263448825
Normal,89,Q_40800001,45.4647,0.0
Normal,89,Q_40850000,60.3967,-30.2381808073053
Normal,89,Q_40930000,7.0195,-21.031394857003068
Normal,90,P_1944059,67.4,115.47194747347856
Normal,90,P_1944063,38.2,53.261133565256245
Normal,90,P_1945002,5.8,0.0
Normal,90,P_1945008,4.176190476,0.0
Normal,90,P_1946000,0.0,6.538311606006886
Normal,90,P_2044008,17.6,0.0
Normal,90,P_2044016,45.7,15.251673930875262
Normal,90,P_2044024,24.4,0.0
Normal,90,P_2044042,25.2,-17.556763612692066
Normal,90,P_2045002,32.8,13.940898751220967
Normal,90,P_2046013,29.0,0.0
Normal,90,Q_40032000,6.4284,0.0
Normal,90,Q_40050000,28.7656,0.0
Normal,90,Q_40060001,5.161,-28.483524429936146
Normal,90,Q_40100000,100.699,-108.5115223277289
Normal,90,Q_40185000,8.9101,0.0
Normal,90,Q_40330000,31.488,-64.28689442301153
Normal,90,Q_40800001,39.4092,0.0
Normal,90,Q_40850000,44.5306,-48.53867126859962
Normal,90,Q_40930000,15.6359,0.0
Normal,91,P_1944059,10.0,8.115647389474077
Normal,91,P_1944063,4.9,0.0
Normal,91,P_1945002,0.0,-5.324163541283652
Normal,91,P_1945008,15.9,26.39548949294096
Normal,91,P_1946000,5.2,0.0
Normal,91,P_2044008,11.0,0.0
Normal,91,P_2044016,10.7,0.0
Normal,91,P_2044024,12.0,0.0
Normal,91,P_2044042,2.0,0.0
Normal,91,P_2045002,4.6,0.0
Normal,91,P_2046013,0.0,0.0
Normal,91,Q_40032000,13.7968,-4.2217654017979696
Normal,91,Q_40050000,79.2594,0.0
Normal,91,Q_40060001,8.0126,-13.729239495780673
Normal,91,Q_40100000,132.531,-59.32374455890992
Normal,91,Q_40185000,9.3129,0.0
Normal,91,Q_40330000,32.4766,-64.37555073308832
Normal,91,Q_40800001,31.8011,-3.3263224286997244
Normal,91,Q_40850000,37.3481,-56.200408331113124
Normal,91,Q_40930000,10.14,-13.305921486247048
Normal,92,P_1944059,0.0,0.0
Normal,92,P_1944063,0.0,-11.402732033591848
Normal,92,P_1945002,0.0,-9.402455840055612
Normal,92,P_1945008,0.0,-12.37313821093813
Normal,92,P_1946000,0.0,0.0
Normal,92,P_2044008,0.0,-7.225622674006688
Normal,92,P_2044016,0.0,0.0
Normal,92,P_2044024,0.0,0.0
Normal,92,P_2044042,0.0,0.0
Normal,92,P_2045002,0.0,0.0
Normal,92,P_2046013,0.0,0.0
Normal,92,Q_40032000,9.815,-7.425090336753783
Normal,92,Q_40050000,34.3941,0.0
Normal,92,Q_40060001,6.7281,-18.74485108284936
Normal,92,Q_40100000,104.874,-97.57591558751609
Normal,92,Q_40185000,8.9101,0.0
Normal,92,Q_40330000,36.5392,-57.69556385710707
Normal,92,Q_40800001,36.8171,0.0
Normal,92,Q_40850000,47.6312,-43.73084104502451
Normal,92,Q_40930000,4.1869,-26.86317052627166
Normal,93,P_1944059,0.0,0.0
Normal,93,P_1944063,0.0,-12.903373324072971
Normal,93,P_1945002,0.0,-9.869053316611305
Normal,93,P_1945008,0.0,-12.46208472248947
Normal,93,P_1946000,0.0,0.0
Normal,93,P_2044008,0.0,0.0
Normal,93,P_2044016,0.0,0.0
Normal,93,P_2044024,0.0,0.0
Normal,93,P_2044042,0.0,0.0
Normal,93,P_2045002,0.0,0.0
Normal,93,P_2046013,0.0,0.0
Normal,93,Q_40032000,12.2852,-6.899486831573938
Normal,93,Q_40050000,67.5747,0.0
Normal,93,Q_40060001,7.1157,-17.451053766830448
Normal,93,Q_40100000,110.523,-90.95341981785778
Normal,93,Q_40185000,8.1222,0.0
Normal,93,Q_40330000,30.0259,-66.91094039285952
Normal,93,Q_40800001,23.4079,-6.302538587846325
Normal,93,Q_40850000,30.0057,-62.7539156701951
Normal,93,Q_40930000,7.0112,-21.529736687606043
Normal,94,P_1944059,0.0,0.0
Normal,94,P_1944063,0.0,-13.757274280650398
Normal,94,P_1945002,12.8,25.593318170404647
Normal,94,P_1945008,0.0,-13.542210480240414
Normal,94,P_1946000,30.2,-27.92527531161546
Normal,94,P_2044008,0.0,0.0
Normal,94,P_2044016,0.0,0.0
Normal,94,P_2044024,34.6,18.329468250932315
Normal,94,P_2044042,0.0,0.0
Normal,94,P_2045002,0.1,0.0
Normal,94,P_2046013,5.4,0.0
Normal,94,Q_40032000,33.8303,11.459564452251717
Normal,94,Q_40050000,101.397,0.0
Normal,94,Q_40060001,17.8458,25.45547141424197
Normal,94,Q_40100000,178.521,0.0
Normal,94,Q_40185000,27.7127,0.0
Normal,94,Q_40330000,84.354,0.0
Normal,94,Q_40800001,150.444,9.361645637423578
Normal,94,Q_40850000,241.923,151.01975553968393
Normal,94,Q_40930000,7.1134,-20.922339459593488
Normal,95,P_1944059,0.0,0.0
Normal,95,P_1944063,0.0,-11.772732850901312
Normal,95,P_1945002,0.0,-9.412557964718342
Normal,95,P_1945008,0.0,-11.637692541799746
Normal,95,P_1946000,0.0,0.0
Normal,95,P_2044008,0.0,-6.629634147319678
Normal,95,P_2044016,0.0,0.0
Normal,95,P_2044024,0.0,0.0
Normal,95,P_2044042,0.0,0.0
Normal,95,P_2045002,0.0,0.0
Normal,95,P_2046013,0.0,0.0
Normal,95,Q_40032000,9.0278,-7.244621331932215
Normal,95,Q_40050000,29.8916,0.0
Normal,95,Q_40060001,6.0668,-20.880026122159165
Normal,95,Q_40100000,88.506,-119.04677197274475
Normal,95,Q_40185000,7.3583,0.0
Normal,95,Q_40330000,32.9749,-62.24737014386021
Normal,95,Q_40800001,31.7295,0.0
Normal,95,Q_40850000,50.7927,-40.369520233700385
Normal,95,Q_40930000,3.1479,-29.760572415252312
Normal,96,P_1944059,0.0,0.0
Normal,96,P_1944063,0.0,-11.475072507261682
Normal,96,P_1945002,0.0,-10.246259040775382
Normal,96,P_1945008,0.0,-12.094473461689882
Normal,96,P_1946000,0.0,0.0
Normal,96,P_2044008,0.0,-6.365936105402682
Normal,96,P_2044016,0.0,0.0
Normal,96,P_2044024,0.0,0.0
Normal,96,P_2044042,0.0,0.0
Normal,96,P_2045002,0.0,0.0
Normal,96,P_2046013,0.0,0.0
Normal,96,Q_40032000,10.6207,-7.041775760813646
Normal,96,Q_40050000,35.8228,0.0
Normal,96,Q_40060001,7.1157,-17.282319691587222
Normal,96,Q_40100000,110.523,-90.6728923899932
Normal,96,Q_40185000,9.3129,0.0
Normal,96,Q_40330000,37.5815,-56.58828389543996
Normal,96,Q_40800001,38.5417,0.0
Normal,96,Q_40850000,49.5209,-41.885109070511376
Normal,96,Q_40930000,4.362,-26.32221715638188
Normal,97,P_1944059,0.0,0.0
Normal,97,P_1944063,0.0,-11.985784491707285
Normal,97,P_1945002,0.0,-9.32806136687533
Normal,97,P_1945008,0.0,-12.137657441249125
Normal,97,P_1946000,0.0,0.0
Normal,97,P_2044008,0.0,-6.856791719086971
Normal,97,P_2044016,0.0,0.0
Normal,97,P_2044024,0.0,0.0
Normal,97,P_2044042,0.0,0.0
Normal,97,P_2045002,0.0,0.0
Normal,97,P_2046013,0.0,0.0
Normal,97,Q_40032000,9.815,-7.118502467202667
Normal,97,Q_40050000,34.5966,0.0
Normal,97,Q_40060001,6.8243,-17.558524251414575
Normal,97,Q_40100000,106.277,-96.1960212450019
Normal,97,Q_40185000,8.9101,0.0
Normal,97,Q_40330000,37.059,-57.502658164891294
Normal,97,Q_40800001,36.8171,0.0
Normal,97,Q_40850000,47.6312,-44.064948750213595
Normal,97,Q_40930000,4.1869,-26.93277138436255
Normal,98,P_1944059,5.2,0.0
Normal,98,P_1944063,0.9,0.0
Normal,98,P_1945002,0.0,-15.381726981315381
Normal,98,P_1945008,0.0,-15.913816365178652
Normal,98,P_1946000,16.2,-13.354112075907588
Normal,98,P_2044008,0.0,0.0
Normal,98,P_2044016,4.6,0.0
Normal,98,P_2044024,4.0,0.0
Normal,98,P_2044042,9.7,0.0
Normal,98,P_2045002,0.3,0.0
Normal,98,P_2046013,2.7,0.0
Normal,98,Q_40032000,26.1651,11.276445203229699
Normal,98,Q_40050000,173.079,0.0
Normal,98,Q_40060001,26.4328,72.06549216474292
Normal,98,Q_40100000,368.977,254.56301295248684
Normal,98,Q_40185000,47.3917,-11.395777277270781
Normal,98,Q_40330000,127.127,59.99876948153564
Normal,98,Q_40800001,114.863,0.0
Normal,98,Q_40850000,138.992,49.568455186351784
Normal,98,Q_40930000,65.3409,111.43908281603879
Normal,99,P_1944059,0.0,0.0
Normal,99,P_1944063,0.0,-12.934269129978311
Normal,99,P_1945002,0.0,-9.894027338755045
Normal,99,P_1945008,0.0,-12.642994440628568
Normal,99,P_1946000,0.0,0.0
Normal,99,P_2044008,0.0,-7.178339529667417
Normal,99,P_2044016,0.0,0.0
Normal,99,P_2044024,0.0,0.0
Normal,99,P_2044042,0.0,0.0
Normal,99,P_2045002,0.0,0.0
Normal,99,P_2046013,0.0,0.0
Normal,99,Q_40032000,13.7968,0.0
Normal,99,Q_40050000,79.662,0.0
Normal,99,Q_40060001,8.2165,-13.29319135026112
Normal,99,Q_40100000,132.531,-62.5360337879032
Normal,99,Q_40185000,9.3129,0.0
Normal,99,Q_40330000,34.4864,-61.47558321307407
Normal,99,Q_40800001,26.7461,-6.256229433877621
Normal,99,Q_40850000,37.9323,-54.45415169103445
Normal,99,Q_40930000,10.4989,-14.273828857059934
Normal,100,P_1944059,0.0,0.0
Normal,100,P_1944063,0.0,-12.330290175792777
Normal,100,P_1945002,0.0,-10.419008352521914
Normal,100,P_1945008,0.0,-13.046350627347918
Normal,100,P_1946000,6.2,0.0
Normal,100,P_2044008,0.0,-7.602838502866784
Normal,100,P_2044016,0.0,0.0
Normal,100,P_2044024,0.0,0.0
Normal,100,P_2044042,0.0,0.0
Normal,100,P_2045002,0.1,0.0
Normal,100,P_2046013,0.0,0.0
Normal,100,Q_40032000,10.6207,-7.30110839645414
Normal,100,Q_40050000,37.069,0.0
Normal,100,Q_40060001,5.161,-24.16135719265757
Normal,100,Q_40100000,110.523,-91.19901118337792
Normal,100,Q_40185000,14.5717,0.0
Normal,100,Q_40330000,49.1448,-41.692887959993655
Normal,100,Q_40800001,52.8009,0.0
Normal,100,Q_40850000,59.7906,-31.330329869791658
Normal,100,Q_40930000,4.54,-26.02789082784165
Normal,101,P_1944059,4.0,0.0
Normal,101,P_1944063,10.5,28.458099471757276
Normal,101,P_1945002,25.8,58.52680473738938
Normal,101,P_1945008,0.0,-12.4583499025804
Normal,101,P_1946000,8.0,0.0
Normal,101,P_2044008,33.2,36.007210407526834
Normal,101,P_2044016,2.8,0.0
Normal,101,P_2044024,35.5,10.72673574686728
Normal,101,P_2044042,0.4,0.0
Normal,101,P_2045002,4.1,0.0
Normal,101,P_2046013,2.7,0.0
Normal,101,Q_40032000,17.1979,0.0
Normal,101,Q_40050000,123.575,0.0
Normal,101,Q_40060001,8.6292,-13.046021035607964
Normal,101,Q_40100000,274.947,132.19373347010006
Normal,101,Q_40185000,29.4644,0.0
Normal,101,Q_40330000,70.1141,-14.358819567350391
Normal,101,Q_40800001,167.148,12.72744432029578
Normal,101,Q_40850000,271.411,191.88250552272177
Normal,101,Q_40930000,13.6033,0.0
Normal,102,P_1944059,19.4,26.08369024639694
Normal,102,P_1944063,0.0,-7.303862438165478
Normal,102,P_1945002,0.0,-5.072475401893493
Normal,102,P_1945008,9.3,11.637823078279808
Normal,102,P_1946000,0.0,0.0
Normal,102,P_2044008,10.1,0.0
Normal,102,P_2044016,0.0,0.0
Normal,102,P_2044024,11.3,0.0
Normal,102,P_2044042,0.2,0.0
Normal,102,P_2045002,1.6,0.0
Normal,102,P_2046013,7.8,0.0
Normal,102,Q_40032000,10.2156,-4.379189610332853
Normal,102,Q_40050000,24.6215,0.0
Normal,102,Q_40060001,5.5177,-22.300385836727703
Normal,102,Q_40100000,114.822,-83.8166566652609
Normal,102,Q_40185000,10.5553,0.0
Normal,102,Q_40330000,36.022,-56.979255720834935
Normal,102,Q_40800001,77.452,0.0
Normal,102,Q_40850000,59.7906,-30.038830653806745
Normal,102,Q_40930000,5.4736,-22.103429109738137
Normal,103,P_1944059,0.0,0.0
Normal,103,P_1944063,0.0,-11.533291124762853
Normal,103,P_1945002,0.0,-9.625369457126059
Normal,103,P_1945008,0.0,-11.594991833674774
Normal,103,P_1946000,0.0,0.0
Normal,103,P_2044008,0.0,-7.270704988373325
Normal,103,P_2044016,0.0,0.0
Normal,103,P_2044024,0.0,0.0
Normal,103,P_2044042,0.0,0.0
Normal,103,P_2045002,0.0,0.0
Normal,103,P_2046013,0.0,0.0
Normal,103,Q_40032000,9.0278,-7.613710500930481
Normal,103,Q_40050000,29.326,0.0
Normal,103,Q_40060001,5.9741,-21.243305949234315
Normal,103,Q_40100000,87.1825,-120.33168406865342
Normal,103,Q_40185000,7.3583,0.0
Normal,103,Q_40330000,32.9749,-62.52857779284404
Normal,103,Q_40800001,29.2371,0.0
Normal,103,Q_40850000,47.0062,-44.31757591561625
Normal,103,Q_40930000,3.1479,-29.100689582430466
Normal,104,P_1944059,0.0,0.0
Normal,104,P_1944063,0.0,-13.32563066428559
Normal,104,P_1945002,0.0,-9.790249718090287
Normal,104,P_1945008,0.0,-12.50655010669098
Normal,104,P_1946000,0.0,0.0
Normal,104,P_2044008,0.0,-6.3838144803392955
Normal,104,P_2044016,0.0,0.0
Normal,104,P_2044024,0.0,0.0
Normal,104,P_2044042,0.2,0.0
Normal,104,P_2045002,0.0,0.0
Normal,104,P_2046013,0.0,-4.798819641350917
Normal,104,Q_40032000,16.7322,0.0
Normal,104,Q_40050000,70.6155,0.0
Normal,104,Q_40060001,6.8243,-18.51236818903735
Normal,104,Q_40100000,141.684,-49.11893266197513
Normal,104,Q_40185000,7.3583,0.0
Normal,104,Q_40330000,41.855,-51.20834732098417
Normal,104,Q_40800001,38.1247,0.0
Normal,104,Q_40850000,57.9547,-32.75850582324311
Normal,104,Q_40930000,8.4572,-18.530791494367907
Normal,105,P_1944059,0.0,0.0
Normal,105,P_1944063,0.0,-12.836860036588575
Normal,105,P_1945002,0.0,-11.140893439809066
Normal,105,P_1945008,0.0,-12.51937092535221
Normal,105,P_1946000,0.0,0.0
Normal,105,P_2044008,0.0,-6.049516427029175
Normal,105,P_2044016,0.0,0.0
Normal,105,P_2044024,0.0,0.0
Normal,105,P_2044042,0.0,0.0
Normal,105,P_2045002,0.4,0.0
Normal,105,P_2046013,0.0,-5.177178805409398
Normal,105,Q_40032000,10.439,-6.75959679262692
Normal,105,Q_40050000,65.6012,0.0
Normal,105,Q_40060001,10.3429,-4.66439940741634
Normal,105,Q_40100000,178.536,0.0
Normal,105,Q_40185000,9.3692,0.0
Normal,105,Q_40330000,33.9799,-60.72422221626342
Normal,105,Q_40800001,54.3056,0.0
Normal,105,Q_40850000,67.2371,-22.76959696899891
Normal,105,Q_40930000,7.648,-19.406480305480088
Normal,106,P_1944059,24.8,12.013845315583678
Normal,106,P_1944063,22.6,41.78510154500412
Normal,106,P_1945002,0.0,0.0
Normal,106,P_1945008,5.4,0.0
Normal,106,P_1946000,5.4,0.0
Normal,106,P_2044008,22.9,13.529994452822407
Normal,106,P_2044016,54.0,53.39755470298015
Normal,106,P_2044024,17.0,0.0
Normal,106,P_2044042,24.7,-15.428263595386596
Normal,106,P_2045002,52.9,46.90625242314546
Normal,106,P_2046013,13.3,0.0
Normal,106,Q_40032000,17.9032,0.0
Normal,106,Q_40050000,105.337,0.0
Normal,106,Q_40060001,11.0107,0.0
Normal,106,Q_40100000,165.402,-22.48843391320612
Normal,106,Q_40185000,10.9806,0.0
Normal,106,Q_40330000,39.6976,-57.51446694133435
Normal,106,Q_40800001,53.5073,0.0
Normal,106,Q_40850000,56.6319,-38.04817929811428
Normal,106,Q_40930000,34.5425,39.72291846009391
Normal,107,P_1944059,0.0,0.0
Normal,107,P_1944063,0.0,-12.37399513999503
Normal,107,P_1945002,0.0,-10.188911954092296
Normal,107,P_1945008,0.0,-12.240605291926551
Normal,107,P_1946000,0.0,0.0
Normal,107,P_2044008,0.0,-7.043534465332641
Normal,107,P_2044016,0.0,0.0
Normal,107,P_2044024,0.0,0.0
Normal,107,P_2044042,0.0,0.0
Normal,107,P_2045002,0.0,0.0
Normal,107,P_2046013,0.0,0.0
Normal,107,Q_40032000,8.6394,-7.945982720499044
Normal,107,Q_40050000,52.9905,0.0
Normal,107,Q_40060001,7.312,-16.186192952145795
Normal,107,Q_40100000,121.596,-76.0213482703673
Normal,107,Q_40185000,8.5372,0.0
Normal,107,Q_40330000,29.5441,-66.93274426428934
Normal,107,Q_40800001,38.8079,0.0
Normal,107,Q_40850000,51.4322,-40.25226398214919
Normal,107,Q_40930000,5.7909,-23.38638577148161
Normal,108,P_1944059,0.0,-1.9680034203399828
Normal,108,P_1944063,0.7,-6.461865810281668
Normal,108,P_1945002,5.3,0.0
Normal,108,P_1945008,4.2,0.0
Normal,108,P_1946000,2.1,0.0
Normal,108,P_2044008,5.0,0.0
Normal,108,P_2044016,0.0,-2.017126201642499
Normal,108,P_2044024,0.0,0.0
Normal,108,P_2044042,0.0,0.0
Normal,108,P_2045002,16.4,0.0
Normal,108,P_2046013,1.3,0.0
Normal,108,Q_40032000,17.6672,-3.418250636205446
Normal,108,Q_40050000,79.2594,0.0
Normal,108,Q_40060001,6.442,-19.026753851525214
Normal,108,Q_40100000,97.9464,-106.26579627361453
Normal,108,Q_40185000,10.9806,0.0
Normal,108,Q_40330000,32.9749,-61.8491041814974
Normal,108,Q_40800001,38.483,-2.3174918699936935
Normal,108,Q_40850000,42.7002,-47.81462686048611
Normal,108,Q_40930000,8.0325,-18.018623807278153
Normal,109,P_1944059,0.0,0.0
Normal,109,P_1944063,20.0,46.15228608918319
Normal,109,P_1945002,12.6,13.86599062974597
Normal,109,P_1945008,7.2,4.717449936821843
Normal,109,P_1946000,0.0,6.978615269530123
Normal,109,P_2044008,38.9,47.713490755779496
Normal,109,P_2044016,0.0,0.0
Normal,109,P_2044024,23.0,0.0
Normal,109,P_2044042,6.7,0.0
Normal,109,P_2045002,1.5,0.0
Normal,109,P_2046013,0.0,0.0
Normal,109,Q_40032000,16.5126,0.0
Normal,109,Q_40050000,100.617,0.0
Normal,109,Q_40060001,6.8243,-22.59110628665099
Normal,109,Q_40100000,191.955,21.506653282146402
Normal,109,Q_40185000,12.735,0.0
Normal,109,Q_40330000,53.8364,-37.000310399542215
Normal,109,Q_40800001,78.1549,0.0
Normal,109,Q_40850000,67.8746,-24.10486824371301
Normal,109,Q_40930000,20.0467,7.763061083131354
Normal,110,P_1944059,1.0,0.0
Normal,110,P_1944063,1.8,0.0
Normal,110,P_1945002,0.0,-6.183686625005234
Normal,110,P_1945008,0.0,-9.67428952715826
Normal,110,P_1946000,0.0,0.0
Normal,110,P_2044008,0.0,-4.7736994873916405
Normal,110,P_2044016,77.7,140.72224725972654
Normal,110,P_2044024,5.8,0.0
Normal,110,P_2044042,20.6,-4.952549968679791
Normal,110,P_2045002,0.0,0.0
Normal,110,P_2046013,0.0,-3.1369953458139435
Normal,110,Q_40032000,18.8561,0.0
Normal,110,Q_40050000,91.274,0.0
Normal,110,Q_40060001,12.8551,0.0
Normal,110,Q_40100000,276.854,126.29148005569165
Normal,110,Q_40185000,34.3023,0.0
Normal,110,Q_40330000,61.7824,-23.28220338092839
Normal,110,Q_40800001,47.0851,0.0
Normal,110,Q_40850000,77.071,-12.434508743946095
Normal,110,Q_40930000,9.4285,-15.19092616303144
Normal,111,P_1944059,0.0,0.0
Normal,111,P_1944063,0.0,-17.68545094979224
Normal,111,P_1945002,11.6,29.020050347590264
Normal,111,P_1945008,0.0,-15.775339252607482
Normal,111,P_1946000,11.2,-7.23978365709751
Normal,111,P_2044008,0.0,-7.705783686472444
Normal,111,P_2044016,0.0,0.0
Normal,111,P_2044024,0.0,0.0
Normal,111,P_2044042,0.0,0.0
Normal,111,P_2045002,2.5,0.0
Normal,111,P_2046013,1.6,0.0
Normal,111,Q_40032000,18.5825,0.0
Normal,111,Q_40050000,159.963,0.0
Normal,111,Q_40060001,19.0386,30.100995579377898
Normal,111,Q_40100000,314.505,182.26970689501522
Normal,111,Q_40185000,40.4972,-6.578976222512406
Normal,111,Q_40330000,144.086,83.74629517935367
Normal,111,Q_40800001,81.9191,0.0
Normal,111,Q_40850000,128.715,39.640075227327124
Normal,111,Q_40930000,15.0575,0.0
Normal,112,P_1944059,0.0,0.0
Normal,112,P_1944063,0.0,-9.352494555716858
Normal,112,P_1945002,0.0,-6.861597959757581
Normal,112,P_1945008,0.0,-9.974197840921981
Normal,112,P_1946000,0.0,0.0
Normal,112,P_2044008,0.0,-5.126351034288277
Normal,112,P_2044016,0.0,0.0
Normal,112,P_2044024,19.5,0.0
Normal,112,P_2044042,19.7,0.0
Normal,112,P_2045002,0.0,0.0
Normal,112,P_2046013,0.0,0.0
Normal,112,Q_40032000,15.1315,-4.2758473534848065
Normal,112,Q_40050000,70.0004,0.0
Normal,112,Q_40060001,9.581,-6.421851052609966
Normal,112,Q_40100000,128.028,-66.77501800866895
Normal,112,Q_40185000,13.1866,0.0
Normal,112,Q_40330000,45.1672,-44.894037540699266
Normal,112,Q_40800001,76.4744,0.0
Normal,112,Q_40850000,116.352,27.237233365668015
Normal,112,Q_40930000,10.395,-12.69520090308818
Normal,113,P_1944059,0.0,0.0
Normal,113,P_1944063,0.0,-16.473823882186146
Normal,113,P_1945002,0.0,-13.958664513948355
Normal,113,P_1945008,0.0,-14.513187654473736
Normal,113,P_1946000,0.0,6.633233818153087
Normal,113,P_2044008,0.0,-7.79546733878116
Normal,113,P_2044016,0.0,-4.559400882262934
Normal,113,P_2044024,0.0,0.0
Normal,113,P_2044042,0.0,0.0
Normal,113,P_2045002,0.0,0.0
Normal,113,P_2046013,3.4,0.0
Normal,113,Q_40032000,25.1171,0.0
Normal,113,Q_40050000,104.831,0.0
Normal,113,Q_40060001,17.8458,25.52287879603699
Normal,113,Q_40100000,340.053,216.50185064368026
Normal,113,Q_40185000,38.0842,0.0
Normal,113,Q_40330000,78.1355,0.0
Normal,113,Q_40800001,91.358,0.0
Normal,113,Q_40850000,154.13,66.20389824824343
Normal,113,Q_40930000,13.3224,-7.663265567248093
Normal,114,P_1944059,0.0,0.0
Normal,114,P_1944063,40.4,120.72420188422831
Normal,114,P_1945002,0.0,-5.941942822220203
Normal,114,P_1945008,28.9,60.18516118593713
Normal,114,P_1946000,0.0,9.724789836212778
Normal,114,P_2044008,0.0,-4.950527237161464
Normal,114,P_2044016,0.0,0.0
Normal,114,P_2044024,0.0,0.0
Normal,114,P_2044042,0.0,0.0
Normal,114,P_2045002,0.0,0.0
Normal,114,P_2046013,3.3,0.0
Normal,114,Q_40032000,24.3392,0.0
Normal,114,Q_40050000,100.617,0.0
Normal,114,Q_40060001,9.9052,-4.706464278416642
Normal,114,Q_40100000,168.651,-12.941770157442214
Normal,114,Q_40185000,57.5112,0.0
Normal,114,Q_40330000,76.101,-4.264834134195335
Normal,114,Q_40800001,57.1916,0.0
Normal,114,Q_40850000,62.8474,-29.634343328147303
Normal,114,Q_40930000,14.5737,-2.8966831487691707
Normal,115,P_1944059,0.0,0.0
Normal,115,P_1944063,0.0,-14.006061465279345
Normal,115,P_1945002,6.3,10.693693908256979
Normal,115,P_1945008,0.0,-12.764639154714594
Normal,115,P_1946000,0.0,0.0
Normal,115,P_2044008,0.0,-6.55825767030106
Normal,115,P_2044016,0.0,0.0
Normal,115,P_2044024,0.0,0.0
Normal,115,P_2044042,0.0,0.0
Normal,115,P_2045002,0.0,0.0
Normal,115,P_2046013,0.0,0.0
Normal,115,Q_40032000,51.0328,46.113896671549966
Normal,115,Q_40050000,162.499,0.0
Normal,115,Q_40060001,12.5024,6.71296870598617
Normal,115,Q_40100000,333.954,212.12402453890226
Normal,115,Q_40185000,18.4774,0.0
Normal,115,Q_40330000,56.846,-30.887054493844953
Normal,115,Q_40800001,45.0334,0.0
Normal,115,Q_40850000,65.9698,-24.81351665967233
Normal,115,Q_40930000,22.4758,13.902015841017791
Normal,116,P_1944059,0.0,0.0
Normal,116,P_1944063,0.0,-12.943166085068333
Normal,116,P_1945002,0.0,-10.726633875115548
Normal,116,P_1945008,0.0,-13.546275105867046
Normal,116,P_1946000,0.0,0.0
Normal,116,P_2044008,0.0,-6.94869553820985
Normal,116,P_2044016,0.0,-4.950346153172631
Normal,116,P_2044024,0.0,0.0
Normal,116,P_2044042,0.0,0.0
Normal,116,P_2045002,0.0,0.0
Normal,116,P_2046013,0.0,0.0
Normal,116,Q_40032000,16.5007,0.0
Normal,116,Q_40050000,102.18,0.0
Normal,116,Q_40060001,9.4737,-8.705731751649179
Normal,116,Q_40100000,175.211,-5.164133911572634
Normal,116,Q_40185000,11.4112,0.0
Normal,116,Q_40330000,37.5815,-57.290829120241
Normal,116,Q_40800001,31.8011,0.0
Normal,116,Q_40850000,43.918,-48.66458899971562
Normal,116,Q_40930000,11.9547,-10.660082948424789
Normal,117,P_1944059,0.0,0.0
Normal,117,P_1944063,0.0,-11.776837577137135
Normal,117,P_1945002,0.0,-9.590689491332842
Normal,117,P_1945008,0.0,-11.68461407398465
Normal,117,P_1946000,0.0,0.0
Normal,117,P_2044008,0.0,-7.2394875581262
Normal,117,P_2044016,0.0,0.0
Normal,117,P_2044024,0.0,0.0
Normal,117,P_2044042,0.0,0.0
Normal,117,P_2045002,0.0,0.0
Normal,117,P_2046013,0.0,0.0
Normal,117,Q_40032000,9.0278,-6.836847255675419
Normal,117,Q_40050000,30.6534,0.0
Normal,117,Q_40060001,6.2535,-19.875546732001066
Normal,117,Q_40100000,91.172,-115.43336075256815
Normal,117,Q_40185000,7.7372,0.0
Normal,117,Q_40330000,33.9799,-61.650924799327015
Normal,117,Q_40800001,32.5681,0.0
Normal,117,Q_40850000,41.4926,-50.142018682654104
Normal,117,Q_40930000,3.4196,-28.431832591620598
Normal,118,P_1944059,12.0,0.0
Normal,118,P_1944063,34.6,76.59215449021809
Normal,118,P_1945002,12.8,0.0
Normal,118,P_1945008,32.7,59.87124130013157
Normal,118,P_1946000,18.3,-16.506067116310728
Normal,118,P_2044008,7.6,0.0
Normal,118,P_2044016,3.5,0.0
Normal,118,P_2044024,5.6,0.0
Normal,118,P_2044042,14.4,-11.473799948166286
Normal,118,P_2045002,6.7,0.0
Normal,118,P_2046013,8.4,0.0
Normal,118,Q_40032000,8.2597,0.0
Normal,118,Q_40050000,25.464,-5.582602667953715
Normal,118,Q_40060001,11.2362,0.0
Normal,118,Q_40100000,89.8358,-126.04174982266181
Normal,118,Q_40185000,8.1222,0.0
Normal,118,Q_40330000,28.1156,-73.03346590847349
Normal,118,Q_40800001,41.1542,-3.7541728737013216
Normal,118,Q_40850000,41.4926,-53.38977889009586
Normal,118,Q_40930000,6.2714,-21.604660264913658
Normal,119,P_1944059,0.0,-4.84897970476392
Normal,119,P_1944063,0.0,-14.46215559454716
Normal,119,P_1945002,0.0,-11.960873503093142
Normal,119,P_1945008,0.0,-12.910586888356931
Normal,119,P_1946000,0.0,0.0
Normal,119,P_2044008,0.0,-7.161227152375285
Normal,119,P_2044016,0.0,0.0
Normal,119,P_2044024,0.0,0.0
Normal,119,P_2044042,0.0,0.0
Normal,119,P_2045002,0.0,0.0
Normal,119,P_2046013,0.0,0.0
Normal,119,Q_40032000,15.5841,0.0
Normal,119,Q_40050000,95.1436,0.0
Normal,119,Q_40060001,9.154,-9.91211062030244
Normal,119,Q_40100000,214.438,47.89481160740635
Normal,119,Q_40185000,10.1356,0.0
Normal,119,Q_40330000,40.2331,-53.85131030751241
Normal,119,Q_40800001,31.0516,0.0
Normal,119,Q_40850000,45.7634,-45.51840256919809
Normal,119,Q_40930000,54.0509,82.22550505230018
Normal,120,P_1944059,0.0,0.0
Normal,120,P_1944063,0.0,-12.75605687428519
Normal,120,P_1945002,0.0,-10.056946121883282
Normal,120,P_1945008,0.0,-12.795232023710048
Normal,120,P_1946000,0.0,0.0
Normal,120,P_2044008,0.0,-7.253068312235464
Normal,120,P_2044016,0.0,0.0
Normal,120,P_2044024,0.0,0.0
Normal,120,P_2044042,0.0,0.0
Normal,120,P_2045002,0.0,0.0
Normal,120,P_2046013,0.0,0.0
Normal,120,Q_40032000,13.1428,-5.528082730829709
Normal,120,Q_40050000,49.8922,0.0
Normal,120,Q_40060001,9.2602,-8.806974766545359
Normal,120,Q_40100000,157.366,-28.79407618881601
Normal,120,Q_40185000,10.5553,0.0
Normal,120,Q_40330000,50.8861,-39.256781857256904
Normal,120,Q_40800001,53.7173,0.0
Normal,120,Q_40850000,70.4506,-20.069796656618117
Normal,120,Q_40930000,7.5507,-20.032491394356576
Normal,121,P_1944059,0.0,0.0
Normal,121,P_1944063,0.0,-13.811446345636291
Normal,121,P_1945002,0.0,-10.051110422670199
Normal,121,P_1945008,0.0,-12.414744111942486
Normal,121,P_1946000,0.0,0.0
Normal,121,P_2044008,0.0,-5.658222558623993
Normal,121,P_2044016,0.0,-3.980176623446823
Normal,121,P_2044024,0.8,0.0
Normal,121,P_2044042,0.0,0.0
Normal,121,P_2045002,0.0,0.0
Normal,121,P_2046013,0.0,0.0
Normal,121,Q_40032000,50.3961,45.30037500629535
Normal,121,Q_40050000,157.312,0.0
Normal,121,Q_40060001,12.269,0.0
Normal,121,Q_40100000,307.935,176.3553624818524
Normal,121,Q_40185000,17.473,0.0
Normal,121,Q_40330000,55.0332,-33.380798246614646
Normal,121,Q_40800001,41.5058,0.0
Normal,121,Q_40850000,64.0885,-26.05794487293083
Normal,121,Q_40930000,21.6609,12.873429724212174
Normal,122,P_1944059,0.0,-3.530159517990768
Normal,122,P_1944063,0.0,-12.390681941583324
Normal,122,P_1945002,0.0,-10.123485780608974
Normal,122,P_1945008,0.0,-11.05541403023735
Normal,122,P_1946000,0.0,0.0
Normal,122,P_2044008,0.0,-4.950556969421427
Normal,122,P_2044016,0.6,0.0
Normal,122,P_2044024,0.0,0.0
Normal,122,P_2044042,0.0,0.0
Normal,122,P_2045002,0.0,0.0
Normal,122,P_2046013,0.0,0.0
Normal,122,Q_40032000,13.1428,-4.735704454045148
Normal,122,Q_40050000,54.3083,0.0
Normal,122,Q_40060001,9.3667,-7.184539044125078
Normal,122,Q_40100000,186.881,0.0
Normal,122,Q_40185000,17.473,0.0
Normal,122,Q_40330000,55.6351,-31.385261361844115
Normal,122,Q_40800001,56.4827,0.0
Normal,122,Q_40850000,83.9466,-4.167025605995995
Normal,122,Q_40930000,7.9986,-17.5317258281063
Normal,123,P_1944059,0.0,0.0
Normal,123,P_1944063,0.0,-11.65366936403329
Normal,123,P_1945002,0.0,-9.830501141983547
Normal,123,P_1945008,0.0,-12.234177794360571
Normal,123,P_1946000,0.0,0.0
Normal,123,P_2044008,0.0,-7.071057990029658
Normal,123,P_2044016,0.0,0.0
Normal,123,P_2044024,0.0,0.0
Normal,123,P_2044042,0.0,0.0
Normal,123,P_2045002,0.0,0.0
Normal,123,P_2046013,0.0,0.0
Normal,123,Q_40032000,7.6833,-8.042283460896549
Normal,123,Q_40050000,49.8578,0.0
Normal,123,Q_40060001,6.5369,-19.70728241575974
Normal,123,Q_40100000,91.9631,-114.42336149202893
Normal,123,Q_40185000,9.7973,0.0
Normal,123,Q_40330000,35.5075,-58.925923480955284
Normal,123,Q_40800001,37.2036,0.0
Normal,123,Q_40850000,48.2587,-43.21382249714117
Normal,123,Q_40930000,5.192,-24.871267621379175
Normal,124,P_1944059,0.0,0.0
Normal,124,P_1944063,0.0,-8.993701112614826
Normal,124,P_1945002,18.9,29.720771850617208
Normal,124,P_1945008,0.0,-10.917901940932664
Normal,124,P_1946000,16.4,-12.554505439501389
Normal,124,P_2044008,12.1,0.0
Normal,124,P_2044016,3.1,0.0
Normal,124,P_2044024,17.4,0.0
Normal,124,P_2044042,14.6,-13.128735065217144
Normal,124,P_2045002,0.0,0.0
Normal,124,P_2046013,13.9,0.0
Normal,124,Q_40032000,13.7968,0.0
Normal,124,Q_40050000,47.5144,0.0
Normal,124,Q_40060001,6.7281,-18.47114537873176
Normal,124,Q_40100000,119.173,-80.17644638846423
Normal,124,Q_40185000,16.4869,0.0
Normal,124,Q_40330000,55.6351,-32.31568665527153
Normal,124,Q_40800001,138.487,17.04602254539455
Normal,124,Q_40850000,173.755,97.55427793357579
Normal,124,Q_40930000,13.3224,0.0
Normal,125,P_1944059,0.0,0.0
Normal,125,P_1944063,0.0,-11.988494760753817
Normal,125,P_1945002,0.0,-9.764738120143765
Normal,125,P_1945008,0.0,-12.173994787090296
Normal,125,P_1946000,0.0,0.0
Normal,125,P_2044008,0.0,-6.806636529339414
Normal,125,P_2044016,0.0,0.0
Normal,125,P_2044024,0.0,0.0
Normal,125,P_2044042,0.0,0.0
Normal,125,P_2045002,0.0,0.0
Normal,125,P_2046013,0.0,0.0
Normal,125,Q_40032000,8.3961,-7.627766127997161
Normal,125,Q_40050000,50.7893,0.0
Normal,125,Q_40060001,6.8243,-18.50645038245626
Normal,125,Q_40100000,104.877,-98.53100999233418
Normal,125,Q_40185000,9.7973,0.0
Normal,125,Q_40330000,34.9956,-59.50611778787627
Normal,125,Q_40800001,38.0027,0.0
Normal,125,Q_40850000,51.4322,-39.96334848979894
Normal,125,Q_40930000,5.4901,-24.43357140870746
Normal,126,P_1944059,7.0,7.727493211653849
Normal,126,P_1944063,4.0,7.22179313278329
Normal,126,P_1945002,0.0,-9.479070666816249
Normal,126,P_1945008,0.0,-11.364003714020729
Normal,126,P_1946000,7.0,0.0
Normal,126,P_2044008,0.9,-5.13459819359687
Normal,126,P_2044016,1.6,0.0
Normal,126,P_2044024,16.4,0.0
Normal,126,P_2044042,0.0,0.0
Normal,126,P_2045002,0.0,0.0
Normal,126,P_2046013,0.0,0.0
Normal,126,Q_40032000,17.4321,0.0
Normal,126,Q_40050000,114.631,0.0
Normal,126,Q_40060001,9.0483,-9.523954464475997
Normal,126,Q_40100000,259.841,110.13731456979713
Normal,126,Q_40185000,12.735,0.0
Normal,126,Q_40330000,41.3118,-51.18608445632829
Normal,126,Q_40800001,43.2513,0.0
Normal,126,Q_40850000,57.9547,-32.69830394738993
Normal,126,Q_40930000,21.6609,11.582659066700941
Normal,127,P_1944059,0.0,0.0
Normal,127,P_1944063,0.0,-11.67561526215532
Normal,127,P_1945002,0.0,-9.080376211572563
Normal,127,P_1945008,0.0,-12.351940264509693
Normal,127,P_1946000,0.0,0.0
Normal,127,P_2044008,0.0,-7.0800168753516175
Normal,127,P_2044016,0.0,0.0
Normal,127,P_2044024,0.0,0.0
Normal,127,P_2044042,0.0,0.0
Normal,127,P_2045002,0.0,0.0
Normal,127,P_2046013,0.0,0.0
Normal,127,Q_40032000,9.0278,-7.212186507693104
Normal,127,Q_40050000,29.7025,0.0
Normal,127,Q_40060001,5.9741,-20.86739403464673
Normal,127,Q_40100000,88.506,-119.25146778044653
Normal,127,Q_40185000,7.3583,0.0
Normal,127,Q_40330000,32.9749,-62.42557140225446
Normal,127,Q_40800001,30.0639,0.0
Normal,127,Q_40850000,49.5209,-42.09123296793686
Normal,127,Q_40930000,3.1479,-28.794555839696294
Normal,128,P_1944059,0.0,0.0
Normal,128,P_1944063,0.0,-10.682397149524446
Normal,128,P_1945002,0.0,-8.640553093908176
Normal,128,P_1945008,0.0,-11.111382323607568
Normal,128,P_1946000,4.2,0.0
Normal,128,P_2044008,0.0,-6.152632883928163
Normal,128,P_2044016,0.0,0.0
Normal,128,P_2044024,0.0,0.0
Normal,128,P_2044042,0.2,0.0
Normal,128,P_2045002,0.0,0.0
Normal,128,P_2046013,11.5,0.0
Normal,128,Q_40032000,9.0278,-6.572797087647651
Normal,128,Q_40050000,39.4052,0.0
Normal,128,Q_40060001,5.5177,-22.070107855176833
Normal,128,Q_40100000,111.951,-88.07487178011823
Normal,128,Q_40185000,15.5197,0.0
Normal,128,Q_40330000,52.0591,-36.80997978067393
Normal,128,Q_40800001,51.8873,0.0
Normal,128,Q_40850000,77.7471,-11.43354545631615
Normal,128,Q_40930000,8.4572,-17.11212208399485
Normal,129,P_1944059,0.0,0.0
Normal,129,P_1944063,0.0,-11.152522501969141
Normal,129,P_1945002,0.0,-9.457448126386833
Normal,129,P_1945008,0.0,-12.068657231570286
Normal,129,P_1946000,0.0,0.0
Normal,129,P_2044008,0.0,-6.839231949494376
Normal,129,P_2044016,0.0,0.0
Normal,129,P_2044024,0.0,0.0
Normal,129,P_2044042,0.0,0.0
Normal,129,P_2045002,0.0,0.0
Normal,129,P_2046013,0.0,0.0
Normal,129,Q_40032000,8.2597,0.0
Normal,129,Q_40050000,27.2957,0.0
Normal,129,Q_40060001,5.2495,-23.947488073239867
Normal,129,Q_40100000,80.6614,-129.69653529204965
Normal,129,Q_40185000,6.6193,0.0
Normal,129,Q_40330000,38.1066,-55.55792978310791
Normal,129,Q_40800001,25.9716,-7.0338229978160065
Normal,129,Q_40850000,32.7733,-59.5306826231787
Normal,129,Q_40930000,2.88,-29.73683446588788
Normal,130,P_1944059,35.2,35.46720838739673
Normal,130,P_1944063,25.2,66.74277171790929
Normal,130,P_1945002,25.8,29.605025097792847
Normal,130,P_1945008,0.0,0.0
Normal,130,P_1946000,10.6,0.0
Normal,130,P_2044008,0.0,0.0
Normal,130,P_2044016,0.0,0.0
Normal,130,P_2044024,0.0,0.7318186016118489
Normal,130,P_2044042,0.0,1.5954438505670878
Normal,130,P_2045002,0.0,0.0
Normal,130,P_2046013,0.0,0.0
Normal,130,Q_40032000,150.564,186.1859870025334
Normal,130,Q_40050000,99.4506,0.0
Normal,130,Q_40060001,11.4632,0.0
Normal,130,Q_40100000,261.715,102.07308332833976
Normal,130,Q_40185000,16.4869,0.0
Normal,130,Q_40330000,80.1893,0.0
Normal,130,Q_40800001,94.6218,4.698718524846892
Normal,130,Q_40850000,137.255,45.038033569770064
Normal,130,Q_40930000,27.8552,21.811353188007928
Normal,131,P_1944059,2.0,0.0
Normal,131,P_1944063,45.0,71.27194844918388
Normal,131,P_1945002,38.9,21.13178444253512
Normal,131,P_1945008,32.2,53.04016450635379
Normal,131,P_1946000,52.0,-36.21725331771809
Normal,131,P_2044008,26.0,26.784209299111616
Normal,131,P_2044016,15.9,0.0
Normal,131,P_2044024,7.2,0.0
Normal,131,P_2044042,0.4,0.0
Normal,131,P_2045002,53.2,54.561567158909696
Normal,131,P_2046013,90.0,62.13124290011469
Normal,131,Q_40032000,28.2974,0.0
Normal,131,Q_40050000,136.822,0.0
Normal,131,Q_40060001,11.2362,0.0
Normal,131,Q_40100000,123.575,-78.89543765019656
Normal,131,Q_40185000,12.2885,0.0
Normal,131,Q_40330000,31.488,-67.43037522117389
Normal,131,Q_40800001,50.5511,0.0
Normal,131,Q_40850000,47.6312,-46.86407624365686
Normal,131,Q_40930000,15.3374,0.0
Normal,132,P_1944059,0.0,0.0
Normal,132,P_1944063,0.0,-11.218758775512812
Normal,132,P_1945002,0.0,-9.069814214532924
Normal,132,P_1945008,0.0,-12.109942849483767
Normal,132,P_1946000,0.0,0.0
Normal,132,P_2044008,0.0,-6.971631672752267
Normal,132,P_2044016,0.0,0.0
Normal,132,P_2044024,0.0,0.0
Normal,132,P_2044042,0.0,0.0
Normal,132,P_2045002,0.0,0.0
Normal,132,P_2046013,0.0,0.0
Normal,132,Q_40032000,10.6207,-7.082418538359359
Normal,132,Q_40050000,35.8228,0.0
Normal,132,Q_40060001,7.0181,-17.792275325517693
Normal,132,Q_40100000,109.102,-92.25039712074685
Normal,132,Q_40185000,9.3129,0.0
Normal,132,Q_40330000,37.5815,-56.6789367398424
Normal,132,Q_40800001,38.5417,0.0
Normal,132,Q_40850000,49.5209,-42.554985570710535
Normal,132,Q_40930000,4.362,-26.38011174407799
Normal,133,P_1944059,13.2,12.700343069040057
Normal,133,P_1944063,15.5,48.42056857699236
Normal,133,P_1945002,0.0,-8.169679930850236
Normal,133,P_1945008,0.0,-10.68873787438823
Normal,133,P_1946000,4.0,0.0
Normal,133,P_2044008,47.1,69.64981131463117
Normal,133,P_2044016,6.7,0.0
Normal,133,P_2044024,14.8,0.0
Normal,133,P_2044042,3.8,0.0
Normal,133,P_2045002,1.0,0.0
Normal,133,P_2046013,2.2,0.0
Normal,133,Q_40032000,14.0168,0.0
Normal,133,Q_40050000,92.9856,0.0
Normal,133,Q_40060001,11.4632,0.0
Normal,133,Q_40100000,147.894,-40.4565338724364
Normal,133,Q_40185000,19.4999,0.0
Normal,133,Q_40330000,73.4184,-8.176855341514367
Normal,133,Q_40800001,114.217,9.11802253958923
Normal,133,Q_40850000,150.507,66.89185270471475
Normal,133,Q_40930000,8.9262,-17.38481910840866
Normal,134,P_1944059,30.8,16.31983384345634
Normal,134,P_1944063,33.7,73.49858204740529
Normal,134,P_1945002,12.6,0.0
Normal,134,P_1945008,23.2,27.17570193603136
Normal,134,P_1946000,0.0,0.0
Normal,134,P_2044008,27.0,21.38734101736709
Normal,134,P_2044016,42.2,29.279517504275674
Normal,134,P_2044024,43.8,0.0
Normal,134,P_2044042,31.0,0.0
Normal,134,P_2045002,20.0,0.0
Normal,134,P_2046013,0.0,0.0
Normal,134,Q_40032000,74.4039,43.6200393205309
Normal,134,Q_40050000,154.512,7.095687429070381
Normal,134,Q_40060001,8.7334,0.0
Normal,134,Q_40100000,252.391,92.46176044817861
Normal,134,Q_40185000,14.5717,0.0
Normal,134,Q_40330000,64.3056,0.0
Normal,134,Q_40800001,93.5516,0.0
Normal,134,Q_40850000,109.194,14.544727265359825
Normal,134,Q_40930000,58.8061,94.27548097272543
Normal,135,P_1944059,20.0,18.822977082495008
Normal,135,P_1944063,7.4,18.730612411317622
Normal,135,P_1945002,3.1,0.0
Normal,135,P_1945008,31.5,80.39146588866701
Normal,135,P_1946000,6.2,0.0
Normal,135,P_2044008,9.6,0.0
Normal,135,P_2044016,3.4,0.0
Normal,135,P_2044024,7.5,0.0
Normal,135,P_2044042,9.7,0.0
Normal,135,P_2045002,3.5,0.0
Normal,135,P_2046013,13.2,0.0
Normal,135,Q_40032000,50.3961,39.262189650985015
Normal,135,Q_40050000,352.625,22.153419299458967
Normal,135,Q_40060001,33.7083,128.5624658971988
Normal,135,Q_40100000,193.656,19.975868914292715
Normal,135,Q_40185000,84.427,0.0
Normal,135,Q_40330000,116.833,51.33716972100386
Normal,135,Q_40800001,116.503,0.0
Normal,135,Q_40850000,113.944,25.25778319500137
Normal,135,Q_40930000,37.1612,45.513291501324254
Normal,136,P_1944059,0.0,0.0
Normal,136,P_1944063,1.2,-6.8681230879469695
Normal,136,P_1945002,0.0,-9.45238953524027
Normal,136,P_1945008,0.0,-12.421587858404509
Normal,136,P_1946000,0.0,0.0
Normal,136,P_2044008,0.0,-7.244696896376743
Normal,136,P_2044016,0.0,0.0
Normal,136,P_2044024,0.0,0.0
Normal,136,P_2044042,0.0,0.0
Normal,136,P_2045002,0.0,0.0
Normal,136,P_2046013,0.0,0.0
Normal,136,Q_40032000,8.3961,-7.374173408079437
Normal,136,Q_40050000,52.3577,0.0
Normal,136,Q_40060001,7.0181,-17.233116283131363
Normal,136,Q_40100000,115.398,-84.58486243826896
Normal,136,Q_40185000,9.7973,0.0
Normal,136,Q_40330000,36.022,-58.34450672500421
Normal,136,Q_40800001,38.8079,0.0
Normal,136,Q_40850000,50.1556,-41.25924608390854
Normal,136,Q_40930000,5.4901,-24.537431441230314
Normal,137,P_1944059,0.0,0.0
Normal,137,P_1944063,0.0,-13.028734966324242
Normal,137,P_1945002,4.6,0.0
Normal,137,P_1945008,0.0,-12.664422908018969
Normal,137,P_1946000,7.5,0.0
Normal,137,P_2044008,0.0,-6.693120912389528
Normal,137,P_2044016,0.0,-3.5351822274119087
Normal,137,P_2044024,0.0,0.0
Normal,137,P_2044042,0.0,0.0
Normal,137,P_2045002,0.0,0.0
Normal,137,P_2046013,0.0,0.0
Normal,137,Q_40032000,48.4995,40.901595450177965
Normal,137,Q_40050000,160.132,0.0
Normal,137,Q_40060001,13.45,10.606018746992648
Normal,137,Q_40100000,250.54,98.50015561841825
Normal,137,Q_40185000,16.4869,0.0
Normal,137,Q_40330000,54.4336,-34.236212527856885
Normal,137,Q_40800001,56.4974,0.0
Normal,137,Q_40850000,69.8027,-20.2721081523519
Normal,137,Q_40930000,24.1201,18.239985420977963
Normal,138,P_1944059,23.2,15.79060379076175
Normal,138,P_1944063,35.4,74.62189055019431
Normal,138,P_1945002,0.0,0.0
Normal,138,P_1945008,7.0,0.0
Normal,138,P_1946000,0.0,6.984463801974446
Normal,138,P_2044008,31.0,29.545586093247653
Normal,138,P_2044016,9.5,0.0
Normal,138,P_2044024,18.0,0.0
Normal,138,P_2044042,10.7,0.0
Normal,138,P_2045002,37.0,16.21207465312295
Normal,138,P_2046013,12.0,0.0
Normal,138,Q_40032000,41.4269,14.920419825677108
Normal,138,Q_40050000,150.351,0.0
Normal,138,Q_40060001,10.0141,0.0
Normal,138,Q_40100000,96.5792,-118.30199467406504
Normal,138,Q_40185000,12.735,0.0
Normal,138,Q_40330000,39.6976,-58.42099593567402
Normal,138,Q_40800001,56.4974,0.0
Normal,138,Q_40850000,71.7541,-21.7729607777831
Normal,138,Q_40930000,51.2873,79.22832713272608
Normal,139,P_1944059,3.0,0.0
Normal,139,P_1944063,0.0,-8.71031820045763
Normal,139,P_1945002,0.0,-6.818667560599382
Normal,139,P_1945008,0.0,-10.350583144888102
Normal,139,P_1946000,6.2,0.0
Normal,139,P_2044008,8.5,0.0
Normal,139,P_2044016,7.8,0.0
Normal,139,P_2044024,9.6,0.0
Normal,139,P_2044042,1.0,0.0
Normal,139,P_2045002,0.0,0.0
Normal,139,P_2046013,0.0,-2.9601343032727243
Normal,139,Q_40032000,15.1905,-4.214940100819756
Normal,139,Q_40050000,73.7112,0.0
Normal,139,Q_40060001,6.0668,-19.89469013635439
Normal,139,Q_40100000,114.822,-83.67500366802132
Normal,139,Q_40185000,8.5132,0.0
Normal,139,Q_40330000,45.7281,-44.55720139622515
Normal,139,Q_40800001,39.9747,0.0
Normal,139,Q_40850000,43.918,-46.097216155029564
Normal,139,Q_40930000,7.349,-18.985303042118613
Normal,140,P_1944059,0.0,0.0
Normal,140,P_1944063,0.0,-9.849496718033748
Normal,140,P_1945002,0.0,-6.842750407531143
Normal,140,P_1945008,0.0,-10.408533276339478
Normal,140,P_1946000,0.0,0.0
Normal,140,P_2044008,0.0,-5.4980671345567265
Normal,140,P_2044016,2.0,0.0
Normal,140,P_2044024,0.0,0.0
Normal,140,P_2044042,24.9,0.0
Normal,140,P_2045002,6.2,0.0
Normal,140,P_2046013,0.0,0.0
Normal,140,Q_40032000,12.9391,-5.315117417397545
Normal,140,Q_40050000,87.5337,0.0
Normal,140,Q_40060001,6.8243,-17.588102591131435
Normal,140,Q_40100000,109.335,-91.64964548615526
Normal,140,Q_40185000,10.6773,0.0
Normal,140,Q_40330000,38.1066,-54.242571831864474
Normal,140,Q_40800001,46.3232,0.0
Normal,140,Q_40850000,59.1871,-30.436508195570596
Normal,140,Q_40930000,10.9131,-12.554877198034323
Normal,141,P_1944059,0.0,0.0
Normal,141,P_1944063,0.0,-10.658378315636027
Normal,141,P_1945002,35.9,80.99574265710447
Normal,141,P_1945008,3.7,0.0
Normal,141,P_1946000,0.0,7.564295379753206
Normal,141,P_2044008,0.0,-5.957729132619314
Normal,141,P_2044016,0.0,0.0
Normal,141,P_2044024,0.0,0.0
Normal,141,P_2044042,0.0,0.0
Normal,141,P_2045002,0.0,0.0
Normal,141,P_2046013,0.0,0.0
Normal,141,Q_40032000,12.7119,-4.7132034330604995
Normal,141,Q_40050000,66.1091,0.0
Normal,141,Q_40060001,7.5101,-16.406986189668814
Normal,141,Q_40100000,248.693,105.40234581789193
Normal,141,Q_40185000,16.4869,0.0
Normal,141,Q_40330000,53.8364,-35.658263268341244
Normal,141,Q_40800001,66.8225,0.0
Normal,141,Q_40850000,102.997,18.323612865326787
Normal,141,Q_40930000,10.395,-13.1771005338496
Normal,142,P_1944059,26.0,0.0
Normal,142,P_1944063,24.9,42.51770676940244
Normal,142,P_1945002,18.1,0.0
Normal,142,P_1945008,46.3,76.22698018341784
Normal,142,P_1946000,20.2,0.0
Normal,142,P_2044008,22.4,22.12138806613848
Normal,142,P_2044016,45.5,47.652089543805374
Normal,142,P_2044024,58.0,0.0
Normal,142,P_2044042,45.6,0.0
Normal,142,P_2045002,49.6,0.0
Normal,142,P_2046013,65.4,36.841011380042126
Normal,142,Q_40032000,111.717,61.303444731524785
Normal,142,Q_40050000,369.105,25.546145796389624
Normal,142,Q_40060001,18.9049,38.27610990506628
Normal,142,Q_40100000,362.715,238.33209837118008
Normal,142,Q_40185000,82.1515,0.0
Normal,142,Q_40330000,93.6341,0.0
Normal,142,Q_40800001,126.382,0.0
Normal,142,Q_40850000,71.7541,0.0
Normal,142,Q_40930000,68.9697,112.21565943977761
Normal,143,P_1944059,0.0,0.0
Normal,143,P_1944063,12.7,48.57004307651504
Normal,143,P_1945002,0.0,-8.816909034976243
Normal,143,P_1945008,0.0,-10.761010959773918
Normal,143,P_1946000,0.0,0.0
Normal,143,P_2044008,0.0,-5.437037266613185
Normal,143,P_2044016,0.0,0.0
Normal,143,P_2044024,0.0,0.0
Normal,143,P_2044042,0.0,0.0
Normal,143,P_2045002,0.0,0.0
Normal,143,P_2046013,0.0,-2.9925155084075357
Normal,143,Q_40032000,11.1307,-6.778201231560068
Normal,143,Q_40050000,70.8806,0.0
Normal,143,Q_40060001,11.1233,0.0
Normal,143,Q_40100000,186.839,14.83380072451392
Normal,143,Q_40185000,10.2333,0.0
Normal,143,Q_40330000,37.5815,-55.96660910805721
Normal,143,Q_40800001,54.3056,0.0
Normal,143,Q_40850000,75.0579,-13.950012674441204
Normal,143,Q_40930000,8.2852,-17.582152355845587
Normal,144,P_1944059,0.0,0.0
Normal,144,P_1944063,0.0,-12.170586084470784
Normal,144,P_1945002,0.0,-10.649467801423175
Normal,144,P_1945008,0.0,-12.245456752698122
Normal,144,P_1946000,0.0,0.0
Normal,144,P_2044008,0.0,-7.406018205920125
Normal,144,P_2044016,0.0,0.0
Normal,144,P_2044024,0.0,0.0
Normal,144,P_2044042,0.0,0.0
Normal,144,P_2045002,0.0,0.0
Normal,144,P_2046013,0.0,0.0
Normal,144,Q_40032000,13.1428,-6.4075788017551645
Normal,144,Q_40050000,76.4646,0.0
Normal,144,Q_40060001,7.8104,-15.501321219526552
Normal,144,Q_40100000,126.538,-70.17982906451607
Normal,144,Q_40185000,8.9101,0.0
Normal,144,Q_40330000,36.022,-59.00497816049693
Normal,144,Q_40800001,27.441,0.0
Normal,144,Q_40850000,35.6119,-56.9116903045082
Normal,144,Q_40930000,9.4285,-16.341742518526186
Normal,145,P_1944059,36.2,48.09757080755035
Normal,145,P_1944063,11.6,16.65774843471304
Normal,145,P_1945002,0.0,0.0
Normal,145,P_1945008,33.8,50.52037002443604
Normal,145,P_1946000,0.0,0.0
Normal,145,P_2044008,12.5,0.0
Normal,145,P_2044016,39.2,24.568476632746837
Normal,145,P_2044024,31.2,0.0
Normal,145,P_2044042,9.9,-9.287883533905571
Normal,145,P_2045002,3.9,0.0
Normal,145,P_2046013,0.0,0.0
Normal,145,Q_40032000,14.9066,0.0
Normal,145,Q_40050000,53.2099,0.0
Normal,145,Q_40060001,7.5101,-15.981452425451677
Normal,145,Q_40100000,70.5712,-146.1557316295581
Normal,145,Q_40185000,16.4869,0.0
Normal,145,Q_40330000,56.2394,-31.410199877225715
Normal,145,Q_40800001,86.1183,0.0
Normal,145,Q_40850000,65.9698,-23.89701663252073
Normal,145,Q_40930000,6.0141,-22.54360308278983
Normal,146,P_1944059,0.0,0.0
Normal,146,P_1944063,5.6,13.722795227407628
Normal,146,P_1945002,8.6,17.157164299810976
Normal,146,P_1945008,0.0,-14.376125057069114
Normal,146,P_1946000,0.0,5.222976723155742
Normal,146,P_2044008,0.0,0.0
Normal,146,P_2044016,0.0,0.0
Normal,146,P_2044024,8.9,0.7886919349081722
Normal,146,P_2044042,0.1,0.0
Normal,146,P_2045002,0.0,0.0
Normal,146,P_2046013,0.0,0.0
Normal,146,Q_40032000,20.0669,0.0
Normal,146,Q_40050000,93.8902,0.0
Normal,146,Q_40060001,14.4194,10.719958088997261
Normal,146,Q_40100000,276.854,133.14741849622865
Normal,146,Q_40185000,21.5977,0.0
Normal,146,Q_40330000,108.507,36.91401077398267
Normal,146,Q_40800001,127.725,6.985973246059294
Normal,146,Q_40850000,175.677,87.85847406654459
Normal,146,Q_40930000,14.1721,0.0
Normal,147,P_1944059,0.0,0.0
Normal,147,P_1944063,0.0,-11.548739409451965
Normal,147,P_1945002,0.0,-9.393250246615889
Normal,147,P_1945008,0.0,-11.81220907259078
Normal,147,P_1946000,0.0,0.0
Normal,147,P_2044008,0.0,-5.692479440182126
Normal,147,P_2044016,0.0,0.0
Normal,147,P_2044024,0.0,0.0
Normal,147,P_2044042,0.0,0.0
Normal,147,P_2045002,0.3,0.0
Normal,147,P_2046013,7.0,0.0
Normal,147,Q_40032000,10.439,-6.102556980071314
Normal,147,Q_40050000,57.1798,0.0
Normal,147,Q_40060001,8.7334,-10.395249810022138
Normal,147,Q_40100000,152.828,-34.20567158787382
Normal,147,Q_40185000,8.5372,0.0
Normal,147,Q_40330000,30.0259,-66.39891814947562
Normal,147,Q_40800001,40.4364,0.0
Normal,147,Q_40850000,53.3647,-37.66573305345971
Normal,147,Q_40930000,6.4003,-21.803980182652637
Normal,148,P_1944059,0.0,0.0
Normal,148,P_1944063,0.0,-15.964314800842187
Normal,148,P_1945002,0.0,-13.46705452181737
Normal,148,P_1945008,0.0,-13.941918661054844
Normal,148,P_1946000,0.0,0.0
Normal,148,P_2044008,0.0,-6.219913668967775
Normal,148,P_2044016,0.0,0.0
Normal,148,P_2044024,0.0,0.0
Normal,148,P_2044042,0.0,0.0
Normal,148,P_2045002,0.0,0.0
Normal,148,P_2046013,0.0,-5.906858824882363
Normal,148,Q_40032000,18.1401,0.0
Normal,148,Q_40050000,97.8037,0.0
Normal,148,Q_40060001,16.2942,18.60226178703193
Normal,148,Q_40100000,317.863,187.91369811351478
Normal,148,Q_40185000,20.5401,0.0
Normal,148,Q_40330000,88.5939,12.101957800674459
Normal,148,Q_40800001,117.12,0.0
Normal,148,Q_40850000,200.466,114.29771098805587
Normal,148,Q_40930000,10.905,-12.537291935124134
Normal,149,P_1944059,11.0,13.279032793181381
Normal,149,P_1944063,0.0,-18.576804124677153
Normal,149,P_1945002,0.0,0.0
Normal,149,P_1945008,11.0,23.21853832045611
Normal,149,P_1946000,0.0,5.0547682082596515
Normal,149,P_2044008,8.8,0.0
Normal,149,P_2044016,0.0,0.0
Normal,149,P_2044024,0.0,0.0
Normal,149,P_2044042,0.1,0.0
Normal,149,P_2045002,0.6,0.0
Normal,149,P_2046013,0.0,0.0
Normal,149,Q_40032000,26.1651,8.832523190160817
Normal,149,Q_40050000,121.381,0.0
Normal,149,Q_40060001,16.8064,23.21469257061243
Normal,149,Q_40100000,309.913,174.44833181494886
Normal,149,Q_40185000,23.2161,0.0
Normal,149,Q_40330000,99.6193,22.796151502319216
Normal,149,Q_40800001,176.151,12.627219167073191
Normal,149,Q_40850000,155.041,65.3843355295664
Normal,149,Q_40930000,12.7681,0.0
Normal,150,P_1944059,0.0,-3.890211137424899
Normal,150,P_1944063,3.5,0.0
Normal,150,P_1945002,0.0,-8.14005791490936
Normal,150,P_1945008,0.0,-10.918760440459723
Normal,150,P_1946000,0.0,0.0
Normal,150,P_2044008,0.0,-5.721399352514208
Normal,150,P_2044016,0.0,0.0
Normal,150,P_2044024,0.0,0.0
Normal,150,P_2044042,0.0,0.0
Normal,150,P_2045002,0.0,0.0
Normal,150,P_2046013,0.0,0.0
Normal,150,Q_40032000,8.2597,-6.933742454486284
Normal,150,Q_40050000,34.3941,0.0
Normal,150,Q_40060001,4.8985,-24.421322273127394
Normal,150,Q_40100000,110.523,-88.94277658134412
Normal,150,Q_40185000,13.6433,0.0
Normal,150,Q_40330000,46.8571,-42.74984786361855
Normal,150,Q_40800001,46.4662,0.0
Normal,150,Q_40850000,65.3401,-24.320707524075782
Normal,150,Q_40930000,3.6949,-27.004956286920045
Normal,151,P_1944059,0.0,0.0
Normal,151,P_1944063,0.0,-12.127256430896784
Normal,151,P_1945002,0.0,-10.28294240894709
Normal,151,P_1945008,0.0,-12.271326152384788
Normal,151,P_1946000,0.0,0.0
Normal,151,P_2044008,0.5,-6.2867896986666665
Normal,151,P_2044016,0.0,0.0
Normal,151,P_2044024,0.0,0.0
Normal,151,P_2044042,0.0,0.0
Normal,151,P_2045002,0.0,0.0
Normal,151,P_2046013,0.0,0.0
Normal,151,Q_40032000,12.2023,-6.657507533674881
Normal,151,Q_40050000,42.4746,0.0
Normal,151,Q_40060001,7.4108,-15.944730955760388
Normal,151,Q_40100000,115.398,-84.1780705516548
Normal,151,Q_40185000,11.5888,0.0
Normal,151,Q_40330000,42.4007,-49.9932362072998
Normal,151,Q_40800001,48.0575,0.0
Normal,151,Q_40850000,63.4666,-27.196372326914588
Normal,151,Q_40930000,12.2696,-9.753376711118074
Normal,152,P_1944059,0.0,0.0
Normal,152,P_1944063,0.0,-13.903642375142795
Normal,152,P_1945002,31.9,91.95533704812412
Normal,152,P_1945008,0.0,-12.810581344398528
Normal,152,P_1946000,0.0,6.736903672980709
Normal,152,P_2044008,0.0,0.0
Normal,152,P_2044016,0.0,0.0
Normal,152,P_2044024,0.0,0.0
Normal,152,P_2044042,12.6,-9.668496167816437
Normal,152,P_2045002,0.0,0.0
Normal,152,P_2046013,0.0,0.0
Normal,152,Q_40032000,17.6672,0.0
Normal,152,Q_40050000,100.121,0.0
Normal,152,Q_40060001,12.5024,4.926048401518017
Normal,152,Q_40100000,288.386,156.2907375202831
Normal,152,Q_40185000,25.9963,0.0
Normal,152,Q_40330000,74.0858,-8.383481056171362
Normal,152,Q_40800001,139.572,11.006622798333149
Normal,152,Q_40850000,182.475,100.95270473200348
Normal,152,Q_40930000,15.6359,0.0
Normal,153,P_1944059,0.0,-2.750841422449799
Normal,153,P_1944063,0.0,-13.856578067740086
Normal,153,P_1945002,0.0,-11.1710475735381
Normal,153,P_1945008,0.0,-12.550527272890156
Normal,153,P_1946000,0.0,0.0
Normal,153,P_2044008,0.0,-5.36553174461906
Normal,153,P_2044016,0.0,0.0
Normal,153,P_2044024,0.0,0.0
Normal,153,P_2044042,0.0,0.0
Normal,153,P_2045002,0.0,0.0
Normal,153,P_2046013,0.0,-4.801743477521502
Normal,153,Q_40032000,18.1401,0.0
Normal,153,Q_40050000,76.3245,0.0
Normal,153,Q_40060001,12.7372,0.0
Normal,153,Q_40100000,239.522,82.42087440288323
Normal,153,Q_40185000,22.6724,0.0
Normal,153,Q_40330000,70.1141,-11.831363899481456
Normal,153,Q_40800001,76.4744,0.0
Normal,153,Q_40850000,102.233,13.893350436184708
Normal,153,Q_40930000,10.905,-12.28611051439563
Normal,154,P_1944059,0.0,0.0
Normal,154,P_1944063,0.0,-11.616540640022821
Normal,154,P_1945002,0.0,-10.094237873040539
Normal,154,P_1945008,0.0,-12.248288733158677
Normal,154,P_1946000,0.0,0.0
Normal,154,P_2044008,0.0,-7.306628941205938
Normal,154,P_2044016,0.0,0.0
Normal,154,P_2044024,0.0,0.0
Normal,154,P_2044042,0.0,0.0
Normal,154,P_2045002,0.0,0.0
Normal,154,P_2046013,0.0,0.0
Normal,154,Q_40032000,9.815,-7.402940310841757
Normal,154,Q_40050000,33.7901,0.0
Normal,154,Q_40060001,6.6323,-18.56647842865732
Normal,154,Q_40100000,102.085,-101.47786474094121
Normal,154,Q_40185000,8.9101,0.0
Normal,154,Q_40330000,36.5392,-57.42917816468348
Normal,154,Q_40800001,35.1065,0.0
Normal,154,Q_40850000,46.3836,-44.65121119710351
Normal,154,Q_40930000,3.9737,-27.39341817031886
Normal,155,P_1944059,0.0,0.0
Normal,155,P_1944063,0.0,-8.278535810634224
Normal,155,P_1945002,55.5,70.11661088038242
Normal,155,P_1945008,19.3,28.308459331314452
Normal,155,P_1946000,0.0,8.135720450742316
Normal,155,P_2044008,23.9,23.799540041591136
Normal,155,P_2044016,56.2,64.60063576026094
Normal,155,P_2044024,17.4,0.0
Normal,155,P_2044042,0.0,0.0
Normal,155,P_2045002,0.0,0.0
Normal,155,P_2046013,0.0,0.0
Normal,155,Q_40032000,21.7975,0.0
Normal,155,Q_40050000,96.0125,0.0
Normal,155,Q_40060001,9.4737,0.0
Normal,155,Q_40100000,168.651,-16.679437945601677
Normal,155,Q_40185000,10.9806,0.0
Normal,155,Q_40330000,38.1066,-59.20107004446194
Normal,155,Q_40800001,35.6849,0.0
Normal,155,Q_40850000,45.7634,-50.074112463506474
Normal,155,Q_40930000,83.6929,159.0437766233764
Normal,156,P_1944059,0.0,-4.972371451734531
Normal,156,P_1944063,0.0,-14.548020632860188
Normal,156,P_1945002,0.0,-11.347028894965716
Normal,156,P_1945008,0.0,-12.928915865561898
Normal,156,P_1946000,0.0,0.0
Normal,156,P_2044008,0.0,-7.1059276466513035
Normal,156,P_2044016,0.0,0.0
Normal,156,P_2044024,0.0,0.0
Normal,156,P_2044042,0.0,0.0
Normal,156,P_2045002,0.0,0.0
Normal,156,P_2046013,0.0,0.0
Normal,156,Q_40032000,15.1315,0.0
Normal,156,Q_40050000,92.1282,0.0
Normal,156,Q_40060001,9.0483,-9.957727906357988
Normal,156,Q_40100000,202.233,31.063171163164675
Normal,156,Q_40185000,9.7214,0.0
Normal,156,Q_40330000,38.1066,-56.35522473189053
Normal,156,Q_40800001,30.3113,0.0
Normal,156,Q_40850000,42.7002,-49.51046254081435
Normal,156,Q_40930000,34.9914,39.62415880769773
Normal,157,P_1944059,0.0,0.0
Normal,157,P_1944063,0.0,-13.181652828847483
Normal,157,P_1945002,0.0,-10.404723314955499
Normal,157,P_1945008,0.0,-12.699165142376518
Normal,157,P_1946000,0.0,0.0
Normal,157,P_2044008,0.0,-6.736147631444265
Normal,157,P_2044016,0.0,0.0
Normal,157,P_2044024,0.0,0.0
Normal,157,P_2044042,1.2,0.0
Normal,157,P_2045002,0.0,0.0
Normal,157,P_2046013,0.0,0.0
Normal,157,Q_40032000,14.6283,-5.626042894214805
Normal,157,Q_40050000,70.2324,0.0
Normal,157,Q_40060001,6.2535,-20.998378887831223
Normal,157,Q_40100000,154.188,-33.39456598422873
Normal,157,Q_40185000,7.7372,0.0
Normal,157,Q_40330000,34.4864,-61.02310168764093
Normal,157,Q_40800001,27.5044,0.0
Normal,157,Q_40850000,47.0062,-45.17365911043019
Normal,157,Q_40930000,8.378,-18.425484971910706
Normal,158,P_1944059,0.0,0.0
Normal,158,P_1944063,0.0,-11.952815627246993
Normal,158,P_1945002,0.0,-10.502736078654422
Normal,158,P_1945008,0.0,-12.783500586130353
Normal,158,P_1946000,0.0,0.0
Normal,158,P_2044008,0.0,-6.047054724844799
Normal,158,P_2044016,0.0,0.0
Normal,158,P_2044024,0.0,0.0
Normal,158,P_2044042,0.0,0.0
Normal,158,P_2045002,0.0,0.0
Normal,158,P_2046013,0.0,0.0
Normal,158,Q_40032000,11.4443,-6.979410707516394
Normal,158,Q_40050000,42.0296,0.0
Normal,158,Q_40060001,8.1144,-13.22740302827192
Normal,158,Q_40100000,131.025,-63.66885939282215
Normal,158,Q_40185000,10.9806,0.0
Normal,158,Q_40330000,37.5815,-56.22408417692184
Normal,158,Q_40800001,43.796,0.0
Normal,158,Q_40850000,59.7906,-31.442771382218808
Normal,158,Q_40930000,5.0915,-25.3954439758152
Normal,159,P_1944059,0.0,0.0
Normal,159,P_1944063,0.0,-16.915976411733183
Normal,159,P_1945002,8.5,16.80109943268438
Normal,159,P_1945008,0.0,-15.200658664916588
Normal,159,P_1946000,4.2,0.0
Normal,159,P_2044008,0.0,-7.732795598852775
Normal,159,P_2044016,0.0,0.0
Normal,159,P_2044024,0.0,0.0
Normal,159,P_2044042,0.0,0.0
Normal,159,P_2045002,0.0,0.0
Normal,159,P_2046013,0.0,-6.569410180203931
Normal,159,Q_40032000,15.4548,0.0
Normal,159,Q_40050000,111.036,0.0
Normal,159,Q_40060001,18.3729,26.872660064242606
Normal,159,Q_40100000,296.97,159.1179643125398
Normal,159,Q_40185000,32.9908,0.0
Normal,159,Q_40330000,119.376,51.46987505634517
Normal,159,Q_40800001,73.6178,0.0
Normal,159,Q_40850000,100.713,10.943331844261921
Normal,159,Q_40930000,20.1449,6.706810445658544
Normal,160,P_1944059,0.0,0.0
Normal,160,P_1944063,0.0,-11.196381452812327
Normal,160,P_1945002,0.0,-9.041344865307964
Normal,160,P_1945008,0.0,-11.88378365106718
Normal,160,P_1946000,0.0,0.0
Normal,160,P_2044008,0.0,-6.961665270924641
Normal,160,P_2044016,0.0,0.0
Normal,160,P_2044024,0.0,0.0
Normal,160,P_2044042,0.0,0.0
Normal,160,P_2045002,0.0,0.0
Normal,160,P_2046013,0.0,0.0
Normal,160,Q_40032000,7.6124,-7.746188842953086
Normal,160,Q_40050000,33.5407,0.0
Normal,160,Q_40060001,3.1903,-30.853041688511
Normal,160,Q_40100000,68.1168,-145.21648930674598
Normal,160,Q_40185000,5.5598,0.0
Normal,160,Q_40330000,28.1156,-68.70530351924951
Normal,160,Q_40800001,31.2921,0.0
Normal,160,Q_40850000,46.3836,-44.88229723826583
Normal,160,Q_40930000,8.378,-18.888951032105364
Normal,161,P_1944059,18.0,9.818651319967199
Normal,161,P_1944063,33.8,67.77115914886106
Normal,161,P_1945002,45.2,39.847834723010536
Normal,161,P_1945008,33.8,54.47136164877347
Normal,161,P_1946000,23.6,0.0
Normal,161,P_2044008,9.2,0.0
Normal,161,P_2044016,13.3,0.0
Normal,161,P_2044024,2.4,0.0
Normal,161,P_2044042,104.5,80.41439598979888
Normal,161,P_2045002,9.3,0.0
Normal,161,P_2046013,24.0,0.0
Normal,161,Q_40032000,25.6396,0.0
Normal,161,Q_40050000,144.877,7.595446010789972
Normal,161,Q_40060001,19.4417,40.69476890328201
Normal,161,Q_40100000,203.963,27.083360958230145
Normal,161,Q_40185000,29.4644,0.0
Normal,161,Q_40330000,78.818,0.0
Normal,161,Q_40800001,80.873,0.0
Normal,161,Q_40850000,112.351,17.904907949581588
Normal,161,Q_40930000,20.3759,6.160422827418472
Normal,162,P_1944059,0.0,0.0
Normal,162,P_1944063,0.0,-17.255511248220383
Normal,162,P_1945002,0.0,-14.310996011346958
Normal,162,P_1945008,0.0,-15.47882003623466
Normal,162,P_1946000,0.0,0.0
Normal,162,P_2044008,0.0,-8.433301206300266
Normal,162,P_2044016,0.0,0.0
Normal,162,P_2044024,0.0,0.0
Normal,162,P_2044042,0.0,0.0
Normal,162,P_2045002,0.0,0.0
Normal,162,P_2046013,0.0,-6.38224062778923
Normal,162,Q_40032000,14.6612,0.0
Normal,162,Q_40050000,126.059,0.0
Normal,162,Q_40060001,18.2406,25.842950581349562
Normal,162,Q_40100000,312.542,179.0070939874073
Normal,162,Q_40185000,26.7943,0.0
Normal,162,Q_40330000,97.2953,22.51344003529155
Normal,162,Q_40800001,69.588,0.0
Normal,162,Q_40850000,103.763,13.54295227924737
Normal,162,Q_40930000,11.2497,-12.824518039315903
Normal,163,P_1944059,0.0,0.0
Normal,163,P_1944063,0.0,-10.1767618996509
Normal,163,P_1945002,23.4,55.70702686556044
Normal,163,P_1945008,0.0,-10.42926083522268
Normal,163,P_1946000,0.0,7.256962746021024
Normal,163,P_2044008,24.5,26.260189801772892
Normal,163,P_2044016,0.0,0.0
Normal,163,P_2044024,8.0,0.0
Normal,163,P_2044042,0.0,0.0
Normal,163,P_2045002,0.0,0.0
Normal,163,P_2046013,0.0,0.0
Normal,163,Q_40032000,13.126,-5.396308026177386
Normal,163,Q_40050000,77.8076,0.0
Normal,163,Q_40060001,11.3495,0.0
Normal,163,Q_40100000,200.365,34.44674235565133
Normal,163,Q_40185000,10.6773,0.0
Normal,163,Q_40330000,38.1066,-56.02285032795309
Normal,163,Q_40800001,61.7766,0.0
Normal,163,Q_40850000,81.8573,-5.657691734673236
Normal,163,Q_40930000,8.607,-17.144806848427507
Normal,164,P_1944059,0.0,-2.848977261772466
Normal,164,P_1944063,0.0,-14.139518359843079
Normal,164,P_1945002,0.0,-11.081890953335412
Normal,164,P_1945008,0.0,-12.16962568306102
Normal,164,P_1946000,0.0,0.0
Normal,164,P_2044008,0.0,-5.162910142876957
Normal,164,P_2044016,0.0,0.0
Normal,164,P_2044024,0.0,0.0
Normal,164,P_2044042,0.0,0.0
Normal,164,P_2045002,0.0,0.0
Normal,164,P_2046013,0.0,-4.031228783452288
Normal,164,Q_40032000,13.6935,-4.142388135830849
Normal,164,Q_40050000,88.4952,0.0
Normal,164,Q_40060001,14.6652,0.0
Normal,164,Q_40100000,287.364,146.88362836793112
Normal,164,Q_40185000,16.6046,0.0
Normal,164,Q_40330000,60.5345,-24.28080197743363
Normal,164,Q_40800001,58.9345,0.0
Normal,164,Q_40850000,86.0586,0.0
Normal,164,Q_40930000,9.5841,-13.999695364049524
Normal,165,P_1944059,0.0,0.0
Normal,165,P_1944063,0.0,-12.00640694196011
Normal,165,P_1945002,0.0,-10.815197201050621
Normal,165,P_1945008,0.0,-12.673898159595966
Normal,165,P_1946000,0.0,0.0
Normal,165,P_2044008,0.0,-6.652890062438319
Normal,165,P_2044016,0.0,0.0
Normal,165,P_2044024,0.0,0.0
Normal,165,P_2044042,0.0,0.0
Normal,165,P_2045002,0.0,0.0
Normal,165,P_2046013,0.0,0.0
Normal,165,Q_40032000,11.0303,-6.034599270137392
Normal,165,Q_40050000,39.8371,0.0
Normal,165,Q_40060001,7.8104,-14.405046847658802
Normal,165,Q_40100000,122.102,-75.82346132103152
Normal,165,Q_40185000,10.5553,0.0
Normal,165,Q_40330000,41.855,-50.83440340435488
Normal,165,Q_40800001,40.28,0.0
Normal,165,Q_40850000,57.2922,-33.66732917849435
Normal,165,Q_40930000,4.7209,-26.10425854860369
Normal,166,P_1944059,0.0,-2.7465962506161983
Normal,166,P_1944063,0.0,-13.266621306780761
Normal,166,P_1945002,0.0,-10.918601961277632
Normal,166,P_1945008,0.0,-12.469714264266315
Normal,166,P_1946000,0.0,0.0
Normal,166,P_2044008,0.0,-5.377817120337091
Normal,166,P_2044016,0.0,-2.7901016677347457
Normal,166,P_2044024,0.0,0.0
Normal,166,P_2044042,0.0,0.0
Normal,166,P_2045002,0.0,0.0
Normal,166,P_2046013,0.0,-4.484477986909141
Normal,166,Q_40032000,17.1979,0.0
Normal,166,Q_40050000,75.1557,0.0
Normal,166,Q_40060001,11.4632,0.0
Normal,166,Q_40100000,221.514,58.1662004376653
Normal,166,Q_40185000,22.1329,0.0
Normal,166,Q_40330000,58.6798,-27.547470934246434
Normal,166,Q_40800001,68.7344,0.0
Normal,166,Q_40850000,92.53,0.0
Normal,166,Q_40930000,9.4055,-15.113280481408584
Normal,167,P_1944059,5.0,0.0
Normal,167,P_1944063,0.0,-10.107104266811595
Normal,167,P_1945002,0.0,-7.396350018680366
Normal,167,P_1945008,12.0,25.985548985308263
Normal,167,P_1946000,0.0,0.0
Normal,167,P_2044008,0.0,-5.7640410270468685
Normal,167,P_2044016,25.4,19.075769126071062
Normal,167,P_2044024,0.8,0.0
Normal,167,P_2044042,0.1,0.0
Normal,167,P_2045002,0.0,0.0
Normal,167,P_2046013,0.0,0.0
Normal,167,Q_40032000,18.6166,0.0
Normal,167,Q_40050000,107.33,0.0
Normal,167,Q_40060001,7.6098,-15.407697653458317
Normal,167,Q_40100000,188.568,16.850183410132473
Normal,167,Q_40185000,14.5717,0.0
Normal,167,Q_40330000,46.2913,-45.04236503884498
Normal,167,Q_40800001,41.8251,0.0
Normal,167,Q_40850000,47.0062,-44.005484772365115
Normal,167,Q_40930000,9.7831,-14.863374606388048
Normal,168,P_1944059,0.0,0.0
Normal,168,P_1944063,0.0,-14.381282916594813
Normal,168,P_1945002,0.0,-11.615305251984978
Normal,168,P_1945008,11.3,26.52989714394301
Normal,168,P_1946000,6.2,0.0
Normal,168,P_2044008,27.5,38.28505875625421
Normal,168,P_2044016,9.5,4.723115664914254
Normal,168,P_2044024,0.0,0.0
Normal,168,P_2044042,2.3,0.0
Normal,168,P_2045002,0.0,0.0
Normal,168,P_2046013,5.0,0.0
Normal,168,Q_40032000,19.0173,0.0
Normal,168,Q_40050000,78.0935,0.0
Normal,168,Q_40060001,18.9049,36.870585158953126
Normal,168,Q_40100000,274.082,129.9585788111677
Normal,168,Q_40185000,22.3532,0.0
Normal,168,Q_40330000,81.5691,0.0
Normal,168,Q_40800001,107.507,5.0287607399478595
Normal,168,Q_40850000,209.734,123.84994211169904
Normal,168,Q_40930000,28.223,27.804829378601468
Normal,169,P_1944059,8.6,0.0
Normal,169,P_1944063,6.5,11.207282586153458
Normal,169,P_1945002,16.8,23.409399046294833
Normal,169,P_1945008,50.0,104.48016468282795
Normal,169,P_1946000,2.1,0.0
Normal,169,P_2044008,20.2,22.797540868404756
Normal,169,P_2044016,9.0,0.0
Normal,169,P_2044024,11.0,0.0
Normal,169,P_2044042,14.6,0.0
Normal,169,P_2045002,29.0,13.802788701254386
Normal,169,P_2046013,15.0,7.16021751111208
Normal,169,Q_40032000,21.9436,0.0
Normal,169,Q_40050000,183.005,12.436740954285668
Normal,169,Q_40060001,18.6383,46.41047465182493
Normal,169,Q_40100000,300.84,181.28186406924178
Normal,169,Q_40185000,26.7943,0.0
Normal,169,Q_40330000,98.0341,28.034381330188598
Normal,169,Q_40800001,81.9191,0.0
Normal,169,Q_40850000,86.0586,0.0
Normal,169,Q_40930000,17.2076,0.0
Normal,170,P_1944059,0.0,0.0
Normal,170,P_1944063,0.0,-11.356461298786595
Normal,170,P_1945002,18.6,49.94498677151539
Normal,170,P_1945008,0.0,-10.480533854705282
Normal,170,P_1946000,1.4,0.0
Normal,170,P_2044008,0.0,-5.351180589607276
Normal,170,P_2044016,0.0,0.0
Normal,170,P_2044024,0.0,0.0
Normal,170,P_2044042,0.7,0.0
Normal,170,P_2045002,0.0,0.0
Normal,170,P_2046013,0.0,-2.82895669705092
Normal,170,Q_40032000,11.4834,-5.7291990354095805
Normal,170,Q_40050000,77.8076,0.0
Normal,170,Q_40060001,12.1528,0.0
Normal,170,Q_40100000,228.278,73.07333444666646
Normal,170,Q_40185000,14.5081,0.0
Normal,170,Q_40330000,52.6491,-35.69908612216277
Normal,170,Q_40800001,54.3056,0.0
Normal,170,Q_40850000,73.7287,-15.077743681581909
Normal,170,Q_40930000,9.5841,-14.49847545916413
Normal,171,P_1944059,0.0,0.0
Normal,171,P_1944063,0.0,-9.93103732729214
Normal,171,P_1945002,24.5,38.798749961642464
Normal,171,P_1945008,0.0,-10.70054976085352
Normal,171,P_1946000,0.0,0.0
Normal,171,P_2044008,0.0,-6.4706907301758845
Normal,171,P_2044016,0.0,0.0
Normal,171,P_2044024,0.0,0.0
Normal,171,P_2044042,0.0,0.0
Normal,171,P_2045002,0.0,0.0
Normal,171,P_2046013,0.0,0.0
Normal,171,Q_40032000,13.3277,-5.020547898349719
Normal,171,Q_40050000,41.2063,0.0
Normal,171,Q_40060001,3.1903,-36.09235977230858
Normal,171,Q_40100000,71.8088,-147.1499646902921
Normal,171,Q_40185000,5.5598,0.0
Normal,171,Q_40330000,23.0998,-78.92764318813181
Normal,171,Q_40800001,43.5286,0.0
Normal,171,Q_40850000,67.8746,-23.420023888662193
Normal,171,Q_40930000,31.5568,31.82122845870715
Normal,172,P_1944059,0.0,0.0
Normal,172,P_1944063,1.2,-7.272994337666326
Normal,172,P_1945002,0.0,-10.33930063625491
Normal,172,P_1945008,0.0,-11.902706819326449
Normal,172,P_1946000,0.0,0.0
Normal,172,P_2044008,5.8,0.0
Normal,172,P_2044016,3.8,0.0
Normal,172,P_2044024,0.0,0.0
Normal,172,P_2044042,1.8,0.0
Normal,172,P_2045002,0.0,0.0
Normal,172,P_2046013,0.0,-4.6842264758101
Normal,172,Q_40032000,14.9066,-4.10121123930881
Normal,172,Q_40050000,58.8987,0.0
Normal,172,Q_40060001,9.581,-7.593591090489132
Normal,172,Q_40100000,173.564,-6.034086205805629
Normal,172,Q_40185000,10.5553,0.0
Normal,172,Q_40330000,52.0591,-36.62086924379098
Normal,172,Q_40800001,59.2721,0.0
Normal,172,Q_40850000,71.1011,-19.071562211217568
Normal,172,Q_40930000,6.8988,-21.505814135616706
Normal,173,P_1944059,0.0,0.0
Normal,173,P_1944063,0.0,-12.029182924541464
Normal,173,P_1945002,0.0,-9.24884975295736
Normal,173,P_1945008,0.0,-12.074305350504034
Normal,173,P_1946000,0.0,0.0
Normal,173,P_2044008,0.0,-6.904226090146381
Normal,173,P_2044016,0.0,0.0
Normal,173,P_2044024,0.0,0.0
Normal,173,P_2044042,0.0,0.0
Normal,173,P_2045002,0.0,0.0
Normal,173,P_2046013,0.0,0.0
Normal,173,Q_40032000,10.6207,-7.329094761070684
Normal,173,Q_40050000,37.4888,0.0
Normal,173,Q_40060001,7.312,-16.230174210849462
Normal,173,Q_40100000,113.384,-86.72212714437774
Normal,173,Q_40185000,9.3129,0.0
Normal,173,Q_40330000,39.1647,-54.69083397736635
Normal,173,Q_40800001,38.5417,0.0
Normal,173,Q_40850000,50.7927,-40.62547219337702
Normal,173,Q_40930000,4.362,-26.620133709822678
Normal,174,P_1944059,0.0,0.0
Normal,174,P_1944063,0.0,-10.699516663061726
Normal,174,P_1945002,0.0,-9.413276693391461
Normal,174,P_1945008,0.0,-10.855366497313604
Normal,174,P_1946000,0.0,0.0
Normal,174,P_2044008,0.0,-4.1332647850503195
Normal,174,P_2044016,0.0,-2.502527153188666
Normal,174,P_2044024,0.0,0.0
Normal,174,P_2044042,0.0,0.0
Normal,174,P_2045002,0.0,0.0
Normal,174,P_2046013,0.0,-3.530435444767338
Normal,174,Q_40032000,15.8119,0.0
Normal,174,Q_40050000,62.3219,0.0
Normal,174,Q_40060001,10.2329,-2.809291058501737
Normal,174,Q_40100000,190.259,0.0
Normal,174,Q_40185000,13.1866,0.0
Normal,174,Q_40330000,54.4336,-33.09444984340155
Normal,174,Q_40800001,59.2721,0.0
Normal,174,Q_40850000,77.7471,-10.352673704541024
Normal,174,Q_40930000,7.3307,-18.383906499334817
Normal,175,P_1944059,0.0,0.0
Normal,175,P_1944063,0.0,-13.981958742071795
Normal,175,P_1945002,0.0,-11.261540156311355
Normal,175,P_1945008,0.0,-13.24775154625159
Normal,175,P_1946000,0.0,7.4194983776836665
Normal,175,P_2044008,0.0,-6.651051476499183
Normal,175,P_2044016,0.0,0.0
Normal,175,P_2044024,0.0,0.0
Normal,175,P_2044042,0.0,0.0
Normal,175,P_2045002,0.0,0.0
Normal,175,P_2046013,0.0,0.0
Normal,175,Q_40032000,49.1294,44.398133823285754
Normal,175,Q_40050000,184.932,0.0
Normal,175,Q_40060001,12.8551,0.0
Normal,175,Q_40100000,256.108,104.55865488314423
Normal,175,Q_40185000,14.5717,0.0
Normal,175,Q_40330000,53.2416,-35.55214510947434
Normal,175,Q_40800001,53.5073,0.0
Normal,175,Q_40850000,70.4506,-20.02159584819953
Normal,175,Q_40930000,25.9641,22.490126797845026
Normal,176,P_1944059,0.0,0.0
Normal,176,P_1944063,16.8,44.78364827429415
Normal,176,P_1945002,0.0,-6.713116608985687
Normal,176,P_1945008,0.0,-9.31020873520946
Normal,176,P_1946000,0.0,0.0
Normal,176,P_2044008,7.0,0.0
Normal,176,P_2044016,2.0,-2.71520433957744
Normal,176,P_2044024,11.5,0.0
Normal,176,P_2044042,0.0,0.0
Normal,176,P_2045002,0.0,0.0
Normal,176,P_2046013,0.0,0.0
Normal,176,Q_40032000,10.2156,-5.358698488928914
Normal,176,Q_40050000,35.6171,0.0
Normal,176,Q_40060001,6.921,-18.458677701068254
Normal,176,Q_40100000,109.102,-93.81713976416461
Normal,176,Q_40185000,9.3129,0.0
Normal,176,Q_40330000,38.1066,-57.68117476356766
Normal,176,Q_40800001,40.28,0.0
Normal,176,Q_40850000,49.5209,-43.05327018926735
Normal,176,Q_40930000,4.1869,-27.206176084670687
Normal,177,P_1944059,1.0,0.0
Normal,177,P_1944063,3.1,3.24482598149649
Normal,177,P_1945002,0.0,-8.436820348908107
Normal,177,P_1945008,4.7,4.050434414541969
Normal,177,P_1946000,0.0,6.734032700248785
Normal,177,P_2044008,4.7,0.0
Normal,177,P_2044016,9.0,0.0
Normal,177,P_2044024,0.0,0.0
Normal,177,P_2044042,1.5,0.0
Normal,177,P_2045002,2.2,0.0
Normal,177,P_2046013,6.5,0.0
Normal,177,Q_40032000,14.4597,-4.1492516721192665
Normal,177,Q_40050000,55.0613,0.0
Normal,177,Q_40060001,9.4737,-7.358807768464009
Normal,177,Q_40100000,162.172,-19.536446863247058
Normal,177,Q_40185000,12.735,0.0
Normal,177,Q_40330000,54.4336,-33.400534271177705
Normal,177,Q_40800001,54.6364,0.0
Normal,177,Q_40850000,70.4506,-19.50691976489869
Normal,177,Q_40930000,6.2714,-22.337950242212152
Normal,178,P_1944059,0.0,0.0
Normal,178,P_1944063,0.0,-12.850150150821378
Normal,178,P_1945002,0.0,-10.800346063538003
Normal,178,P_1945008,0.0,-12.909223745942723
Normal,178,P_1946000,0.0,0.0
Normal,178,P_2044008,0.0,-6.029356218616489
Normal,178,P_2044016,6.0,0.0
Normal,178,P_2044024,0.0,0.0
Normal,178,P_2044042,0.0,0.0
Normal,178,P_2045002,0.0,0.0
Normal,178,P_2046013,0.0,-5.29634463974358
Normal,178,Q_40032000,13.5778,0.0
Normal,178,Q_40050000,51.3448,0.0
Normal,178,Q_40060001,9.4737,-8.350140326887663
Normal,178,Q_40100000,163.784,-19.480871282910126
Normal,178,Q_40185000,10.9806,0.0
Normal,178,Q_40330000,52.0591,-37.06924040190003
Normal,178,Q_40800001,54.6364,0.0
Normal,178,Q_40850000,73.0679,-16.75506377000624
Normal,178,Q_40930000,6.687,-21.40691485742035
Normal,179,P_1944059,0.0,0.0
Normal,179,P_1944063,2.3,-3.6436367423959837
Normal,179,P_1945002,6.8,0.0
Normal,179,P_1945008,72.1,154.5203955976423
Normal,179,P_1946000,0.0,0.0
Normal,179,P_2044008,0.0,-5.758155925105306
Normal,179,P_2044016,4.2,0.0
Normal,179,P_2044024,0.0,0.0
Normal,179,P_2044042,3.8,0.0
Normal,179,P_2045002,0.2,0.0
Normal,179,P_2046013,10.9,0.0
Normal,179,Q_40032000,14.8154,-4.4543532975646825
Normal,179,Q_40050000,33.5407,-5.168730945243032
Normal,179,Q_40060001,3.1903,-36.65236003518693
Normal,179,Q_40100000,71.8088,-145.38904200085062
Normal,179,Q_40185000,8.5132,0.0
Normal,179,Q_40330000,31.488,-66.2088056633667
Normal,179,Q_40800001,49.6554,0.0
Normal,179,Q_40850000,35.6119,-57.92219000967149
Normal,179,Q_40930000,9.4285,-16.538899877450394
Normal,180,P_1944059,0.0,0.0
Normal,180,P_1944063,0.0,-11.020605394254753
Normal,180,P_1945002,0.0,-8.36083719076938
Normal,180,P_1945008,0.0,-11.32439487833328
Normal,180,P_1946000,0.0,0.0
Normal,180,P_2044008,0.0,-5.7897699538741225
Normal,180,P_2044016,0.0,0.0
Normal,180,P_2044024,0.0,0.0
Normal,180,P_2044042,1.3,0.0
Normal,180,P_2045002,2.0,0.0
Normal,180,P_2046013,9.5,0.0
Normal,180,Q_40032000,14.2709,-4.673169665074397
Normal,180,Q_40050000,68.5987,0.0
Normal,180,Q_40060001,7.0181,-16.822523768671786
Normal,180,Q_40100000,109.335,-91.77020472017172
Normal,180,Q_40185000,11.1292,0.0
Normal,180,Q_40330000,40.7711,-51.1204534054816
Normal,180,Q_40800001,46.3232,0.0
Normal,180,Q_40850000,59.1871,-31.24713732827604
Normal,180,Q_40930000,11.5881,-10.892590797410769
Normal,181,P_1944059,15.0,13.108889816979222
Normal,181,P_1944063,16.0,56.06902041546013
Normal,181,P_1945002,0.0,0.0
Normal,181,P_1945008,12.4,24.601812976628484
Normal,181,P_1946000,0.0,5.592014898288426
Normal,181,P_2044008,45.2,62.037559496326026
Normal,181,P_2044016,3.0,0.0
Normal,181,P_2044024,8.2,0.0
Normal,181,P_2044042,0.0,0.0
Normal,181,P_2045002,15.9,0.0
Normal,181,P_2046013,0.0,0.0
Normal,181,Q_40032000,18.5825,0.0
Normal,181,Q_40050000,76.618,0.0
Normal,181,Q_40060001,15.4102,21.416676583328545
Normal,181,Q_40100000,226.501,66.16023419776772
Normal,181,Q_40185000,27.4561,0.0
Normal,181,Q_40330000,99.6193,25.16993616956579
Normal,181,Q_40800001,172.353,11.062748241465414
Normal,181,Q_40850000,193.383,108.74513787530995
Normal,181,Q_40930000,13.6517,0.0
Normal,182,P_1944059,0.0,0.0
Normal,182,P_1944063,0.0,-12.54723628602458
Normal,182,P_1945002,0.0,-9.971246847701051
Normal,182,P_1945008,0.0,-12.47085598748523
Normal,182,P_1946000,0.0,0.0
Normal,182,P_2044008,0.0,-7.021648562256306
Normal,182,P_2044016,0.0,0.0
Normal,182,P_2044024,0.0,0.0
Normal,182,P_2044042,0.0,0.0
Normal,182,P_2045002,0.0,0.0
Normal,182,P_2046013,0.0,0.0
Normal,182,Q_40032000,15.1905,-5.659470495847302
Normal,182,Q_40050000,75.2794,0.0
Normal,182,Q_40060001,7.1157,-17.535149724531713
Normal,182,Q_40100000,132.531,-61.7722768518412
Normal,182,Q_40185000,9.3129,0.0
Normal,182,Q_40330000,34.9956,-60.38433535859853
Normal,182,Q_40800001,36.0345,0.0
Normal,182,Q_40850000,54.0135,-37.628524331574916
Normal,182,Q_40930000,9.7831,-15.497098662316416
Normal,183,P_1944059,13.8,12.399132476776344
Normal,183,P_1944063,1.0,-4.481221178051621
Normal,183,P_1945002,0.0,-4.920311722845937
Normal,183,P_1945008,15.3,20.42843950800973
Normal,183,P_1946000,0.0,0.0
Normal,183,P_2044008,4.3,0.0
Normal,183,P_2044016,14.3,0.0
Normal,183,P_2044024,17.0,0.0
Normal,183,P_2044042,0.0,0.0
Normal,183,P_2045002,10.2,0.0
Normal,183,P_2046013,11.6,0.0
Normal,183,Q_40032000,7.441,0.0
Normal,183,Q_40050000,32.1416,0.0
Normal,183,Q_40060001,3.1903,-33.708833159407206
Normal,183,Q_40100000,68.1168,-149.0984472585521
Normal,183,Q_40185000,5.5598,0.0
Normal,183,Q_40330000,27.6451,-70.41486041080044
Normal,183,Q_40800001,32.0679,-4.5245833399361635
Normal,183,Q_40850000,41.4926,-50.56074596803921
Normal,183,Q_40930000,9.076,-16.00263703091652
Normal,184,P_1944059,6.2,0.0
Normal,184,P_1944063,24.4,45.644983613602676
Normal,184,P_1945002,4.9,0.0
Normal,184,P_1945008,20.0,27.737255035780418
Normal,184,P_1946000,0.0,7.141863722614078
Normal,184,P_2044008,7.1,0.0
Normal,184,P_2044016,46.6,44.02557346585393
Normal,184,P_2044024,33.8,10.376881776103462
Normal,184,P_2044042,40.7,-9.384188569065033
Normal,184,P_2045002,2.5,0.0
Normal,184,P_2046013,3.0,0.0
Normal,184,Q_40032000,13.5778,0.0
Normal,184,Q_40050000,78.0565,0.0
Normal,184,Q_40060001,8.422,-14.11807824535876
Normal,184,Q_40100000,180.183,0.0
Normal,184,Q_40185000,67.3388,5.642600414691927
Normal,184,Q_40330000,61.1573,-27.612181534864714
Normal,184,Q_40800001,64.4782,0.0
Normal,184,Q_40850000,86.7676,0.0
Normal,184,Q_40930000,11.4249,-12.268877250425847
Normal,185,P_1944059,6.4,0.0
Normal,185,P_1944063,2.1,0.0
Normal,185,P_1945002,8.6,0.0
Normal,185,P_1945008,0.0,-8.00335717390623
Normal,185,P_1946000,14.3,-10.067725271819807
Normal,185,P_2044008,9.0,0.0
Normal,185,P_2044016,15.7,0.0
Normal,185,P_2044024,8.2,0.0
Normal,185,P_2044042,30.1,-7.117511908684287
Normal,185,P_2045002,7.9,0.0
Normal,185,P_2046013,34.4,9.470947829628983
Normal,185,Q_40032000,63.2119,24.842740357922228
Normal,185,Q_40050000,122.111,0.0
Normal,185,Q_40060001,7.1157,-17.02508625272844
Normal,185,Q_40100000,154.188,-35.7117541159753
Normal,185,Q_40185000,24.872,0.0
Normal,185,Q_40330000,58.6798,-29.390251414978025
Normal,185,Q_40800001,70.6557,0.0
Normal,185,Q_40850000,79.107,-10.38606220050137
Normal,185,Q_40930000,11.9548,-8.192586912213093
Normal,186,P_1944059,7.4,0.0
Normal,186,P_1944063,55.8,153.73646335699533
Normal,186,P_1945002,0.0,-5.1915158982172755
Normal,186,P_1945008,14.8,24.389606826822895
Normal,186,P_1946000,0.0,0.0
Normal,186,P_2044008,1.7,-3.2837755491556493
Normal,186,P_2044016,0.6,0.0
Normal,186,P_2044024,0.9,0.0
Normal,186,P_2044042,0.2,0.0
Normal,186,P_2045002,0.0,0.0
Normal,186,P_2046013,0.0,0.0
Normal,186,Q_40032000,16.893,0.0
Normal,186,Q_40050000,54.9279,0.0
Normal,186,Q_40060001,5.2495,-29.36823649956341
Normal,186,Q_40100000,79.3767,-139.3234912028952
Normal,186,Q_40185000,10.1356,0.0
Normal,186,Q_40330000,30.0259,-68.9186475487436
Normal,186,Q_40800001,40.9814,-3.445842602368306
Normal,186,Q_40850000,66.6021,-25.713347548395685
Normal,186,Q_40930000,8.378,-17.187019089140684
Normal,187,P_1944059,4.7,0.0
Normal,187,P_1944063,0.0,0.0
Normal,187,P_1945002,0.0,0.0
Normal,187,P_1945008,0.0,0.0
Normal,187,P_1946000,0.0,4.096163416736675
Normal,187,P_2044008,12.2,8.548623220618264
Normal,187,P_2044016,9.9,0.0
Normal,187,P_2044024,5.0,0.0
Normal,187,P_2044042,0.0,0.0
Normal,187,P_2045002,1.7,0.0
Normal,187,P_2046013,32.7,34.978989916713665
Normal,187,Q_40032000,28.8196,7.670143058648857
Normal,187,Q_40050000,94.5373,0.0
Normal,187,Q_40060001,12.5024,3.3469342044518124
Normal,187,Q_40100000,381.397,279.0820203550356
Normal,187,Q_40185000,23.5877,0.0
Normal,187,Q_40330000,85.0554,5.276523831170884
Normal,187,Q_40800001,101.733,3.2500061487020844
Normal,187,Q_40850000,101.472,11.925532707451914
Normal,187,Q_40930000,44.6561,63.453217346746136
Normal,188,P_1944059,0.0,0.0
Normal,188,P_1944063,30.9,84.3856559759456
Normal,188,P_1945002,0.0,-7.513480765553996
Normal,188,P_1945008,0.0,-10.247699179681268
Normal,188,P_1946000,0.0,0.0
Normal,188,P_2044008,0.0,-5.489645736853881
Normal,188,P_2044016,0.0,0.0
Normal,188,P_2044024,0.0,0.0
Normal,188,P_2044042,0.0,0.0
Normal,188,P_2045002,0.0,0.0
Normal,188,P_2046013,0.0,0.0
Normal,188,Q_40032000,8.303,0.0
Normal,188,Q_40050000,37.884,0.0
Normal,188,Q_40060001,3.1903,-37.22640715549639
Normal,188,Q_40100000,102.085,-107.01745511803362
Normal,188,Q_40185000,8.1222,0.0
Normal,188,Q_40330000,30.5105,-69.29676984188363
Normal,188,Q_40800001,45.2532,-3.342266314045247
Normal,188,Q_40850000,59.1871,-34.1042934427458
Normal,188,Q_40930000,7.349,-20.931349449750865
Normal,189,P_1944059,0.0,0.0
Normal,189,P_1944063,0.0,-12.53337948585903
Normal,189,P_1945002,0.0,-9.917497231463505
Normal,189,P_1945008,0.0,-12.040590458218121
Normal,189,P_1946000,0.0,0.0
Normal,189,P_2044008,0.0,-7.418623863820869
Normal,189,P_2044016,0.0,0.0
Normal,189,P_2044024,0.0,0.0
Normal,189,P_2044042,0.0,0.0
Normal,189,P_2045002,0.0,0.0
Normal,189,P_2046013,0.0,0.0
Normal,189,Q_40032000,12.7119,-6.858012351261631
Normal,189,Q_40050000,70.9995,0.0
Normal,189,Q_40060001,7.5101,-15.396882746415566
Normal,189,Q_40100000,116.267,-83.99621711887953
Normal,189,Q_40185000,8.5132,0.0
Normal,189,Q_40330000,31.488,-64.8884450235044
Normal,189,Q_40800001,24.716,0.0
Normal,189,Q_40850000,31.1041,-61.73626886926725
Normal,189,Q_40930000,7.6895,-20.332571711440483
Normal,190,P_1944059,0.0,0.0
Normal,190,P_1944063,0.0,-11.59063381550891
Normal,190,P_1945002,0.0,-9.205879267520329
Normal,190,P_1945008,0.0,-12.414610936805957
Normal,190,P_1946000,0.0,0.0
Normal,190,P_2044008,0.0,-6.8247121685189995
Normal,190,P_2044016,0.0,0.0
Normal,190,P_2044024,0.0,0.0
Normal,190,P_2044042,0.0,0.0
Normal,190,P_2045002,0.0,0.0
Normal,190,P_2046013,0.0,0.0
Normal,190,Q_40032000,8.6394,-7.273182709644742
Normal,190,Q_40050000,45.3071,0.0
Normal,190,Q_40060001,6.1599,-20.41068159913308
Normal,190,Q_40100000,81.0774,-128.98954026323773
Normal,190,Q_40185000,7.7378,0.0
Normal,190,Q_40330000,27.6451,-69.30641257534461
Normal,190,Q_40800001,35.6238,0.0
Normal,190,Q_40850000,45.7634,-46.0939702844978
Normal,190,Q_40930000,4.8967,-24.996826055347892
Normal,191,P_1944059,11.4,10.484213208277598
Normal,191,P_1944063,0.0,0.0
Normal,191,P_1945002,25.8,67.68729882988272
Normal,191,P_1945008,0.0,0.0
Normal,191,P_1946000,0.0,6.9311199222726145
Normal,191,P_2044008,20.0,21.821652197763335
Normal,191,P_2044016,0.0,0.0
Normal,191,P_2044024,2.0,0.0
Normal,191,P_2044042,5.3,0.0
Normal,191,P_2045002,13.1,0.0
Normal,191,P_2046013,4.0,0.0
Normal,191,Q_40032000,35.2567,19.644232455357386
Normal,191,Q_40050000,143.521,0.0
Normal,191,Q_40060001,20.5297,50.65585545627915
Normal,191,Q_40100000,335.983,225.43119016131902
Normal,191,Q_40185000,25.9963,0.0
Normal,191,Q_40330000,110.981,43.635688041795284
Normal,191,Q_40800001,70.6759,0.0
Normal,191,Q_40850000,110.768,23.888912681761944
Normal,191,Q_40930000,57.4414,95.57647025547313
Normal,192,P_1944059,0.0,-3.257169332286476
Normal,192,P_1944063,0.0,-12.238840878527101
Normal,192,P_1945002,3.7,0.0
Normal,192,P_1945008,0.0,-11.585879579166606
Normal,192,P_1946000,0.0,0.0
Normal,192,P_2044008,0.0,-4.7442024179869815
Normal,192,P_2044016,0.0,0.0
Normal,192,P_2044024,0.0,0.0
Normal,192,P_2044042,0.0,0.0
Normal,192,P_2045002,0.0,0.0
Normal,192,P_2046013,0.0,-3.0478293955228466
Normal,192,Q_40032000,13.126,-5.025007347922127
Normal,192,Q_40050000,81.5595,0.0
Normal,192,Q_40060001,14.1751,0.0
Normal,192,Q_40100000,279.75,137.78100170346707
Normal,192,Q_40185000,16.0694,0.0
Normal,192,Q_40330000,59.914,-25.118152921430386
Normal,192,Q_40800001,57.0666,0.0
Normal,192,Q_40850000,77.071,-10.48794862061126
Normal,192,Q_40930000,12.2696,-8.0114644646749
Normal,193,P_1944059,0.0,-4.775595814063649
Normal,193,P_1944063,0.0,-12.282491143455395
Normal,193,P_1945002,0.0,-10.404534651719333
Normal,193,P_1945008,0.0,-12.481480963497763
Normal,193,P_1946000,0.0,0.0
Normal,193,P_2044008,0.0,-7.091685091634378
Normal,193,P_2044016,0.0,0.0
Normal,193,P_2044024,0.0,0.0
Normal,193,P_2044042,0.9,0.0
Normal,193,P_2045002,0.0,0.0
Normal,193,P_2046013,0.0,-5.343831949477858
Normal,193,Q_40032000,13.8849,0.0
Normal,193,Q_40050000,50.8584,0.0
Normal,193,Q_40060001,7.9113,-14.266717770605016
Normal,193,Q_40100000,127.926,-67.92726145558656
Normal,193,Q_40185000,12.5314,0.0
Normal,193,Q_40330000,45.7281,-45.81016086573212
Normal,193,Q_40800001,54.3056,0.0
Normal,193,Q_40850000,71.7541,-19.104998929748877
Normal,193,Q_40930000,14.7039,0.0
Normal,194,P_1944059,46.4,80.11424163289585
Normal,194,P_1944063,10.5,18.87360172851571
Normal,194,P_1945002,0.0,0.0
Normal,194,P_1945008,12.9,16.306198667789296
Normal,194,P_1946000,0.0,5.142597899001245
Normal,194,P_2044008,10.7,0.0
Normal,194,P_2044016,6.4,0.0
Normal,194,P_2044024,2.4,0.0
Normal,194,P_2044042,0.0,0.0
Normal,194,P_2045002,0.0,0.0
Normal,194,P_2046013,36.2,14.244705286613913
Normal,194,Q_40032000,18.1401,0.0
Normal,194,Q_40050000,110.55,0.0
Normal,194,Q_40060001,8.1144,-14.049529836492937
Normal,194,Q_40100000,175.211,0.0
Normal,194,Q_40185000,28.2927,0.0
Normal,194,Q_40330000,49.7228,-41.3282931086822
Normal,194,Q_40800001,124.236,15.440537257982571
Normal,194,Q_40850000,128.715,41.32822216454651
Normal,194,Q_40930000,7.5507,-20.302770064019064
Normal,195,P_1944059,0.0,0.0
Normal,195,P_1944063,0.0,-11.583598162956779
Normal,195,P_1945002,0.0,-9.353650385302874
Normal,195,P_1945008,0.0,-11.700163499972687
Normal,195,P_1946000,0.0,0.0
Normal,195,P_2044008,0.0,-7.250358385174707
Normal,195,P_2044016,0.0,0.0
Normal,195,P_2044024,0.0,0.0
Normal,195,P_2044042,0.0,0.0
Normal,195,P_2045002,0.0,0.0
Normal,195,P_2046013,0.0,0.0
Normal,195,Q_40032000,8.6413,-7.442103546845366
Normal,195,Q_40050000,28.7656,0.0
Normal,195,Q_40060001,5.608,-22.302151397548744
Normal,195,Q_40100000,84.5546,-123.96635723525421
Normal,195,Q_40185000,6.9856,0.0
Normal,195,Q_40330000,32.4766,-62.92557187158689
Normal,195,Q_40800001,30.0639,0.0
Normal,195,Q_40850000,42.7002,-49.20211808172684
Normal,195,Q_40930000,2.88,-29.36491995587058
Normal,196,P_1944059,0.0,0.0
Normal,196,P_1944063,0.5,-9.224832104653686
Normal,196,P_1945002,0.0,-9.678101887637876
Normal,196,P_1945008,0.0,-12.172343490896477
Normal,196,P_1946000,0.0,0.0
Normal,196,P_2044008,0.0,-6.629543037128684
Normal,196,P_2044016,0.0,0.0
Normal,196,P_2044024,0.0,0.0
Normal,196,P_2044042,0.0,0.0
Normal,196,P_2045002,0.0,0.0
Normal,196,P_2046013,0.0,0.0
Normal,196,Q_40032000,7.1451,-8.08055380912062
Normal,196,Q_40050000,24.9018,0.0
Normal,196,Q_40060001,5.161,-23.597302918819636
Normal,196,Q_40100000,128.028,-67.5150099917954
Normal,196,Q_40185000,10.5553,0.0
Normal,196,Q_40330000,36.022,-57.86572093304511
Normal,196,Q_40800001,57.4099,0.0
Normal,196,Q_40850000,74.3921,-15.154750169411825
Normal,196,Q_40930000,9.4055,-15.387769482464783
Normal,197,P_1944059,14.2,0.0
Normal,197,P_1944063,5.2,0.0
Normal,197,P_1945002,17.1,14.069826749684283
Normal,197,P_1945008,18.9,28.320692341377754
Normal,197,P_1946000,12.0,-7.59276136675647
Normal,197,P_2044008,20.8,21.275259353930238
Normal,197,P_2044016,12.5,0.0
Normal,197,P_2044024,12.9,0.0
Normal,197,P_2044042,18.2,-13.0872467283024
Normal,197,P_2045002,30.5,25.82715976697863
Normal,197,P_2046013,23.5,0.0
Normal,197,Q_40032000,15.8119,0.0
Normal,197,Q_40050000,55.3134,0.0
Normal,197,Q_40060001,9.4737,0.0
Normal,197,Q_40100000,158.963,-25.78963626665139
Normal,197,Q_40185000,16.4869,0.0
Normal,197,Q_40330000,53.8364,-35.21692799432814
Normal,197,Q_40800001,64.9201,0.0
Normal,197,Q_40850000,79.7908,-8.805208430218025
Normal,197,Q_40930000,8.4572,-16.874834274126083
Normal,198,P_1944059,21.4,15.190354126748405
Normal,198,P_1944063,27.0,47.130901375081706
Normal,198,P_1945002,0.0,0.0
Normal,198,P_1945008,19.8,23.309735678877963
Normal,198,P_1946000,0.0,0.0
Normal,198,P_2044008,1.8,0.0
Normal,198,P_2044016,2.0,0.0
Normal,198,P_2044024,3.8,0.0
Normal,198,P_2044042,1.5,0.0
Normal,198,P_2045002,67.9,96.64089802089943
Normal,198,P_2046013,33.5,17.35312860951841
Normal,198,Q_40032000,14.4597,0.0
Normal,198,Q_40050000,102.966,0.0
Normal,198,Q_40060001,7.4108,0.0
Normal,198,Q_40100000,131.025,-68.89323562560182
Normal,198,Q_40185000,14.5717,0.0
Normal,198,Q_40330000,92.908,14.52773321087669
Normal,198,Q_40800001,98.9226,7.2451836328250305
Normal,198,Q_40850000,106.076,16.164800117341905
Normal,198,Q_40930000,7.5507,-21.27816134654185
Normal,199,P_1944059,2.0,0.0
Normal,199,P_1944063,4.4,0.0
Normal,199,P_1945002,34.9,52.46270973542059
Normal,199,P_1945008,10.3,13.130188622527971
Normal,199,P_1946000,23.0,0.0
Normal,199,P_2044008,14.4,10.753441182376573
Normal,199,P_2044016,16.0,7.187070184508784
Normal,199,P_2044024,24.0,0.0
Normal,199,P_2044042,14.9,0.0
Normal,199,P_2045002,0.4,0.0
Normal,199,P_2046013,0.0,0.0
Normal,199,Q_40032000,25.902,0.0
Normal,199,Q_40050000,160.605,4.626946884749316
Normal,199,Q_40060001,16.6778,30.369311747793095
Normal,199,Q_40100000,186.881,11.15058126213162
Normal,199,Q_40185000,25.9963,0.0
Normal,199,Q_40330000,80.8782,0.0
Normal,199,Q_40800001,125.324,9.26096529677666
Normal,199,Q_40850000,135.528,49.31387605333604
Normal,199,Q_40930000,58.3007,93.166703373374
Normal,200,P_1944059,0.0,0.0
Normal,200,P_1944063,0.0,-13.683557974781156
Normal,200,P_1945002,0.0,-11.245381081189349
Normal,200,P_1945008,0.0,-12.455602541953178
Normal,200,P_1946000,0.0,0.0
Normal,200,P_2044008,0.0,-5.797981546295455
Normal,200,P_2044016,0.0,0.0
Normal,200,P_2044024,0.0,0.0
Normal,200,P_2044042,0.0,0.0
Normal,200,P_2045002,0.0,0.0
Normal,200,P_2046013,0.0,-4.689524701175083
Normal,200,Q_40032000,12.5685,-4.360512559088505
Normal,200,Q_40050000,80.4263,0.0
Normal,200,Q_40060001,13.811,0.0
Normal,200,Q_40100000,248.111,94.15717883842238
Normal,200,Q_40185000,15.5416,0.0
Normal,200,Q_40330000,56.846,-30.150724037228613
Normal,200,Q_40800001,55.2205,0.0
Normal,200,Q_40850000,74.3921,-15.668391972460926
Normal,200,Q_40930000,11.2497,-10.49315632344298
Normal,201,P_1944059,0.0,0.0
Normal,201,P_1944063,0.0,-12.292007430810719
Normal,201,P_1945002,0.0,-9.606227536194899
Normal,201,P_1945008,0.0,-12.345236493035047
Normal,201,P_1946000,0.0,0.0
Normal,201,P_2044008,0.0,-6.725991586486515
Normal,201,P_2044016,0.0,0.0
Normal,201,P_2044024,0.0,0.0
Normal,201,P_2044042,0.0,0.0
Normal,201,P_2045002,0.0,0.0
Normal,201,P_2046013,0.0,0.0
Normal,201,Q_40032000,11.0303,-7.212153198394505
Normal,201,Q_40050000,39.8371,0.0
Normal,201,Q_40060001,7.7099,-14.677254107269414
Normal,201,Q_40100000,120.635,-77.57327015551479
Normal,201,Q_40185000,10.1356,0.0
Normal,201,Q_40330000,39.6976,-53.6287980729996
Normal,201,Q_40800001,42.0316,0.0
Normal,201,Q_40850000,56.6319,-34.3771094890627
Normal,201,Q_40930000,4.7209,-25.86513317317466
Normal,202,P_1944059,0.0,0.0
Normal,202,P_1944063,0.0,-16.480157817969882
Normal,202,P_1945002,0.0,-14.70117098892067
Normal,202,P_1945008,0.0,-14.999907745780062
Normal,202,P_1946000,0.0,0.0
Normal,202,P_2044008,0.0,-7.313010177627597
Normal,202,P_2044016,0.0,0.0
Normal,202,P_2044024,0.0,0.0
Normal,202,P_2044042,0.0,0.0
Normal,202,P_2045002,0.0,0.0
Normal,202,P_2046013,0.0,-5.977521532480047
Normal,202,Q_40032000,17.303,0.0
Normal,202,Q_40050000,132.662,0.0
Normal,202,Q_40060001,18.5054,27.35073400966187
Normal,202,Q_40100000,318.444,186.44819012379668
Normal,202,Q_40185000,28.1246,0.0
Normal,202,Q_40330000,102.015,28.967037138794975
Normal,202,Q_40800001,81.9191,0.0
Normal,202,Q_40850000,96.9564,6.760768120027734
Normal,202,Q_40930000,11.2497,-12.060290809945842
Normal,203,P_1944059,0.0,0.0
Normal,203,P_1944063,0.0,-12.37923550965544
Normal,203,P_1945002,0.0,-9.697386865233481
Normal,203,P_1945008,0.0,-12.146015415265824
Normal,203,P_1946000,0.0,0.0
Normal,203,P_2044008,0.0,-6.432353427224655
Normal,203,P_2044016,0.0,0.0
Normal,203,P_2044024,0.0,0.0
Normal,203,P_2044042,0.0,0.0
Normal,203,P_2045002,0.0,0.0
Normal,203,P_2046013,0.0,0.0
Normal,203,Q_40032000,9.4191,-7.113966821560404
Normal,203,Q_40050000,32.204,0.0
Normal,203,Q_40060001,6.442,-20.02987970535324
Normal,203,Q_40100000,96.5792,-108.62836446975747
Normal,203,Q_40185000,8.1222,0.0
Normal,203,Q_40330000,39.1647,-54.226468884042916
Normal,203,Q_40800001,34.2567,0.0
Normal,203,Q_40850000,43.3078,-47.77818671061933
Normal,203,Q_40930000,3.9737,-27.09690937173016
Normal,204,P_1944059,0.0,0.0
Normal,204,P_1944063,0.0,-13.410561476321998
Normal,204,P_1945002,0.0,-10.81295102716567
Normal,204,P_1945008,0.0,-13.283223209093398
Normal,204,P_1946000,0.0,0.0
Normal,204,P_2044008,0.0,-7.393991932913016
Normal,204,P_2044016,0.0,0.0
Normal,204,P_2044024,0.0,0.0
Normal,204,P_2044042,0.0,0.0
Normal,204,P_2045002,0.0,0.0
Normal,204,P_2046013,0.0,0.0
Normal,204,Q_40032000,16.5007,0.0
Normal,204,Q_40050000,98.6386,0.0
Normal,204,Q_40060001,9.4737,-8.945950117861729
Normal,204,Q_40100000,170.284,-11.942073554595122
Normal,204,Q_40185000,10.9806,0.0
Normal,204,Q_40330000,38.1066,-55.91804823463583
Normal,204,Q_40800001,31.8011,-4.898163714409321
Normal,204,Q_40850000,41.4926,-50.51005734370669
Normal,204,Q_40930000,10.14,-14.367634509193204
Normal,205,P_1944059,7.0,0.0
Normal,205,P_1944063,0.0,-6.948538272674607
Normal,205,P_1945002,0.0,-3.266181222948428
Normal,205,P_1945008,8.2,0.0
Normal,205,P_1946000,0.0,0.0
Normal,205,P_2044008,6.2,0.0
Normal,205,P_2044016,22.3,16.483240445458648
Normal,205,P_2044024,12.4,0.0
Normal,205,P_2044042,19.8,-12.226173140138114
Normal,205,P_2045002,2.3,0.0
Normal,205,P_2046013,15.0,0.0
Normal,205,Q_40032000,9.0278,-2.702121074926815
Normal,205,Q_40050000,45.5996,0.0
Normal,205,Q_40060001,6.921,-18.09124969958919
Normal,205,Q_40100000,48.6062,-173.95639672577724
Normal,205,Q_40185000,10.9806,0.0
Normal,205,Q_40330000,21.7942,-77.69120238180894
Normal,205,Q_40800001,69.5346,0.0
Normal,205,Q_40850000,67.8746,-21.18021712587594
Normal,205,Q_40930000,7.0112,-19.642158206771597
Normal,206,P_1944059,0.0,0.0
Normal,206,P_1944063,0.0,-13.00932661102623
Normal,206,P_1945002,0.0,-10.280317865787188
Normal,206,P_1945008,0.0,-12.838796786316907
Normal,206,P_1946000,0.0,0.0
Normal,206,P_2044008,0.0,-6.570882154671406
Normal,206,P_2044016,0.0,0.0
Normal,206,P_2044024,0.0,0.0
Normal,206,P_2044042,0.0,0.0
Normal,206,P_2045002,0.0,0.0
Normal,206,P_2046013,0.0,0.0
Normal,206,Q_40032000,14.0168,-5.410908258279306
Normal,206,Q_40050000,55.566,0.0
Normal,206,Q_40060001,9.4737,-8.233733379214986
Normal,206,Q_40100000,162.172,-22.60056170853046
Normal,206,Q_40185000,9.3129,0.0
Normal,206,Q_40330000,50.8861,-39.14088550287216
Normal,206,Q_40800001,54.6364,0.0
Normal,206,Q_40850000,73.0679,-16.964577228121893
Normal,206,Q_40930000,6.687,-21.546435156325444
Normal,207,P_1944059,26.0,43.08625948575485
Normal,207,P_1944063,1.3,-4.974291096346341
Normal,207,P_1945002,0.0,-7.318883911204132
Normal,207,P_1945008,10.1,16.191862434723408
Normal,207,P_1946000,0.0,0.0
Normal,207,P_2044008,8.6,0.0
Normal,207,P_2044016,0.0,0.0
Normal,207,P_2044024,0.0,0.0
Normal,207,P_2044042,4.8,-3.167113041475801
Normal,207,P_2045002,1.8,0.0
Normal,207,P_2046013,2.0,0.0
Normal,207,Q_40032000,17.0836,0.0
Normal,207,Q_40050000,92.5565,0.0
Normal,207,Q_40060001,6.8243,-17.937911463279384
Normal,207,Q_40100000,186.881,11.95683183920589
Normal,207,Q_40185000,13.6433,0.0
Normal,207,Q_40330000,47.4254,-42.75646841820211
Normal,207,Q_40800001,71.601,0.0
Normal,207,Q_40850000,61.0054,-29.147823961534645
Normal,207,Q_40930000,8.0325,-17.637864790272086
Normal,208,P_1944059,0.0,0.0
Normal,208,P_1944063,0.0,-11.79381082315141
Normal,208,P_1945002,0.0,-10.828897210913356
Normal,208,P_1945008,0.0,-12.118722667364409
Normal,208,P_1946000,0.0,0.0
Normal,208,P_2044008,0.0,-6.8403697803741865
Normal,208,P_2044016,0.0,0.0
Normal,208,P_2044024,0.0,0.0
Normal,208,P_2044042,0.0,0.0
Normal,208,P_2045002,0.0,0.0
Normal,208,P_2046013,0.0,0.0
Normal,208,Q_40032000,12.2023,-6.4085304553273374
Normal,208,Q_40050000,45.4208,0.0
Normal,208,Q_40060001,7.6098,-14.834527468197239
Normal,208,Q_40100000,121.596,-76.52100702078947
Normal,208,Q_40185000,12.0563,0.0
Normal,208,Q_40330000,44.0531,-47.989310291296555
Normal,208,Q_40800001,48.9332,0.0
Normal,208,Q_40850000,68.5147,-21.661183168805515
Normal,208,Q_40930000,12.9576,-8.963530120395276
Normal,209,P_1944059,0.0,0.0
Normal,209,P_1944063,0.0,-12.183173332673487
Normal,209,P_1945002,0.0,-10.00352942784992
Normal,209,P_1945008,0.0,-11.662752565645704
Normal,209,P_1946000,0.0,0.0
Normal,209,P_2044008,0.0,-5.537112930546376
Normal,209,P_2044016,0.0,0.0
Normal,209,P_2044024,0.0,0.0
Normal,209,P_2044042,0.0,0.0
Normal,209,P_2045002,0.0,0.0
Normal,209,P_2046013,0.0,-4.074620550929026
Normal,209,Q_40032000,13.1428,-4.349607963157789
Normal,209,Q_40050000,51.8333,0.0
Normal,209,Q_40060001,9.2602,-7.572902382822166
Normal,209,Q_40100000,185.199,0.0
Normal,209,Q_40185000,16.9776,0.0
Normal,209,Q_40330000,53.2416,-34.73925028386073
Normal,209,Q_40800001,51.8873,0.0
Normal,209,Q_40850000,73.7287,-15.329877160239295
Normal,209,Q_40930000,7.1134,-20.050275299515235
Normal,210,P_1944059,0.0,0.0
Normal,210,P_1944063,0.0,-12.017466576483553
Normal,210,P_1945002,0.0,-10.11583084170928
Normal,210,P_1945008,0.0,-12.490000161240177
Normal,210,P_1946000,0.0,0.0
Normal,210,P_2044008,0.0,-6.533083588699583
Normal,210,P_2044016,0.0,0.0
Normal,210,P_2044024,0.0,0.0
Normal,210,P_2044042,0.0,0.0
Normal,210,P_2045002,0.0,0.0
Normal,210,P_2046013,0.0,0.0
Normal,210,Q_40032000,9.1347,-8.393364711758922
Normal,210,Q_40050000,53.3081,0.0
Normal,210,Q_40060001,7.4108,-16.477766063394263
Normal,210,Q_40100000,131.141,-63.853964477528336
Normal,210,Q_40185000,8.1334,0.0
Normal,210,Q_40330000,29.0651,-67.41815332736768
Normal,210,Q_40800001,39.6191,0.0
Normal,210,Q_40850000,51.4322,-39.44230799860514
Normal,210,Q_40930000,5.7909,-23.67084737799185
Normal,211,P_1944059,1.0,0.0
Normal,211,P_1944063,12.3,18.799231070355603
Normal,211,P_1945002,5.8,0.0
Normal,211,P_1945008,0.0,0.0
Normal,211,P_1946000,5.2,0.0
Normal,211,P_2044008,77.5,138.01805508333086
Normal,211,P_2044016,8.6,0.0
Normal,211,P_2044024,2.6,0.0
Normal,211,P_2044042,17.5,-15.31069317552246
Normal,211,P_2045002,24.3,14.474670389830019
Normal,211,P_2046013,51.7,29.514023940338294
Normal,211,Q_40032000,23.3129,0.0
Normal,211,Q_40050000,144.934,0.0
Normal,211,Q_40060001,6.7281,-21.3848481338459
Normal,211,Q_40100000,163.784,-22.611447513747372
Normal,211,Q_40185000,29.4644,0.0
Normal,211,Q_40330000,59.914,-27.635953202249734
Normal,211,Q_40800001,107.718,11.37372310018111
Normal,211,Q_40850000,87.4791,0.0
Normal,211,Q_40930000,11.4249,-11.838954032082007
Normal,212,P_1944059,0.0,0.0
Normal,212,P_1944063,0.0,-11.569822436930243
Normal,212,P_1945002,0.0,-9.460261387044795
Normal,212,P_1945008,0.0,-12.102260732868963
Normal,212,P_1946000,0.0,0.0
Normal,212,P_2044008,0.0,-6.847920952264019
Normal,212,P_2044016,0.0,0.0
Normal,212,P_2044024,0.0,0.0
Normal,212,P_2044042,0.0,0.0
Normal,212,P_2045002,0.0,0.0
Normal,212,P_2046013,0.0,0.0
Normal,212,Q_40032000,8.3961,-7.690002982653733
Normal,212,Q_40050000,40.9373,0.0
Normal,212,Q_40060001,4.812,-24.83498921748721
Normal,212,Q_40100000,65.8237,-147.88321119506728
Normal,212,Q_40185000,9.7973,0.0
Normal,212,Q_40330000,34.9956,-59.56367592524903
Normal,212,Q_40800001,38.0027,0.0
Normal,212,Q_40850000,54.0135,-37.00363794575808
Normal,212,Q_40930000,4.0291,-27.28062600668209
Normal,213,P_1944059,0.0,0.0
Normal,213,P_1944063,0.0,-12.292314550269092
Normal,213,P_1945002,0.0,-10.513057709611216
Normal,213,P_1945008,0.0,-12.387069678745055
Normal,213,P_1946000,0.0,0.0
Normal,213,P_2044008,0.0,-7.0864619374762015
Normal,213,P_2044016,0.0,0.0
Normal,213,P_2044024,0.0,0.0
Normal,213,P_2044042,0.0,0.0
Normal,213,P_2045002,0.0,0.0
Normal,213,P_2046013,0.0,0.0
Normal,213,Q_40032000,13.1428,-6.327184988212821
Normal,213,Q_40050000,72.9321,0.0
Normal,213,Q_40060001,7.6098,-15.747071351945772
Normal,213,Q_40100000,120.635,-78.03734946038756
Normal,213,Q_40185000,8.9101,0.0
Normal,213,Q_40330000,34.4864,-61.51020304535206
Normal,213,Q_40800001,26.7461,0.0
Normal,213,Q_40850000,33.9004,-58.38597651901347
Normal,213,Q_40930000,8.7258,-17.884686582007753
Normal,214,P_1944059,0.0,-3.583160402615505
Normal,214,P_1944063,0.0,-11.325240393057266
Normal,214,P_1945002,0.0,-9.303201648865393
Normal,214,P_1945008,0.0,-10.952857614559003
Normal,214,P_1946000,0.0,0.0
Normal,214,P_2044008,0.0,-5.086180045405465
Normal,214,P_2044016,0.0,0.0
Normal,214,P_2044024,0.0,0.0
Normal,214,P_2044042,0.0,0.0
Normal,214,P_2045002,0.0,0.0
Normal,214,P_2046013,0.0,0.0
Normal,214,Q_40032000,14.6827,-3.8338708611466155
Normal,214,Q_40050000,87.0523,0.0
Normal,214,Q_40060001,8.8379,-9.383250108622184
Normal,214,Q_40100000,165.402,-16.39116762316689
Normal,214,Q_40185000,9.7214,0.0
Normal,214,Q_40330000,36.5392,-56.50278624449743
Normal,214,Q_40800001,28.1449,0.0
Normal,214,Q_40850000,39.1085,-51.691679924054014
Normal,214,Q_40930000,22.885,0.0
Normal,215,P_1944059,0.0,-3.9597469882054193
Normal,215,P_1944063,0.0,-13.228946757281664
Normal,215,P_1945002,0.0,-10.72586924037784
Normal,215,P_1945008,0.0,-13.218108726631456
Normal,215,P_1946000,0.0,0.0
Normal,215,P_2044008,0.0,-6.179379890601271
Normal,215,P_2044016,0.0,-3.5115746744799026
Normal,215,P_2044024,0.0,0.0
Normal,215,P_2044042,0.0,0.0
Normal,215,P_2045002,0.0,0.0
Normal,215,P_2046013,0.0,0.0
Normal,215,Q_40032000,22.5515,0.0
Normal,215,Q_40050000,125.525,0.0
Normal,215,Q_40060001,10.4533,-4.661759556025775
Normal,215,Q_40100000,223.295,60.085752019332524
Normal,215,Q_40185000,13.6433,0.0
Normal,215,Q_40330000,45.1672,-46.00907410218047
Normal,215,Q_40800001,38.9563,0.0
Normal,215,Q_40850000,54.0135,-36.953250181960335
Normal,215,Q_40930000,16.1074,0.0
Normal,216,P_1944059,100.0,173.58189223362018
Normal,216,P_1944063,5.7,0.0
Normal,216,P_1945002,0.0,0.0
Normal,216,P_1945008,45.0,72.63178121929414
Normal,216,P_1946000,0.0,0.0
Normal,216,P_2044008,145.6,291.52327452717265
Normal,216,P_2044016,59.5,27.587123980303463
Normal,216,P_2044024,0.0,0.0
Normal,216,P_2044042,10.6,0.0
Normal,216,P_2045002,45.5,7.732631926968798
Normal,216,P_2046013,1.5,0.0
Normal,216,Q_40032000,18.1401,0.0
Normal,216,Q_40050000,108.533,0.0
Normal,216,Q_40060001,8.1144,0.0
Normal,216,Q_40100000,167.024,-23.30079711569239
Normal,216,Q_40185000,30.056,0.0
Normal,216,Q_40330000,70.7706,-17.94025620276193
Normal,216,Q_40800001,290.785,39.06770250515585
Normal,216,Q_40850000,169.939,74.26776504463454
Normal,216,Q_40930000,7.5507,-20.859328658513007
Normal,217,P_1944059,0.0,0.0
Normal,217,P_1944063,0.0,-13.930018207126379
Normal,217,P_1945002,0.0,-11.393736899088776
Normal,217,P_1945008,0.0,-13.478677588322586
Normal,217,P_1946000,0.0,0.0
Normal,217,P_2044008,0.0,0.0
Normal,217,P_2044016,0.0,-4.789418583764571
Normal,217,P_2044024,0.0,0.0
Normal,217,P_2044042,0.0,0.0
Normal,217,P_2045002,0.0,0.0
Normal,217,P_2046013,0.0,-5.439977400843034
Normal,217,Q_40032000,17.0836,0.0
Normal,217,Q_40050000,91.274,0.0
Normal,217,Q_40060001,7.7099,-16.20573689321541
Normal,217,Q_40100000,155.774,-30.58618660011987
Normal,217,Q_40185000,10.1356,0.0
Normal,217,Q_40330000,38.1066,-56.02636488152442
Normal,217,Q_40800001,31.2921,0.0
Normal,217,Q_40850000,47.0062,-44.929074294217465
Normal,217,Q_40930000,56.1611,87.55965878692027
Normal,218,P_1944059,0.0,0.0
Normal,218,P_1944063,0.0,-11.489057507900885
Normal,218,P_1945002,0.0,-9.598944194942101
Normal,218,P_1945008,0.0,-12.030388352788613
Normal,218,P_1946000,0.0,0.0
Normal,218,P_2044008,0.0,-7.088626380014375
Normal,218,P_2044016,0.0,0.0
Normal,218,P_2044024,0.0,0.0
Normal,218,P_2044042,0.0,0.0
Normal,218,P_2045002,0.0,0.0
Normal,218,P_2046013,0.0,0.0
Normal,218,Q_40032000,9.815,-6.821648992793024
Normal,218,Q_40050000,32.5972,0.0
Normal,218,Q_40060001,6.5369,-19.655917411582973
Normal,218,Q_40100000,97.9464,-106.73578439247157
Normal,218,Q_40185000,8.5132,0.0
Normal,218,Q_40330000,34.9956,-59.675695391669834
Normal,218,Q_40800001,34.2567,0.0
Normal,218,Q_40850000,44.5306,-46.80710303082816
Normal,218,Q_40930000,3.9737,-27.595938439513823
Normal,219,P_1944059,1.0,0.0
Normal,219,P_1944063,0.0,-9.970641862455514
Normal,219,P_1945002,51.2,73.01773841349778
Normal,219,P_1945008,59.8,121.23688027693468
Normal,219,P_1946000,0.0,8.340138432663961
Normal,219,P_2044008,0.0,-5.646214095821697
Normal,219,P_2044016,0.6,0.0
Normal,219,P_2044024,0.0,0.0
Normal,219,P_2044042,0.0,0.0
Normal,219,P_2045002,0.3,0.0
Normal,219,P_2046013,1.3,0.0
Normal,219,Q_40032000,17.4321,0.0
Normal,219,Q_40050000,120.027,0.0
Normal,219,Q_40060001,11.6916,5.146335834719622
Normal,219,Q_40100000,167.024,-16.95756040594228
Normal,219,Q_40185000,10.5553,0.0
Normal,219,Q_40330000,43.4998,-52.96561841213749
Normal,219,Q_40800001,47.7754,0.0
Normal,219,Q_40850000,68.5147,-24.414049983963054
Normal,219,Q_40930000,58.7321,102.47334815721736
Normal,220,P_1944059,0.0,0.0
Normal,220,P_1944063,0.0,-13.416109618103643
Normal,220,P_1945002,0.0,-11.032589881109226
Normal,220,P_1945008,0.0,-12.183796698871216
Normal,220,P_1946000,0.0,0.0
Normal,220,P_2044008,0.0,-6.307182026980744
Normal,220,P_2044016,0.0,-3.5713802010242546
Normal,220,P_2044024,0.0,0.0
Normal,220,P_2044042,0.0,0.0
Normal,220,P_2045002,0.0,0.0
Normal,220,P_2046013,0.0,-5.011144334451487
Normal,220,Q_40032000,22.2994,0.0
Normal,220,Q_40050000,122.552,0.0
Normal,220,Q_40060001,10.1233,-5.884848414755223
Normal,220,Q_40100000,217.967,52.99719382185563
Normal,220,Q_40185000,13.1866,0.0
Normal,220,Q_40330000,44.0531,-47.74098864052682
Normal,220,Q_40800001,36.489,0.0
Normal,220,Q_40850000,52.7182,-37.43968876460086
Normal,220,Q_40930000,16.1074,0.0
Normal,221,P_1944059,0.0,-2.067158762792072
Normal,221,P_1944063,4.2,0.0
Normal,221,P_1945002,0.0,-5.216828058430889
Normal,221,P_1945008,0.0,-8.964378526541696
Normal,221,P_1946000,2.0,0.0
Normal,221,P_2044008,6.2,0.0
Normal,221,P_2044016,1.7,-2.0138742399605007
Normal,221,P_2044024,0.0,0.0
Normal,221,P_2044042,36.0,0.0
Normal,221,P_2045002,1.8,0.0
Normal,221,P_2046013,0.0,0.0
Normal,221,Q_40032000,9.4191,-4.155279606286729
Normal,221,Q_40050000,25.6049,0.0
Normal,221,Q_40060001,5.3384,-23.569978668927973
Normal,221,Q_40100000,116.267,-82.08377201883492
Normal,221,Q_40185000,10.1356,0.0
Normal,221,Q_40330000,34.4864,-57.94038363667919
Normal,221,Q_40800001,49.1637,0.0
Normal,221,Q_40850000,39.1085,-50.531216909541946
Normal,221,Q_40930000,6.2714,-20.217372582525048
Normal,222,P_1944059,0.0,0.0
Normal,222,P_1944063,0.0,-7.368973285274241
Normal,222,P_1945002,0.0,0.0
Normal,222,P_1945008,0.0,-7.243883752999828
Normal,222,P_1946000,6.2,0.0
Normal,222,P_2044008,0.0,-5.0318241238870485
Normal,222,P_2044016,3.7,0.0
Normal,222,P_2044024,1.6,0.0
Normal,222,P_2044042,6.7,0.0
Normal,222,P_2045002,31.6,42.5406239798422
Normal,222,P_2046013,29.2,0.0
Normal,222,Q_40032000,14.2378,0.0
Normal,222,Q_40050000,44.2768,0.0
Normal,222,Q_40060001,4.4709,-27.061272687043097
Normal,222,Q_40100000,103.476,-100.98954138868991
Normal,222,Q_40185000,11.8472,0.0
Normal,222,Q_40330000,41.3118,-51.828581814451766
Normal,222,Q_40800001,30.8947,-6.980878919882685
Normal,222,Q_40850000,40.8927,-50.69698512466136
Normal,222,Q_40930000,2.3568,-30.100573842692025
Normal,223,P_1944059,0.0,0.0
Normal,223,P_1944063,0.3,-7.2179349675016695
Normal,223,P_1945002,0.0,-6.484387990702702
Normal,223,P_1945008,0.0,-9.51348156772391
Normal,223,P_1946000,0.0,0.0
Normal,223,P_2044008,0.0,-5.445127412649431
Normal,223,P_2044016,1.5,0.0
Normal,223,P_2044024,0.0,0.0
Normal,223,P_2044042,8.4,0.0
Normal,223,P_2045002,30.0,32.04723528619587
Normal,223,P_2046013,14.2,14.889358461940986
Normal,223,Q_40032000,18.6166,0.0
Normal,223,Q_40050000,97.3219,0.0
Normal,223,Q_40060001,7.0181,-15.946356038050938
Normal,223,Q_40100000,188.568,0.0
Normal,223,Q_40185000,13.6433,0.0
Normal,223,Q_40330000,45.1672,-45.47992785877382
Normal,223,Q_40800001,44.3882,0.0
Normal,223,Q_40850000,55.3181,-34.22951991559555
Normal,223,Q_40930000,8.7258,-16.937321466644182
Normal,224,P_1944059,0.0,0.0
Normal,224,P_1944063,0.0,-12.220390514429464
Normal,224,P_1945002,0.0,-9.864596143418371
Normal,224,P_1945008,0.0,-11.91080611902585
Normal,224,P_1946000,0.0,0.0
Normal,224,P_2044008,0.0,-5.09542955076437
Normal,224,P_2044016,0.0,-3.3842180267659216
Normal,224,P_2044024,0.0,0.0
Normal,224,P_2044042,0.0,0.0
Normal,224,P_2045002,0.0,0.0
Normal,224,P_2046013,0.0,-4.1178565062402965
Normal,224,Q_40032000,15.3573,0.0
Normal,224,Q_40050000,61.5239,0.0
Normal,224,Q_40060001,10.0141,-4.9953167750045955
Normal,224,Q_40100000,183.522,0.0
Normal,224,Q_40185000,12.2885,0.0
Normal,224,Q_40330000,50.8861,-37.637841993896025
Normal,224,Q_40800001,55.5582,0.0
Normal,224,Q_40850000,74.3921,-15.09656827387374
Normal,224,Q_40930000,7.1134,-20.083245718430476
Normal,225,P_1944059,0.0,0.0
Normal,225,P_1944063,0.0,-11.453427452698374
Normal,225,P_1945002,0.0,-9.177003748795487
Normal,225,P_1945008,0.0,-12.481531394942376
Normal,225,P_1946000,0.0,0.0
Normal,225,P_2044008,0.0,-6.971345926527164
Normal,225,P_2044016,0.0,0.0
Normal,225,P_2044024,0.0,0.0
Normal,225,P_2044042,0.0,0.0
Normal,225,P_2045002,0.0,0.0
Normal,225,P_2046013,0.0,0.0
Normal,225,Q_40032000,8.6394,-7.438955127639247
Normal,225,Q_40050000,45.3071,0.0
Normal,225,Q_40060001,6.0668,-20.75215466350291
Normal,225,Q_40100000,79.7565,-129.93363992673295
Normal,225,Q_40185000,8.1334,0.0
Normal,225,Q_40330000,28.5889,-68.51993147710449
Normal,225,Q_40800001,35.6238,0.0
Normal,225,Q_40850000,45.7634,-45.9776666738903
Normal,225,Q_40930000,4.6044,-25.78339216067997
Normal,226,P_1944059,17.8,13.511903411552112
Normal,226,P_1944063,24.8,89.30468699917087
Normal,226,P_1945002,0.0,0.0
Normal,226,P_1945008,0.0,0.0
Normal,226,P_1946000,5.2,0.0
Normal,226,P_2044008,7.9,0.0
Normal,226,P_2044016,0.0,0.0
Normal,226,P_2044024,9.2,0.0
Normal,226,P_2044042,8.8,0.0
Normal,226,P_2045002,20.3,0.0
Normal,226,P_2046013,36.3,26.69077929066285
Normal,226,Q_40032000,47.2468,33.05647437384488
Normal,226,Q_40050000,398.172,20.800459258948642
Normal,226,Q_40060001,18.2406,36.10047316138466
Normal,226,Q_40100000,292.263,156.65775951903606
Normal,226,Q_40185000,84.427,0.0
Normal,226,Q_40330000,139.546,78.90835335495854
Normal,226,Q_40800001,113.313,0.0
Normal,226,Q_40850000,164.283,78.01583939505767
Normal,226,Q_40930000,35.7094,40.19330288306586
Normal,227,P_1944059,0.0,-4.065018921957389
Normal,227,P_1944063,0.0,-13.535954842020137
Normal,227,P_1945002,0.0,-11.434150700883912
Normal,227,P_1945008,0.0,-12.444100561472286
Normal,227,P_1946000,0.0,0.0
Normal,227,P_2044008,0.0,-6.5315956505415445
Normal,227,P_2044016,0.0,-3.543289746736253
Normal,227,P_2044024,0.0,0.0
Normal,227,P_2044042,0.0,0.0
Normal,227,P_2045002,0.0,0.0
Normal,227,P_2046013,0.0,-5.057934536047112
Normal,227,Q_40032000,16.7322,0.0
Normal,227,Q_40050000,71.9849,0.0
Normal,227,Q_40060001,11.0107,0.0
Normal,227,Q_40100000,219.739,55.03791297636826
Normal,227,Q_40185000,21.0667,0.0
Normal,227,Q_40330000,56.846,-30.49292519650908
Normal,227,Q_40800001,64.9201,0.0
Normal,227,Q_40850000,88.1932,0.0
Normal,227,Q_40930000,7.9986,-18.570596719393393
Normal,228,P_1944059,0.0,0.0
Normal,228,P_1944063,0.0,-11.210162714659512
Normal,228,P_1945002,0.0,-9.255087405037454
Normal,228,P_1945008,0.0,-11.988270267602077
Normal,228,P_1946000,0.0,0.0
Normal,228,P_2044008,0.0,-6.847771537456083
Normal,228,P_2044016,0.0,0.0
Normal,228,P_2044024,0.0,0.0
Normal,228,P_2044042,0.0,0.0
Normal,228,P_2045002,0.0,0.0
Normal,228,P_2046013,0.0,0.0
Normal,228,Q_40032000,8.6413,-7.9053328364742255
Normal,228,Q_40050000,28.7656,0.0
Normal,228,Q_40060001,5.6989,-21.984323106523977
Normal,228,Q_40100000,85.8653,-122.49946742646513
Normal,228,Q_40185000,6.9856,0.0
Normal,228,Q_40330000,32.9749,-62.28413740218912
Normal,228,Q_40800001,29.2371,0.0
Normal,228,Q_40850000,44.5306,-47.420751357373156
Normal,228,Q_40930000,2.88,-29.364710074904355
Normal,229,P_1944059,0.0,-2.9337249406217154
Normal,229,P_1944063,0.0,-11.745534755554665
Normal,229,P_1945002,0.0,-9.537559669960144
Normal,229,P_1945008,0.0,-11.279561978808221
Normal,229,P_1946000,0.0,0.0
Normal,229,P_2044008,3.0,0.0
Normal,229,P_2044016,0.0,-2.980041405768264
Normal,229,P_2044024,0.0,0.0
Normal,229,P_2044042,0.0,0.0
Normal,229,P_2045002,0.0,0.0
Normal,229,P_2046013,0.0,-3.4675704200327253
Normal,229,Q_40032000,16.5126,0.0
Normal,229,Q_40050000,84.5589,0.0
Normal,229,Q_40060001,7.4108,-14.4729997551053
Normal,229,Q_40100000,143.229,-46.65367742488299
Normal,229,Q_40185000,12.735,0.0
Normal,229,Q_40330000,37.5815,-55.1747475598015
Normal,229,Q_40800001,36.8451,0.0
Normal,229,Q_40850000,43.3078,-47.33983730701667
Normal,229,Q_40930000,21.2554,0.0
Normal,230,P_1944059,96.4,218.5235560967787
Normal,230,P_1944063,3.0,0.0
Normal,230,P_1945002,60.2,50.10072540329071
Normal,230,P_1945008,7.1,0.0
Normal,230,P_1946000,62.0,-40.079066098066875
Normal,230,P_2044008,24.9,22.06560944455439
Normal,230,P_2044016,30.8,0.0
Normal,230,P_2044024,23.2,0.0
Normal,230,P_2044042,12.7,-10.88757816678725
Normal,230,P_2045002,26.7,0.0
Normal,230,P_2046013,20.0,0.0
Normal,230,Q_40032000,104.641,72.67426851918428
Normal,230,Q_40050000,115.868,0.0
Normal,230,Q_40060001,9.4737,0.0
Normal,230,Q_40100000,111.951,-88.9070812733364
Normal,230,Q_40185000,8.5132,0.0
Normal,230,Q_40330000,38.6343,-53.593084882159594
Normal,230,Q_40800001,69.5346,0.0
Normal,230,Q_40850000,46.3836,-44.10973507260374
Normal,230,Q_40930000,70.0333,101.31844550885917
Normal,231,P_1944059,1.0,0.0
Normal,231,P_1944063,2.2,0.0
Normal,231,P_1945002,0.0,-10.402805941791094
Normal,231,P_1945008,0.0,-12.471537153900186
Normal,231,P_1946000,0.0,0.0
Normal,231,P_2044008,0.0,-6.556120625196203
Normal,231,P_2044016,1.1,0.0
Normal,231,P_2044024,2.4,0.0
Normal,231,P_2044042,10.5,0.0
Normal,231,P_2045002,25.2,14.126990636861166
Normal,231,P_2046013,0.0,-5.408913856057945
Normal,231,Q_40032000,20.0669,0.0
Normal,231,Q_40050000,101.007,0.0
Normal,231,Q_40060001,8.0126,-13.376618015645919
Normal,231,Q_40100000,366.886,250.96275680136853
Normal,231,Q_40185000,10.5553,0.0
Normal,231,Q_40330000,49.7228,-40.38965359197541
Normal,231,Q_40800001,53.2681,0.0
Normal,231,Q_40850000,82.5512,-7.300253532471412
Normal,231,Q_40930000,13.8167,-5.724269616478114
Normal,232,P_1944059,0.0,-2.5166882056621134
Normal,232,P_1944063,0.0,-11.582337501093738
Normal,232,P_1945002,0.0,-10.13042322188117
Normal,232,P_1945008,0.0,-11.458811540805543
Normal,232,P_1946000,0.0,0.0
Normal,232,P_2044008,0.0,-5.838235268599969
Normal,232,P_2044016,9.0,0.0
Normal,232,P_2044024,0.0,0.0
Normal,232,P_2044042,0.1,0.0
Normal,232,P_2045002,0.0,0.0
Normal,232,P_2046013,0.0,-3.7966869647159385
Normal,232,Q_40032000,20.8035,0.0
Normal,232,Q_40050000,103.754,0.0
Normal,232,Q_40060001,10.4533,-2.7524354929004318
Normal,232,Q_40100000,180.183,0.0
Normal,232,Q_40185000,10.5553,0.0
Normal,232,Q_40330000,44.6089,-46.09515134867353
Normal,232,Q_40800001,40.6468,0.0
Normal,232,Q_40850000,61.0054,-28.584836281528492
Normal,232,Q_40930000,44.7304,64.79837184854307
Normal,233,P_1944059,9.8,0.0
Normal,233,P_1944063,0.0,-10.412164053374184
Normal,233,P_1945002,0.0,-7.329163149308416
Normal,233,P_1945008,0.0,-10.218139037121569
Normal,233,P_1946000,0.0,0.0
Normal,233,P_2044008,0.0,-3.8069767972157456
Normal,233,P_2044016,0.0,-1.0762004292920722
Normal,233,P_2044024,1.2,0.0
Normal,233,P_2044042,0.0,0.0
Normal,233,P_2045002,0.0,0.0
Normal,233,P_2046013,0.0,-1.2341132074133507
Normal,233,Q_40032000,16.5007,-1.1292538485031527
Normal,233,Q_40050000,106.93,0.0
Normal,233,Q_40060001,9.2602,-7.371111478686317
Normal,233,Q_40100000,181.85,0.0
Normal,233,Q_40185000,12.2885,0.0
Normal,233,Q_40330000,42.949,-46.92794466826181
Normal,233,Q_40800001,34.104,0.0
Normal,233,Q_40850000,46.3836,-42.25319269876626
Normal,233,Q_40930000,16.8836,0.0
Normal,234,P_1944059,43.6,24.422779504754352
Normal,234,P_1944063,43.4,66.94509682032282
Normal,234,P_1945002,42.6,18.623096185689022
Normal,234,P_1945008,21.0,18.1304960818249
Normal,234,P_1946000,90.0,-74.78106962022306
Normal,234,P_2044008,28.4,18.81564429021989
Normal,234,P_2044016,40.4,0.0
Normal,234,P_2044024,45.0,0.0
Normal,234,P_2044042,51.2,0.0
Normal,234,P_2045002,105.2,105.36648474217438
Normal,234,P_2046013,36.2,0.0
Normal,234,Q_40032000,49.1294,0.0
Normal,234,Q_40050000,187.946,0.0
Normal,234,Q_40060001,37.2111,124.71526894105907
Normal,234,Q_40100000,152.607,0.0
Normal,234,Q_40185000,15.5197,0.0
Normal,234,Q_40330000,40.2331,-61.41437060327498
Normal,234,Q_40800001,67.9175,0.0
Normal,234,Q_40850000,52.7182,0.0
Normal,234,Q_40930000,114.473,193.59488899654198
Normal,235,P_1944059,0.0,-1.541564166880022
Normal,235,P_1944063,0.0,-13.674780037341634
Normal,235,P_1945002,0.0,-10.618648189090857
Normal,235,P_1945008,0.0,-11.960255644695518
Normal,235,P_1946000,0.0,0.0
Normal,235,P_2044008,0.0,-5.222365349708977
Normal,235,P_2044016,0.0,0.0
Normal,235,P_2044024,0.0,0.0
Normal,235,P_2044042,0.0,0.0
Normal,235,P_2045002,0.0,0.0
Normal,235,P_2046013,0.0,-3.462544170277584
Normal,235,Q_40032000,25.6396,0.0
Normal,235,Q_40050000,108.533,0.0
Normal,235,Q_40060001,10.0141,-3.5070789645892297
Normal,235,Q_40100000,424.647,335.62131281772145
Normal,235,Q_40185000,7.7372,0.0
Normal,235,Q_40330000,41.855,-48.63595080187665
Normal,235,Q_40800001,37.6612,0.0
Normal,235,Q_40850000,73.7287,-15.121924411985038
Normal,235,Q_40930000,19.6464,0.0
Normal,236,P_1944059,0.0,0.0
Normal,236,P_1944063,0.0,-15.07167039932767
Normal,236,P_1945002,0.0,-12.250558011814311
Normal,236,P_1945008,0.0,-13.784329883072646
Normal,236,P_1946000,0.0,7.112442936542749
Normal,236,P_2044008,0.0,-6.6605034103061165
Normal,236,P_2044016,2.6,0.0
Normal,236,P_2044024,0.0,0.0
Normal,236,P_2044042,0.0,0.0
Normal,236,P_2045002,0.0,0.0
Normal,236,P_2046013,0.0,0.0
Normal,236,Q_40032000,48.4995,42.510341857222684
Normal,236,Q_40050000,154.977,0.0
Normal,236,Q_40060001,12.8551,7.726327513994215
Normal,236,Q_40100000,385.839,281.0418045312702
Normal,236,Q_40185000,16.4869,0.0
Normal,236,Q_40330000,52.6491,-36.82644359903735
Normal,236,Q_40800001,39.797,0.0
Normal,236,Q_40850000,56.6319,-34.515265629977115
Normal,236,Q_40930000,19.2475,0.0
Normal,237,P_1944059,0.0,0.0
Normal,237,P_1944063,0.0,-10.131291442973348
Normal,237,P_1945002,0.0,-7.044765144493578
Normal,237,P_1945008,0.0,-11.225867785812046
Normal,237,P_1946000,0.0,0.0
Normal,237,P_2044008,0.0,-6.138164963010524
Normal,237,P_2044016,12.3,0.0
Normal,237,P_2044024,1.6,0.0
Normal,237,P_2044042,20.7,0.0
Normal,237,P_2045002,2.9,0.0
Normal,237,P_2046013,0.0,0.0
Normal,237,Q_40032000,8.6413,-6.850921604537567
Normal,237,Q_40050000,24.6215,0.0
Normal,237,Q_40060001,4.6405,-27.60817594138949
Normal,237,Q_40100000,122.102,-76.20159710883888
Normal,237,Q_40185000,7.7372,0.0
Normal,237,Q_40330000,26.7127,-71.04264591083157
Normal,237,Q_40800001,30.8947,0.0
Normal,237,Q_40850000,43.3078,-48.478553676312075
Normal,237,Q_40930000,7.1134,-21.094365999704706
Normal,238,P_1944059,71.4,117.74325479463414
Normal,238,P_1944063,0.8,0.0
Normal,238,P_1945002,0.0,0.0
Normal,238,P_1945008,0.0,0.0
Normal,238,P_1946000,22.7,0.0
Normal,238,P_2044008,17.2,11.86675242820248
Normal,238,P_2044016,23.3,7.072860931508217
Normal,238,P_2044024,6.5,0.0
Normal,238,P_2044042,31.2,0.0
Normal,238,P_2045002,29.2,11.631746749436426
Normal,238,P_2046013,39.6,37.22590587974825
Normal,238,Q_40032000,25.6396,0.0
Normal,238,Q_40050000,253.494,0.0
Normal,238,Q_40060001,37.2111,108.49862013371116
Normal,238,Q_40100000,203.963,18.023903750051705
Normal,238,Q_40185000,105.185,0.0
Normal,238,Q_40330000,127.127,50.96634405674213
Normal,238,Q_40800001,160.918,11.082740767415464
Normal,238,Q_40850000,114.744,16.09964287888841
Normal,238,Q_40930000,17.7836,0.0
Normal,239,P_1944059,0.0,0.0
Normal,239,P_1944063,0.0,-10.516623840638097
Normal,239,P_1945002,24.1,35.531451464500776
Normal,239,P_1945008,0.0,-10.652328451189113
Normal,239,P_1946000,0.0,0.0
Normal,239,P_2044008,0.0,-6.655825374451513
Normal,239,P_2044016,0.0,0.0
Normal,239,P_2044024,0.0,0.0
Normal,239,P_2044042,0.0,0.0
Normal,239,P_2045002,0.0,0.0
Normal,239,P_2046013,0.0,0.0
Normal,239,Q_40032000,12.5918,0.0
Normal,239,Q_40050000,36.7046,0.0
Normal,239,Q_40060001,3.1903,-35.43809456239059
Normal,239,Q_40100000,69.3405,-150.0734729469251
Normal,239,Q_40185000,5.5598,0.0
Normal,239,Q_40330000,25.3358,-75.29892110638771
Normal,239,Q_40800001,32.8495,-6.080681767492592
Normal,239,Q_40850000,57.2922,-35.84018534947603
Normal,239,Q_40930000,25.9641,18.628940877053964
Normal,240,P_1944059,0.0,0.0
Normal,240,P_1944063,0.0,-13.235798876381034
Normal,240,P_1945002,0.0,-11.419517493669344
Normal,240,P_1945008,0.0,-11.593854450372222
Normal,240,P_1946000,0.0,0.0
Normal,240,P_2044008,0.0,-6.203979515874024
Normal,240,P_2044016,0.0,-2.3906715963811314
Normal,240,P_2044024,0.0,0.0
Normal,240,P_2044042,0.0,0.0
Normal,240,P_2045002,0.0,0.0
Normal,240,P_2046013,0.0,-4.078062021181061
Normal,240,Q_40032000,13.5778,-4.102007287827941
Normal,240,Q_40050000,84.9724,0.0
Normal,240,Q_40060001,8.2165,-11.128914433624953
Normal,240,Q_40100000,276.854,132.04197192931102
Normal,240,Q_40185000,33.0706,0.0
Normal,240,Q_40330000,71.4293,-10.360438317254655
Normal,240,Q_40800001,66.4931,0.0
Normal,240,Q_40850000,102.997,0.0
Normal,240,Q_40930000,15.0433,0.0
Normal,241,P_1944059,0.0,0.0
Normal,241,P_1944063,0.0,-12.25436963136276
Normal,241,P_1945002,0.0,-10.036624597246991
Normal,241,P_1945008,0.0,-12.006966020734891
Normal,241,P_1946000,0.0,0.0
Normal,241,P_2044008,0.0,-6.9166637524293435
Normal,241,P_2044016,0.0,0.0
Normal,241,P_2044024,0.0,0.0
Normal,241,P_2044042,0.0,0.0
Normal,241,P_2045002,0.0,0.0
Normal,241,P_2046013,0.0,0.0
Normal,241,Q_40032000,9.1347,-7.763973199751946
Normal,241,Q_40050000,53.9456,0.0
Normal,241,Q_40060001,7.5101,-15.602169850813624
Normal,241,Q_40100000,144.325,-46.660395267661016
Normal,241,Q_40185000,8.1334,0.0
Normal,241,Q_40330000,29.0651,-67.33220925467106
Normal,241,Q_40800001,40.4364,0.0
Normal,241,Q_40850000,52.7182,-38.60191056115403
Normal,241,Q_40930000,6.0943,-23.941650327820323
Normal,242,P_1944059,0.0,-3.2414781105536385
Normal,242,P_1944063,0.0,-11.938691499440978
Normal,242,P_1945002,0.0,-8.813360587756184
Normal,242,P_1945008,0.0,-10.584854088210568
Normal,242,P_1946000,0.0,0.0
Normal,242,P_2044008,0.0,-5.097986722309331
Normal,242,P_2044016,0.0,0.0
Normal,242,P_2044024,0.0,0.0
Normal,242,P_2044042,0.0,0.0
Normal,242,P_2045002,0.0,0.0
Normal,242,P_2046013,0.0,-2.3994298719420044
Normal,242,Q_40032000,16.9646,0.0
Normal,242,Q_40050000,112.583,0.0
Normal,242,Q_40060001,9.6887,-5.41335391004062
Normal,242,Q_40100000,186.881,0.0
Normal,242,Q_40185000,12.735,0.0
Normal,242,Q_40330000,41.855,-49.679393965252835
Normal,242,Q_40800001,34.104,-2.3925997775548513
Normal,242,Q_40850000,46.3836,-43.79470604972559
Normal,242,Q_40930000,17.6658,0.0
Normal,243,P_1944059,0.0,0.0
Normal,243,P_1944063,0.0,-12.226022451305694
Normal,243,P_1945002,0.0,-9.923891264969525
Normal,243,P_1945008,0.0,-12.310731294247695
Normal,243,P_1946000,0.0,0.0
Normal,243,P_2044008,0.0,-6.973454119460257
Normal,243,P_2044016,0.0,0.0
Normal,243,P_2044024,0.0,0.0
Normal,243,P_2044042,0.0,0.0
Normal,243,P_2045002,0.0,0.0
Normal,243,P_2046013,0.0,0.0
Normal,243,Q_40032000,13.1428,-6.608582126335579
Normal,243,Q_40050000,72.5439,0.0
Normal,243,Q_40060001,7.6098,-16.011884774561455
Normal,243,Q_40100000,122.102,-76.13413941036154
Normal,243,Q_40185000,8.5132,0.0
Normal,243,Q_40330000,32.9749,-62.940492214618274
Normal,243,Q_40800001,26.7461,0.0
Normal,243,Q_40850000,33.9004,-58.79959408811081
Normal,243,Q_40930000,8.378,-18.875121920847004
Normal,244,P_1944059,0.0,0.0
Normal,244,P_1944063,0.0,-12.79112498917604
Normal,244,P_1945002,0.0,-10.893084454882889
Normal,244,P_1945008,0.0,-12.470505219033454
Normal,244,P_1946000,0.0,0.0
Normal,244,P_2044008,0.0,-6.591206020214969
Normal,244,P_2044016,0.0,0.0
Normal,244,P_2044024,0.0,0.0
Normal,244,P_2044042,0.0,0.0
Normal,244,P_2045002,0.0,0.0
Normal,244,P_2046013,0.0,0.0
Normal,244,Q_40032000,10.1001,-7.980906812240501
Normal,244,Q_40050000,62.1755,0.0
Normal,244,Q_40060001,9.7968,-7.419936746923002
Normal,244,Q_40100000,171.978,-10.45412973523283
Normal,244,Q_40185000,9.3692,0.0
Normal,244,Q_40330000,33.476,-61.94594163275179
Normal,244,Q_40800001,46.3232,0.0
Normal,244,Q_40850000,61.6168,-29.375996899587797
Normal,244,Q_40930000,7.3326,-20.56958823485267
Normal,245,P_1944059,1.6,0.0
Normal,245,P_1944063,0.0,-12.404891864381897
Normal,245,P_1945002,0.0,-9.859433489580061
Normal,245,P_1945008,0.0,-12.592543316853227
Normal,245,P_1946000,0.0,0.0
Normal,245,P_2044008,2.2,-5.08744514596548
Normal,245,P_2044016,0.0,0.0
Normal,245,P_2044024,0.0,0.0
Normal,245,P_2044042,0.0,0.0
Normal,245,P_2045002,0.0,0.0
Normal,245,P_2046013,0.0,-4.972850050455804
Normal,245,Q_40032000,16.5126,0.0
Normal,245,Q_40050000,85.8019,0.0
Normal,245,Q_40060001,7.5101,-16.2669181599565
Normal,245,Q_40100000,147.894,-41.696417823517486
Normal,245,Q_40185000,11.8472,0.0
Normal,245,Q_40330000,39.6976,-54.1760857949713
Normal,245,Q_40800001,30.5224,0.0
Normal,245,Q_40850000,43.3078,-48.28419440277846
Normal,245,Q_40930000,35.7094,42.014283375829905
Normal,246,P_1944059,0.0,0.0
Normal,246,P_1944063,0.3,-14.25014163094928
Normal,246,P_1945002,0.0,-12.119060626853729
Normal,246,P_1945008,0.0,-13.966009500271287
Normal,246,P_1946000,0.0,6.631743394161617
Normal,246,P_2044008,0.0,-7.385163313165463
Normal,246,P_2044016,0.0,0.0
Normal,246,P_2044024,3.6,0.0
Normal,246,P_2044042,0.0,0.0
Normal,246,P_2045002,0.0,0.0
Normal,246,P_2046013,0.0,0.0
Normal,246,Q_40032000,47.872,40.5322487190738
Normal,246,Q_40050000,151.733,0.0
Normal,246,Q_40060001,13.57,10.221318366410195
Normal,246,Q_40100000,409.415,312.2954450402051
Normal,246,Q_40185000,16.001,0.0
Normal,246,Q_40330000,52.6491,-37.07961673819931
Normal,246,Q_40800001,39.797,0.0
Normal,246,Q_40850000,55.9738,-35.7148897775732
Normal,246,Q_40930000,17.6658,0.0
Normal,247,P_1944059,0.0,0.0
Normal,247,P_1944063,0.0,-14.967745941370891
Normal,247,P_1945002,0.0,-12.21790652373199
Normal,247,P_1945008,0.0,-14.059956409568667
Normal,247,P_1946000,26.2,-20.635834293595813
Normal,247,P_2044008,4.0,0.0
Normal,247,P_2044016,0.0,-4.2417526647511465
Normal,247,P_2044024,0.0,0.0
Normal,247,P_2044042,0.0,0.0
Normal,247,P_2045002,5.4,0.0
Normal,247,P_2046013,2.4,0.0
Normal,247,Q_40032000,33.2644,18.96239104828577
Normal,247,Q_40050000,147.604,0.0
Normal,247,Q_40060001,17.4536,27.253108502079023
Normal,247,Q_40100000,313.88,180.97881120497965
Normal,247,Q_40185000,21.5977,0.0
Normal,247,Q_40330000,63.6714,-21.65946467732306
Normal,247,Q_40800001,61.5838,0.0
Normal,247,Q_40850000,95.471,0.0
Normal,247,Q_40930000,52.799,83.25837407846048
Normal,248,P_1944059,4.6,0.0
Normal,248,P_1944063,13.0,27.647111816951266
Normal,248,P_1945002,0.0,0.0
Normal,248,P_1945008,0.0,0.0
Normal,248,P_1946000,17.3,0.0
Normal,248,P_2044008,22.7,19.56694787659992
Normal,248,P_2044016,18.7,9.670461438117098
Normal,248,P_2044024,29.3,0.0
Normal,248,P_2044042,15.7,0.0
Normal,248,P_2045002,3.9,0.0
Normal,248,P_2046013,24.6,4.11033961280765
Normal,248,Q_40032000,68.2491,40.858008528425195
Normal,248,Q_40050000,237.741,10.813289113414184
Normal,248,Q_40060001,29.9262,104.05689571753383
Normal,248,Q_40100000,261.715,110.10491798916969
Normal,248,Q_40185000,35.5486,0.0
Normal,248,Q_40330000,77.4552,0.0
Normal,248,Q_40800001,114.217,5.361787275565176
Normal,248,Q_40850000,74.3921,0.0
Normal,248,Q_40930000,21.2554,6.670511536910657
Normal,249,P_1944059,0.0,0.0
Normal,249,P_1944063,0.0,-13.761488954014434
Normal,249,P_1945002,0.0,-11.65766115558661
Normal,249,P_1945008,0.0,-12.739513808074717
Normal,249,P_1946000,0.0,0.0
Normal,249,P_2044008,0.0,-6.557531056380324
Normal,249,P_2044016,0.0,0.0
Normal,249,P_2044024,0.0,0.0
Normal,249,P_2044042,0.0,0.0
Normal,249,P_2045002,0.0,0.0
Normal,249,P_2046013,0.0,-4.946016725146592
Normal,249,Q_40032000,16.2702,-3.7219130914247938
Normal,249,Q_40050000,66.3836,0.0
Normal,249,Q_40060001,10.564,0.0
Normal,249,Q_40100000,203.963,33.227476301417006
Normal,249,Q_40185000,16.4869,0.0
Normal,249,Q_40330000,55.0332,-33.42179794372769
Normal,249,Q_40800001,62.0848,0.0
Normal,249,Q_40850000,83.2476,-6.648166929387525
Normal,249,Q_40930000,7.5507,-20.09341358374217
Normal,250,P_1944059,0.0,0.0
Normal,250,P_1944063,7.7,21.424414700967155
Normal,250,P_1945002,12.8,24.515918094418833
Normal,250,P_1945008,9.3,14.828731858951796
Normal,250,P_1946000,1.2,4.506494974487282
Normal,250,P_2044008,0.0,0.0
Normal,250,P_2044016,0.0,0.0
Normal,250,P_2044024,0.0,0.0
Normal,250,P_2044042,9.6,0.0
Normal,250,P_2045002,0.0,0.0
Normal,250,P_2046013,27.7,16.89434678186097
Normal,250,Q_40032000,53.9263,45.55516889785916
Normal,250,Q_40050000,265.58,11.976838166563384
Normal,250,Q_40060001,16.6778,28.398845221465248
Normal,250,Q_40100000,564.821,551.6456070202328
Normal,250,Q_40185000,24.872,0.0
Normal,250,Q_40330000,78.818,0.0
Normal,250,Q_40800001,89.2914,0.0
Normal,250,Q_40850000,73.7287,0.0
Normal,250,Q_40930000,49.5131,76.81092667306314
Normal,251,P_1944059,0.0,0.0
Normal,251,P_1944063,0.0,-15.120890879889087
Normal,251,P_1945002,0.0,-13.292203823172418
Normal,251,P_1945008,0.0,-13.765245962679666
Normal,251,P_1946000,0.0,7.239898117174555
Normal,251,P_2044008,0.0,-6.090851978343494
Normal,251,P_2044016,0.0,0.0
Normal,251,P_2044024,0.0,0.0
Normal,251,P_2044042,0.0,0.0
Normal,251,P_2045002,0.0,0.0
Normal,251,P_2046013,5.7,0.0
Normal,251,Q_40032000,19.58,0.0
Normal,251,Q_40050000,83.8198,0.0
Normal,251,Q_40060001,13.57,7.845781255386553
Normal,251,Q_40100000,261.715,112.41047063271192
Normal,251,Q_40185000,19.4999,0.0
Normal,251,Q_40330000,93.6341,18.34042676290932
Normal,251,Q_40800001,99.4788,0.0
Normal,251,Q_40850000,149.607,61.68103425269188
Normal,251,Q_40930000,9.8952,-14.97085010801365
Normal,252,P_1944059,0.0,0.0
Normal,252,P_1944063,0.0,-9.312442264063437
Normal,252,P_1945002,0.0,-6.855136448866411
Normal,252,P_1945008,0.0,-10.425638342512956
Normal,252,P_1946000,10.5,-3.7813928635623597
Normal,252,P_2044008,0.0,-5.918515570783147
Normal,252,P_2044016,39.0,53.116173538677195
Normal,252,P_2044024,3.5,0.0
Normal,252,P_2044042,0.0,0.0
Normal,252,P_2045002,10.1,0.0
Normal,252,P_2046013,0.0,0.0
Normal,252,Q_40032000,18.6166,0.0
Normal,252,Q_40050000,111.768,0.0
Normal,252,Q_40060001,8.0126,-13.352628389982423
Normal,252,Q_40100000,188.568,0.0
Normal,252,Q_40185000,15.5197,0.0
Normal,252,Q_40330000,47.4254,-42.6414907492077
Normal,252,Q_40800001,37.6612,0.0
Normal,252,Q_40850000,49.5209,-39.9531740974843
Normal,252,Q_40930000,10.14,-13.947704365704196
Normal,253,P_1944059,0.0,0.0
Normal,253,P_1944063,0.0,-13.526243828128434
Normal,253,P_1945002,0.0,-11.087978521593149
Normal,253,P_1945008,0.0,-12.957474877731675
Normal,253,P_1946000,0.0,0.0
Normal,253,P_2044008,0.0,-6.028332168832755
Normal,253,P_2044016,0.0,0.0
Normal,253,P_2044024,0.0,0.0
Normal,253,P_2044042,0.0,0.0
Normal,253,P_2045002,0.0,0.0
Normal,253,P_2046013,0.0,0.0
Normal,253,Q_40032000,13.5778,-5.658131558868462
Normal,253,Q_40050000,60.7308,0.0
Normal,253,Q_40060001,9.4737,-8.263076463629346
Normal,253,Q_40100000,163.784,-20.718464142205352
Normal,253,Q_40185000,18.9864,0.0
Normal,253,Q_40330000,58.0662,-29.856802390208014
Normal,253,Q_40800001,63.9725,0.0
Normal,253,Q_40850000,83.9466,-6.3071659604675885
Normal,253,Q_40930000,8.2266,-19.14600180979372
Normal,254,P_1944059,20.4,29.609403939061565
Normal,254,P_1944063,14.2,0.0
Normal,254,P_1945002,0.0,0.0
Normal,254,P_1945008,0.0,-7.694562602747701
Normal,254,P_1946000,28.4,-15.936352614959972
Normal,254,P_2044008,2.9,-4.267593372064582
Normal,254,P_2044016,4.0,0.0
Normal,254,P_2044024,18.2,0.0
Normal,254,P_2044042,6.6,-5.895890747621765
Normal,254,P_2045002,2.9,0.0
Normal,254,P_2046013,0.0,0.0
Normal,254,Q_40032000,9.0278,0.0
Normal,254,Q_40050000,37.884,0.0
Normal,254,Q_40060001,5.7902,-20.46586632896684
Normal,254,Q_40100000,47.4535,-171.4509660635646
Normal,254,Q_40185000,4.8876,0.0
Normal,254,Q_40330000,16.8519,-80.76271901997488
Normal,254,Q_40800001,75.6839,0.0
Normal,254,Q_40850000,50.1556,-40.36821120411833
Normal,254,Q_40930000,8.0325,-17.742115122517014
Normal,255,P_1944059,0.0,0.0
Normal,255,P_1944063,0.0,-13.154836809985754
Normal,255,P_1945002,0.0,-10.60373077648313
Normal,255,P_1945008,0.0,-12.53200683612022
Normal,255,P_1946000,0.0,0.0
Normal,255,P_2044008,0.0,-6.972390499239914
Normal,255,P_2044016,0.0,0.0
Normal,255,P_2044024,0.0,0.0
Normal,255,P_2044042,0.0,0.0
Normal,255,P_2045002,0.0,0.0
Normal,255,P_2046013,0.0,0.0
Normal,255,Q_40032000,13.7968,-5.703432706505879
Normal,255,Q_40050000,80.4698,0.0
Normal,255,Q_40060001,8.5254,-12.058227062082338
Normal,255,Q_40100000,147.894,-42.278037021954084
Normal,255,Q_40185000,9.7214,0.0
Normal,255,Q_40330000,34.4864,-61.32956465954087
Normal,255,Q_40800001,27.441,0.0
Normal,255,Q_40850000,36.1879,-55.82513156361331
Normal,255,Q_40930000,11.9547,-11.584470768354851
Normal,256,P_1944059,0.0,0.0
Normal,256,P_1944063,0.0,-15.796607041248528
Normal,256,P_1945002,0.0,-13.162779445063821
Normal,256,P_1945008,0.0,-14.296690314088288
Normal,256,P_1946000,0.0,0.0
Normal,256,P_2044008,0.0,-7.089821713587209
Normal,256,P_2044016,0.0,0.0
Normal,256,P_2044024,0.0,0.0
Normal,256,P_2044042,0.0,0.0
Normal,256,P_2045002,0.0,0.0
Normal,256,P_2046013,0.0,-5.436975317902437
Normal,256,Q_40032000,15.0559,0.0
Normal,256,Q_40050000,93.2478,0.0
Normal,256,Q_40060001,17.584,23.31560149105215
Normal,256,Q_40100000,298.903,160.92077699950255
Normal,256,Q_40185000,18.8182,0.0
Normal,256,Q_40330000,68.8078,-15.087294552247092
Normal,256,Q_40800001,64.6666,0.0
Normal,256,Q_40850000,81.1659,-9.292640467363544
Normal,256,Q_40930000,10.5782,-14.194072659340366
Normal,257,P_1944059,0.0,0.0
Normal,257,P_1944063,0.0,-11.631757960028272
Normal,257,P_1945002,0.0,-9.952731147665663
Normal,257,P_1945008,0.0,-11.989586748575764
Normal,257,P_1946000,0.0,0.0
Normal,257,P_2044008,0.0,-7.039838199600638
Normal,257,P_2044016,0.0,0.0
Normal,257,P_2044024,0.0,0.0
Normal,257,P_2044042,0.0,0.0
Normal,257,P_2045002,0.0,0.0
Normal,257,P_2046013,0.0,0.0
Normal,257,Q_40032000,7.6833,-8.072620812082315
Normal,257,Q_40050000,49.8578,0.0
Normal,257,Q_40060001,6.6323,-18.97907013981767
Normal,257,Q_40100000,96.1899,-109.34033116483377
Normal,257,Q_40185000,9.7973,0.0
Normal,257,Q_40330000,36.022,-58.64831410841225
Normal,257,Q_40800001,37.2036,0.0
Normal,257,Q_40850000,48.2587,-43.213963676662
Normal,257,Q_40930000,5.192,-24.83760095225669
Normal,258,P_1944059,0.0,0.0
Normal,258,P_1944063,0.0,-14.47007290550633
Normal,258,P_1945002,0.0,-12.627223915807475
Normal,258,P_1945008,0.0,-13.695745152389977
Normal,258,P_1946000,0.0,0.0
Normal,258,P_2044008,0.0,-7.1385832775700475
Normal,258,P_2044016,0.0,0.0
Normal,258,P_2044024,0.0,0.0
Normal,258,P_2044042,0.0,0.0
Normal,258,P_2045002,0.0,0.0
Normal,258,P_2046013,0.0,-5.216810030086955
Normal,258,Q_40032000,17.4321,0.0
Normal,258,Q_40050000,112.176,0.0
Normal,258,Q_40060001,10.3429,-5.163995143912665
Normal,258,Q_40100000,245.011,89.093782741141
Normal,258,Q_40185000,10.1356,0.0
Normal,258,Q_40330000,42.4007,-49.926983149772916
Normal,258,Q_40800001,38.1247,0.0
Normal,258,Q_40850000,54.0135,-36.99095546502312
Normal,258,Q_40930000,48.3009,70.97787527082937
Normal,259,P_1944059,0.0,0.0
Normal,259,P_1944063,12.5,54.51906452292355
Normal,259,P_1945002,0.0,-12.793602879448144
Normal,259,P_1945008,0.0,-14.5461177449194
Normal,259,P_1946000,0.0,7.585557383025704
Normal,259,P_2044008,0.0,0.0
Normal,259,P_2044016,0.0,0.0
Normal,259,P_2044024,0.0,0.0
Normal,259,P_2044042,8.9,0.0
Normal,259,P_2045002,4.2,0.0
Normal,259,P_2046013,6.6,0.0
Normal,259,Q_40032000,38.4533,30.210679320047394
Normal,259,Q_40050000,165.835,0.0
Normal,259,Q_40060001,22.619,57.63807842964265
Normal,259,Q_40100000,350.296,235.19886869699093
Normal,259,Q_40185000,32.4602,0.0
Normal,259,Q_40330000,108.507,37.62101671510628
Normal,259,Q_40800001,88.7179,0.0
Normal,259,Q_40850000,121.232,32.546328712404794
Normal,259,Q_40930000,38.2638,51.898830366908406
Normal,260,P_1944059,5.0,0.0
Normal,260,P_1944063,43.3,100.698375942268
Normal,260,P_1945002,38.4,44.806435922652575
Normal,260,P_1945008,34.9,64.72352843839707
Normal,260,P_1946000,0.0,10.012115430453033
Normal,260,P_2044008,0.0,0.0
Normal,260,P_2044016,0.0,0.0
Normal,260,P_2044024,0.5,0.0
Normal,260,P_2044042,0.0,0.0
Normal,260,P_2045002,52.0,25.705580760270323
Normal,260,P_2046013,11.3,2.862959364956396
Normal,260,Q_40032000,19.58,0.0
Normal,260,Q_40050000,122.552,0.0
Normal,260,Q_40060001,9.0483,0.0
Normal,260,Q_40100000,265.474,122.57297267648805
Normal,260,Q_40185000,14.105,0.0
Normal,260,Q_40330000,56.846,-32.957718484895516
Normal,260,Q_40800001,78.7905,0.0
Normal,260,Q_40850000,156.871,75.49431030400146
Normal,260,Q_40930000,61.4058,106.0474844766845
Normal,261,P_1944059,0.0,0.0
Normal,261,P_1944063,0.0,-13.152994292166056
Normal,261,P_1945002,0.0,-10.231073586092457
Normal,261,P_1945008,0.0,-11.727226126724997
Normal,261,P_1946000,0.0,0.0
Normal,261,P_2044008,0.0,-5.773363829756946
Normal,261,P_2044016,0.0,-3.0442074985219874
Normal,261,P_2044024,0.0,0.0
Normal,261,P_2044042,0.0,0.0
Normal,261,P_2045002,0.0,0.0
Normal,261,P_2046013,0.0,-3.8483368737275896
Normal,261,Q_40032000,47.2468,39.667435687915884
Normal,261,Q_40050000,146.692,0.0
Normal,261,Q_40060001,11.9215,0.0
Normal,261,Q_40100000,352.356,236.49368289519
Normal,261,Q_40185000,15.5197,0.0
Normal,261,Q_40330000,52.0591,-36.196260205352395
Normal,261,Q_40800001,41.5058,0.0
Normal,261,Q_40850000,55.9738,-34.09392579261258
Normal,261,Q_40930000,16.8836,0.0
Normal,262,P_1944059,0.0,0.0
Normal,262,P_1944063,11.7,44.125860972284244
Normal,262,P_1945002,0.0,-7.226559234254157
Normal,262,P_1945008,0.0,-10.601860242424326
Normal,262,P_1946000,0.0,0.0
Normal,262,P_2044008,12.4,8.861676838384227
Normal,262,P_2044016,0.0,0.0
Normal,262,P_2044024,0.0,0.0
Normal,262,P_2044042,0.0,0.0
Normal,262,P_2045002,0.0,0.0
Normal,262,P_2046013,2.6,0.0
Normal,262,Q_40032000,16.893,0.0
Normal,262,Q_40050000,87.4707,0.0
Normal,262,Q_40060001,7.6098,-15.202104050646742
Normal,262,Q_40100000,151.03,-33.5106743620492
Normal,262,Q_40185000,9.3129,0.0
Normal,262,Q_40330000,53.2416,-35.26396025780316
Normal,262,Q_40800001,30.5224,-3.552046458636797
Normal,262,Q_40850000,44.5306,-46.87841171702654
Normal,262,Q_40930000,51.9703,83.9030271520421
Normal,263,P_1944059,0.0,0.0
Normal,263,P_1944063,0.0,-11.200181837865642
Normal,263,P_1945002,0.0,-9.008950243747055
Normal,263,P_1945008,0.0,-11.749211162352793
Normal,263,P_1946000,0.0,0.0
Normal,263,P_2044008,0.0,-7.762180986509502
Normal,263,P_2044016,0.0,0.0
Normal,263,P_2044024,0.0,0.0
Normal,263,P_2044042,0.0,0.0
Normal,263,P_2045002,0.0,0.0
Normal,263,P_2046013,0.0,0.0
Normal,263,Q_40032000,8.6413,0.0
Normal,263,Q_40050000,28.5799,0.0
Normal,263,Q_40060001,5.5177,-23.009094164405607
Normal,263,Q_40100000,84.5546,-124.08488003472563
Normal,263,Q_40185000,6.9856,0.0
Normal,263,Q_40330000,32.9749,-62.641515241293746
Normal,263,Q_40800001,29.2371,-6.422928588959451
Normal,263,Q_40850000,42.7002,-49.01276230156887
Normal,263,Q_40930000,2.88,-29.986305783077018
Normal,264,P_1944059,0.0,0.0
Normal,264,P_1944063,0.0,-10.48479164716647
Normal,264,P_1945002,0.0,-9.384326745127836
Normal,264,P_1945008,0.0,-11.612649501931003
Normal,264,P_1946000,0.0,0.0
Normal,264,P_2044008,0.0,-6.993953026770833
Normal,264,P_2044016,0.0,0.0
Normal,264,P_2044024,0.0,0.0
Normal,264,P_2044042,0.0,0.0
Normal,264,P_2045002,0.0,0.0
Normal,264,P_2046013,0.0,0.0
Normal,264,Q_40032000,9.0278,-7.379530279803305
Normal,264,Q_40050000,39.3799,0.0
Normal,264,Q_40060001,5.2495,-23.954521722933865
Normal,264,Q_40100000,53.308,-163.60514416039084
Normal,264,Q_40185000,4.8876,0.0
Normal,264,Q_40330000,14.5561,-85.6591215985612
Normal,264,Q_40800001,32.5596,0.0
Normal,264,Q_40850000,36.7667,-55.3079141214165
Normal,264,Q_40930000,9.4285,-16.588762313352753
Normal,265,P_1944059,0.0,-3.442107684008474
Normal,265,P_1944063,0.0,-12.462650151537558
Normal,265,P_1945002,0.0,-10.429448933224485
Normal,265,P_1945008,0.0,-11.659087438192785
Normal,265,P_1946000,0.0,0.0
Normal,265,P_2044008,0.0,-5.7064697270986215
Normal,265,P_2044016,0.0,0.0
Normal,265,P_2044024,0.0,0.0
Normal,265,P_2044042,0.0,0.0
Normal,265,P_2045002,0.0,0.0
Normal,265,P_2046013,0.0,-3.520927433200029
Normal,265,Q_40032000,18.8561,0.0
Normal,265,Q_40050000,115.868,0.0
Normal,265,Q_40060001,9.2602,-8.412188019470678
Normal,265,Q_40100000,212.681,46.501910572267704
Normal,265,Q_40185000,12.735,0.0
Normal,265,Q_40330000,41.3118,-50.69389747077966
Normal,265,Q_40800001,36.489,0.0
Normal,265,Q_40850000,54.0135,-36.428205094417024
Normal,265,Q_40930000,20.0467,0.0
Normal,266,P_1944059,0.0,0.0
Normal,266,P_1944063,0.0,-15.29099130231378
Normal,266,P_1945002,0.0,-13.305250510011975
Normal,266,P_1945008,0.0,-13.918537857723443
Normal,266,P_1946000,0.0,0.0
Normal,266,P_2044008,0.0,-6.299757159011564
Normal,266,P_2044016,0.0,-4.453445555140021
Normal,266,P_2044024,0.0,0.0
Normal,266,P_2044042,0.0,0.0
Normal,266,P_2045002,0.0,0.0
Normal,266,P_2046013,0.0,-5.416524583609442
Normal,266,Q_40032000,22.048,0.0
Normal,266,Q_40050000,149.433,0.0
Normal,266,Q_40060001,15.1605,15.087241121521862
Normal,266,Q_40100000,278.766,135.06197655359298
Normal,266,Q_40185000,20.5401,0.0
Normal,266,Q_40330000,94.3623,19.178039706534243
Normal,266,Q_40800001,54.1836,0.0
Normal,266,Q_40850000,86.7676,0.0
Normal,266,Q_40930000,13.0665,-7.809029801312958
Normal,267,P_1944059,0.0,-3.0480619033244523
Normal,267,P_1944063,0.0,-11.239259831383434
Normal,267,P_1945002,0.0,-10.376943769497926
Normal,267,P_1945008,0.0,-11.180450871026705
Normal,267,P_1946000,0.0,0.0
Normal,267,P_2044008,0.0,-4.906955762614455
Normal,267,P_2044016,0.0,0.0
Normal,267,P_2044024,0.0,0.0
Normal,267,P_2044042,0.0,0.0
Normal,267,P_2045002,0.0,0.0
Normal,267,P_2046013,0.0,0.0
Normal,267,Q_40032000,14.9066,-3.4171945746332026
Normal,267,Q_40050000,77.2589,0.0
Normal,267,Q_40060001,6.8243,-16.511468631310553
Normal,267,Q_40100000,186.881,0.0
Normal,267,Q_40185000,7.7372,0.0
Normal,267,Q_40330000,47.9961,-41.52303445445369
Normal,267,Q_40800001,45.9382,0.0
Normal,267,Q_40850000,70.4506,-18.383492377503728
Normal,267,Q_40930000,9.4055,-14.375651342585325
Normal,268,P_1944059,0.0,0.0
Normal,268,P_1944063,16.8,59.650725669319364
Normal,268,P_1945002,0.0,-12.80638284655896
Normal,268,P_1945008,0.0,-14.605368216209925
Normal,268,P_1946000,42.2,-40.48065178014584
Normal,268,P_2044008,0.0,0.0
Normal,268,P_2044016,2.7,0.0
Normal,268,P_2044024,13.7,0.0
Normal,268,P_2044042,1.1,0.0
Normal,268,P_2045002,2.5,0.0
Normal,268,P_2046013,16.8,10.33290044432089
Normal,268,Q_40032000,19.58,0.0
Normal,268,Q_40050000,109.99,0.0
Normal,268,Q_40060001,16.4218,18.831360522158597
Normal,268,Q_40100000,298.109,157.57408207928643
Normal,268,Q_40185000,28.2927,0.0
Normal,268,Q_40330000,71.4293,0.0
Normal,268,Q_40800001,145.016,6.517293239604429
Normal,268,Q_40850000,212.863,124.92137246814114
Normal,268,Q_40930000,21.726,8.885510614640946
Normal,269,P_1944059,0.0,0.0
Normal,269,P_1944063,0.0,-11.715342777850532
Normal,269,P_1945002,0.0,-9.630861241579169
Normal,269,P_1945008,0.0,-12.18244184088895
Normal,269,P_1946000,0.0,0.0
Normal,269,P_2044008,0.0,-6.370055556274224
Normal,269,P_2044016,0.0,0.0
Normal,269,P_2044024,0.0,0.0
Normal,269,P_2044042,0.0,0.0
Normal,269,P_2045002,0.0,0.0
Normal,269,P_2046013,0.0,0.0
Normal,269,Q_40032000,8.6394,-7.714063701823782
Normal,269,Q_40050000,45.0101,0.0
Normal,269,Q_40060001,6.0668,-21.29913782070884
Normal,269,Q_40100000,78.4446,-131.60155636736414
Normal,269,Q_40185000,7.7378,0.0
Normal,269,Q_40330000,26.7127,-70.4261685149453
Normal,269,Q_40800001,34.8431,0.0
Normal,269,Q_40850000,45.7634,-45.862977448791554
Normal,269,Q_40930000,4.6044,-25.743480635802364
Normal,270,P_1944059,0.0,0.0
Normal,270,P_1944063,0.0,-11.753402518990024
Normal,270,P_1945002,0.0,-9.495896485679236
Normal,270,P_1945008,0.0,-12.44018165007028
Normal,270,P_1946000,0.0,0.0
Normal,270,P_2044008,0.0,-6.694955678427505
Normal,270,P_2044016,0.0,0.0
Normal,270,P_2044024,0.0,0.0
Normal,270,P_2044042,0.0,0.0
Normal,270,P_2045002,0.0,0.0
Normal,270,P_2046013,0.0,0.0
Normal,270,Q_40032000,10.6207,-7.0702942280779135
Normal,270,Q_40050000,36.0291,0.0
Normal,270,Q_40060001,7.2136,-16.69389298322921
Normal,270,Q_40100000,111.951,-88.9072231986948
Normal,270,Q_40185000,9.3129,0.0
Normal,270,Q_40330000,38.1066,-56.008583942271784
Normal,270,Q_40800001,38.5417,0.0
Normal,270,Q_40850000,50.1556,-41.25399600805543
Normal,270,Q_40930000,4.362,-26.205427156868556
Normal,271,P_1944059,0.0,0.0
Normal,271,P_1944063,0.0,-12.6852276425994
Normal,271,P_1945002,0.0,-10.08365167309029
Normal,271,P_1945008,0.0,-12.302846633336333
Normal,271,P_1946000,0.0,0.0
Normal,271,P_2044008,0.0,-6.300646738852551
Normal,271,P_2044016,0.0,0.0
Normal,271,P_2044024,0.0,0.0
Normal,271,P_2044042,0.0,0.0
Normal,271,P_2045002,0.0,0.0
Normal,271,P_2046013,0.0,-5.011685549887488
Normal,271,Q_40032000,15.3784,0.0
Normal,271,Q_40050000,77.2589,0.0
Normal,271,Q_40060001,7.0181,-18.27543887173675
Normal,271,Q_40100000,134.043,-60.20513105370021
Normal,271,Q_40185000,9.3129,0.0
Normal,271,Q_40330000,34.9956,-60.36667298033967
Normal,271,Q_40800001,37.6612,0.0
Normal,271,Q_40850000,59.1871,-32.215899836172426
Normal,271,Q_40930000,10.14,-14.943443642133984
Normal,272,P_1944059,0.0,0.0
Normal,272,P_1944063,0.0,-12.67946656292557
Normal,272,P_1945002,0.0,-10.003043370930587
Normal,272,P_1945008,0.0,-12.535583109751355
Normal,272,P_1946000,0.0,0.0
Normal,272,P_2044008,0.0,-7.119110704064184
Normal,272,P_2044016,0.0,0.0
Normal,272,P_2044024,0.0,0.0
Normal,272,P_2044042,0.0,0.0
Normal,272,P_2045002,0.0,0.0
Normal,272,P_2046013,0.0,0.0
Normal,272,Q_40032000,9.3865,-8.01961336909875
Normal,272,Q_40050000,57.5075,0.0
Normal,272,Q_40060001,9.0483,-10.35490193959358
Normal,272,Q_40100000,156.285,-30.92555746491649
Normal,272,Q_40185000,8.5372,0.0
Normal,272,Q_40330000,30.5105,-65.53880455710478
Normal,272,Q_40800001,42.0889,0.0
Normal,272,Q_40850000,54.6647,-36.71557179759505
Normal,272,Q_40930000,6.4003,-22.353636521259403
Normal,273,P_1944059,0.0,0.0
Normal,273,P_1944063,0.0,-9.856224286838474
Normal,273,P_1945002,6.8,10.55389851546667
Normal,273,P_1945008,0.0,-10.838452602930383
Normal,273,P_1946000,14.3,-9.529008693820227
Normal,273,P_2044008,0.0,-6.3741446459995945
Normal,273,P_2044016,0.8,0.0
Normal,273,P_2044024,4.5,0.0
Normal,273,P_2044042,0.0,0.0
Normal,273,P_2045002,0.2,0.0
Normal,273,P_2046013,7.2,0.0
Normal,273,Q_40032000,17.6672,0.0
Normal,273,Q_40050000,56.0728,0.0
Normal,273,Q_40060001,13.45,10.849355910475586
Normal,273,Q_40100000,119.173,-78.11086559888989
Normal,273,Q_40185000,11.8472,0.0
Normal,273,Q_40330000,41.3118,-50.69301787725123
Normal,273,Q_40800001,88.3446,0.0
Normal,273,Q_40850000,42.7002,-48.57185132660536
Normal,273,Q_40930000,11.9548,-9.676596222487454
Normal,274,P_1944059,0.0,-4.076926485726204
Normal,274,P_1944063,0.0,-14.151464325591993
Normal,274,P_1945002,0.0,-11.38235368823072
Normal,274,P_1945008,0.0,-13.211892191258455
Normal,274,P_1946000,0.0,0.0
Normal,274,P_2044008,0.0,-6.779605646834938
Normal,274,P_2044016,0.0,0.0
Normal,274,P_2044024,0.0,0.0
Normal,274,P_2044042,0.0,0.0
Normal,274,P_2045002,0.0,0.0
Normal,274,P_2046013,0.0,-5.268539806641553
Normal,274,Q_40032000,18.8561,0.0
Normal,274,Q_40050000,106.531,0.0
Normal,274,Q_40060001,10.564,0.0
Normal,274,Q_40100000,200.508,29.896597117262026
Normal,274,Q_40185000,10.5553,0.0
Normal,274,Q_40330000,43.4998,-48.7954537083412
Normal,274,Q_40800001,38.1247,0.0
Normal,274,Q_40850000,57.2922,-33.53806332386702
Normal,274,Q_40930000,45.9095,65.11743585534971
Normal,275,P_1944059,0.0,0.0
Normal,275,P_1944063,0.0,-11.989321018593785
Normal,275,P_1945002,0.0,-8.858727372083443
Normal,275,P_1945008,0.0,-11.701531305977863
Normal,275,P_1946000,0.0,0.0
Normal,275,P_2044008,0.0,-6.671810363266161
Normal,275,P_2044016,0.0,0.0
Normal,275,P_2044024,0.0,0.0
Normal,275,P_2044042,0.0,0.0
Normal,275,P_2045002,0.0,0.0
Normal,275,P_2046013,0.0,0.0
Normal,275,Q_40032000,9.0278,-7.256747358917135
Normal,275,Q_40050000,31.6183,0.0
Normal,275,Q_40060001,6.442,-19.582255223301825
Normal,275,Q_40100000,93.8632,-112.23648335998469
Normal,275,Q_40185000,8.1222,0.0
Normal,275,Q_40330000,34.4864,-60.46253119117725
Normal,275,Q_40800001,33.4105,0.0
Normal,275,Q_40850000,42.7002,-49.15286484228469
Normal,275,Q_40930000,3.6949,-28.337686551105985
Normal,276,P_1944059,0.0,0.0
Normal,276,P_1944063,0.0,-16.144295641793008
Normal,276,P_1945002,0.0,-13.10695660315364
Normal,276,P_1945008,0.0,-14.14570815433776
Normal,276,P_1946000,0.0,0.0
Normal,276,P_2044008,0.0,-7.446432148053077
Normal,276,P_2044016,0.0,0.0
Normal,276,P_2044024,0.0,0.0
Normal,276,P_2044042,0.0,0.0
Normal,276,P_2045002,0.0,0.0
Normal,276,P_2046013,0.0,0.0
Normal,276,Q_40032000,51.3521,49.734197410691486
Normal,276,Q_40050000,187.442,0.0
Normal,276,Q_40060001,13.811,12.211002464983341
Normal,276,Q_40100000,411.58,314.3977159570839
Normal,276,Q_40185000,20.5401,0.0
Normal,276,Q_40330000,71.4293,-12.06371898070056
Normal,276,Q_40800001,48.7077,0.0
Normal,276,Q_40850000,75.0579,-15.704273093092919
Normal,276,Q_40930000,24.1201,17.970475533710648
Normal,277,P_1944059,27.2,25.335578851101058
Normal,277,P_1944063,10.0,0.0
Normal,277,P_1945002,0.0,0.0
Normal,277,P_1945008,5.8,0.0
Normal,277,P_1946000,20.5,-18.48224194952595
Normal,277,P_2044008,33.0,25.452205191791737
Normal,277,P_2044016,25.3,0.0
Normal,277,P_2044024,45.0,15.228453619552234
Normal,277,P_2044042,28.4,-16.51256398298498
Normal,277,P_2045002,22.7,8.602125172226465
Normal,277,P_2046013,25.3,0.0
Normal,277,Q_40032000,11.6797,0.0
Normal,277,Q_40050000,31.04,0.0
Normal,277,Q_40060001,7.8104,-16.742863926634694
Normal,277,Q_40100000,69.3405,-147.03852575716118
Normal,277,Q_40185000,6.2595,0.0
Normal,277,Q_40330000,28.5889,-69.87141680784396
Normal,277,Q_40800001,52.3575,0.0
Normal,277,Q_40850000,35.0386,-56.891393811666674
Normal,277,Q_40930000,18.4539,0.0
Normal,278,P_1944059,37.2,35.43831920554677
Normal,278,P_1944063,0.0,0.0
Normal,278,P_1945002,18.9,15.841849121842504
Normal,278,P_1945008,11.2,8.404389054985321
Normal,278,P_1946000,0.0,5.167595260380324
Normal,278,P_2044008,31.1,33.57796649060145
Normal,278,P_2044016,57.7,54.51468929415657
Normal,278,P_2044024,28.7,9.08660269059848
Normal,278,P_2044042,4.6,0.0
Normal,278,P_2045002,1.9,0.0
Normal,278,P_2046013,0.0,0.0
Normal,278,Q_40032000,12.2852,0.0
Normal,278,Q_40050000,61.7894,0.0
Normal,278,Q_40060001,7.2136,0.0
Normal,278,Q_40100000,246.85,91.6410700111681
Normal,278,Q_40185000,13.6433,0.0
Normal,278,Q_40330000,58.6798,-33.33508438190698
Normal,278,Q_40800001,86.3456,0.0
Normal,278,Q_40850000,84.6481,0.0
Normal,278,Q_40930000,31.7488,30.606797497965914
Normal,279,P_1944059,0.0,-3.2476540524244353
Normal,279,P_1944063,0.0,-12.165078948446654
Normal,279,P_1945002,0.0,-10.771493479047265
Normal,279,P_1945008,0.0,-11.79682615376539
Normal,279,P_1946000,0.0,0.0
Normal,279,P_2044008,0.0,-5.117449129584011
Normal,279,P_2044016,0.0,0.0
Normal,279,P_2044024,0.0,0.0
Normal,279,P_2044042,0.0,0.0
Normal,279,P_2045002,3.1,0.0
Normal,279,P_2046013,12.8,0.0
Normal,279,Q_40032000,13.5778,-3.6316936044972374
Normal,279,Q_40050000,115.455,0.0
Normal,279,Q_40060001,9.2602,-6.4484000403119985
Normal,279,Q_40100000,234.073,76.40102578454514
Normal,279,Q_40185000,18.9864,0.0
Normal,279,Q_40330000,64.942,-18.952852344774694
Normal,279,Q_40800001,66.4931,0.0
Normal,279,Q_40850000,89.6288,0.0
Normal,279,Q_40930000,11.4249,-10.120519284401933
Normal,280,P_1944059,38.2,58.31286532529678
Normal,280,P_1944063,19.8,35.69537539903115
Normal,280,P_1945002,0.0,0.0
Normal,280,P_1945008,17.8,24.375049883379734
Normal,280,P_1946000,0.0,0.0
Normal,280,P_2044008,3.1,0.0
Normal,280,P_2044016,15.0,0.0
Normal,280,P_2044024,2.0,0.0
Normal,280,P_2044042,0.9,0.0
Normal,280,P_2045002,10.8,0.0
Normal,280,P_2046013,32.0,0.0
Normal,280,Q_40032000,20.0669,-4.727234072031447
Normal,280,Q_40050000,22.5363,-4.021722406906278
Normal,280,Q_40060001,6.2535,-21.11628441605856
Normal,280,Q_40100000,110.523,-95.4321811574697
Normal,280,Q_40185000,15.0433,0.0
Normal,280,Q_40330000,50.8861,-39.71733750062991
Normal,280,Q_40800001,55.5582,0.0
Normal,280,Q_40850000,71.1011,-20.458458457830265
Normal,280,Q_40930000,3.6949,-26.436093195193074
Normal,281,P_1944059,0.0,0.0
Normal,281,P_1944063,0.0,-12.324539136683262
Normal,281,P_1945002,0.0,-9.536291174410902
Normal,281,P_1945008,0.0,-12.170252040882238
Normal,281,P_1946000,0.0,0.0
Normal,281,P_2044008,0.0,-6.874897075900037
Normal,281,P_2044016,0.0,0.0
Normal,281,P_2044024,0.0,0.0
Normal,281,P_2044042,0.0,0.0
Normal,281,P_2045002,0.0,0.0
Normal,281,P_2046013,0.0,0.0
Normal,281,Q_40032000,9.1347,-7.279207678638352
Normal,281,Q_40050000,49.2407,0.0
Normal,281,Q_40060001,6.442,-19.615925447982168
Normal,281,Q_40100000,86.4497,-121.81555163876557
Normal,281,Q_40185000,9.3692,0.0
Normal,281,Q_40330000,33.9799,-60.71380564004985
Normal,281,Q_40800001,36.4106,0.0
Normal,281,Q_40850000,48.2587,-43.073849802066626
Normal,281,Q_40930000,5.192,-25.205517491352904
Normal,282,P_1944059,0.0,0.0
Normal,282,P_1944063,0.0,-18.06104169501117
Normal,282,P_1945002,0.0,0.0
Normal,282,P_1945008,17.3,45.25850260594122
Normal,282,P_1946000,0.0,4.860203143529557
Normal,282,P_2044008,2.1,0.0
Normal,282,P_2044016,12.9,1.7851064137581716
Normal,282,P_2044024,4.7,0.0
Normal,282,P_2044042,13.3,0.0
Normal,282,P_2045002,0.0,0.0
Normal,282,P_2046013,0.0,0.0
Normal,282,Q_40032000,25.1171,5.096975291664713
Normal,282,Q_40050000,118.484,0.0
Normal,282,Q_40060001,16.5496,21.913914243731995
Normal,282,Q_40100000,319.86,188.94265962844455
Normal,282,Q_40185000,22.1329,0.0
Normal,282,Q_40330000,92.908,13.532504294972286
Normal,282,Q_40800001,167.148,8.829057397865968
Normal,282,Q_40850000,209.734,118.45660100637865
Normal,282,Q_40930000,11.4249,0.0
Normal,283,P_1944059,0.0,0.0
Normal,283,P_1944063,0.0,-10.700319461759989
Normal,283,P_1945002,21.3,44.353467688230886
Normal,283,P_1945008,0.0,-10.365326540012045
Normal,283,P_1946000,5.2,0.0
Normal,283,P_2044008,0.5,0.0
Normal,283,P_2044016,38.0,39.76889374019138
Normal,283,P_2044024,5.0,0.0
Normal,283,P_2044042,0.0,0.0
Normal,283,P_2045002,1.8,0.0
Normal,283,P_2046013,0.0,0.0
Normal,283,Q_40032000,47.2468,30.57710016852156
Normal,283,Q_40050000,152.657,0.0
Normal,283,Q_40060001,12.8551,11.026677950639423
Normal,283,Q_40100000,263.592,119.6483383427641
Normal,283,Q_40185000,13.6433,0.0
Normal,283,Q_40330000,48.5692,-42.68556587125366
Normal,283,Q_40800001,50.6,0.0
Normal,283,Q_40850000,60.3967,-31.16937310890469
Normal,283,Q_40930000,102.058,211.76276227442145
Normal,284,P_1944059,0.0,0.0
Normal,284,P_1944063,0.0,-16.750490507443452
Normal,284,P_1945002,0.0,0.0
Normal,284,P_1945008,0.0,-16.059703900775375
Normal,284,P_1946000,18.2,-15.850426691291887
Normal,284,P_2044008,0.0,0.0
Normal,284,P_2044016,15.0,8.695024342806397
Normal,284,P_2044024,0.0,0.0
Normal,284,P_2044042,0.0,0.0
Normal,284,P_2045002,6.5,0.0
Normal,284,P_2046013,17.0,14.29989296520623
Normal,284,Q_40032000,52.6347,51.315370514253516
Normal,284,Q_40050000,252.355,0.0
Normal,284,Q_40060001,25.8112,69.79939231255292
Normal,284,Q_40100000,453.404,367.58342240344496
Normal,284,Q_40185000,36.1772,0.0
Normal,284,Q_40330000,103.624,29.263631379748944
Normal,284,Q_40800001,87.1739,0.0
Normal,284,Q_40850000,94.732,0.0
Normal,284,Q_40930000,24.9494,18.57007849714861
Normal,285,P_1944059,61.6,101.65729370990539
Normal,285,P_1944063,0.5,0.0
Normal,285,P_1945002,3.2,0.0
Normal,285,P_1945008,0.0,0.0
Normal,285,P_1946000,0.0,4.119880294510321
Normal,285,P_2044008,2.5,0.0
Normal,285,P_2044016,1.7,0.0
Normal,285,P_2044024,22.9,0.0
Normal,285,P_2044042,10.6,0.0
Normal,285,P_2045002,14.2,0.0
Normal,285,P_2046013,32.8,24.19586047610244
Normal,285,Q_40032000,26.4291,2.1169109984679153
Normal,285,Q_40050000,208.02,0.0
Normal,285,Q_40060001,26.7452,71.19919785600038
Normal,285,Q_40100000,478.558,394.93189733116
Normal,285,Q_40185000,25.9963,0.0
Normal,285,Q_40330000,110.154,37.160509471836086
Normal,285,Q_40800001,92.6355,2.318523243022789
Normal,285,Q_40850000,109.194,16.29290383245941
Normal,285,Q_40930000,45.5152,58.14952025453003
Normal,286,P_1944059,0.0,0.0
Normal,286,P_1944063,0.0,-18.863815671677155
Normal,286,P_1945002,12.2,32.48501616074044
Normal,286,P_1945008,0.0,-16.660714194463083
Normal,286,P_1946000,0.0,5.923112206140923
Normal,286,P_2044008,0.0,0.0
Normal,286,P_2044016,0.0,0.0
Normal,286,P_2044024,0.0,0.0
Normal,286,P_2044042,0.0,0.0
Normal,286,P_2045002,0.0,0.0
Normal,286,P_2046013,0.0,0.0
Normal,286,Q_40032000,24.0814,6.861674320509949
Normal,286,Q_40050000,210.127,0.0
Normal,286,Q_40060001,23.8208,58.00669481225728
Normal,286,Q_40100000,407.253,307.20338176369046
Normal,286,Q_40185000,27.1366,0.0
Normal,286,Q_40330000,103.624,29.4319306000259
Normal,286,Q_40800001,78.1549,0.0
Normal,286,Q_40850000,141.614,51.88117603010854
Normal,286,Q_40930000,28.1403,24.967547300036486
Normal,287,P_1944059,0.0,-2.6716318172128126
Normal,287,P_1944063,2.2,0.0
Normal,287,P_1945002,0.0,-8.437400254784567
Normal,287,P_1945008,0.0,-10.854365774664107
Normal,287,P_1946000,0.0,0.0
Normal,287,P_2044008,0.0,-4.826222394678408
Normal,287,P_2044016,0.0,0.0
Normal,287,P_2044024,0.0,0.0
Normal,287,P_2044042,0.0,0.0
Normal,287,P_2045002,0.0,0.0
Normal,287,P_2046013,0.0,-3.5388062361077908
Normal,287,Q_40032000,8.6413,-6.869954662095904
Normal,287,Q_40050000,40.9265,0.0
Normal,287,Q_40060001,4.9855,-23.813506387538645
Normal,287,Q_40100000,114.822,-83.81957556836937
Normal,287,Q_40185000,16.4869,0.0
Normal,287,Q_40330000,55.0332,-32.43302802383697
Normal,287,Q_40800001,61.1447,0.0
Normal,287,Q_40850000,94.732,0.0
Normal,287,Q_40930000,11.4249,-10.266412291623036
Normal,288,P_1944059,0.0,0.0
Normal,288,P_1944063,0.0,-12.911370221102803
Normal,288,P_1945002,0.0,-10.74052514359291
Normal,288,P_1945008,0.0,-12.474822192645014
Normal,288,P_1946000,0.0,0.0
Normal,288,P_2044008,0.0,-6.344381476406828
Normal,288,P_2044016,0.0,0.0
Normal,288,P_2044024,0.0,0.0
Normal,288,P_2044042,0.0,0.0
Normal,288,P_2045002,0.0,0.0
Normal,288,P_2046013,0.0,-5.017451858092755
Normal,288,Q_40032000,14.4597,0.0
Normal,288,Q_40050000,56.5818,0.0
Normal,288,Q_40060001,9.4737,-8.306382717315769
Normal,288,Q_40100000,170.284,-11.418276435155404
Normal,288,Q_40185000,10.1356,0.0
Normal,288,Q_40330000,49.1448,-41.007229675906224
Normal,288,Q_40800001,63.9725,0.0
Normal,288,Q_40850000,83.9466,-5.915295896112358
Normal,288,Q_40930000,6.687,-21.784511056300314
Normal,289,P_1944059,0.0,0.0
Normal,289,P_1944063,0.0,-12.500413689646127
Normal,289,P_1945002,0.0,-9.781019322806314
Normal,289,P_1945008,0.0,-12.194278502395518
Normal,289,P_1946000,0.0,0.0
Normal,289,P_2044008,0.0,-6.968645175184402
Normal,289,P_2044016,0.0,0.0
Normal,289,P_2044024,0.0,0.0
Normal,289,P_2044042,0.0,0.0
Normal,289,P_2045002,0.0,0.0
Normal,289,P_2046013,0.0,0.0
Normal,289,Q_40032000,12.2852,-6.893395500701956
Normal,289,Q_40050000,67.9518,0.0
Normal,289,Q_40060001,7.2136,-17.389610099933044
Normal,289,Q_40100000,111.951,-89.28173400097874
Normal,289,Q_40185000,8.1222,0.0
Normal,289,Q_40330000,30.0259,-66.33068838948428
Normal,289,Q_40800001,23.4079,0.0
Normal,289,Q_40850000,30.5535,-62.17149961977933
Normal,289,Q_40930000,7.349,-21.19686520375197
Normal,290,P_1944059,0.0,-4.770262621146472
Normal,290,P_1944063,0.0,-14.61128437978051
Normal,290,P_1945002,0.0,-12.047743952254388
Normal,290,P_1945008,0.0,-13.804831081671107
Normal,290,P_1946000,0.0,0.0
Normal,290,P_2044008,0.0,-6.886077300573927
Normal,290,P_2044016,0.0,0.0
Normal,290,P_2044024,0.0,0.0
Normal,290,P_2044042,0.0,0.0
Normal,290,P_2045002,0.0,0.0
Normal,290,P_2046013,0.0,0.0
Normal,290,Q_40032000,18.6166,0.0
Normal,290,Q_40050000,122.552,0.0
Normal,290,Q_40060001,9.2602,-9.867603402732536
Normal,290,Q_40100000,221.514,56.54330093902132
Normal,290,Q_40185000,22.6724,0.0
Normal,290,Q_40330000,52.6491,-36.72085075439577
Normal,290,Q_40800001,45.2532,0.0
Normal,290,Q_40850000,66.6021,-24.427800151532278
Normal,290,Q_40930000,11.5878,-11.490729221470918
Normal,291,P_1944059,0.0,0.0
Normal,291,P_1944063,0.0,-11.750942223402854
Normal,291,P_1945002,0.0,-9.158777800187705
Normal,291,P_1945008,0.0,-12.069266373629578
Normal,291,P_1946000,0.0,0.0
Normal,291,P_2044008,0.0,-6.979811187930017
Normal,291,P_2044016,0.0,0.0
Normal,291,P_2044024,0.0,0.0
Normal,291,P_2044042,0.0,0.0
Normal,291,P_2045002,0.0,0.0
Normal,291,P_2046013,0.0,0.0
Normal,291,Q_40032000,9.0278,-7.188103697080635
Normal,291,Q_40050000,30.0812,0.0
Normal,291,Q_40060001,6.0668,-20.749908658335762
Normal,291,Q_40100000,89.8358,-117.22692735539586
Normal,291,Q_40185000,7.3583,0.0
Normal,291,Q_40330000,32.9749,-62.33565890230961
Normal,291,Q_40800001,31.7295,0.0
Normal,291,Q_40850000,47.0062,-44.254214830384896
Normal,291,Q_40930000,3.1479,-29.46644704534062
Normal,292,P_1944059,0.0,0.0
Normal,292,P_1944063,0.0,-11.704711018248103
Normal,292,P_1945002,0.0,-9.22758847232556
Normal,292,P_1945008,0.0,-11.40470531290977
Normal,292,P_1946000,0.0,0.0
Normal,292,P_2044008,0.0,-6.731945450855505
Normal,292,P_2044016,0.0,0.0
Normal,292,P_2044024,0.0,0.0
Normal,292,P_2044042,0.0,0.0
Normal,292,P_2045002,0.0,0.0
Normal,292,P_2046013,0.0,0.0
Normal,292,Q_40032000,8.6413,-7.506258194304321
Normal,292,Q_40050000,28.2101,0.0
Normal,292,Q_40060001,5.4278,-23.146717526561243
Normal,292,Q_40100000,83.2504,-125.95757192911908
Normal,292,Q_40185000,6.9856,0.0
Normal,292,Q_40330000,38.1066,-55.57940133687372
Normal,292,Q_40800001,29.2371,0.0
Normal,292,Q_40850000,40.2954,-51.8279614307319
Normal,292,Q_40930000,2.88,-29.6295896139824
Normal,293,P_1944059,0.0,0.0
Normal,293,P_1944063,2.6,0.0
Normal,293,P_1945002,0.0,-9.55360494896484
Normal,293,P_1945008,0.0,-11.566166075058613
Normal,293,P_1946000,0.0,0.0
Normal,293,P_2044008,0.0,-6.1291896450998395
Normal,293,P_2044016,0.0,0.0
Normal,293,P_2044024,0.0,0.0
Normal,293,P_2044042,0.0,0.0
Normal,293,P_2045002,0.0,0.0
Normal,293,P_2046013,0.0,-4.422708164206142
Normal,293,Q_40032000,9.3865,-7.232269665845005
Normal,293,Q_40050000,57.5075,0.0
Normal,293,Q_40060001,8.9429,-9.851936789555158
Normal,293,Q_40100000,154.553,-32.67347333536065
Normal,293,Q_40185000,8.5372,0.0
Normal,293,Q_40330000,30.9979,-64.56128228617742
Normal,293,Q_40800001,41.2597,0.0
Normal,293,Q_40850000,54.6647,-35.74368494311838
Normal,293,Q_40930000,6.4003,-22.538347811431798
Normal,294,P_1944059,0.0,0.0
Normal,294,P_1944063,0.9,-8.383639278514352
Normal,294,P_1945002,38.5,56.06207110534026
Normal,294,P_1945008,13.1,14.95430980461364
Normal,294,P_1946000,8.6,0.0
Normal,294,P_2044008,0.0,0.0
Normal,294,P_2044016,0.0,0.0
Normal,294,P_2044024,0.2,0.0
Normal,294,P_2044042,0.0,2.245675704335217
Normal,294,P_2045002,0.0,0.0
Normal,294,P_2046013,0.0,0.0
Normal,294,Q_40032000,150.564,191.98485463313955
Normal,294,Q_40050000,85.8019,0.0
Normal,294,Q_40060001,15.0362,16.879879739368615
Normal,294,Q_40100000,243.177,79.61807595287229
Normal,294,Q_40185000,17.9729,0.0
Normal,294,Q_40330000,63.0395,-24.69834037314016
Normal,294,Q_40800001,72.5984,0.0
Normal,294,Q_40850000,133.811,42.97992197615501
Normal,294,Q_40930000,23.1116,12.680047090543384
Normal,295,P_1944059,1.0,0.0
Normal,295,P_1944063,0.0,-10.814216864641708
Normal,295,P_1945002,5.8,0.0
Normal,295,P_1945008,0.0,-10.079360321392388
Normal,295,P_1946000,0.0,8.750916683540733
Normal,295,P_2044008,0.0,0.0
Normal,295,P_2044016,0.0,0.0
Normal,295,P_2044024,0.0,0.0
Normal,295,P_2044042,0.0,0.0
Normal,295,P_2045002,0.0,0.0
Normal,295,P_2046013,35.6,25.225878883251763
Normal,295,Q_40032000,53.9263,34.244290682203925
Normal,295,Q_40050000,155.443,0.0
Normal,295,Q_40060001,13.0921,11.280622171781825
Normal,295,Q_40100000,243.177,94.03589820107761
Normal,295,Q_40185000,14.5717,0.0
Normal,295,Q_40330000,48.5692,-42.820615506211446
Normal,295,Q_40800001,41.5058,0.0
Normal,295,Q_40850000,64.0885,-27.1518508835171
Normal,295,Q_40930000,20.8512,11.147631199245165
Normal,296,P_1944059,24.2,23.808301305461832
Normal,296,P_1944063,33.1,83.59866115652434
Normal,296,P_1945002,4.5,0.0
Normal,296,P_1945008,0.0,-11.439123086207966
Normal,296,P_1946000,14.0,-13.780727174032409
Normal,296,P_2044008,20.7,21.127826760936202
Normal,296,P_2044016,27.7,14.15611568496687
Normal,296,P_2044024,0.0,0.0
Normal,296,P_2044042,5.8,0.0
Normal,296,P_2045002,6.6,0.0
Normal,296,P_2046013,2.0,0.0
Normal,296,Q_40032000,21.5477,0.0
Normal,296,Q_40050000,98.1989,0.0
Normal,296,Q_40060001,13.932,15.419765538480654
Normal,296,Q_40100000,168.651,-13.256706609360123
Normal,296,Q_40185000,33.6846,0.0
Normal,296,Q_40330000,77.4552,0.0
Normal,296,Q_40800001,50.7181,0.0
Normal,296,Q_40850000,59.1871,-34.16378647128659
Normal,296,Q_40930000,12.3235,-9.9538672351444
Normal,297,P_1944059,0.0,0.0
Normal,297,P_1944063,12.3,33.85549241286822
Normal,297,P_1945002,0.0,-7.6463451308875845
Normal,297,P_1945008,0.0,-10.200991183436667
Normal,297,P_1946000,0.0,0.0
Normal,297,P_2044008,0.0,-5.485655104924608
Normal,297,P_2044016,0.0,0.0
Normal,297,P_2044024,0.0,0.0
Normal,297,P_2044042,0.0,0.0
Normal,297,P_2045002,0.0,0.0
Normal,297,P_2046013,0.0,0.0
Normal,297,Q_40032000,9.0011,-6.773904820586665
Normal,297,Q_40050000,46.8883,0.0
Normal,297,Q_40060001,3.2663,-33.96859351991292
Normal,297,Q_40100000,95.2181,-111.8990370959788
Normal,297,Q_40185000,9.3129,0.0
Normal,297,Q_40330000,32.9749,-63.96911931802634
Normal,297,Q_40800001,54.1836,0.0
Normal,297,Q_40850000,51.4322,-40.46487171866679
Normal,297,Q_40930000,7.349,-20.311801271203183
Normal,298,P_1944059,2.0,0.0
Normal,298,P_1944063,4.5,0.0
Normal,298,P_1945002,0.0,-4.847082007631505
Normal,298,P_1945008,0.0,-8.998513432425415
Normal,298,P_1946000,5.4,0.0
Normal,298,P_2044008,0.3,0.0
Normal,298,P_2044016,30.7,24.45354113798324
Normal,298,P_2044024,11.0,0.0
Normal,298,P_2044042,33.3,0.0
Normal,298,P_2045002,0.0,0.0
Normal,298,P_2046013,0.0,0.0
Normal,298,Q_40032000,14.8154,-4.675947044550553
Normal,298,Q_40050000,43.38,-2.994494751474747
Normal,298,Q_40060001,3.3428,-32.74202234188456
Normal,298,Q_40100000,66.9,-144.95023539820554
Normal,298,Q_40185000,6.2595,0.0
Normal,298,Q_40330000,20.5161,-77.09338546530716
Normal,298,Q_40800001,56.0293,0.0
Normal,298,Q_40850000,43.3078,-46.96350291405308
Normal,298,Q_40930000,4.727,-25.109443688479523
Normal,299,P_1944059,0.0,0.0
Normal,299,P_1944063,0.0,-11.554109819154117
Normal,299,P_1945002,0.0,-8.878712340274516
Normal,299,P_1945008,0.0,-11.668788237142783
Normal,299,P_1946000,0.0,0.0
Normal,299,P_2044008,0.0,-7.194374389604036
Normal,299,P_2044016,0.0,0.0
Normal,299,P_2044024,0.0,0.0
Normal,299,P_2044042,0.0,0.0
Normal,299,P_2045002,0.0,0.0
Normal,299,P_2046013,0.0,0.0
Normal,299,Q_40032000,9.0278,-7.891099662743652
Normal,299,Q_40050000,31.813,0.0
Normal,299,Q_40060001,6.442,-19.589782255430773
Normal,299,Q_40100000,93.8632,-112.07672966308421
Normal,299,Q_40185000,8.1222,0.0
Normal,299,Q_40330000,34.4864,-60.015695878540235
Normal,299,Q_40800001,33.4105,0.0
Normal,299,Q_40850000,42.7002,-49.350366211317436
Normal,299,Q_40930000,3.6949,-28.04369734619798
Normal,300,P_1944059,0.0,0.0
Normal,300,P_1944063,0.0,-11.063987283135539
Normal,300,P_1945002,0.0,-9.365572825590041
Normal,300,P_1945008,0.0,-11.539200899994889
Normal,300,P_1946000,0.0,0.0
Normal,300,P_2044008,0.0,-6.984684923574548
Normal,300,P_2044016,0.0,0.0
Normal,300,P_2044024,0.0,0.0
Normal,300,P_2044042,0.0,0.0
Normal,300,P_2045002,0.0,0.0
Normal,300,P_2046013,0.0,0.0
Normal,300,Q_40032000,8.6394,-7.764900474917147
Normal,300,Q_40050000,40.9373,0.0
Normal,300,Q_40060001,4.8985,-24.825195111657322
Normal,300,Q_40100000,65.8237,-148.1870063261971
Normal,300,Q_40185000,10.2333,0.0
Normal,300,Q_40330000,36.5392,-57.443461107041294
Normal,300,Q_40800001,41.2597,0.0
Normal,300,Q_40850000,61.6168,-29.44435088891655
Normal,300,Q_40930000,4.0291,-27.1827156890278
Normal,301,P_1944059,0.0,0.0
Normal,301,P_1944063,0.0,-9.750994717848865
Normal,301,P_1945002,4.6,0.0
Normal,301,P_1945008,19.8,38.44456941959334
Normal,301,P_1946000,0.0,0.0
Normal,301,P_2044008,0.0,-5.811841902172942
Normal,301,P_2044016,0.0,0.0
Normal,301,P_2044024,0.0,0.0
Normal,301,P_2044042,0.0,0.0
Normal,301,P_2045002,0.0,0.0
Normal,301,P_2046013,0.0,0.0
Normal,301,Q_40032000,8.6413,-5.5479583689627745
Normal,301,Q_40050000,23.923,0.0
Normal,301,Q_40060001,4.726,-27.917175538439302
Normal,301,Q_40100000,122.102,-75.48151565909079
Normal,301,Q_40185000,7.7372,0.0
Normal,301,Q_40330000,27.1774,-71.86613069198725
Normal,301,Q_40800001,34.2567,-4.849479084177318
Normal,301,Q_40850000,52.7182,-39.327247646686345
Normal,301,Q_40930000,6.8988,-21.239565988717498
Normal,302,P_1944059,0.0,0.0
Normal,302,P_1944063,0.7,-9.37051434430975
Normal,302,P_1945002,0.0,-10.807162209327807
Normal,302,P_1945008,0.0,-11.81648723381496
Normal,302,P_1946000,0.0,0.0
Normal,302,P_2044008,0.0,-4.565112408909669
Normal,302,P_2044016,0.0,-2.4516776766313626
Normal,302,P_2044024,0.0,0.0
Normal,302,P_2044042,0.0,0.0
Normal,302,P_2045002,20.7,0.0
Normal,302,P_2046013,3.0,0.0
Normal,302,Q_40032000,14.0168,-2.273492605066359
Normal,302,Q_40050000,175.032,0.0
Normal,302,Q_40060001,9.0483,-7.570938089478883
Normal,302,Q_40100000,298.109,158.26690579139463
Normal,302,Q_40185000,21.0667,0.0
Normal,302,Q_40330000,70.1141,-10.671709904535232
Normal,302,Q_40800001,110.909,0.0
Normal,302,Q_40850000,101.472,0.0
Normal,302,Q_40930000,14.1721,-3.2381219567947017
Normal,303,P_1944059,0.0,0.0
Normal,303,P_1944063,0.0,-13.592982302548782
Normal,303,P_1945002,0.0,-11.534698962829683
Normal,303,P_1945008,0.0,-12.803783350364423
Normal,303,P_1946000,0.0,0.0
Normal,303,P_2044008,0.0,-6.799663890081236
Normal,303,P_2044016,0.0,0.0
Normal,303,P_2044024,0.0,0.0
Normal,303,P_2044042,0.0,0.0
Normal,303,P_2045002,0.0,0.0
Normal,303,P_2046013,0.0,0.0
Normal,303,Q_40032000,13.1428,-5.734021793572367
Normal,303,Q_40050000,61.5239,0.0
Normal,303,Q_40060001,9.4737,-7.936389547472572
Normal,303,Q_40100000,173.564,-7.795000458843797
Normal,303,Q_40185000,17.473,0.0
Normal,303,Q_40330000,58.0662,-29.604999795639987
Normal,303,Q_40800001,64.9201,0.0
Normal,303,Q_40850000,83.2476,-6.837170879407522
Normal,303,Q_40930000,7.9986,-19.05070073093249
Normal,304,P_1944059,11.3,6.651819289800579
Normal,304,P_1944063,3.0,0.0
Normal,304,P_1945002,0.0,0.0
Normal,304,P_1945008,0.0,-13.067112872622602
Normal,304,P_1946000,0.0,5.087747715233591
Normal,304,P_2044008,0.0,0.0
Normal,304,P_2044016,13.8,6.76177858297751
Normal,304,P_2044024,24.3,10.871086065527946
Normal,304,P_2044042,45.0,7.719628461910557
Normal,304,P_2045002,1.6,0.0
Normal,304,P_2046013,0.0,0.0
Normal,304,Q_40032000,12.7119,0.0
Normal,304,Q_40050000,52.0784,0.0
Normal,304,Q_40060001,11.4632,0.0
Normal,304,Q_40100000,352.356,227.43544140089475
Normal,304,Q_40185000,24.872,0.0
Normal,304,Q_40330000,80.1893,0.0
Normal,304,Q_40800001,109.795,4.525525292926281
Normal,304,Q_40850000,127.036,34.277421297415394
Normal,304,Q_40930000,72.8246,120.76295129643064
Normal,305,P_1944059,0.0,0.0
Normal,305,P_1944063,0.0,-12.930600643994973
Normal,305,P_1945002,0.0,-10.61520893249392
Normal,305,P_1945008,0.0,-12.256530468654812
Normal,305,P_1946000,0.0,0.0
Normal,305,P_2044008,0.0,-6.594932599577751
Normal,305,P_2044016,0.0,0.0
Normal,305,P_2044024,0.0,0.0
Normal,305,P_2044042,0.0,0.0
Normal,305,P_2045002,0.0,0.0
Normal,305,P_2046013,0.0,0.0
Normal,305,Q_40032000,14.0168,-5.263977236621088
Normal,305,Q_40050000,55.8191,0.0
Normal,305,Q_40060001,9.4737,-8.12163884392885
Normal,305,Q_40100000,165.402,-18.19851952125498
Normal,305,Q_40185000,9.3129,0.0
Normal,305,Q_40330000,52.0591,-37.552231543153304
Normal,305,Q_40800001,56.4827,0.0
Normal,305,Q_40850000,75.7264,-14.445795687607067
Normal,305,Q_40930000,6.687,-21.917068519562342
Normal,306,P_1944059,0.0,0.0
Normal,306,P_1944063,0.0,-12.487715410765832
Normal,306,P_1945002,0.0,-10.633396162218624
Normal,306,P_1945008,0.0,-11.921060777064127
Normal,306,P_1946000,0.0,0.0
Normal,306,P_2044008,0.0,-5.759039655953522
Normal,306,P_2044016,0.0,-3.135681636108572
Normal,306,P_2044024,0.0,0.0
Normal,306,P_2044042,0.0,0.0
Normal,306,P_2045002,0.0,0.0
Normal,306,P_2046013,0.0,-4.850696354109302
Normal,306,Q_40032000,19.0965,0.0
Normal,306,Q_40050000,97.3219,0.0
Normal,306,Q_40060001,8.3191,-11.289556384541367
Normal,306,Q_40100000,183.522,0.0
Normal,306,Q_40185000,14.5717,0.0
Normal,306,Q_40330000,45.7281,-44.19668438621519
Normal,306,Q_40800001,38.483,0.0
Normal,306,Q_40850000,55.9738,-34.42689076205968
Normal,306,Q_40930000,57.0135,91.39116211226523
Normal,307,P_1944059,0.0,0.0
Normal,307,P_1944063,0.0,-11.91627297535661
Normal,307,P_1945002,0.0,-8.857170146563524
Normal,307,P_1945008,0.0,-11.970302761098504
Normal,307,P_1946000,0.0,0.0
Normal,307,P_2044008,0.0,-7.073023711923127
Normal,307,P_2044016,0.0,0.0
Normal,307,P_2044024,2.0,0.0
Normal,307,P_2044042,0.0,0.0
Normal,307,P_2045002,0.0,0.0
Normal,307,P_2046013,0.0,0.0
Normal,307,Q_40032000,15.0028,0.0
Normal,307,Q_40050000,69.8501,0.0
Normal,307,Q_40060001,6.0668,-21.86588975793511
Normal,307,Q_40100000,134.043,-60.19958492039499
Normal,307,Q_40185000,6.9856,0.0
Normal,307,Q_40330000,34.4864,-61.266179903381236
Normal,307,Q_40800001,24.5869,-5.696249960183366
Normal,307,Q_40850000,34.4681,-58.02171305854015
Normal,307,Q_40930000,8.0325,-19.831905131550585
Normal,308,P_1944059,0.0,0.0
Normal,308,P_1944063,0.0,-8.271416502522406
Normal,308,P_1945002,0.0,-6.923806948677069
Normal,308,P_1945008,17.3,39.44558835084992
Normal,308,P_1946000,18.2,-8.733077734866999
Normal,308,P_2044008,0.0,-5.743185192457018
Normal,308,P_2044016,3.8,0.0
Normal,308,P_2044024,0.3,0.0
Normal,308,P_2044042,6.1,0.0
Normal,308,P_2045002,11.2,0.0
Normal,308,P_2046013,4.4,0.0
Normal,308,Q_40032000,11.8626,-5.28645563655256
Normal,308,Q_40050000,86.5982,0.0
Normal,308,Q_40060001,6.3475,-18.57934051785578
Normal,308,Q_40100000,135.561,-55.81534825028011
Normal,308,Q_40185000,14.5717,0.0
Normal,308,Q_40330000,49.1448,-39.19901871382639
Normal,308,Q_40800001,65.8701,0.0
Normal,308,Q_40850000,96.9564,0.0
Normal,308,Q_40930000,9.8952,-13.960242655348171
Normal,309,P_1944059,0.0,0.0
Normal,309,P_1944063,0.0,-12.241830479377096
Normal,309,P_1945002,0.0,-10.21850803675916
Normal,309,P_1945008,0.0,-12.174065165139089
Normal,309,P_1946000,0.0,0.0
Normal,309,P_2044008,0.0,-6.301743693107085
Normal,309,P_2044016,0.0,0.0
Normal,309,P_2044024,0.0,0.0
Normal,309,P_2044042,0.0,0.0
Normal,309,P_2045002,0.0,0.0
Normal,309,P_2046013,0.0,0.0
Normal,309,Q_40032000,11.8626,-6.649521465847153
Normal,309,Q_40050000,44.2768,0.0
Normal,309,Q_40060001,8.422,-12.46715318159223
Normal,309,Q_40100000,137.083,-55.86479115422865
Normal,309,Q_40185000,11.8472,0.0
Normal,309,Q_40330000,38.1066,-55.81455127834068
Normal,309,Q_40800001,46.4662,0.0
Normal,309,Q_40850000,61.6168,-29.42378907944509
Normal,309,Q_40930000,5.0915,-25.285106127075387
Normal,310,P_1944059,0.0,0.0
Normal,310,P_1944063,0.0,-13.116179272780737
Normal,310,P_1945002,0.0,-10.118399484444607
Normal,310,P_1945008,0.0,-12.76941942487058
Normal,310,P_1946000,0.0,0.0
Normal,310,P_2044008,0.0,-7.273777014774708
Normal,310,P_2044016,0.0,0.0
Normal,310,P_2044024,0.0,0.0
Normal,310,P_2044042,0.0,0.0
Normal,310,P_2045002,0.0,0.0
Normal,310,P_2046013,0.0,0.0
Normal,310,Q_40032000,13.7968,0.0
Normal,310,Q_40050000,80.0655,0.0
Normal,310,Q_40060001,8.422,-12.475442092345814
Normal,310,Q_40100000,132.531,-62.4665424297543
Normal,310,Q_40185000,9.3129,0.0
Normal,310,Q_40330000,33.9799,-61.67530236116062
Normal,310,Q_40800001,27.441,-5.880013016397896
Normal,310,Q_40850000,36.7667,-55.913890568259866
Normal,310,Q_40930000,11.2229,-12.796863283231858
Normal,311,P_1944059,0.0,0.0
Normal,311,P_1944063,0.0,-11.614623160425891
Normal,311,P_1945002,0.0,-9.24717740983707
Normal,311,P_1945008,0.0,-12.086131485936491
Normal,311,P_1946000,0.0,0.0
Normal,311,P_2044008,0.0,-6.693069446564039
Normal,311,P_2044016,0.0,0.0
Normal,311,P_2044024,0.0,0.0
Normal,311,P_2044042,0.0,0.0
Normal,311,P_2045002,0.0,0.0
Normal,311,P_2046013,0.0,0.0
Normal,311,Q_40032000,9.815,-7.0494761636121845
Normal,311,Q_40050000,32.9926,0.0
Normal,311,Q_40060001,6.5369,-19.130111645640742
Normal,311,Q_40100000,99.3198,-105.37888803273383
Normal,311,Q_40185000,8.5132,0.0
Normal,311,Q_40330000,35.5075,-59.49443289995538
Normal,311,Q_40800001,35.1065,0.0
Normal,311,Q_40850000,45.7634,-45.671863766398964
Normal,311,Q_40930000,3.9737,-27.408995366603826
Normal,312,P_1944059,0.0,0.0
Normal,312,P_1944063,0.0,-11.566508928577084
Normal,312,P_1945002,0.0,-8.867295664910433
Normal,312,P_1945008,0.0,-12.040041922132772
Normal,312,P_1946000,0.0,0.0
Normal,312,P_2044008,0.0,-7.113241635926652
Normal,312,P_2044016,0.0,0.0
Normal,312,P_2044024,0.0,0.0
Normal,312,P_2044042,0.0,0.0
Normal,312,P_2045002,0.0,0.0
Normal,312,P_2046013,0.0,0.0
Normal,312,Q_40032000,8.6413,-7.867806204069041
Normal,312,Q_40050000,28.3947,0.0
Normal,312,Q_40060001,5.5177,-22.87999259158551
Normal,312,Q_40100000,83.2504,-125.60921025978773
Normal,312,Q_40185000,6.9856,0.0
Normal,312,Q_40330000,35.5075,-58.84346230112369
Normal,312,Q_40800001,29.2371,0.0
Normal,312,Q_40850000,41.4926,-50.19850761740026
Normal,312,Q_40930000,2.88,-29.542471173093716
Normal,313,P_1944059,0.0,0.0
Normal,313,P_1944063,0.0,-12.26533950428841
Normal,313,P_1945002,0.0,-9.420821920439964
Normal,313,P_1945008,0.0,-12.409250860389589
Normal,313,P_1946000,0.0,0.0
Normal,313,P_2044008,0.0,-6.541640695229514
Normal,313,P_2044016,0.0,0.0
Normal,313,P_2044024,0.0,0.0
Normal,313,P_2044042,0.0,0.0
Normal,313,P_2045002,0.0,0.0
Normal,313,P_2046013,0.0,0.0
Normal,313,Q_40032000,10.2156,-6.875391659826789
Normal,313,Q_40050000,35.0031,0.0
Normal,313,Q_40060001,6.921,-17.507764097530156
Normal,313,Q_40100000,107.687,-94.3911732030801
Normal,313,Q_40185000,9.3129,0.0
Normal,313,Q_40330000,37.5815,-56.441315145986366
Normal,313,Q_40800001,39.4092,0.0
Normal,313,Q_40850000,48.8886,-42.833993394122054
Normal,313,Q_40930000,4.1869,-26.46742765169838
Normal,314,P_1944059,19.2,12.324692649661472
Normal,314,P_1944063,13.9,19.170023866503143
Normal,314,P_1945002,24.3,22.25193641278838
Normal,314,P_1945008,40.0,54.2455313613086
Normal,314,P_1946000,0.0,0.0
Normal,314,P_2044008,12.5,0.0
Normal,314,P_2044016,32.5,15.242945524273507
Normal,314,P_2044024,61.0,57.796392970938996
Normal,314,P_2044042,13.5,0.0
Normal,314,P_2045002,8.3,0.0
Normal,314,P_2046013,0.0,0.0
Normal,314,Q_40032000,16.7026,0.0
Normal,314,Q_40050000,72.5439,0.0
Normal,314,Q_40060001,6.0668,-26.453271259137658
Normal,314,Q_40100000,111.951,-95.3888601837377
Normal,314,Q_40185000,8.9101,0.0
Normal,314,Q_40330000,47.4254,-47.240297394005374
Normal,314,Q_40800001,67.6398,0.0
Normal,314,Q_40850000,61.0054,-32.99095317005185
Normal,314,Q_40930000,17.6658,0.0
Normal,315,P_1944059,13.6,14.81026869983605
Normal,315,P_1944063,19.7,84.09714044860144
Normal,315,P_1945002,0.0,0.0
Normal,315,P_1945008,0.0,-13.828189632981434
Normal,315,P_1946000,5.1,0.0
Normal,315,P_2044008,10.7,4.216399831651196
Normal,315,P_2044016,0.0,0.0
Normal,315,P_2044024,0.2,0.0
Normal,315,P_2044042,6.1,0.0
Normal,315,P_2045002,1.4,0.0
Normal,315,P_2046013,1.2,0.0
Normal,315,Q_40032000,25.0402,5.935509341497769
Normal,315,Q_40050000,77.2066,0.0
Normal,315,Q_40060001,15.5355,21.13415624650347
Normal,315,Q_40100000,228.278,71.0371356139232
Normal,315,Q_40185000,26.7943,0.0
Normal,315,Q_40330000,97.2953,23.30579659740367
Normal,315,Q_40800001,156.183,12.38848503396638
Normal,315,Q_40850000,172.798,90.5431707758741
Normal,315,Q_40930000,15.7689,0.0
Normal,316,P_1944059,0.0,0.0
Normal,316,P_1944063,0.0,-8.713138790292842
Normal,316,P_1945002,9.9,0.0
Normal,316,P_1945008,0.0,-10.213959364993281
Normal,316,P_1946000,0.0,0.0
Normal,316,P_2044008,0.0,-5.014014372324084
Normal,316,P_2044016,0.0,0.0
Normal,316,P_2044024,0.0,0.0
Normal,316,P_2044042,0.0,0.0
Normal,316,P_2045002,0.0,0.0
Normal,316,P_2046013,0.0,0.0
Normal,316,Q_40032000,10.6207,-5.566891424351121
Normal,316,Q_40050000,48.5199,0.0
Normal,316,Q_40060001,5.2495,-23.722902478133577
Normal,316,Q_40100000,65.6775,-149.82521119009286
Normal,316,Q_40185000,6.2595,0.0
Normal,316,Q_40330000,11.688,-90.2617640298123
Normal,316,Q_40800001,18.5374,-5.973811892431448
Normal,316,Q_40850000,24.6941,-67.35313533739233
Normal,316,Q_40930000,6.676,-20.12408875227918
Normal,317,P_1944059,0.0,0.0
Normal,317,P_1944063,0.6,-11.091357338927333
Normal,317,P_1945002,0.0,-12.012702891737696
Normal,317,P_1945008,0.0,-13.452163502787867
Normal,317,P_1946000,6.2,0.0
Normal,317,P_2044008,0.0,-6.358015897262762
Normal,317,P_2044016,0.0,-4.292383543077676
Normal,317,P_2044024,0.0,0.0
Normal,317,P_2044042,0.0,0.0
Normal,317,P_2045002,0.0,0.0
Normal,317,P_2046013,0.0,0.0
Normal,317,Q_40032000,12.0209,-6.163421572750845
Normal,317,Q_40050000,79.6744,0.0
Normal,317,Q_40060001,13.3303,0.0
Normal,317,Q_40100000,242.652,85.25124562642345
Normal,317,Q_40185000,15.0211,0.0
Normal,317,Q_40330000,55.6351,-32.404599691006815
Normal,317,Q_40800001,53.3963,0.0
Normal,317,Q_40850000,71.7541,-18.744207200554026
Normal,317,Q_40930000,10.5782,-13.234488805480039
Normal,318,P_1944059,5.2,0.0
Normal,318,P_1944063,7.0,22.73303913862326
Normal,318,P_1945002,0.0,-6.685368412564726
Normal,318,P_1945008,5.2,0.0
Normal,318,P_1946000,0.0,0.0
Normal,318,P_2044008,0.0,-3.9412127067606364
Normal,318,P_2044016,0.5,-1.3072392758525666
Normal,318,P_2044024,5.5,0.0
Normal,318,P_2044042,0.3,0.0
Normal,318,P_2045002,0.0,0.0
Normal,318,P_2046013,0.0,0.0
Normal,318,Q_40032000,14.4597,-2.2997891844631755
Normal,318,Q_40050000,54.8098,0.0
Normal,318,Q_40060001,9.4737,-5.17110949709229
Normal,318,Q_40100000,162.172,-17.619067770423783
Normal,318,Q_40185000,12.2885,0.0
Normal,318,Q_40330000,56.2394,-29.371132668617175
Normal,318,Q_40800001,59.2721,0.0
Normal,318,Q_40850000,70.4506,-16.662750146693394
Normal,318,Q_40930000,6.2714,-20.19165496714523
Normal,319,P_1944059,0.0,0.0
Normal,319,P_1944063,0.0,-12.602320268987617
Normal,319,P_1945002,0.0,-9.907475458879944
Normal,319,P_1945008,0.0,-12.068916204842523
Normal,319,P_1946000,0.0,0.0
Normal,319,P_2044008,0.0,-7.0546640489843755
Normal,319,P_2044016,0.0,0.0
Normal,319,P_2044024,0.0,0.0
Normal,319,P_2044042,0.0,0.0
Normal,319,P_2045002,0.0,0.0
Normal,319,P_2046013,0.0,-5.0489522130480395
Normal,319,Q_40032000,15.8119,0.0
Normal,319,Q_40050000,77.6573,0.0
Normal,319,Q_40060001,6.8243,-18.511557896110837
Normal,319,Q_40100000,128.028,-68.20675998958406
Normal,319,Q_40185000,9.7214,0.0
Normal,319,Q_40330000,40.7711,-52.75717136811039
Normal,319,Q_40800001,40.6468,0.0
Normal,319,Q_40850000,59.1871,-31.929559101867845
Normal,319,Q_40930000,6.676,-22.213546391745947
Normal,320,P_1944059,0.0,0.0
Normal,320,P_1944063,0.0,-11.825972500818485
Normal,320,P_1945002,0.0,-10.0545547812167
Normal,320,P_1945008,0.0,-11.750223061074363
Normal,320,P_1946000,0.0,0.0
Normal,320,P_2044008,0.0,-6.918361700107516
Normal,320,P_2044016,0.0,0.0
Normal,320,P_2044024,0.0,0.0
Normal,320,P_2044042,0.0,0.0
Normal,320,P_2045002,0.0,0.0
Normal,320,P_2046013,0.0,0.0
Normal,320,Q_40032000,10.6207,-6.536011263134924
Normal,320,Q_40050000,37.6995,0.0
Normal,320,Q_40060001,7.312,-16.982587450897302
Normal,320,Q_40100000,114.822,-85.12161519938554
Normal,320,Q_40185000,9.3129,0.0
Normal,320,Q_40330000,40.2331,-52.829281380635045
Normal,320,Q_40800001,38.5417,0.0
Normal,320,Q_40850000,51.4322,-40.040163684103135
Normal,320,Q_40930000,4.54,-26.17788190125732
Normal,321,P_1944059,0.0,0.0
Normal,321,P_1944063,0.0,-12.294452603640298
Normal,321,P_1945002,0.0,-10.734479895712532
Normal,321,P_1945008,0.0,-12.111078377026871
Normal,321,P_1946000,0.0,0.0
Normal,321,P_2044008,0.0,-7.165164688708939
Normal,321,P_2044016,0.0,0.0
Normal,321,P_2044024,0.0,0.0
Normal,321,P_2044042,0.0,0.0
Normal,321,P_2045002,0.0,0.0
Normal,321,P_2046013,0.0,0.0
Normal,321,Q_40032000,12.2852,-6.563300673837716
Normal,321,Q_40050000,69.4688,0.0
Normal,321,Q_40060001,7.312,-16.962590268205336
Normal,321,Q_40100000,113.384,-87.44074273797683
Normal,321,Q_40185000,8.1222,0.0
Normal,321,Q_40330000,32.4766,-63.301510711680955
Normal,321,Q_40800001,24.0574,0.0
Normal,321,Q_40850000,31.1041,-61.514104831205835
Normal,321,Q_40930000,7.349,-20.8659944920569
Normal,322,P_1944059,0.0,0.0
Normal,322,P_1944063,14.3,57.78910523416843
Normal,322,P_1945002,0.0,-8.924317984855827
Normal,322,P_1945008,0.0,-11.275150101781309
Normal,322,P_1946000,0.0,7.056124625725396
Normal,322,P_2044008,0.0,-6.032901247616113
Normal,322,P_2044016,0.0,0.0
Normal,322,P_2044024,0.0,0.0
Normal,322,P_2044042,0.0,0.0
Normal,322,P_2045002,0.0,0.0
Normal,322,P_2046013,2.0,0.0
Normal,322,Q_40032000,20.8035,0.0
Normal,322,Q_40050000,116.281,0.0
Normal,322,Q_40060001,9.7968,-5.821647708751754
Normal,322,Q_40100000,235.885,84.39221029650032
Normal,322,Q_40185000,12.735,0.0
Normal,322,Q_40330000,40.7711,-53.12528224378324
Normal,322,Q_40800001,37.3023,0.0
Normal,322,Q_40850000,59.1871,-31.725909117661946
Normal,322,Q_40930000,20.4483,8.951195891831906
Normal,323,P_1944059,12.7,10.358712546533978
Normal,323,P_1944063,0.0,-14.586012274333484
Normal,323,P_1945002,0.0,0.0
Normal,323,P_1945008,23.9,62.76195511948577
Normal,323,P_1946000,6.2,0.0
Normal,323,P_2044008,23.4,23.37560445150198
Normal,323,P_2044016,3.5,0.0
Normal,323,P_2044024,20.0,0.0
Normal,323,P_2044042,4.1,0.0
Normal,323,P_2045002,0.0,0.0
Normal,323,P_2046013,0.0,0.0
Normal,323,Q_40032000,26.0266,4.8002741889494365
Normal,323,Q_40050000,90.686,0.0
Normal,323,Q_40060001,10.7866,0.0
Normal,323,Q_40100000,322.398,193.98787535521612
Normal,323,Q_40185000,32.2758,0.0
Normal,323,Q_40330000,116.833,46.37568817946176
Normal,323,Q_40800001,215.984,13.264374313512393
Normal,323,Q_40850000,125.366,34.08695915217791
Normal,323,Q_40930000,41.4673,54.37160745111376
Normal,324,P_1944059,0.0,-3.260671121770393
Normal,324,P_1944063,0.0,-14.293096083393207
Normal,324,P_1945002,0.0,-11.41504259757038
Normal,324,P_1945008,0.0,-12.585083219053333
Normal,324,P_1946000,0.0,0.0
Normal,324,P_2044008,0.0,-6.739052393320987
Normal,324,P_2044016,0.7,0.0
Normal,324,P_2044024,0.0,0.0
Normal,324,P_2044042,0.0,0.0
Normal,324,P_2045002,0.0,0.0
Normal,324,P_2046013,0.0,-4.773063930591912
Normal,324,Q_40032000,41.4269,28.150475065234605
Normal,324,Q_40050000,161.077,0.0
Normal,324,Q_40060001,9.4737,-6.969181238851311
Normal,324,Q_40100000,186.881,11.818952322461264
Normal,324,Q_40185000,16.4869,0.0
Normal,324,Q_40330000,78.818,0.0
Normal,324,Q_40800001,76.7171,0.0
Normal,324,Q_40850000,163.348,76.2843104695378
Normal,324,Q_40930000,15.0433,0.0
Normal,325,P_1944059,0.0,0.0
Normal,325,P_1944063,0.0,-12.80020307821817
Normal,325,P_1945002,0.0,-10.501397678713815
Normal,325,P_1945008,0.0,-12.374966918287436
Normal,325,P_1946000,0.0,0.0
Normal,325,P_2044008,0.0,-6.328576658449948
Normal,325,P_2044016,0.0,0.0
Normal,325,P_2044024,0.0,0.0
Normal,325,P_2044042,0.0,0.0
Normal,325,P_2045002,0.0,0.0
Normal,325,P_2046013,0.0,-4.3827441293339335
Normal,325,Q_40032000,10.6102,-6.906285432009318
Normal,325,Q_40050000,67.6928,0.0
Normal,325,Q_40060001,10.4533,-4.490063688451045
Normal,325,Q_40100000,180.187,0.0
Normal,325,Q_40185000,10.2333,0.0
Normal,325,Q_40330000,36.5392,-57.06342923178932
Normal,325,Q_40800001,51.5942,0.0
Normal,325,Q_40850000,67.2371,-22.73209566250766
Normal,325,Q_40930000,7.648,-19.128081851119674
Normal,326,P_1944059,0.0,0.0
Normal,326,P_1944063,0.0,-12.033920120725913
Normal,326,P_1945002,0.0,-9.9720116381595
Normal,326,P_1945008,0.0,-12.265306942523429
Normal,326,P_1946000,0.0,0.0
Normal,326,P_2044008,0.0,-7.236014299689598
Normal,326,P_2044016,0.0,0.0
Normal,326,P_2044024,0.0,0.0
Normal,326,P_2044042,0.0,0.0
Normal,326,P_2045002,0.0,0.0
Normal,326,P_2046013,0.0,0.0
Normal,326,Q_40032000,11.0303,-6.94891461881997
Normal,326,Q_40050000,37.9108,0.0
Normal,326,Q_40060001,7.5101,-15.233472686015316
Normal,326,Q_40100000,116.267,-83.23019857593677
Normal,326,Q_40185000,9.7214,0.0
Normal,326,Q_40330000,39.6976,-53.35402659832786
Normal,326,Q_40800001,40.28,0.0
Normal,326,Q_40850000,53.3647,-38.12397267633378
Normal,326,Q_40930000,4.54,-25.76308539598099
Normal,327,P_1944059,0.0,0.0
Normal,327,P_1944063,0.4,-4.962337336128051
Normal,327,P_1945002,9.8,0.0
Normal,327,P_1945008,0.0,-8.859029795660055
Normal,327,P_1946000,0.0,0.0
Normal,327,P_2044008,0.0,0.0
Normal,327,P_2044016,13.0,0.0
Normal,327,P_2044024,0.0,0.0
Normal,327,P_2044042,2.0,0.0
Normal,327,P_2045002,38.2,54.04918300210571
Normal,327,P_2046013,42.9,38.773455601792115
Normal,327,Q_40032000,14.2378,-3.207372845436481
Normal,327,Q_40050000,38.335,0.0
Normal,327,Q_40060001,5.8819,-21.387230403815032
Normal,327,Q_40100000,110.523,-91.05342088427506
Normal,327,Q_40185000,14.5717,0.0
Normal,327,Q_40330000,49.7228,-40.76941531240902
Normal,327,Q_40800001,47.3624,0.0
Normal,327,Q_40850000,65.3401,-24.55577372617796
Normal,327,Q_40930000,5.8669,-22.486604533173406
Normal,328,P_1944059,3.0,0.0
Normal,328,P_1944063,13.5,24.187592874851155
Normal,328,P_1945002,0.0,0.0
Normal,328,P_1945008,52.5,100.50652417847026
Normal,328,P_1946000,15.0,-13.554629873617756
Normal,328,P_2044008,3.7,0.0
Normal,328,P_2044016,6.3,0.0
Normal,328,P_2044024,14.5,0.0
Normal,328,P_2044042,18.8,0.0
Normal,328,P_2045002,24.4,13.72933174842313
Normal,328,P_2046013,28.2,11.483991331567566
Normal,328,Q_40032000,42.0292,0.0
Normal,328,Q_40050000,130.255,0.0
Normal,328,Q_40060001,11.1233,0.0
Normal,328,Q_40100000,163.784,-22.433288328271292
Normal,328,Q_40185000,18.4774,0.0
Normal,328,Q_40330000,63.6714,-24.100363149375042
Normal,328,Q_40800001,105.432,10.280715653501506
Normal,328,Q_40850000,142.493,59.512480339943096
Normal,328,Q_40930000,8.4572,-20.157418342654246
Normal,329,P_1944059,0.0,0.0
Normal,329,P_1944063,0.0,-9.073814608306323
Normal,329,P_1945002,0.0,-4.779590596956689
Normal,329,P_1945008,34.0,67.35100315526769
Normal,329,P_1946000,0.0,0.0
Normal,329,P_2044008,0.0,-4.949478037490267
Normal,329,P_2044016,0.0,0.0
Normal,329,P_2044024,0.0,0.0
Normal,329,P_2044042,0.0,0.0
Normal,329,P_2045002,0.0,0.0
Normal,329,P_2046013,0.0,0.0
Normal,329,Q_40032000,11.8614,-4.408116201541475
Normal,329,Q_40050000,32.1416,0.0
Normal,329,Q_40060001,3.1903,-33.66341072802818
Normal,329,Q_40100000,66.9,-150.7856268827806
Normal,329,Q_40185000,5.5598,0.0
Normal,329,Q_40330000,26.2508,-72.63855451890369
Normal,329,Q_40800001,26.7654,-6.109157652799837
Normal,329,Q_40850000,43.3078,-49.50746727589569
Normal,329,Q_40930000,21.6609,0.0
Normal,330,P_1944059,0.0,0.0
Normal,330,P_1944063,0.0,-16.75743221710262
Normal,330,P_1945002,6.7,10.048298414745938
Normal,330,P_1945008,0.0,-14.843212338519645
Normal,330,P_1946000,7.1,0.0
Normal,330,P_2044008,3.2,0.0
Normal,330,P_2044016,0.0,-5.378923559477272
Normal,330,P_2044024,0.0,0.0
Normal,330,P_2044042,0.0,0.0
Normal,330,P_2045002,0.0,0.0
Normal,330,P_2046013,0.0,-6.376024365698991
Normal,330,Q_40032000,15.4548,0.0
Normal,330,Q_40050000,86.2874,0.0
Normal,330,Q_40060001,18.5054,27.689263980917012
Normal,330,Q_40100000,300.84,164.90800266689342
Normal,330,Q_40185000,27.4561,0.0
Normal,330,Q_40330000,100.415,26.46912811719916
Normal,330,Q_40800001,68.5934,0.0
Normal,330,Q_40850000,94.732,4.007745916852823
Normal,330,Q_40930000,19.4034,5.366068332653556
Normal,331,P_1944059,0.0,0.0
Normal,331,P_1944063,0.0,-14.11687945755849
Normal,331,P_1945002,0.0,-11.810008031234757
Normal,331,P_1945008,0.0,-12.884730847589
Normal,331,P_1946000,0.0,0.0
Normal,331,P_2044008,0.0,-6.291840099039678
Normal,331,P_2044016,0.0,0.0
Normal,331,P_2044024,0.0,0.0
Normal,331,P_2044042,0.0,0.0
Normal,331,P_2045002,0.0,0.0
Normal,331,P_2046013,0.0,-5.375578500863597
Normal,331,Q_40032000,15.8581,0.0
Normal,331,Q_40050000,65.0164,0.0
Normal,331,Q_40060001,8.5254,-11.804177713808006
Normal,331,Q_40100000,274.082,127.91814395024555
Normal,331,Q_40185000,14.0026,0.0
Normal,331,Q_40330000,50.8861,-38.62370121715811
Normal,331,Q_40800001,60.8239,0.0
Normal,331,Q_40850000,82.5512,-7.140207436063352
Normal,331,Q_40930000,15.0575,-3.6849440773734097
Normal,332,P_1944059,0.0,0.0
Normal,332,P_1944063,0.0,-11.648871191661552
Normal,332,P_1945002,0.0,-9.339470795568307
Normal,332,P_1945008,0.0,-12.206198852356856
Normal,332,P_1946000,0.0,0.0
Normal,332,P_2044008,0.0,-7.396368469615368
Normal,332,P_2044016,0.0,0.0
Normal,332,P_2044024,0.0,0.0
Normal,332,P_2044042,0.0,0.0
Normal,332,P_2045002,0.0,0.0
Normal,332,P_2046013,0.0,0.0
Normal,332,Q_40032000,10.2156,-6.846421518291295
Normal,332,Q_40050000,34.7996,0.0
Normal,332,Q_40060001,6.8243,-17.792891262138774
Normal,332,Q_40100000,107.687,-94.51651991408725
Normal,332,Q_40185000,9.3129,0.0
Normal,332,Q_40330000,38.1066,-55.94442989203412
Normal,332,Q_40800001,37.6777,0.0
Normal,332,Q_40850000,48.2587,-43.366772030726956
Normal,332,Q_40930000,4.1869,-26.638425793024805
Normal,333,P_1944059,31.8,22.911997008064077
Normal,333,P_1944063,96.0,250.729435200397
Normal,333,P_1945002,0.0,0.0
Normal,333,P_1945008,28.0,51.45057667149764
Normal,333,P_1946000,1.2,0.0
Normal,333,P_2044008,27.8,29.026912727021088
Normal,333,P_2044016,19.5,9.255428509739659
Normal,333,P_2044024,22.4,0.0
Normal,333,P_2044042,1.3,0.0
Normal,333,P_2045002,5.0,0.0
Normal,333,P_2046013,71.0,29.02212741503442
Normal,333,Q_40032000,32.4208,0.0
Normal,333,Q_40050000,217.567,16.789404544063448
Normal,333,Q_40060001,21.6364,62.94245530940479
Normal,333,Q_40100000,521.913,501.7784514664391
Normal,333,Q_40185000,26.5645,0.0
Normal,333,Q_40330000,74.0858,0.0
Normal,333,Q_40800001,68.6053,0.0
Normal,333,Q_40850000,82.5512,0.0
Normal,333,Q_40930000,29.2588,29.858999631958298
Normal,334,P_1944059,0.0,0.0
Normal,334,P_1944063,0.0,-13.504777030314456
Normal,334,P_1945002,0.0,-11.317655429369161
Normal,334,P_1945008,0.0,-13.192978705282169
Normal,334,P_1946000,0.0,0.0
Normal,334,P_2044008,0.0,-6.210435816886922
Normal,334,P_2044016,0.0,0.0
Normal,334,P_2044024,0.0,0.0
Normal,334,P_2044042,0.0,0.0
Normal,334,P_2045002,0.0,0.0
Normal,334,P_2046013,0.0,-5.397624151929492
Normal,334,Q_40032000,16.2702,-3.729129850918037
Normal,334,Q_40050000,64.4733,0.0
Normal,334,Q_40060001,10.4533,0.0
Normal,334,Q_40100000,198.788,26.71952788003452
Normal,334,Q_40185000,14.5717,0.0
Normal,334,Q_40330000,53.8364,-34.90453499852307
Normal,334,Q_40800001,61.1447,0.0
Normal,334,Q_40850000,80.4771,-9.554056444864344
Normal,334,Q_40930000,7.5507,-20.17568905817096
Normal,335,P_1944059,0.0,0.0
Normal,335,P_1944063,0.0,-12.730988118988886
Normal,335,P_1945002,0.0,-10.483331346506207
Normal,335,P_1945008,0.0,-12.52238239484385
Normal,335,P_1946000,0.0,0.0
Normal,335,P_2044008,0.0,-6.543752526348839
Normal,335,P_2044016,0.0,0.0
Normal,335,P_2044024,0.0,0.0
Normal,335,P_2044042,0.0,0.0
Normal,335,P_2045002,0.0,0.0
Normal,335,P_2046013,0.0,-5.456075001665255
Normal,335,Q_40032000,14.4597,0.0
Normal,335,Q_40050000,56.327,0.0
Normal,335,Q_40060001,9.4737,-8.336025225842539
Normal,335,Q_40100000,167.024,-15.556723731731585
Normal,335,Q_40185000,9.7214,0.0
Normal,335,Q_40330000,50.3033,-39.46896133258012
Normal,335,Q_40800001,58.3397,0.0
Normal,335,Q_40850000,83.2476,-6.615936003720522
Normal,335,Q_40930000,6.687,-22.207230658371298
Normal,336,P_1944059,0.0,0.0
Normal,336,P_1944063,0.0,-13.327079289010515
Normal,336,P_1945002,0.0,-11.36622133805454
Normal,336,P_1945008,0.0,-12.928762506139654
Normal,336,P_1946000,0.0,0.0
Normal,336,P_2044008,0.0,-6.169646541909582
Normal,336,P_2044016,0.0,-4.220762621163473
Normal,336,P_2044024,0.0,0.0
Normal,336,P_2044042,0.0,0.0
Normal,336,P_2045002,0.0,0.0
Normal,336,P_2046013,0.0,-5.425710563094133
Normal,336,Q_40032000,16.2702,0.0
Normal,336,Q_40050000,67.4869,0.0
Normal,336,Q_40060001,10.7866,0.0
Normal,336,Q_40100000,212.681,45.07527158133645
Normal,336,Q_40185000,19.4999,0.0
Normal,336,Q_40330000,55.6351,-32.91178983079936
Normal,336,Q_40800001,63.9725,0.0
Normal,336,Q_40850000,84.6481,-5.53115164548412
Normal,336,Q_40930000,7.7733,-19.38719054917081
Normal,337,P_1944059,3.8,0.0
Normal,337,P_1944063,0.0,0.0
Normal,337,P_1945002,3.3,0.0
Normal,337,P_1945008,0.0,0.0
Normal,337,P_1946000,0.0,6.299763031013015
Normal,337,P_2044008,13.3,0.0
Normal,337,P_2044016,24.4,19.816590332006562
Normal,337,P_2044024,42.0,27.69002505750455
Normal,337,P_2044042,29.7,0.0
Normal,337,P_2045002,3.9,0.0
Normal,337,P_2046013,5.9,0.0
Normal,337,Q_40032000,73.5679,50.269133789956534
Normal,337,Q_40050000,202.273,12.74559630073514
Normal,337,Q_40060001,20.2559,46.183301436836125
Normal,337,Q_40100000,252.391,89.17651478675292
Normal,337,Q_40185000,25.9963,0.0
Normal,337,Q_40330000,59.914,-29.172436952522002
Normal,337,Q_40800001,60.48,0.0
Normal,337,Q_40850000,59.1871,-35.20224659803434
Normal,337,Q_40930000,21.6609,8.533399838433647
Normal,338,P_1944059,0.0,0.0
Normal,338,P_1944063,0.0,-12.491774364840982
Normal,338,P_1945002,0.0,-10.669267851252958
Normal,338,P_1945008,0.0,-13.009882753576951
Normal,338,P_1946000,0.0,0.0
Normal,338,P_2044008,0.0,-7.746256825325308
Normal,338,P_2044016,0.0,0.0
Normal,338,P_2044024,0.0,0.0
Normal,338,P_2044042,0.0,0.0
Normal,338,P_2045002,0.0,0.0
Normal,338,P_2046013,0.0,0.0
Normal,338,Q_40032000,14.6283,-5.63809615527731
Normal,338,Q_40050000,79.662,0.0
Normal,338,Q_40060001,7.2136,-16.800262028928795
Normal,338,Q_40100000,128.028,-68.21003413493025
Normal,338,Q_40185000,10.1356,0.0
Normal,338,Q_40330000,38.6343,-55.845993416155935
Normal,338,Q_40800001,30.5224,0.0
Normal,338,Q_40850000,48.2587,-42.99142733945913
Normal,338,Q_40930000,9.4285,-16.174356295070265
Normal,339,P_1944059,8.0,0.0
Normal,339,P_1944063,23.2,69.61613369905305
Normal,339,P_1945002,0.0,0.0
Normal,339,P_1945008,77.9,185.0444800024287
Normal,339,P_1946000,18.4,-22.889979700894628
Normal,339,P_2044008,0.0,0.0
Normal,339,P_2044016,6.7,0.0
Normal,339,P_2044024,4.5,0.0
Normal,339,P_2044042,10.9,0.0
Normal,339,P_2045002,3.0,0.0
Normal,339,P_2046013,7.9,0.0
Normal,339,Q_40032000,62.5348,44.01725738151865
Normal,339,Q_40050000,256.923,13.069171723388418
Normal,339,Q_40060001,28.3228,98.27591107304644
Normal,339,Q_40100000,239.522,80.88058674231434
Normal,339,Q_40185000,91.3746,0.0
Normal,339,Q_40330000,136.848,73.71081703568305
Normal,339,Q_40800001,177.439,16.300928126737045
Normal,339,Q_40850000,201.486,117.36511618940698
Normal,339,Q_40930000,14.1721,0.0
Normal,340,P_1944059,0.0,0.0
Normal,340,P_1944063,0.0,-13.293476202308739
Normal,340,P_1945002,0.0,0.0
Normal,340,P_1945008,51.8,143.3568516113839
Normal,340,P_1946000,0.0,6.773121277595783
Normal,340,P_2044008,0.0,0.0
Normal,340,P_2044016,7.2,0.0
Normal,340,P_2044024,0.0,0.0
Normal,340,P_2044042,24.9,-15.735950346480603
Normal,340,P_2045002,0.0,0.0
Normal,340,P_2046013,1.2,0.0
Normal,340,Q_40032000,50.7142,37.028575621264125
Normal,340,Q_40050000,237.741,10.172359331416173
Normal,340,Q_40060001,19.4417,45.73600274604629
Normal,340,Q_40100000,418.097,335.59959963082184
Normal,340,Q_40185000,28.2927,0.0
Normal,340,Q_40330000,79.5026,0.0
Normal,340,Q_40800001,73.6245,0.0
Normal,340,Q_40850000,109.979,20.778189396706654
Normal,340,Q_40930000,58.7321,99.05388455779922
Normal,341,P_1944059,0.0,-3.1365271775389374
Normal,341,P_1944063,0.0,-9.871948516287842
Normal,341,P_1945002,12.9,24.476325208654842
Normal,341,P_1945008,0.0,-9.791644911273178
Normal,341,P_1946000,0.0,0.0
Normal,341,P_2044008,0.0,-5.286263623943567
Normal,341,P_2044016,0.0,0.0
Normal,341,P_2044024,0.0,0.0
Normal,341,P_2044042,0.0,0.0
Normal,341,P_2045002,0.0,0.0
Normal,341,P_2046013,0.0,0.0
Normal,341,Q_40032000,7.8831,-5.917071647122725
Normal,341,Q_40050000,25.887,0.0
Normal,341,Q_40060001,6.0668,-20.263814207510016
Normal,341,Q_40100000,87.1825,-120.65902201374513
Normal,341,Q_40185000,7.3583,0.0
Normal,341,Q_40330000,26.2508,-71.53208741174906
Normal,341,Q_40800001,66.8225,0.0
Normal,341,Q_40850000,88.1932,0.0
Normal,341,Q_40930000,10.395,-12.712331776411618
Normal,342,P_1944059,6.2,0.0
Normal,342,P_1944063,13.0,18.044695983074888
Normal,342,P_1945002,10.1,0.0
Normal,342,P_1945008,0.0,-8.336163699354596
Normal,342,P_1946000,2.6,0.0
Normal,342,P_2044008,5.2,0.0
Normal,342,P_2044016,57.7,74.87622748388446
Normal,342,P_2044024,10.0,0.0
Normal,342,P_2044042,21.7,-8.056122256530857
Normal,342,P_2045002,25.5,19.074019317804876
Normal,342,P_2046013,2.7,0.0
Normal,342,Q_40032000,9.0278,0.0
Normal,342,Q_40050000,65.3304,0.0
Normal,342,Q_40060001,5.4278,-26.749195885797402
Normal,342,Q_40100000,50.939,-169.72894868824164
Normal,342,Q_40185000,16.9776,0.0
Normal,342,Q_40330000,50.3033,-40.51510906955829
Normal,342,Q_40800001,97.8444,0.0
Normal,342,Q_40850000,76.3974,-15.386120093439942
Normal,342,Q_40930000,6.676,-21.98392283087806
Normal,343,P_1944059,0.0,0.0
Normal,343,P_1944063,0.0,-11.756483010926324
Normal,343,P_1945002,22.3,58.238148934665745
Normal,343,P_1945008,0.0,-11.471571098516861
Normal,343,P_1946000,0.0,7.156072226013201
Normal,343,P_2044008,0.0,-7.194348931396149
Normal,343,P_2044016,0.0,0.0
Normal,343,P_2044024,0.0,0.0
Normal,343,P_2044042,0.0,0.0
Normal,343,P_2045002,3.7,0.0
Normal,343,P_2046013,0.0,0.0
Normal,343,Q_40032000,17.4321,0.0
Normal,343,Q_40050000,117.109,0.0
Normal,343,Q_40060001,9.2602,-8.25299234064853
Normal,343,Q_40100000,261.715,122.31783612791472
Normal,343,Q_40185000,12.735,0.0
Normal,343,Q_40330000,41.3118,-53.24498232636019
Normal,343,Q_40800001,43.2513,0.0
Normal,343,Q_40850000,47.6312,-45.09185863362613
Normal,343,Q_40930000,21.2554,10.83775708728142
Normal,344,P_1944059,4.0,0.0
Normal,344,P_1944063,16.4,32.69300163624981
Normal,344,P_1945002,0.0,-5.0461959376926595
Normal,344,P_1945008,0.0,-10.749986295476125
Normal,344,P_1946000,48.0,-29.881851584184574
Normal,344,P_2044008,0.0,-5.905984289149202
Normal,344,P_2044016,3.0,0.0
Normal,344,P_2044024,2.0,0.0
Normal,344,P_2044042,4.6,0.0
Normal,344,P_2045002,35.0,25.094873935353572
Normal,344,P_2046013,10.0,0.0
Normal,344,Q_40032000,21.7975,0.0
Normal,344,Q_40050000,115.868,0.0
Normal,344,Q_40060001,10.564,0.0
Normal,344,Q_40100000,173.564,-9.243676764306526
Normal,344,Q_40185000,10.5553,0.0
Normal,344,Q_40330000,45.7281,-46.50822655841293
Normal,344,Q_40800001,44.1378,0.0
Normal,344,Q_40850000,66.6021,-24.340028285010053
Normal,344,Q_40930000,45.5152,61.94503083913895
Normal,345,P_1944059,0.0,-3.752436869811369
Normal,345,P_1944063,0.0,-14.105613399840045
Normal,345,P_1945002,0.0,-11.721633777747726
Normal,345,P_1945008,0.0,-12.462432581544682
Normal,345,P_1946000,0.0,0.0
Normal,345,P_2044008,0.0,-5.8119663942915345
Normal,345,P_2044016,0.0,-3.427205039443856
Normal,345,P_2044024,0.0,0.0
Normal,345,P_2044042,0.0,0.0
Normal,345,P_2045002,0.0,0.0
Normal,345,P_2046013,0.0,-4.539353073053479
Normal,345,Q_40032000,15.8581,0.0
Normal,345,Q_40050000,73.7065,0.0
Normal,345,Q_40060001,9.0483,-8.860468294196851
Normal,345,Q_40100000,283.549,141.97227997327445
Normal,345,Q_40185000,15.5416,0.0
Normal,345,Q_40330000,56.846,-30.330618876131524
Normal,345,Q_40800001,63.698,0.0
Normal,345,Q_40850000,86.0586,0.0
Normal,345,Q_40930000,17.5705,0.0
Normal,346,P_1944059,0.0,0.0
Normal,346,P_1944063,0.0,-12.574307374930298
Normal,346,P_1945002,0.0,-10.256630810835889
Normal,346,P_1945008,0.0,-12.774254923872128
Normal,346,P_1946000,0.0,0.0
Normal,346,P_2044008,0.0,-7.252930761672445
Normal,346,P_2044016,0.0,0.0
Normal,346,P_2044024,0.0,0.0
Normal,346,P_2044042,0.0,0.0
Normal,346,P_2045002,0.0,0.0
Normal,346,P_2046013,0.0,0.0
Normal,346,Q_40032000,13.1428,-6.547070265869706
Normal,346,Q_40050000,76.8613,0.0
Normal,346,Q_40060001,7.9113,-14.87519279261631
Normal,346,Q_40100000,129.524,-66.32869938134039
Normal,346,Q_40185000,9.3129,0.0
Normal,346,Q_40330000,30.5105,-66.22680286928434
Normal,346,Q_40800001,28.858,0.0
Normal,346,Q_40850000,35.6119,-56.46156002922156
Normal,346,Q_40930000,9.7831,-15.678492043065386
Normal,347,P_1944059,0.0,0.0
Normal,347,P_1944063,0.0,-12.386824112490288
Normal,347,P_1945002,0.0,-10.636655045003721
Normal,347,P_1945008,0.0,-12.012961159937454
Normal,347,P_1946000,0.0,0.0
Normal,347,P_2044008,0.0,-6.584431042506509
Normal,347,P_2044016,0.0,0.0
Normal,347,P_2044024,0.0,0.0
Normal,347,P_2044042,0.0,0.0
Normal,347,P_2045002,0.0,0.0
Normal,347,P_2046013,0.0,0.0
Normal,347,Q_40032000,11.8626,-6.245859436297967
Normal,347,Q_40050000,43.3713,0.0
Normal,347,Q_40060001,8.2165,-13.515200757557697
Normal,347,Q_40100000,134.043,-59.437746832200475
Normal,347,Q_40185000,11.4112,0.0
Normal,347,Q_40330000,44.0531,-47.983254627356004
Normal,347,Q_40800001,44.683,0.0
Normal,347,Q_40850000,60.3967,-30.555322785334283
Normal,347,Q_40930000,5.0915,-25.339029448164734
Normal,348,P_1944059,0.0,0.0
Normal,348,P_1944063,0.0,-15.328401823890772
Normal,348,P_1945002,35.8,104.30752852924023
Normal,348,P_1945008,0.0,0.0
Normal,348,P_1946000,0.0,6.337515721822649
Normal,348,P_2044008,0.0,0.0
Normal,348,P_2044016,0.0,0.0
Normal,348,P_2044024,0.0,0.0
Normal,348,P_2044042,0.0,0.0
Normal,348,P_2045002,0.0,0.0
Normal,348,P_2046013,4.9,0.0
Normal,348,Q_40032000,51.9922,44.858540424959834
Normal,348,Q_40050000,250.083,8.100585847939783
Normal,348,Q_40060001,27.0586,84.43893913785453
Normal,348,Q_40100000,429.032,352.0259445426381
Normal,348,Q_40185000,36.1772,0.0
Normal,348,Q_40330000,87.882,10.01624947293714
Normal,348,Q_40800001,76.7171,0.0
Normal,348,Q_40850000,122.054,33.28394214287585
Normal,348,Q_40930000,105.246,209.6712335497422
Normal,349,P_1944059,50.0,39.1713976058178
Normal,349,P_1944063,29.2,68.3898614888365
Normal,349,P_1945002,3.9,0.0
Normal,349,P_1945008,24.7,42.985565202985605
Normal,349,P_1946000,0.0,0.0
Normal,349,P_2044008,11.0,0.0
Normal,349,P_2044016,10.5,0.0
Normal,349,P_2044024,28.4,0.0
Normal,349,P_2044042,7.6,0.0
Normal,349,P_2045002,70.2,37.74661009042909
Normal,349,P_2046013,30.0,20.58484873918011
Normal,349,Q_40032000,50.0785,21.38795588068549
Normal,349,Q_40050000,245.003,0.0
Normal,349,Q_40060001,24.5809,72.63170721078197
Normal,349,Q_40100000,420.277,330.86707437854994
Normal,349,Q_40185000,28.2927,0.0
Normal,349,Q_40330000,78.1355,0.0
Normal,349,Q_40800001,108.713,0.0
Normal,349,Q_40850000,105.302,16.228973280008972
Normal,349,Q_40930000,68.0558,110.44110612978183
Normal,350,P_1944059,0.0,0.0
Normal,350,P_1944063,0.0,-12.901640586264184
Normal,350,P_1945002,0.0,-11.310470114928368
Normal,350,P_1945008,0.0,-12.860727968112892
Normal,350,P_1946000,0.0,0.0
Normal,350,P_2044008,0.0,-5.444299647874998
Normal,350,P_2044016,0.0,-3.2929778008677317
Normal,350,P_2044024,0.0,0.0
Normal,350,P_2044042,0.0,0.0
Normal,350,P_2045002,0.0,0.0
Normal,350,P_2046013,0.0,-4.929468540492557
Normal,350,Q_40032000,18.1401,0.0
Normal,350,Q_40050000,78.3902,0.0
Normal,350,Q_40060001,12.8551,0.0
Normal,350,Q_40100000,241.347,85.47054177735605
Normal,350,Q_40185000,22.6724,0.0
Normal,350,Q_40330000,68.1579,-14.864317791052581
Normal,350,Q_40800001,78.4317,0.0
Normal,350,Q_40850000,108.411,20.36916107619329
Normal,350,Q_40930000,11.1637,-11.26255342424263
Normal,351,P_1944059,0.0,0.0
Normal,351,P_1944063,11.8,47.050943693539224
Normal,351,P_1945002,4.8,5.684841487456234
Normal,351,P_1945008,0.0,-12.707495555394582
Normal,351,P_1946000,0.0,6.742450877258565
Normal,351,P_2044008,0.0,-6.743512502296909
Normal,351,P_2044016,0.0,0.0
Normal,351,P_2044024,0.0,0.0
Normal,351,P_2044042,0.0,0.0
Normal,351,P_2045002,0.0,0.0
Normal,351,P_2046013,0.0,0.0
Normal,351,Q_40032000,18.1401,0.0
Normal,351,Q_40050000,84.7413,0.0
Normal,351,Q_40060001,12.9734,6.818080337841451
Normal,351,Q_40100000,256.108,108.1491869276976
Normal,351,Q_40185000,23.2161,0.0
Normal,351,Q_40330000,70.7706,-12.482419827960737
Normal,351,Q_40800001,83.3622,0.0
Normal,351,Q_40850000,117.969,31.055214287370234
Normal,351,Q_40930000,11.1637,-12.44572731611019
Normal,352,P_1944059,0.0,0.0
Normal,352,P_1944063,0.0,-13.017439484261839
Normal,352,P_1945002,0.0,-10.973279794831598
Normal,352,P_1945008,0.0,-12.359411741114652
Normal,352,P_1946000,0.0,0.0
Normal,352,P_2044008,0.0,-7.399393442802964
Normal,352,P_2044016,0.0,0.0
Normal,352,P_2044024,0.0,0.0
Normal,352,P_2044042,0.0,0.0
Normal,352,P_2045002,0.0,0.0
Normal,352,P_2046013,0.0,0.0
Normal,352,Q_40032000,13.1428,-5.18929376675888
Normal,352,Q_40050000,50.8584,0.0
Normal,352,Q_40060001,9.2602,-9.059284492617783
Normal,352,Q_40100000,160.565,-24.589875348376612
Normal,352,Q_40185000,10.9806,0.0
Normal,352,Q_40330000,52.0591,-37.08877201821962
Normal,352,Q_40800001,54.6364,0.0
Normal,352,Q_40850000,71.1011,-19.343285999383134
Normal,352,Q_40930000,7.1134,-20.947329724888256
Normal,353,P_1944059,0.0,0.0
Normal,353,P_1944063,0.0,-14.095585986815708
Normal,353,P_1945002,19.4,53.84306559552366
Normal,353,P_1945008,0.0,-13.157258610897369
Normal,353,P_1946000,0.0,6.982192421688994
Normal,353,P_2044008,0.0,0.0
Normal,353,P_2044016,0.0,0.0
Normal,353,P_2044024,0.0,0.0
Normal,353,P_2044042,0.0,0.0
Normal,353,P_2045002,0.0,0.0
Normal,353,P_2046013,0.0,0.0
Normal,353,Q_40032000,28.8379,8.71624178515059
Normal,353,Q_40050000,136.38,0.0
Normal,353,Q_40060001,12.3855,4.7767861518837265
Normal,353,Q_40100000,280.681,144.97503076687946
Normal,353,Q_40185000,17.473,0.0
Normal,353,Q_40330000,56.846,-31.470877013896548
Normal,353,Q_40800001,52.3575,0.0
Normal,353,Q_40850000,81.1659,-8.971381970558646
Normal,353,Q_40930000,27.042,23.807895168880222
Normal,354,P_1944059,0.0,0.0
Normal,354,P_1944063,0.0,-11.723812181361666
Normal,354,P_1945002,0.0,-8.798076318779465
Normal,354,P_1945008,0.0,-11.110038846016554
Normal,354,P_1946000,2.2,0.0
Normal,354,P_2044008,0.0,-4.604858355387737
Normal,354,P_2044016,0.0,-2.5643337334352254
Normal,354,P_2044024,0.0,0.0
Normal,354,P_2044042,0.0,0.0
Normal,354,P_2045002,0.0,0.0
Normal,354,P_2046013,0.0,-2.60352694864646
Normal,354,Q_40032000,17.9032,0.0
Normal,354,Q_40050000,114.221,0.0
Normal,354,Q_40060001,9.6887,-4.93291317060222
Normal,354,Q_40100000,188.568,0.0
Normal,354,Q_40185000,12.735,0.0
Normal,354,Q_40330000,40.7711,-50.77365347430354
Normal,354,Q_40800001,35.6849,-1.9729412062653466
Normal,354,Q_40850000,49.5209,-39.80295034798838
Normal,354,Q_40930000,18.4539,0.0
Normal,355,P_1944059,27.4,31.89298318428343
Normal,355,P_1944063,0.0,-10.198340089591802
Normal,355,P_1945002,0.0,0.0
Normal,355,P_1945008,0.0,-10.838093664628913
Normal,355,P_1946000,0.0,6.2148414783481485
Normal,355,P_2044008,3.0,0.0
Normal,355,P_2044016,6.7,0.0
Normal,355,P_2044024,5.5,0.0
Normal,355,P_2044042,44.5,0.0
Normal,355,P_2045002,5.6,0.0
Normal,355,P_2046013,12.5,0.0
Normal,355,Q_40032000,65.0751,45.64970267923178
Normal,355,Q_40050000,172.592,7.385241080283262
Normal,355,Q_40060001,12.269,0.0
Normal,355,Q_40100000,250.54,85.80162472160984
Normal,355,Q_40185000,11.8472,0.0
Normal,355,Q_40330000,52.0591,-39.17918041385507
Normal,355,Q_40800001,48.7077,0.0
Normal,355,Q_40850000,71.7541,-21.436565360265885
Normal,355,Q_40930000,27.5886,23.742800942423628
Normal,356,P_1944059,68.0,217.33486566763065
Normal,356,P_1944063,0.0,-7.1856131336317155
Normal,356,P_1945002,0.0,-6.30074770129736
Normal,356,P_1945008,0.0,-8.293924395943336
Normal,356,P_1946000,0.0,5.238292763340731
Normal,356,P_2044008,7.4,0.0
Normal,356,P_2044016,0.7,0.0
Normal,356,P_2044024,0.0,0.0
Normal,356,P_2044042,0.0,0.0
Normal,356,P_2045002,0.0,0.0
Normal,356,P_2046013,2.6,0.0
Normal,356,Q_40032000,9.4191,-4.085975378645283
Normal,356,Q_40050000,59.1423,0.0
Normal,356,Q_40060001,5.3384,-20.29287980620455
Normal,356,Q_40100000,55.7127,-148.9303961992405
Normal,356,Q_40185000,19.4999,0.0
Normal,356,Q_40330000,53.2416,-33.6653033315014
Normal,356,Q_40800001,67.5044,0.0
Normal,356,Q_40850000,91.0744,0.0
Normal,356,Q_40930000,6.676,-18.36075753995009
Normal,357,P_1944059,0.0,0.0
Normal,357,P_1944063,0.0,-12.46411445136684
Normal,357,P_1945002,0.0,-10.441144283093092
Normal,357,P_1945008,0.0,-12.290663153261741
Normal,357,P_1946000,0.0,0.0
Normal,357,P_2044008,0.0,-6.975111499704
Normal,357,P_2044016,0.0,0.0
Normal,357,P_2044024,0.0,0.0
Normal,357,P_2044042,0.0,0.0
Normal,357,P_2045002,0.0,0.0
Normal,357,P_2046013,0.0,0.0
Normal,357,Q_40032000,12.9391,-5.779105211767455
Normal,357,Q_40050000,47.2796,0.0
Normal,357,Q_40060001,7.8104,-14.21230334605383
Normal,357,Q_40100000,124.744,-71.93654774424192
Normal,357,Q_40185000,12.0563,0.0
Normal,357,Q_40330000,44.6089,-47.10259825465964
Normal,357,Q_40800001,52.4925,0.0
Normal,357,Q_40850000,70.4506,-20.080747817561626
Normal,357,Q_40930000,14.3518,-5.586732932404601
Normal,358,P_1944059,1.0,0.0
Normal,358,P_1944063,5.0,0.0
Normal,358,P_1945002,12.8,0.0
Normal,358,P_1945008,0.0,-6.727611226068646
Normal,358,P_1946000,14.2,-8.167960303492992
Normal,358,P_2044008,5.0,0.0
Normal,358,P_2044016,9.0,0.0
Normal,358,P_2044024,2.9,0.0
Normal,358,P_2044042,54.8,23.251480434214702
Normal,358,P_2045002,10.9,0.0
Normal,358,P_2046013,69.6,27.461293228459585
Normal,358,Q_40032000,71.1456,28.829010736398658
Normal,358,Q_40050000,33.3903,0.0
Normal,358,Q_40060001,13.0921,0.0
Normal,358,Q_40100000,113.384,-87.73930649372824
Normal,358,Q_40185000,17.473,0.0
Normal,358,Q_40330000,58.6798,-28.653963206040018
Normal,358,Q_40800001,141.745,20.81103216963338
Normal,358,Q_40850000,69.1574,-22.294453467381203
Normal,358,Q_40930000,7.9986,-17.167795888375583
Normal,359,P_1944059,0.0,0.0
Normal,359,P_1944063,0.0,-12.795033518877105
Normal,359,P_1945002,0.0,-10.411556928638001
Normal,359,P_1945008,0.0,-11.941438423547451
Normal,359,P_1946000,0.0,0.0
Normal,359,P_2044008,0.0,-6.86331033258952
Normal,359,P_2044016,0.0,0.0
Normal,359,P_2044024,0.0,0.0
Normal,359,P_2044042,0.0,0.0
Normal,359,P_2045002,0.0,0.0
Normal,359,P_2046013,0.0,-5.050963155400609
Normal,359,Q_40032000,14.9066,0.0
Normal,359,Q_40050000,72.1565,0.0
Normal,359,Q_40060001,6.8243,-18.401080742170347
Normal,359,Q_40100000,162.172,-22.526051561346062
Normal,359,Q_40185000,7.7372,0.0
Normal,359,Q_40330000,47.4254,-43.9740000378418
Normal,359,Q_40800001,40.6468,0.0
Normal,359,Q_40850000,67.8746,-23.660573640937873
Normal,359,Q_40930000,8.6904,-17.081089405500336
Normal,360,P_1944059,0.0,0.0
Normal,360,P_1944063,4.7,10.681643527400103
Normal,360,P_1945002,0.0,-11.977258761329866
Normal,360,P_1945008,0.0,-13.409265452175308
Normal,360,P_1946000,0.0,6.236487704488599
Normal,360,P_2044008,0.0,-7.4098531184171295
Normal,360,P_2044016,0.0,0.0
Normal,360,P_2044024,0.0,0.0
Normal,360,P_2044042,0.0,0.0
Normal,360,P_2045002,0.0,0.0
Normal,360,P_2046013,6.3,0.0
Normal,360,Q_40032000,26.1651,7.981484135877522
Normal,360,Q_40050000,140.378,0.0
Normal,360,Q_40060001,13.6903,9.776937617465162
Normal,360,Q_40100000,252.391,100.82486804056875
Normal,360,Q_40185000,14.5717,0.0
Normal,360,Q_40330000,53.2416,-36.56681282131351
Normal,360,Q_40800001,40.6468,0.0
Normal,360,Q_40850000,61.6168,-29.44861426394466
Normal,360,Q_40930000,14.9547,0.0
Normal,361,P_1944059,0.0,0.0
Normal,361,P_1944063,0.0,-12.340364466085054
Normal,361,P_1945002,0.0,-10.281034035294248
Normal,361,P_1945008,0.0,-12.514301956758906
Normal,361,P_1946000,0.0,0.0
Normal,361,P_2044008,0.0,-7.269404844271719
Normal,361,P_2044016,0.0,0.0
Normal,361,P_2044024,0.0,0.0
Normal,361,P_2044042,0.0,0.0
Normal,361,P_2045002,0.0,0.0
Normal,361,P_2046013,0.0,0.0
Normal,361,Q_40032000,13.1428,-6.3285370335738
Normal,361,Q_40050000,72.5439,0.0
Normal,361,Q_40060001,7.6098,-15.174184069362191
Normal,361,Q_40100000,120.635,-78.17286060161278
Normal,361,Q_40185000,8.5132,0.0
Normal,361,Q_40330000,33.9799,-61.93765875995698
Normal,361,Q_40800001,26.7461,0.0
Normal,361,Q_40850000,33.3355,-59.45010588953951
Normal,361,Q_40930000,8.378,-18.513471041565776
Normal,362,P_1944059,0.0,0.0
Normal,362,P_1944063,0.0,-11.417160358121137
Normal,362,P_1945002,0.0,-8.416469938683857
Normal,362,P_1945008,0.0,-12.02560243731584
Normal,362,P_1946000,0.0,0.0
Normal,362,P_2044008,0.0,-7.069075395994307
Normal,362,P_2044016,0.0,0.0
Normal,362,P_2044024,0.0,0.0
Normal,362,P_2044042,0.0,0.0
Normal,362,P_2045002,0.0,0.0
Normal,362,P_2046013,0.0,0.0
Normal,362,Q_40032000,8.2597,0.0
Normal,362,Q_40050000,27.4774,0.0
Normal,362,Q_40060001,5.3384,-24.323355381765968
Normal,362,Q_40100000,81.9526,-127.8058603861668
Normal,362,Q_40185000,6.6193,0.0
Normal,362,Q_40330000,38.1066,-56.05342325420276
Normal,362,Q_40800001,26.7816,-6.940248059388864
Normal,362,Q_40850000,33.9004,-58.21219734731659
Normal,362,Q_40930000,2.88,-29.480309924221064
Normal,363,P_1944059,0.0,-2.7491334752629513
Normal,363,P_1944063,0.0,-11.069398694256783
Normal,363,P_1945002,12.2,28.62767514986184
Normal,363,P_1945008,0.0,-10.290065443529999
Normal,363,P_1946000,8.2,0.0
Normal,363,P_2044008,0.0,-5.574168405878747
Normal,363,P_2044016,0.0,0.0
Normal,363,P_2044024,0.0,0.0
Normal,363,P_2044042,0.0,0.0
Normal,363,P_2045002,0.0,0.0
Normal,363,P_2046013,0.0,-3.389509420436886
Normal,363,Q_40032000,10.9561,-5.623072018991355
Normal,363,Q_40050000,70.5234,0.0
Normal,363,Q_40060001,11.0107,0.0
Normal,363,Q_40100000,185.169,0.0
Normal,363,Q_40185000,11.5888,0.0
Normal,363,Q_40330000,42.949,-48.18256149961722
Normal,363,Q_40800001,51.5942,0.0
Normal,363,Q_40850000,67.2371,-21.38590911008284
Normal,363,Q_40930000,7.9655,-18.517044428263546
Normal,364,P_1944059,0.0,-2.6709451863802283
Normal,364,P_1944063,0.0,-11.284892211977244
Normal,364,P_1945002,0.0,-9.58186548195902
Normal,364,P_1945008,0.0,-11.30355812315909
Normal,364,P_1946000,0.0,0.0
Normal,364,P_2044008,0.0,-5.104370116902855
Normal,364,P_2044016,0.0,0.0
Normal,364,P_2044024,0.0,0.0
Normal,364,P_2044042,0.0,0.0
Normal,364,P_2045002,0.0,0.0
Normal,364,P_2046013,11.7,0.0
Normal,364,Q_40032000,15.3573,-2.494453475482665
Normal,364,Q_40050000,92.9856,0.0
Normal,364,Q_40060001,6.8243,-16.550937140054305
Normal,364,Q_40100000,221.514,58.858443590005336
Normal,364,Q_40185000,9.3129,0.0
Normal,364,Q_40330000,52.6491,-35.61023376140883
Normal,364,Q_40800001,49.6492,0.0
Normal,364,Q_40850000,88.1932,0.0
Normal,364,Q_40930000,10.395,-12.68158515593645
Normal,365,P_1944059,0.0,0.0
Normal,365,P_1944063,0.0,-11.945782175359371
Normal,365,P_1945002,0.0,-9.225228233686867
Normal,365,P_1945008,0.0,-12.223873460577682
Normal,365,P_1946000,0.0,0.0
Normal,365,P_2044008,0.0,-6.715985279436666
Normal,365,P_2044016,0.0,0.0
Normal,365,P_2044024,0.0,0.0
Normal,365,P_2044042,0.0,0.0
Normal,365,P_2045002,0.0,0.0
Normal,365,P_2046013,0.0,0.0
Normal,365,Q_40032000,7.5115,-7.874627469681686
Normal,365,Q_40050000,27.2957,0.0
Normal,365,Q_40060001,4.6405,-25.73089738611672
Normal,365,Q_40100000,104.874,-97.88772498297934
Normal,365,Q_40185000,12.735,0.0
Normal,365,Q_40330000,44.0531,-47.89133578637597
Normal,365,Q_40800001,38.5417,0.0
Normal,365,Q_40850000,52.074,-38.973911926599264
Normal,365,Q_40930000,2.88,-29.376020352676136
Normal,366,P_1944059,0.0,0.0
Normal,366,P_1944063,0.0,-12.251835945027512
Normal,366,P_1945002,0.0,-9.562867252427445
Normal,366,P_1945008,0.0,-12.101678529041367
Normal,366,P_1946000,0.0,0.0
Normal,366,P_2044008,0.0,-6.335631881453281
Normal,366,P_2044016,0.0,0.0
Normal,366,P_2044024,0.0,0.0
Normal,366,P_2044042,0.0,0.0
Normal,366,P_2045002,0.0,0.0
Normal,366,P_2046013,0.0,0.0
Normal,366,Q_40032000,7.8831,-7.3937987470857705
Normal,366,Q_40050000,23.6445,0.0
Normal,366,Q_40060001,4.726,-24.92012483744584
Normal,366,Q_40100000,122.102,-75.26297055180869
Normal,366,Q_40185000,8.9101,0.0
Normal,366,Q_40330000,30.9979,-64.82676755122615
Normal,366,Q_40800001,41.1542,0.0
Normal,366,Q_40850000,71.7541,-19.094833396448628
Normal,366,Q_40930000,7.5507,-19.72039716035314
Normal,367,P_1944059,0.0,0.0
Normal,367,P_1944063,0.0,-12.119221117687259
Normal,367,P_1945002,0.0,-10.509721012485706
Normal,367,P_1945008,0.0,-12.564591108067981
Normal,367,P_1946000,0.0,0.0
Normal,367,P_2044008,0.0,-7.158419363193672
Normal,367,P_2044016,0.0,0.0
Normal,367,P_2044024,0.0,0.0
Normal,367,P_2044042,0.0,0.0
Normal,367,P_2045002,0.0,0.0
Normal,367,P_2046013,0.0,0.0
Normal,367,Q_40032000,13.1428,0.0
Normal,367,Q_40050000,74.1019,0.0
Normal,367,Q_40060001,7.8104,-16.038927534942516
Normal,367,Q_40100000,122.102,-75.76525681234938
Normal,367,Q_40185000,8.9101,0.0
Normal,367,Q_40330000,31.9809,-64.02225936232075
Normal,367,Q_40800001,26.7461,-6.26650266677774
Normal,367,Q_40850000,34.4681,-57.86611886891022
Normal,367,Q_40930000,9.076,-17.326925969449796
Normal,368,P_1944059,0.0,-3.918765011088581
Normal,368,P_1944063,0.0,-13.345380305316251
Normal,368,P_1945002,0.0,-11.533051783843524
Normal,368,P_1945008,0.0,-12.38067328922638
Normal,368,P_1946000,0.0,0.0
Normal,368,P_2044008,0.0,-6.056813570821715
Normal,368,P_2044016,0.0,0.0
Normal,368,P_2044024,0.0,0.0
Normal,368,P_2044042,2.8,0.0
Normal,368,P_2045002,0.0,0.0
Normal,368,P_2046013,1.9,0.0
Normal,368,Q_40032000,13.6935,-5.859813820653771
Normal,368,Q_40050000,79.6744,0.0
Normal,368,Q_40060001,11.3495,0.0
Normal,368,Q_40100000,205.512,35.929376668633076
Normal,368,Q_40185000,11.5888,0.0
Normal,368,Q_40330000,41.855,-50.88746630293796
Normal,368,Q_40800001,63.698,0.0
Normal,368,Q_40850000,70.4506,-19.983703112226095
Normal,368,Q_40930000,8.607,-17.397811125617928
Normal,369,P_1944059,0.0,0.0
Normal,369,P_1944063,0.0,-13.951532644188008
Normal,369,P_1945002,0.0,-11.844407245495477
Normal,369,P_1945008,0.0,-13.096152837012202
Normal,369,P_1946000,0.0,0.0
Normal,369,P_2044008,0.0,-6.731038704206898
Normal,369,P_2044016,6.0,0.0
Normal,369,P_2044024,0.0,0.0
Normal,369,P_2044042,0.0,0.0
Normal,369,P_2045002,0.0,0.0
Normal,369,P_2046013,1.2,0.0
Normal,369,Q_40032000,13.5778,-5.718734831184264
Normal,369,Q_40050000,113.81,0.0
Normal,369,Q_40060001,8.9429,-10.681464717526534
Normal,369,Q_40100000,214.438,47.409267336030524
Normal,369,Q_40185000,18.4774,0.0
Normal,369,Q_40330000,57.455,-30.216866184411437
Normal,369,Q_40800001,60.48,0.0
Normal,369,Q_40850000,74.3921,-16.407771717200532
Normal,369,Q_40930000,9.4055,-15.673000205560534
Normal,370,P_1944059,0.0,0.0
Normal,370,P_1944063,0.0,-15.155788438860586
Normal,370,P_1945002,4.8,4.0620211292120905
Normal,370,P_1945008,5.3,3.5440341293430606
Normal,370,P_1946000,0.0,6.5760964716864025
Normal,370,P_2044008,0.0,0.0
Normal,370,P_2044016,0.0,0.0
Normal,370,P_2044024,0.0,0.0
Normal,370,P_2044042,0.0,0.0
Normal,370,P_2045002,0.0,0.0
Normal,370,P_2046013,0.0,0.0
Normal,370,Q_40032000,51.0328,46.1550577012443
Normal,370,Q_40050000,175.032,0.0
Normal,370,Q_40060001,12.8551,7.08660979605753
Normal,370,Q_40100000,368.977,260.1874059585996
Normal,370,Q_40185000,19.4999,0.0
Normal,370,Q_40330000,58.6798,-29.97707739621951
Normal,370,Q_40800001,45.9382,0.0
Normal,370,Q_40850000,69.8027,-22.138476464089305
Normal,370,Q_40930000,23.2955,14.861025225552325
Normal,371,P_1944059,25.0,10.682821117469329
Normal,371,P_1944063,37.0,80.64460357395721
Normal,371,P_1945002,48.2,49.41797138076825
Normal,371,P_1945008,3.4,0.0
Normal,371,P_1946000,32.2,-48.56011989655575
Normal,371,P_2044008,0.0,0.0
Normal,371,P_2044016,22.1,10.490868661699892
Normal,371,P_2044024,28.0,0.0
Normal,371,P_2044042,19.1,0.0
Normal,371,P_2045002,15.2,0.0
Normal,371,P_2046013,36.8,0.0
Normal,371,Q_40032000,23.0583,0.0
Normal,371,Q_40050000,326.905,24.707974473978666
Normal,371,Q_40060001,29.9262,108.48218043707324
Normal,371,Q_40100000,162.172,-29.739284585864823
Normal,371,Q_40185000,31.8535,0.0
Normal,371,Q_40330000,59.2957,-35.48846344270756
Normal,371,Q_40800001,99.5853,0.0
Normal,371,Q_40850000,71.7541,0.0
Normal,371,Q_40930000,96.824,173.44565717395741
Normal,372,P_1944059,16.0,10.395879163556327
Normal,372,P_1944063,4.8,0.0
Normal,372,P_1945002,13.6,13.781179918122952
Normal,372,P_1945008,33.0,57.03827450068227
Normal,372,P_1946000,0.0,6.187857422792026
Normal,372,P_2044008,11.0,4.902744690397014
Normal,372,P_2044016,9.7,0.0
Normal,372,P_2044024,7.4,0.0
Normal,372,P_2044042,6.2,0.0
Normal,372,P_2045002,6.6,0.0
Normal,372,P_2046013,0.0,0.0
Normal,372,Q_40032000,122.226,129.09902740598474
Normal,372,Q_40050000,124.247,0.0
Normal,372,Q_40060001,8.7334,0.0
Normal,372,Q_40100000,261.715,110.4354945718531
Normal,372,Q_40185000,15.5197,0.0
Normal,372,Q_40330000,66.2217,0.0
Normal,372,Q_40800001,101.085,5.093464824707675
Normal,372,Q_40850000,143.374,55.77689665098051
Normal,372,Q_40930000,49.3542,74.6182627915742
Normal,373,P_1944059,0.0,0.0
Normal,373,P_1944063,0.0,-18.284592630745117
Normal,373,P_1945002,0.0,-15.176279274694943
Normal,373,P_1945008,0.0,-16.535407683985547
Normal,373,P_1946000,0.0,5.804154535074006
Normal,373,P_2044008,0.0,0.0
Normal,373,P_2044016,0.0,0.0
Normal,373,P_2044024,0.0,0.0
Normal,373,P_2044042,0.0,0.0
Normal,373,P_2045002,0.0,0.0
Normal,373,P_2046013,0.0,0.0
Normal,373,Q_40032000,55.2268,57.01182648789974
Normal,373,Q_40050000,218.639,0.0
Normal,373,Q_40060001,14.6652,14.441222254558234
Normal,373,Q_40100000,493.521,423.33488119954166
Normal,373,Q_40185000,24.872,0.0
Normal,373,Q_40330000,97.2953,20.306426070503743
Normal,373,Q_40800001,58.4971,0.0
Normal,373,Q_40850000,97.7028,5.690979693351267
Normal,373,Q_40930000,27.042,23.001801464929038
Normal,374,P_1944059,0.0,0.0
Normal,374,P_1944063,0.0,-13.369468655293025
Normal,374,P_1945002,7.9,16.75772368598181
Normal,374,P_1945008,0.0,-12.941755821244874
Normal,374,P_1946000,0.0,0.0
Normal,374,P_2044008,0.0,-5.943842418788394
Normal,374,P_2044016,1.1,0.0
Normal,374,P_2044024,0.0,0.0
Normal,374,P_2044042,0.0,0.0
Normal,374,P_2045002,0.0,0.0
Normal,374,P_2046013,0.0,-4.690969481323177
Normal,374,Q_40032000,26.1651,0.0
Normal,374,Q_40050000,119.19,0.0
Normal,374,Q_40060001,13.45,8.467747056286505
Normal,374,Q_40100000,235.885,78.4556029503499
Normal,374,Q_40185000,38.0842,0.0
Normal,374,Q_40330000,60.5345,-25.357773833588823
Normal,374,Q_40800001,60.0088,0.0
Normal,374,Q_40850000,70.4506,-19.83856222714735
Normal,374,Q_40930000,10.8599,-12.602807791144176
Normal,375,P_1944059,0.0,0.0
Normal,375,P_1944063,0.0,-17.318364890595888
Normal,375,P_1945002,7.9,14.765851208485044
Normal,375,P_1945008,0.0,0.0
Normal,375,P_1946000,0.0,5.29059004022722
Normal,375,P_2044008,0.0,0.0
Normal,375,P_2044016,0.0,0.0
Normal,375,P_2044024,0.0,0.0
Normal,375,P_2044042,0.0,0.0
Normal,375,P_2045002,0.0,0.0
Normal,375,P_2046013,11.0,5.5843005446350285
Normal,375,Q_40032000,46.624,35.73373753618324
Normal,375,Q_40050000,115.265,0.0
Normal,375,Q_40060001,16.8064,22.885676302557044
Normal,375,Q_40100000,303.993,170.31399087261417
Normal,375,Q_40185000,25.9963,0.0
Normal,375,Q_40330000,88.5939,9.223810485434043
Normal,375,Q_40800001,120.285,5.116981522248978
Normal,375,Q_40850000,135.528,45.73678077979944
Normal,375,Q_40930000,15.9357,0.0
Normal,376,P_1944059,52.4,101.38299648385939
Normal,376,P_1944063,1.7,0.0
Normal,376,P_1945002,0.0,-8.580631824235033
Normal,376,P_1945008,2.4,0.0
Normal,376,P_1946000,0.0,7.02843825128758
Normal,376,P_2044008,0.0,-6.232464195018338
Normal,376,P_2044016,6.5,0.0
Normal,376,P_2044024,33.6,18.532867329166777
Normal,376,P_2044042,1.4,0.0
Normal,376,P_2045002,7.7,0.0
Normal,376,P_2046013,8.2,0.0
Normal,376,Q_40032000,20.5571,0.0
Normal,376,Q_40050000,136.822,0.0
Normal,376,Q_40060001,9.154,-9.681233459191477
Normal,376,Q_40100000,210.928,34.67704349024772
Normal,376,Q_40185000,16.001,0.0
Normal,376,Q_40330000,62.4098,-24.426026551898293
Normal,376,Q_40800001,77.7526,0.0
Normal,376,Q_40850000,153.221,59.340720354127264
Normal,376,Q_40930000,23.1116,10.850177238086584
Normal,377,P_1944059,4.0,0.0
Normal,377,P_1944063,0.0,-7.7301597353385905
Normal,377,P_1945002,0.0,-4.730177558317982
Normal,377,P_1945008,0.0,-9.24831524983539
Normal,377,P_1946000,0.0,0.0
Normal,377,P_2044008,0.0,0.0
Normal,377,P_2044016,6.4,0.0
Normal,377,P_2044024,15.2,0.0
Normal,377,P_2044042,3.9,0.0
Normal,377,P_2045002,18.9,14.607691257748712
Normal,377,P_2046013,41.2,39.11709675351774
Normal,377,Q_40032000,15.3573,0.0
Normal,377,Q_40050000,60.2159,0.0
Normal,377,Q_40060001,7.4108,-15.3138195660212
Normal,377,Q_40100000,81.9526,-128.17691897778678
Normal,377,Q_40185000,15.5197,0.0
Normal,377,Q_40330000,58.0662,-29.295835842715007
Normal,377,Q_40800001,79.8306,0.0
Normal,377,Q_40850000,71.7541,-17.752719055023626
Normal,377,Q_40930000,6.0141,-22.167291335576948
Normal,378,P_1944059,0.0,0.0
Normal,378,P_1944063,0.0,-11.338763244089424
Normal,378,P_1945002,0.0,-9.39374681497565
Normal,378,P_1945008,0.0,-12.556221192723555
Normal,378,P_1946000,0.0,0.0
Normal,378,P_2044008,0.0,-6.453183492131501
Normal,378,P_2044016,0.3,0.0
Normal,378,P_2044024,0.0,0.0
Normal,378,P_2044042,0.0,0.0
Normal,378,P_2045002,0.0,0.0
Normal,378,P_2046013,0.0,0.0
Normal,378,Q_40032000,11.0303,-7.234262058049994
Normal,378,Q_40050000,38.7614,0.0
Normal,378,Q_40060001,7.6098,-15.158717803825747
Normal,378,Q_40100000,119.173,-79.46740126238798
Normal,378,Q_40185000,10.1356,0.0
Normal,378,Q_40330000,40.7711,-52.630817479552185
Normal,378,Q_40800001,41.1542,0.0
Normal,378,Q_40850000,55.3181,-35.99440723937645
Normal,378,Q_40930000,4.7209,-26.202552745674087
Normal,379,P_1944059,0.0,0.0
Normal,379,P_1944063,0.0,-14.799383543857566
Normal,379,P_1945002,20.1,59.09587926989484
Normal,379,P_1945008,0.0,-13.465064125594763
Normal,379,P_1946000,0.0,6.568372875907719
Normal,379,P_2044008,0.9,0.0
Normal,379,P_2044016,0.0,0.0
Normal,379,P_2044024,0.0,0.0
Normal,379,P_2044042,0.0,0.0
Normal,379,P_2045002,0.0,0.0
Normal,379,P_2046013,3.0,0.0
Normal,379,Q_40032000,20.0669,0.0
Normal,379,Q_40050000,85.6674,0.0
Normal,379,Q_40060001,13.811,9.915078590301077
Normal,379,Q_40100000,271.145,127.7672242896383
Normal,379,Q_40185000,20.5401,0.0
Normal,379,Q_40330000,99.6193,26.7635023783478
Normal,379,Q_40800001,110.837,6.187272347500736
Normal,379,Q_40850000,159.633,74.7831126324892
Normal,379,Q_40930000,11.6886,-11.250218438038871
Normal,380,P_1944059,0.0,0.0
Normal,380,P_1944063,0.0,-8.991693438748776
Normal,380,P_1945002,19.6,36.152850164526754
Normal,380,P_1945008,0.0,-9.02120273543021
Normal,380,P_1946000,0.0,0.0
Normal,380,P_2044008,11.2,0.0
Normal,380,P_2044016,54.0,69.31105685381735
Normal,380,P_2044024,0.6,0.0
Normal,380,P_2044042,0.0,0.0
Normal,380,P_2045002,0.0,0.0
Normal,380,P_2046013,0.0,0.0
Normal,380,Q_40032000,18.1401,0.0
Normal,380,Q_40050000,112.176,0.0
Normal,380,Q_40060001,8.422,-10.68097149322078
Normal,380,Q_40100000,183.522,9.297140337170312
Normal,380,Q_40185000,27.1366,0.0
Normal,380,Q_40330000,49.1448,-39.520940637725744
Normal,380,Q_40800001,109.81,11.989695720708005
Normal,380,Q_40850000,78.4258,-9.05621456938174
Normal,380,Q_40930000,8.4572,-16.65771833918927
Normal,381,P_1944059,0.0,0.0
Normal,381,P_1944063,0.0,-11.446742861462695
Normal,381,P_1945002,0.0,-8.190951647495265
Normal,381,P_1945008,0.0,-12.168015339890225
Normal,381,P_1946000,0.0,0.0
Normal,381,P_2044008,0.0,0.0
Normal,381,P_2044016,0.0,0.0
Normal,381,P_2044024,0.0,0.0
Normal,381,P_2044042,7.2,-6.748666213231104
Normal,381,P_2045002,8.5,0.0
Normal,381,P_2046013,0.0,0.0
Normal,381,Q_40032000,9.815,-7.964851524920093
Normal,381,Q_40050000,44.6428,0.0
Normal,381,Q_40060001,6.2535,-21.522653383798072
Normal,381,Q_40100000,55.7127,-160.59905056280056
Normal,381,Q_40185000,4.8876,0.0
Normal,381,Q_40330000,14.9303,-85.23470712860274
Normal,381,Q_40800001,37.3023,0.0
Normal,381,Q_40850000,41.4926,-50.768623677364864
Normal,381,Q_40930000,8.7258,-19.257353351619514
Normal,382,P_1944059,19.4,15.98330012436558
Normal,382,P_1944063,35.5,127.08990667602046
Normal,382,P_1945002,15.9,27.375314833515176
Normal,382,P_1945008,0.0,-10.76422840775384
Normal,382,P_1946000,6.3,0.0
Normal,382,P_2044008,7.5,0.0
Normal,382,P_2044016,20.8,7.4689204787435015
Normal,382,P_2044024,7.8,0.0
Normal,382,P_2044042,4.1,0.0
Normal,382,P_2045002,1.0,0.0
Normal,382,P_2046013,1.5,0.0
Normal,382,Q_40032000,24.0814,0.0
Normal,382,Q_40050000,136.354,0.0
Normal,382,Q_40060001,9.2602,-8.196162487790048
Normal,382,Q_40100000,237.701,89.05521265252618
Normal,382,Q_40185000,31.8535,0.0
Normal,382,Q_40330000,68.1579,-16.11141945451258
Normal,382,Q_40800001,215.294,25.372568807099086
Normal,382,Q_40850000,296.29,235.18237770281246
Normal,382,Q_40930000,13.6033,0.0
Normal,383,P_1944059,0.0,0.0
Normal,383,P_1944063,0.0,-11.688574342938011
Normal,383,P_1945002,0.0,-9.791309699078669
Normal,383,P_1945008,0.0,-11.940320983266533
Normal,383,P_1946000,0.0,0.0
Normal,383,P_2044008,0.0,-6.537047427862603
Normal,383,P_2044016,0.0,0.0
Normal,383,P_2044024,0.0,0.0
Normal,383,P_2044042,0.0,0.0
Normal,383,P_2045002,0.0,0.0
Normal,383,P_2046013,0.0,0.0
Normal,383,Q_40032000,10.6207,-7.020330717728977
Normal,383,Q_40050000,37.2786,0.0
Normal,383,Q_40060001,7.2136,-16.55159457291422
Normal,383,Q_40100000,111.951,-88.80597824878036
Normal,383,Q_40185000,9.3129,0.0
Normal,383,Q_40330000,37.5815,-56.56535402490181
Normal,383,Q_40800001,38.5417,0.0
Normal,383,Q_40850000,50.1556,-41.54725890165863
Normal,383,Q_40930000,4.362,-26.85144503865676
Normal,384,P_1944059,0.0,0.0
Normal,384,P_1944063,5.2,10.719814807345191
Normal,384,P_1945002,35.6,108.58947629137789
Normal,384,P_1945008,0.0,0.0
Normal,384,P_1946000,0.0,6.78117001067551
Normal,384,P_2044008,4.2,0.0
Normal,384,P_2044016,0.0,0.0
Normal,384,P_2044024,3.3,0.0
Normal,384,P_2044042,0.1,0.0
Normal,384,P_2045002,0.0,0.0
Normal,384,P_2046013,7.6,0.0
Normal,384,Q_40032000,25.5314,10.01137769582506
Normal,384,Q_40050000,225.12,0.0
Normal,384,Q_40060001,19.0386,38.49137204822196
Normal,384,Q_40100000,304.725,175.0338594616302
Normal,384,Q_40185000,50.2064,0.0
Normal,384,Q_40330000,193.44,153.86223846377723
Normal,384,Q_40800001,131.474,6.635228056830693
Normal,384,Q_40850000,200.466,114.46458250618183
Normal,384,Q_40930000,86.0717,162.00723554800416
Normal,385,P_1944059,22.6,24.941904706750826
Normal,385,P_1944063,2.5,0.0
Normal,385,P_1945002,14.6,30.833089596926545
Normal,385,P_1945008,19.2,48.062538481638
Normal,385,P_1946000,8.2,0.0
Normal,385,P_2044008,8.6,0.0
Normal,385,P_2044016,25.5,19.335830356689677
Normal,385,P_2044024,19.0,0.0
Normal,385,P_2044042,5.0,0.0
Normal,385,P_2045002,5.1,0.0
Normal,385,P_2046013,11.8,0.0
Normal,385,Q_40032000,26.7767,0.0
Normal,385,Q_40050000,87.8466,0.0
Normal,385,Q_40060001,13.211,12.569072638978014
Normal,385,Q_40100000,295.041,164.78472561694633
Normal,385,Q_40185000,28.1246,0.0
Normal,385,Q_40330000,102.015,30.923692510641807
Normal,385,Q_40800001,266.613,24.841576531383705
Normal,385,Q_40850000,267.934,188.65572693262203
Normal,385,Q_40930000,37.9841,49.58557544698019
Normal,386,P_1944059,0.0,0.0
Normal,386,P_1944063,0.0,-12.562822294348287
Normal,386,P_1945002,0.0,-9.841319878738432
Normal,386,P_1945008,0.0,-12.65584785684417
Normal,386,P_1946000,0.0,0.0
Normal,386,P_2044008,0.4,-6.444689318543823
Normal,386,P_2044016,0.0,0.0
Normal,386,P_2044024,0.0,0.0
Normal,386,P_2044042,0.0,0.0
Normal,386,P_2045002,0.0,0.0
Normal,386,P_2046013,0.0,0.0
Normal,386,Q_40032000,11.4443,-6.5999423027600255
Normal,386,Q_40050000,42.9219,0.0
Normal,386,Q_40060001,8.1144,-13.193671486980065
Normal,386,Q_40100000,132.531,-61.426260477019184
Normal,386,Q_40185000,11.4112,0.0
Normal,386,Q_40330000,40.7711,-52.312725786388505
Normal,386,Q_40800001,43.796,0.0
Normal,386,Q_40850000,59.7906,-31.717254755815606
Normal,386,Q_40930000,5.0915,-25.143129507379765
Normal,387,P_1944059,0.0,0.0
Normal,387,P_1944063,0.0,-12.17464937843756
Normal,387,P_1945002,0.0,-9.936944864519276
Normal,387,P_1945008,0.0,-12.351890635711522
Normal,387,P_1946000,0.0,0.0
Normal,387,P_2044008,0.0,-6.482757711101414
Normal,387,P_2044016,0.0,0.0
Normal,387,P_2044024,0.0,0.0
Normal,387,P_2044042,0.0,0.0
Normal,387,P_2045002,0.0,0.0
Normal,387,P_2046013,0.0,0.0
Normal,387,Q_40032000,11.4443,-7.023326446542944
Normal,387,Q_40050000,41.146,0.0
Normal,387,Q_40060001,8.0126,-13.828831325369398
Normal,387,Q_40100000,129.524,-65.68389905141622
Normal,387,Q_40185000,10.9806,0.0
Normal,387,Q_40330000,38.1066,-55.673186109797456
Normal,387,Q_40800001,42.0316,0.0
Normal,387,Q_40850000,59.7906,-31.256898294358315
Normal,387,Q_40930000,4.9048,-25.997608949126267
Normal,388,P_1944059,0.0,0.0
Normal,388,P_1944063,0.0,-11.063915838892457
Normal,388,P_1945002,0.0,-9.174111227767566
Normal,388,P_1945008,0.0,-12.594484391446054
Normal,388,P_1946000,46.4,-10.098960932885829
Normal,388,P_2044008,0.0,-5.0527484857669736
Normal,388,P_2044016,0.0,0.0
Normal,388,P_2044024,0.0,0.0
Normal,388,P_2044042,0.0,0.0
Normal,388,P_2045002,0.0,0.0
Normal,388,P_2046013,14.2,0.0
Normal,388,Q_40032000,13.5778,-4.770171588923972
Normal,388,Q_40050000,146.692,0.0
Normal,388,Q_40060001,10.564,-4.761020243600472
Normal,388,Q_40100000,237.701,69.9905663948551
Normal,388,Q_40185000,20.0178,0.0
Normal,388,Q_40330000,69.4598,-13.877476530168979
Normal,388,Q_40800001,103.255,0.0
Normal,388,Q_40850000,107.63,17.128987793060602
Normal,388,Q_40930000,15.9357,0.0
Normal,389,P_1944059,0.0,0.0
Normal,389,P_1944063,0.0,-11.828930757562238
Normal,389,P_1945002,0.0,-9.152129632598937
Normal,389,P_1945008,0.0,-12.315016158127081
Normal,389,P_1946000,0.0,0.0
Normal,389,P_2044008,0.0,-7.1030803128099365
Normal,389,P_2044016,0.0,0.0
Normal,389,P_2044024,0.0,0.0
Normal,389,P_2044042,0.0,0.0
Normal,389,P_2045002,0.0,0.0
Normal,389,P_2046013,0.0,0.0
Normal,389,Q_40032000,9.0278,-7.195812196415802
Normal,389,Q_40050000,31.4242,0.0
Normal,389,Q_40060001,6.3475,-19.641233980874727
Normal,389,Q_40100000,93.8632,-112.45748048883462
Normal,389,Q_40185000,7.7372,0.0
Normal,389,Q_40330000,34.9956,-59.60065417368204
Normal,389,Q_40800001,33.4105,0.0
Normal,389,Q_40850000,42.0951,-49.42172540686896
Normal,389,Q_40930000,3.4196,-28.273962007238786
Normal,390,P_1944059,10.0,11.480523654461589
Normal,390,P_1944063,0.0,-16.144734000171752
Normal,390,P_1945002,6.4,10.193006235446445
Normal,390,P_1945008,0.0,0.0
Normal,390,P_1946000,0.0,6.892651915005696
Normal,390,P_2044008,0.0,0.0
Normal,390,P_2044016,0.0,0.0
Normal,390,P_2044024,17.4,0.0
Normal,390,P_2044042,5.2,0.0
Normal,390,P_2045002,4.1,0.0
Normal,390,P_2046013,5.6,0.0
Normal,390,Q_40032000,52.6347,48.03309321496005
Normal,390,Q_40050000,255.778,0.0
Normal,390,Q_40060001,14.5421,14.852322524630159
Normal,390,Q_40100000,476.439,404.8147182825881
Normal,390,Q_40185000,36.1772,0.0
Normal,390,Q_40330000,109.33,37.64593525328447
Normal,390,Q_40800001,67.5044,0.0
Normal,390,Q_40850000,76.3974,-16.402929744258223
Normal,390,Q_40930000,28.1403,24.940507788298284
Normal,391,P_1944059,0.0,0.0
Normal,391,P_1944063,0.0,-11.587403454555051
Normal,391,P_1945002,0.0,-9.096392234095822
Normal,391,P_1945008,0.0,-11.829400317622813
Normal,391,P_1946000,0.0,0.0
Normal,391,P_2044008,0.0,-6.121855764165417
Normal,391,P_2044016,0.0,0.0
Normal,391,P_2044024,0.0,0.0
Normal,391,P_2044042,0.0,0.0
Normal,391,P_2045002,0.0,0.0
Normal,391,P_2046013,0.0,0.0
Normal,391,Q_40032000,6.784,-8.438858022957005
Normal,391,Q_40050000,26.9338,0.0
Normal,391,Q_40060001,5.2495,-22.9523885817193
Normal,391,Q_40100000,111.951,-88.4463107550389
Normal,391,Q_40185000,8.9101,0.0
Normal,391,Q_40330000,31.488,-63.244814705592006
Normal,391,Q_40800001,61.1447,0.0
Normal,391,Q_40850000,62.8474,-27.532500801867723
Normal,391,Q_40930000,14.1721,-6.204211805524159
Normal,392,P_1944059,8.0,0.0
Normal,392,P_1944063,0.0,-7.564149554891139
Normal,392,P_1945002,25.4,39.49595455589618
Normal,392,P_1945008,0.0,-9.339929818293848
Normal,392,P_1946000,0.0,0.0
Normal,392,P_2044008,0.0,-5.433123578178595
Normal,392,P_2044016,0.0,0.0
Normal,392,P_2044024,0.0,0.0
Normal,392,P_2044042,0.0,0.0
Normal,392,P_2045002,0.0,0.0
Normal,392,P_2046013,0.0,0.0
Normal,392,Q_40032000,7.8831,-3.737715566894515
Normal,392,Q_40050000,25.7459,0.0
Normal,392,Q_40060001,6.5369,-19.68958744443378
Normal,392,Q_40100000,87.1825,-124.65757479634922
Normal,392,Q_40185000,5.9063,0.0
Normal,392,Q_40330000,21.3651,-79.37653044318265
Normal,392,Q_40800001,72.5863,0.0
Normal,392,Q_40850000,50.7927,-40.96538609087547
Normal,392,Q_40930000,7.9986,-17.729169267458584
Normal,393,P_1944059,0.0,-2.0545605390943216
Normal,393,P_1944063,0.0,-12.426091936569389
Normal,393,P_1945002,0.0,-9.513982420061826
Normal,393,P_1945008,0.0,-10.727402777026017
Normal,393,P_1946000,0.0,0.0
Normal,393,P_2044008,0.0,-4.407806876260474
Normal,393,P_2044016,0.0,-2.141700730940644
Normal,393,P_2044024,0.0,0.0
Normal,393,P_2044042,0.0,0.0
Normal,393,P_2045002,0.0,0.0
Normal,393,P_2046013,0.0,-2.9857728560856285
Normal,393,Q_40032000,17.6672,0.0
Normal,393,Q_40050000,74.8648,0.0
Normal,393,Q_40060001,12.6196,0.0
Normal,393,Q_40100000,230.462,71.20886531874677
Normal,393,Q_40185000,22.6724,0.0
Normal,393,Q_40330000,68.8078,-13.288569285174043
Normal,393,Q_40800001,74.5259,0.0
Normal,393,Q_40850000,99.203,0.0
Normal,393,Q_40930000,10.905,-10.015475546727288
Normal,394,P_1944059,0.0,0.0
Normal,394,P_1944063,0.0,-15.861415607867523
Normal,394,P_1945002,13.9,37.29283337955472
Normal,394,P_1945008,0.0,-14.536263523025683
Normal,394,P_1946000,0.0,6.473597633512986
Normal,394,P_2044008,1.7,0.0
Normal,394,P_2044016,0.0,0.0
Normal,394,P_2044024,0.0,0.0
Normal,394,P_2044042,3.0,0.0
Normal,394,P_2045002,0.0,0.0
Normal,394,P_2046013,12.0,8.294153846022597
Normal,394,Q_40032000,19.4562,0.0
Normal,394,Q_40050000,143.055,0.0
Normal,394,Q_40060001,18.7714,31.517925669856044
Normal,394,Q_40100000,316.473,188.37945159365233
Normal,394,Q_40185000,29.4817,0.0
Normal,394,Q_40330000,107.688,36.44521283286789
Normal,394,Q_40800001,75.6631,0.0
Normal,394,Q_40850000,105.302,15.976065034117605
Normal,394,Q_40930000,11.5881,-12.39069913288381
Normal,395,P_1944059,0.0,0.0
Normal,395,P_1944063,0.0,-12.539549986725728
Normal,395,P_1945002,0.0,-10.27777262938813
Normal,395,P_1945008,0.0,-12.539735774813137
Normal,395,P_1946000,0.0,0.0
Normal,395,P_2044008,0.0,-6.7095006616188835
Normal,395,P_2044016,0.0,0.0
Normal,395,P_2044024,0.0,0.0
Normal,395,P_2044042,0.0,0.0
Normal,395,P_2045002,0.0,0.0
Normal,395,P_2046013,0.0,0.0
Normal,395,Q_40032000,12.2852,-6.009119458537583
Normal,395,Q_40050000,46.1138,0.0
Normal,395,Q_40060001,8.422,-12.461368121677532
Normal,395,Q_40100000,144.779,-46.1481564797025
Normal,395,Q_40185000,14.5717,0.0
Normal,395,Q_40330000,49.1448,-41.86766540546761
Normal,395,Q_40800001,49.1637,0.0
Normal,395,Q_40850000,63.4666,-27.244601371454007
Normal,395,Q_40930000,5.4736,-24.35657194926091
Normal,396,P_1944059,1.2,0.0
Normal,396,P_1944063,31.9,61.027023569294926
Normal,396,P_1945002,28.6,30.967401753151567
Normal,396,P_1945008,0.0,0.0
Normal,396,P_1946000,13.2,-16.76512428745795
Normal,396,P_2044008,29.4,30.44567213868498
Normal,396,P_2044016,7.7,0.0
Normal,396,P_2044024,48.0,11.179322048610707
Normal,396,P_2044042,5.6,0.0
Normal,396,P_2045002,19.0,0.0
Normal,396,P_2046013,15.6,0.0
Normal,396,Q_40032000,19.0965,0.0
Normal,396,Q_40050000,113.401,0.0
Normal,396,Q_40060001,7.6098,-19.057478967940803
Normal,396,Q_40100000,186.881,8.852842132850544
Normal,396,Q_40185000,21.5977,0.0
Normal,396,Q_40330000,56.846,-34.780808316756804
Normal,396,Q_40800001,100.588,6.688701942849344
Normal,396,Q_40850000,83.9466,0.0
Normal,396,Q_40930000,65.7906,109.51506020080186
Normal,397,P_1944059,0.0,0.0
Normal,397,P_1944063,0.0,-13.17195973917554
Normal,397,P_1945002,0.0,-11.312169612631115
Normal,397,P_1945008,0.0,-13.58317474539946
Normal,397,P_1946000,0.0,0.0
Normal,397,P_2044008,0.0,-6.850384863435871
Normal,397,P_2044016,0.0,0.0
Normal,397,P_2044024,0.0,0.0
Normal,397,P_2044042,0.0,0.0
Normal,397,P_2045002,0.0,0.0
Normal,397,P_2046013,0.0,-5.2306241921076975
Normal,397,Q_40032000,18.1401,0.0
Normal,397,Q_40050000,95.5776,0.0
Normal,397,Q_40060001,8.0126,-14.332886165790883
Normal,397,Q_40100000,170.284,-10.82028739492045
Normal,397,Q_40185000,12.735,0.0
Normal,397,Q_40330000,42.949,-49.60510417194551
Normal,397,Q_40800001,35.2296,0.0
Normal,397,Q_40850000,54.6647,-36.45313196505471
Normal,397,Q_40930000,57.0135,89.47786729111213
Normal,398,P_1944059,0.0,0.0
Normal,398,P_1944063,0.0,-11.21744617447003
Normal,398,P_1945002,0.0,-9.488090783305527
Normal,398,P_1945008,0.0,-11.046951615202179
Normal,398,P_1946000,0.0,0.0
Normal,398,P_2044008,20.0,0.0
Normal,398,P_2044016,0.0,0.0
Normal,398,P_2044024,0.0,0.0
Normal,398,P_2044042,0.5,0.0
Normal,398,P_2045002,0.0,0.0
Normal,398,P_2046013,0.0,-3.853432364986926
Normal,398,Q_40032000,16.7322,-2.619161081032285
Normal,398,Q_40050000,117.109,0.0
Normal,398,Q_40060001,8.422,-11.19769306381355
Normal,398,Q_40100000,193.656,19.999189936602875
Normal,398,Q_40185000,21.5977,0.0
Normal,398,Q_40330000,52.0591,-34.739640255909656
Normal,398,Q_40800001,82.9645,0.0
Normal,398,Q_40850000,72.4097,-15.767698508507834
Normal,398,Q_40930000,8.9262,-16.489109138958373
Normal,399,P_1944059,0.0,0.0
Normal,399,P_1944063,0.0,-11.951220395932191
Normal,399,P_1945002,0.0,-9.369096041332467
Normal,399,P_1945008,0.0,-12.447029879999592
Normal,399,P_1946000,0.0,0.0
Normal,399,P_2044008,0.0,-6.516925901632078
Normal,399,P_2044016,0.0,0.0
Normal,399,P_2044024,0.0,0.0
Normal,399,P_2044042,0.0,0.0
Normal,399,P_2045002,0.0,0.0
Normal,399,P_2046013,0.0,0.0
Normal,399,Q_40032000,11.0303,-7.2049221041457026
Normal,399,Q_40050000,37.9108,0.0
Normal,399,Q_40060001,7.4108,-16.482635524355796
Normal,399,Q_40100000,116.267,-83.14018234475569
Normal,399,Q_40185000,9.7214,0.0
Normal,399,Q_40330000,37.059,-56.38309726009184
Normal,399,Q_40800001,40.28,0.0
Normal,399,Q_40850000,52.7182,-38.86330850374932
Normal,399,Q_40930000,4.54,-26.135620220541977
Normal,400,P_1944059,0.0,0.0
Normal,400,P_1944063,0.0,-10.485275813895328
Normal,400,P_1945002,18.6,31.54791563524138
Normal,400,P_1945008,0.0,-10.654875775815263
Normal,400,P_1946000,5.0,0.0
Normal,400,P_2044008,0.0,-6.719620748350041
Normal,400,P_2044016,0.0,0.0
Normal,400,P_2044024,1.4,0.0
Normal,400,P_2044042,0.0,0.0
Normal,400,P_2045002,0.0,0.0
Normal,400,P_2046013,33.6,18.96867741499499
Normal,400,Q_40032000,19.823,0.0
Normal,400,Q_40050000,87.89,0.0
Normal,400,Q_40060001,10.2329,0.0
Normal,400,Q_40100000,190.259,20.818158010535246
Normal,400,Q_40185000,24.872,0.0
Normal,400,Q_40330000,82.9573,6.217326177234909
Normal,400,Q_40800001,35.6441,-4.661249686756531
Normal,400,Q_40850000,56.6319,-35.55279403250743
Normal,400,Q_40930000,10.8599,-13.344796915812289
Normal,401,P_1944059,0.0,0.0
Normal,401,P_1944063,0.0,-14.234027345941366
Normal,401,P_1945002,0.0,-12.22816917002883
Normal,401,P_1945008,0.0,-13.518802475798926
Normal,401,P_1946000,0.0,6.178468977262337
Normal,401,P_2044008,0.0,-6.412258351712385
Normal,401,P_2044016,2.4,-3.1088863576941126
Normal,401,P_2044024,0.0,0.0
Normal,401,P_2044042,0.0,0.0
Normal,401,P_2045002,2.0,0.0
Normal,401,P_2046013,3.7,0.0
Normal,401,Q_40032000,17.6672,0.0
Normal,401,Q_40050000,77.2066,0.0
Normal,401,Q_40060001,12.269,0.0
Normal,401,Q_40100000,225.08,62.45076199633135
Normal,401,Q_40185000,21.5977,0.0
Normal,401,Q_40330000,65.5807,-19.447393979977356
Normal,401,Q_40800001,69.6939,0.0
Normal,401,Q_40850000,96.9564,7.336177075402841
Normal,401,Q_40930000,10.905,-12.605428563911408
Normal,402,P_1944059,2.0,0.0
Normal,402,P_1944063,6.5,17.22717149019128
Normal,402,P_1945002,12.2,25.642431089755473
Normal,402,P_1945008,40.0,109.71319314110723
Normal,402,P_1946000,0.0,8.010599547894913
Normal,402,P_2044008,0.0,0.0
Normal,402,P_2044016,9.6,0.0
Normal,402,P_2044024,0.2,0.0
Normal,402,P_2044042,1.8,0.0
Normal,402,P_2045002,7.7,0.0
Normal,402,P_2046013,0.0,0.0
Normal,402,Q_40032000,19.4562,0.0
Normal,402,Q_40050000,75.4471,0.0
Normal,402,Q_40060001,16.6778,30.562385943570185
Normal,402,Q_40100000,235.431,83.58485463693962
Normal,402,Q_40185000,35.9161,0.0
Normal,402,Q_40330000,128.875,68.02462257183777
Normal,402,Q_40800001,220.223,23.80233922781886
Normal,402,Q_40850000,185.423,103.97733900606987
Normal,402,Q_40930000,20.5174,9.353115012028214
Normal,403,P_1944059,0.0,0.0
Normal,403,P_1944063,0.0,-12.228228513604604
Normal,403,P_1945002,0.0,-9.587108703952559
Normal,403,P_1945008,0.0,-11.930455957430748
Normal,403,P_1946000,0.0,0.0
Normal,403,P_2044008,0.0,-6.691942812683294
Normal,403,P_2044016,0.0,0.0
Normal,403,P_2044024,0.0,0.0
Normal,403,P_2044042,0.0,0.0
Normal,403,P_2045002,0.0,0.0
Normal,403,P_2046013,0.0,0.0
Normal,403,Q_40032000,9.815,-6.879860945560278
Normal,403,Q_40050000,33.9909,0.0
Normal,403,Q_40060001,6.7281,-18.514742610824356
Normal,403,Q_40100000,102.085,-101.31649920578623
Normal,403,Q_40185000,8.9101,0.0
Normal,403,Q_40330000,36.022,-58.60804386947912
Normal,403,Q_40800001,35.1065,0.0
Normal,403,Q_40850000,46.3836,-45.19508878020657
Normal,403,Q_40930000,3.9737,-27.60093518521199
Normal,404,P_1944059,0.0,0.0
Normal,404,P_1944063,0.0,-13.144864322305015
Normal,404,P_1945002,0.0,-11.001898830531802
Normal,404,P_1945008,0.0,-12.58043941823535
Normal,404,P_1946000,0.0,0.0
Normal,404,P_2044008,0.0,-6.010365573862197
Normal,404,P_2044016,0.0,0.0
Normal,404,P_2044024,0.0,0.0
Normal,404,P_2044042,0.0,0.0
Normal,404,P_2045002,0.0,0.0
Normal,404,P_2046013,0.0,-4.769986747172302
Normal,404,Q_40032000,14.9066,-4.486669353029754
Normal,404,Q_40050000,59.4195,0.0
Normal,404,Q_40060001,9.9052,-6.1402667807960025
Normal,404,Q_40100000,176.863,0.0
Normal,404,Q_40185000,10.9806,0.0
Normal,404,Q_40330000,53.2416,-35.523941804049706
Normal,404,Q_40800001,57.4099,0.0
Normal,404,Q_40850000,73.0679,-17.27488561546814
Normal,404,Q_40930000,6.8988,-20.99248242639885
Normal,405,P_1944059,0.0,0.0
Normal,405,P_1944063,0.0,-12.838554885463262
Normal,405,P_1945002,0.0,-10.061837227736644
Normal,405,P_1945008,0.0,-11.616098969255741
Normal,405,P_1946000,0.0,0.0
Normal,405,P_2044008,0.0,-5.15566648911217
Normal,405,P_2044016,0.0,-3.4090166535536355
Normal,405,P_2044024,0.0,0.0
Normal,405,P_2044042,0.0,0.0
Normal,405,P_2045002,0.0,0.0
Normal,405,P_2046013,0.0,-4.655400122977707
Normal,405,Q_40032000,10.9561,-6.1043628022973415
Normal,405,Q_40050000,69.8113,0.0
Normal,405,Q_40060001,10.7866,0.0
Normal,405,Q_40100000,183.504,0.0
Normal,405,Q_40185000,10.2333,0.0
Normal,405,Q_40330000,37.5815,-55.03308895334834
Normal,405,Q_40800001,54.3056,0.0
Normal,405,Q_40850000,69.1574,-20.147265848261043
Normal,405,Q_40930000,7.3326,-19.07284388078071
Normal,406,P_1944059,0.0,0.0
Normal,406,P_1944063,0.0,-7.262123093618437
Normal,406,P_1945002,0.0,-4.473803032790241
Normal,406,P_1945008,10.0,0.0
Normal,406,P_1946000,6.0,0.0
Normal,406,P_2044008,0.0,-4.778638350220649
Normal,406,P_2044016,0.0,0.0
Normal,406,P_2044024,0.0,0.0
Normal,406,P_2044042,0.0,0.0
Normal,406,P_2045002,37.3,46.992617270882796
Normal,406,P_2046013,12.5,0.0
Normal,406,Q_40032000,14.6283,-2.9133934426737085
Normal,406,Q_40050000,76.4646,0.0
Normal,406,Q_40060001,7.4108,-15.005525922315028
Normal,406,Q_40100000,128.028,-66.3441381035451
Normal,406,Q_40185000,10.5553,0.0
Normal,406,Q_40330000,34.4864,-59.69672328413532
Normal,406,Q_40800001,36.8451,0.0
Normal,406,Q_40850000,51.4322,-38.40442661644674
Normal,406,Q_40930000,9.7831,-13.41006866026787
Normal,407,P_1944059,0.0,0.0
Normal,407,P_1944063,0.0,-16.8587976053624
Normal,407,P_1945002,0.0,-13.429956412267318
Normal,407,P_1945008,0.0,-14.075903963595264
Normal,407,P_1946000,0.0,0.0
Normal,407,P_2044008,0.0,-6.6734308781182685
Normal,407,P_2044016,0.0,0.0
Normal,407,P_2044024,0.0,0.0
Normal,407,P_2044042,0.9,0.0
Normal,407,P_2045002,0.0,0.0
Normal,407,P_2046013,0.0,-6.024507271943845
Normal,407,Q_40032000,14.0773,-5.351454526486435
Normal,407,Q_40050000,111.539,0.0
Normal,407,Q_40060001,17.9771,25.488929450271755
Normal,407,Q_40100000,306.673,171.32417963699586
Normal,407,Q_40185000,25.4912,0.0
Normal,407,Q_40330000,93.6341,17.35506247774939
Normal,407,Q_40800001,66.6196,0.0
Normal,407,Q_40850000,90.3503,0.0
Normal,407,Q_40930000,10.9131,-13.194326075967563
Normal,408,P_1944059,0.0,0.0
Normal,408,P_1944063,0.0,-13.179318547764336
Normal,408,P_1945002,8.34,16.197246924849065
Normal,408,P_1945008,0.0,-12.989749090235241
Normal,408,P_1946000,0.0,0.0
Normal,408,P_2044008,0.0,0.0
Normal,408,P_2044016,0.0,0.0
Normal,408,P_2044024,0.0,0.0
Normal,408,P_2044042,0.0,0.0
Normal,408,P_2045002,0.0,0.0
Normal,408,P_2046013,0.0,-5.26780091588596
Normal,408,Q_40032000,13.3598,-5.761120893891217
Normal,408,Q_40050000,78.0935,0.0
Normal,408,Q_40060001,7.8104,-14.325891804814862
Normal,408,Q_40100000,261.715,112.20088240339585
Normal,408,Q_40185000,17.9729,0.0
Normal,408,Q_40330000,46.2913,-44.864805127178776
Normal,408,Q_40800001,81.3837,0.0
Normal,408,Q_40850000,121.232,33.53267528808581
Normal,408,Q_40930000,5.6688,-23.38222574903447
Normal,409,P_1944059,0.0,0.0
Normal,409,P_1944063,0.0,-11.61472106581566
Normal,409,P_1945002,0.0,-9.672778604773542
Normal,409,P_1945008,0.0,-12.49711512474866
Normal,409,P_1946000,0.0,0.0
Normal,409,P_2044008,0.0,-6.732877298513406
Normal,409,P_2044016,0.0,0.0
Normal,409,P_2044024,0.0,0.0
Normal,409,P_2044042,0.0,0.0
Normal,409,P_2045002,0.0,0.0
Normal,409,P_2046013,0.0,0.0
Normal,409,Q_40032000,11.0303,-6.714488719678116
Normal,409,Q_40050000,38.1226,0.0
Normal,409,Q_40060001,7.5101,-15.687349763436089
Normal,409,Q_40100000,117.717,-81.36846160596778
Normal,409,Q_40185000,9.7214,0.0
Normal,409,Q_40330000,42.4007,-50.131456790512715
Normal,409,Q_40800001,40.28,0.0
Normal,409,Q_40850000,54.0135,-37.31660860892943
Normal,409,Q_40930000,4.54,-26.506746267989303
Normal,410,P_1944059,1.0,0.0
Normal,410,P_1944063,11.7,13.70664847844161
Normal,410,P_1945002,0.0,0.0
Normal,410,P_1945008,3.9,0.0
Normal,410,P_1946000,0.0,0.0
Normal,410,P_2044008,9.1,0.0
Normal,410,P_2044016,88.1,147.2610123573595
Normal,410,P_2044024,51.0,56.026066644058645
Normal,410,P_2044042,11.0,-10.910242755266964
Normal,410,P_2045002,0.0,0.0
Normal,410,P_2046013,16.6,0.0
Normal,410,Q_40032000,18.6166,0.0
Normal,410,Q_40050000,37.5877,-4.515864706269774
Normal,410,Q_40060001,6.2535,-22.789874242663135
Normal,410,Q_40100000,74.3045,-137.64719997883606
Normal,410,Q_40185000,9.3129,0.0
Normal,410,Q_40330000,29.5441,-65.53579221619631
Normal,410,Q_40800001,54.1836,0.0
Normal,410,Q_40850000,65.9698,-25.907900032209614
Normal,410,Q_40930000,13.8167,-5.790205689798254
Normal,411,P_1944059,0.0,0.0
Normal,411,P_1944063,6.4,16.877636782051944
Normal,411,P_1945002,8.6,15.268501659693062
Normal,411,P_1945008,0.0,-12.03311966149883
Normal,411,P_1946000,0.0,8.323944762234172
Normal,411,P_2044008,0.2,0.0
Normal,411,P_2044016,0.0,0.0
Normal,411,P_2044024,0.0,0.0
Normal,411,P_2044042,4.5,0.0
Normal,411,P_2045002,0.0,0.0
Normal,411,P_2046013,9.0,0.0
Normal,411,Q_40032000,50.3961,37.02687500679116
Normal,411,Q_40050000,143.07,5.018892076894386
Normal,411,Q_40060001,12.8551,9.966440397459941
Normal,411,Q_40100000,321.862,206.82704412141777
Normal,411,Q_40185000,15.0433,0.0
Normal,411,Q_40330000,52.6491,-38.069168365388144
Normal,411,Q_40800001,41.5058,0.0
Normal,411,Q_40850000,55.3181,-37.551487788223305
Normal,411,Q_40930000,16.1074,0.0
Normal,412,P_1944059,22.2,19.375406389496238
Normal,412,P_1944063,8.3,15.692888698070542
Normal,412,P_1945002,0.0,0.0
Normal,412,P_1945008,20.0,38.3701051235031
Normal,412,P_1946000,4.0,0.0
Normal,412,P_2044008,17.4,16.960419073688165
Normal,412,P_2044016,16.0,0.0
Normal,412,P_2044024,6.2,0.0
Normal,412,P_2044042,22.1,0.0
Normal,412,P_2045002,2.2,0.0
Normal,412,P_2046013,37.7,18.342267878474413
Normal,412,Q_40032000,41.4269,13.760601834888519
Normal,412,Q_40050000,144.424,0.0
Normal,412,Q_40060001,27.3731,98.95589686398822
Normal,412,Q_40100000,181.85,0.0
Normal,412,Q_40185000,25.9963,0.0
Normal,412,Q_40330000,91.4617,17.596713600377452
Normal,412,Q_40800001,133.256,17.090848925107448
Normal,412,Q_40850000,158.71,80.91354781086933
Normal,412,Q_40930000,15.0433,0.0
Normal,413,P_1944059,0.0,-3.1289969700741374
Normal,413,P_1944063,0.0,-12.72184131067537
Normal,413,P_1945002,0.0,-11.030259445661535
Normal,413,P_1945008,0.0,-11.940300180193727
Normal,413,P_1946000,0.0,0.0
Normal,413,P_2044008,0.0,-4.978412052384858
Normal,413,P_2044016,0.0,-2.5590991156553393
Normal,413,P_2044024,0.0,0.0
Normal,413,P_2044042,0.0,0.0
Normal,413,P_2045002,0.0,0.0
Normal,413,P_2046013,0.0,-4.26557909325045
Normal,413,Q_40032000,21.5477,0.0
Normal,413,Q_40050000,78.0935,0.0
Normal,413,Q_40060001,11.9215,0.0
Normal,413,Q_40100000,221.514,58.59966025669437
Normal,413,Q_40185000,23.7639,0.0
Normal,413,Q_40330000,60.5345,-24.339162083418735
Normal,413,Q_40800001,71.6199,0.0
Normal,413,Q_40850000,90.3503,0.0
Normal,413,Q_40930000,10.395,-12.336896326448075
Normal,414,P_1944059,29.0,38.65277503934942
Normal,414,P_1944063,3.2,0.0
Normal,414,P_1945002,0.0,0.0
Normal,414,P_1945008,10.1,17.4435642766572
Normal,414,P_1946000,0.0,6.0988661264729105
Normal,414,P_2044008,1.0,0.0
Normal,414,P_2044016,18.5,8.218176649308765
Normal,414,P_2044024,3.4,0.0
Normal,414,P_2044042,3.5,0.0
Normal,414,P_2045002,0.0,0.0
Normal,414,P_2046013,23.9,15.631427019533715
Normal,414,Q_40032000,41.4269,25.617247948192635
Normal,414,Q_40050000,110.55,0.0
Normal,414,Q_40060001,33.5412,124.48040939064913
Normal,414,Q_40100000,181.85,0.0
Normal,414,Q_40185000,27.1366,0.0
Normal,414,Q_40330000,89.3077,11.831444774949851
Normal,414,Q_40800001,104.343,5.722927895724581
Normal,414,Q_40850000,179.548,96.71879067137527
Normal,414,Q_40930000,9.8952,0.0
Normal,415,P_1944059,28.6,18.37873017941503
Normal,415,P_1944063,5.2,0.0
Normal,415,P_1945002,39.1,59.1787738417558
Normal,415,P_1945008,0.0,0.0
Normal,415,P_1946000,18.2,0.0
Normal,415,P_2044008,6.4,0.0
Normal,415,P_2044016,25.5,15.881585069239422
Normal,415,P_2044024,14.0,0.0
Normal,415,P_2044042,28.0,0.0
Normal,415,P_2045002,0.0,0.0
Normal,415,P_2046013,11.2,0.0
Normal,415,Q_40032000,27.2253,0.0
Normal,415,Q_40050000,190.472,4.619953311437712
Normal,415,Q_40060001,28.1639,96.831736832793
Normal,415,Q_40100000,195.362,20.010750681491395
Normal,415,Q_40185000,35.5486,0.0
Normal,415,Q_40330000,112.642,42.344149928832806
Normal,415,Q_40800001,112.797,6.522419648980392
Normal,415,Q_40850000,138.992,49.15295696270503
Normal,415,Q_40930000,86.661,158.1786553668128
Normal,416,P_1944059,0.0,0.0
Normal,416,P_1944063,0.0,-12.983025255359589
Normal,416,P_1945002,0.0,-10.09228007423353
Normal,416,P_1945008,0.0,-12.450128997000297
Normal,416,P_1946000,0.0,0.0
Normal,416,P_2044008,0.0,-7.032395018322916
Normal,416,P_2044016,0.0,0.0
Normal,416,P_2044024,0.0,0.0
Normal,416,P_2044042,0.0,0.0
Normal,416,P_2045002,0.0,0.0
Normal,416,P_2046013,0.0,0.0
Normal,416,Q_40032000,9.8987,-7.59748259053444
Normal,416,Q_40050000,55.23,0.0
Normal,416,Q_40060001,8.5254,-11.75395746013418
Normal,416,Q_40100000,149.403,-39.57526967738145
Normal,416,Q_40185000,8.5372,0.0
Normal,416,Q_40330000,30.5105,-65.17319528127152
Normal,416,Q_40800001,40.4364,0.0
Normal,416,Q_40850000,52.7182,-38.68505992752716
Normal,416,Q_40930000,6.0943,-23.72546264477152
Normal,417,P_1944059,5.0,0.0
Normal,417,P_1944063,0.0,-11.758126180585496
Normal,417,P_1945002,0.0,0.0
Normal,417,P_1945008,7.9,7.687075150819865
Normal,417,P_1946000,8.3,0.0
Normal,417,P_2044008,0.0,0.0
Normal,417,P_2044016,0.0,0.0
Normal,417,P_2044024,4.8,0.0
Normal,417,P_2044042,1.5,0.0
Normal,417,P_2045002,4.8,0.0
Normal,417,P_2046013,56.2,33.38289324822381
Normal,417,Q_40032000,79.953,55.40631368433402
Normal,417,Q_40050000,102.127,0.0
Normal,417,Q_40060001,14.9122,18.619017812615017
Normal,417,Q_40100000,249.94,98.62014602784019
Normal,417,Q_40185000,24.8498,0.0
Normal,417,Q_40330000,90.7417,13.89523207547805
Normal,417,Q_40800001,136.359,14.013642667146677
Normal,417,Q_40850000,162.416,80.2685248752939
Normal,417,Q_40930000,12.2696,-10.704074920515097
Normal,418,P_1944059,0.0,0.0
Normal,418,P_1944063,0.0,-11.661395419094847
Normal,418,P_1945002,0.0,-9.349268498544792
Normal,418,P_1945008,0.0,-12.124133859315839
Normal,418,P_1946000,0.0,0.0
Normal,418,P_2044008,0.0,-6.163020858342853
Normal,418,P_2044016,0.0,-4.257346940816102
Normal,418,P_2044024,1.4,0.0
Normal,418,P_2044042,10.6,0.0
Normal,418,P_2045002,8.1,0.0
Normal,418,P_2046013,17.4,17.3107020029097
Normal,418,Q_40032000,20.5571,0.0
Normal,418,Q_40050000,130.689,0.0
Normal,418,Q_40060001,11.4632,0.0
Normal,418,Q_40100000,230.462,70.2780518076399
Normal,418,Q_40185000,24.872,0.0
Normal,418,Q_40330000,55.0332,-32.788004294960245
Normal,418,Q_40800001,55.104,0.0
Normal,418,Q_40850000,69.1574,-20.528820616867947
Normal,418,Q_40930000,12.6941,-8.499131577268578
Normal,419,P_1944059,0.0,0.0
Normal,419,P_1944063,0.0,-12.428077465677354
Normal,419,P_1945002,0.0,-10.167028963994083
Normal,419,P_1945008,0.0,-12.45068692826447
Normal,419,P_1946000,0.0,0.0
Normal,419,P_2044008,0.2,-6.723879058016224
Normal,419,P_2044016,0.0,0.0
Normal,419,P_2044024,0.0,0.0
Normal,419,P_2044042,0.0,0.0
Normal,419,P_2045002,0.0,0.0
Normal,419,P_2046013,0.0,0.0
Normal,419,Q_40032000,12.2852,-6.441941113502793
Normal,419,Q_40050000,44.5045,0.0
Normal,419,Q_40060001,8.422,-12.225381273566686
Normal,419,Q_40100000,138.612,-53.82555495096897
Normal,419,Q_40185000,12.2885,0.0
Normal,419,Q_40330000,33.9799,-60.95260566780543
Normal,419,Q_40800001,46.4662,0.0
Normal,419,Q_40850000,61.6168,-29.224753092781093
Normal,419,Q_40930000,5.2811,-24.71617800180327
Normal,420,P_1944059,36.0,27.984426707386504
Normal,420,P_1944063,14.9,27.763561855980036
Normal,420,P_1945002,36.4,38.55014198974082
Normal,420,P_1945008,0.0,0.0
Normal,420,P_1946000,15.0,0.0
Normal,420,P_2044008,17.3,16.53578554143344
Normal,420,P_2044016,28.5,18.0652697508069
Normal,420,P_2044024,25.0,0.0
Normal,420,P_2044042,8.2,0.0
Normal,420,P_2045002,19.3,0.0
Normal,420,P_2046013,20.0,0.0
Normal,420,Q_40032000,22.5515,0.0
Normal,420,Q_40050000,129.39,0.0
Normal,420,Q_40060001,12.1528,5.958149577212794
Normal,420,Q_40100000,183.522,0.0
Normal,420,Q_40185000,26.5645,0.0
Normal,420,Q_40330000,91.4617,12.99429715980676
Normal,420,Q_40800001,115.899,8.640955312789258
Normal,420,Q_40850000,123.705,37.13000589915351
Normal,420,Q_40930000,101.003,194.93329478696594
Normal,421,P_1944059,0.0,0.0
Normal,421,P_1944063,0.0,-16.31323194309948
Normal,421,P_1945002,8.9,13.944249077053756
Normal,421,P_1945008,13.5,29.283348038734882
Normal,421,P_1946000,0.0,5.588505422393796
Normal,421,P_2044008,0.0,0.0
Normal,421,P_2044016,0.0,0.0
Normal,421,P_2044024,0.0,0.0
Normal,421,P_2044042,0.3,0.0
Normal,421,P_2045002,0.0,0.0
Normal,421,P_2046013,33.2,25.923504030530612
Normal,421,Q_40032000,53.2794,44.61259728875474
Normal,421,Q_40050000,262.682,7.292441811992811
Normal,421,Q_40060001,15.0362,17.398046695784384
Normal,421,Q_40100000,500.003,452.71404918728825
Normal,421,Q_40185000,28.2927,0.0
Normal,421,Q_40330000,70.7706,0.0
Normal,421,Q_40800001,53.5073,0.0
Normal,421,Q_40850000,79.7908,0.0
Normal,421,Q_40930000,33.9353,37.88062848356087
Normal,422,P_1944059,0.0,0.0
Normal,422,P_1944063,0.0,-11.360144310858058
Normal,422,P_1945002,4.8,0.0
Normal,422,P_1945008,0.0,-11.316554742980491
Normal,422,P_1946000,0.0,0.0
Normal,422,P_2044008,0.0,-5.841832521483871
Normal,422,P_2044016,0.0,0.0
Normal,422,P_2044024,0.0,0.0
Normal,422,P_2044042,0.0,0.0
Normal,422,P_2045002,0.0,0.0
Normal,422,P_2046013,0.0,0.0
Normal,422,Q_40032000,13.5778,-5.382370752856244
Normal,422,Q_40050000,81.6878,0.0
Normal,422,Q_40060001,8.0126,-12.90787983810731
Normal,422,Q_40100000,131.025,-62.50929770435104
Normal,422,Q_40185000,9.3129,0.0
Normal,422,Q_40330000,32.4766,-62.49438320291627
Normal,422,Q_40800001,28.858,-4.453575476083813
Normal,422,Q_40850000,36.7667,-54.94578775787841
Normal,422,Q_40930000,9.7831,-14.363266556521106
Normal,423,P_1944059,0.0,0.0
Normal,423,P_1944063,0.0,-13.035844400873003
Normal,423,P_1945002,0.0,-10.017093081260454
Normal,423,P_1945008,0.0,-13.05204417193691
Normal,423,P_1946000,0.0,0.0
Normal,423,P_2044008,0.0,0.0
Normal,423,P_2044016,0.0,0.0
Normal,423,P_2044024,0.0,0.0
Normal,423,P_2044042,0.0,0.0
Normal,423,P_2045002,0.0,0.0
Normal,423,P_2046013,0.0,0.0
Normal,423,Q_40032000,12.7119,-6.92461560637588
Normal,423,Q_40050000,72.1565,0.0
Normal,423,Q_40060001,7.6098,-15.88120778226032
Normal,423,Q_40100000,119.173,-79.71250227613804
Normal,423,Q_40185000,8.5132,0.0
Normal,423,Q_40330000,32.9749,-62.513556780839224
Normal,423,Q_40800001,25.3836,-6.459699890559758
Normal,423,Q_40850000,32.7733,-59.314397803214284
Normal,423,Q_40930000,8.0325,-19.840690518820907
Normal,424,P_1944059,0.0,0.0
Normal,424,P_1944063,0.0,-14.578140062535075
Normal,424,P_1945002,0.0,-11.953701647507813
Normal,424,P_1945008,0.0,-13.350077090450137
Normal,424,P_1946000,0.0,0.0
Normal,424,P_2044008,0.0,-7.427266356576104
Normal,424,P_2044016,0.0,0.0
Normal,424,P_2044024,0.0,0.0
Normal,424,P_2044042,0.0,0.0
Normal,424,P_2045002,0.0,0.0
Normal,424,P_2046013,0.0,0.0
Normal,424,Q_40032000,15.5841,-4.376943200409059
Normal,424,Q_40050000,102.573,0.0
Normal,424,Q_40060001,9.3667,-8.625376493438962
Normal,424,Q_40100000,217.967,52.43377492445326
Normal,424,Q_40185000,10.1356,0.0
Normal,424,Q_40330000,42.4007,-51.10256841655083
Normal,424,Q_40800001,33.3272,0.0
Normal,424,Q_40850000,48.8886,-42.57038207271546
Normal,424,Q_40930000,53.6324,81.4901444364592
Normal,425,P_1944059,0.0,-2.297766152688098
Normal,425,P_1944063,0.5,-10.822895930300902
Normal,425,P_1945002,0.0,-11.309846682564634
Normal,425,P_1945008,0.0,-11.89878962742691
Normal,425,P_1946000,0.0,0.0
Normal,425,P_2044008,0.0,-4.847530189892141
Normal,425,P_2044016,0.0,-2.8278280793531776
Normal,425,P_2044024,0.4,0.0
Normal,425,P_2044042,0.0,0.0
Normal,425,P_2045002,0.6,0.0
Normal,425,P_2046013,2.6,0.0
Normal,425,Q_40032000,19.0965,0.0
Normal,425,Q_40050000,89.1033,0.0
Normal,425,Q_40060001,13.211,0.0
Normal,425,Q_40100000,248.693,95.62024619625653
Normal,425,Q_40185000,24.872,0.0
Normal,425,Q_40330000,76.101,-3.90567582033258
Normal,425,Q_40800001,105.647,0.0
Normal,425,Q_40850000,144.257,58.16060016491228
Normal,425,Q_40930000,10.395,-11.976795707490743
Normal,426,P_1944059,0.0,0.0
Normal,426,P_1944063,0.0,-12.466443598224345
Normal,426,P_1945002,8.9,20.174178791795423
Normal,426,P_1945008,0.0,-12.14516587716213
Normal,426,P_1946000,0.0,7.072780322927651
Normal,426,P_2044008,0.0,-6.440807508588988
Normal,426,P_2044016,0.0,-3.569719568193782
Normal,426,P_2044024,0.0,0.0
Normal,426,P_2044042,0.0,0.0
Normal,426,P_2045002,0.0,0.0
Normal,426,P_2046013,0.0,-3.537634178097157
Normal,426,Q_40032000,23.5683,0.0
Normal,426,Q_40050000,128.958,0.0
Normal,426,Q_40060001,11.2362,0.0
Normal,426,Q_40100000,223.295,63.331654038917414
Normal,426,Q_40185000,13.6433,0.0
Normal,426,Q_40330000,47.9961,-42.19400284940496
Normal,426,Q_40800001,39.797,0.0
Normal,426,Q_40850000,55.3181,-35.02133746730261
Normal,426,Q_40930000,17.274,0.0
Normal,427,P_1944059,0.0,0.0
Normal,427,P_1944063,0.0,-14.803048884138173
Normal,427,P_1945002,0.0,-11.793046706831202
Normal,427,P_1945008,0.0,-13.598018949145665
Normal,427,P_1946000,0.0,0.0
Normal,427,P_2044008,0.0,-7.026298965656067
Normal,427,P_2044016,0.0,0.0
Normal,427,P_2044024,0.0,0.0
Normal,427,P_2044042,0.0,0.0
Normal,427,P_2045002,0.0,0.0
Normal,427,P_2046013,0.0,-5.334989837519947
Normal,427,Q_40032000,16.0405,0.0
Normal,427,Q_40050000,113.81,0.0
Normal,427,Q_40060001,9.581,-8.689213675806142
Normal,427,Q_40100000,239.522,81.72117892311498
Normal,427,Q_40185000,10.1356,0.0
Normal,427,Q_40330000,41.855,-51.66033990787602
Normal,427,Q_40800001,35.6849,0.0
Normal,427,Q_40850000,50.7927,-40.672114070554684
Normal,427,Q_40930000,52.799,80.50418788225132
Normal,428,P_1944059,0.0,0.0
Normal,428,P_1944063,0.0,-15.257138046780092
Normal,428,P_1945002,0.0,-12.427295803342984
Normal,428,P_1945008,0.0,-13.96287046509505
Normal,428,P_1946000,0.0,0.0
Normal,428,P_2044008,0.0,-6.250815176580444
Normal,428,P_2044016,0.0,-3.9976773949051676
Normal,428,P_2044024,0.0,0.0
Normal,428,P_2044042,0.0,0.0
Normal,428,P_2045002,13.4,0.0
Normal,428,P_2046013,0.0,-5.239312313704513
Normal,428,Q_40032000,24.0814,0.0
Normal,428,Q_40050000,104.492,0.0
Normal,428,Q_40060001,17.584,25.545500923796972
Normal,428,Q_40100000,319.86,190.41198108514644
Normal,428,Q_40185000,34.3023,0.0
Normal,428,Q_40330000,76.101,0.0
Normal,428,Q_40800001,88.3446,0.0
Normal,428,Q_40850000,145.143,56.751903317017096
Normal,428,Q_40930000,13.3224,-6.916214692713882
Normal,429,P_1944059,0.0,0.0
Normal,429,P_1944063,0.0,-12.292734612584296
Normal,429,P_1945002,0.0,-10.9518287029516
Normal,429,P_1945008,0.0,-11.961826163969215
Normal,429,P_1946000,0.0,0.0
Normal,429,P_2044008,0.0,-6.979341660284774
Normal,429,P_2044016,0.0,0.0
Normal,429,P_2044024,0.0,0.0
Normal,429,P_2044042,0.0,0.0
Normal,429,P_2045002,0.0,0.0
Normal,429,P_2046013,0.0,0.0
Normal,429,Q_40032000,9.8987,-7.8999641626906145
Normal,429,Q_40050000,57.8359,0.0
Normal,429,Q_40060001,9.2602,-9.096917803658405
Normal,429,Q_40100000,159.774,-26.400640121956748
Normal,429,Q_40185000,8.5372,0.0
Normal,429,Q_40330000,30.9979,-65.27937860654741
Normal,429,Q_40800001,42.0889,0.0
Normal,429,Q_40850000,54.6647,-36.88563761311894
Normal,429,Q_40930000,6.7087,-21.804759207290225
Normal,430,P_1944059,0.0,0.0
Normal,430,P_1944063,0.0,-12.896413095483048
Normal,430,P_1945002,0.0,-10.542592545321673
Normal,430,P_1945008,0.0,-13.290043293316938
Normal,430,P_1946000,0.0,0.0
Normal,430,P_2044008,0.0,-7.348872044500346
Normal,430,P_2044016,0.0,0.0
Normal,430,P_2044024,0.0,0.0
Normal,430,P_2044042,0.0,0.0
Normal,430,P_2045002,0.0,0.0
Normal,430,P_2046013,0.0,0.0
Normal,430,Q_40032000,13.7968,-5.7309226031528056
Normal,430,Q_40050000,82.5039,0.0
Normal,430,Q_40060001,8.5254,-12.549978725712998
Normal,430,Q_40100000,151.03,-37.60901078668486
Normal,430,Q_40185000,9.7214,0.0
Normal,430,Q_40330000,34.9956,-60.34744131560232
Normal,430,Q_40800001,28.1449,0.0
Normal,430,Q_40850000,37.9323,-54.36635062650984
Normal,430,Q_40930000,13.0665,-8.199955864861185
Normal,431,P_1944059,0.0,0.0
Normal,431,P_1944063,0.0,-13.27506360845247
Normal,431,P_1945002,3.8,0.0
Normal,431,P_1945008,0.0,-12.46304333518531
Normal,431,P_1946000,0.0,7.623449236126063
Normal,431,P_2044008,0.0,-6.268219646608914
Normal,431,P_2044016,0.0,-3.5091003532644294
Normal,431,P_2044024,0.0,0.0
Normal,431,P_2044042,0.0,0.0
Normal,431,P_2045002,0.0,0.0
Normal,431,P_2046013,0.0,-3.7363530393501825
Normal,431,Q_40032000,47.2468,38.29246646791981
Normal,431,Q_40050000,142.62,0.0
Normal,431,Q_40060001,11.6916,0.0
Normal,431,Q_40100000,284.525,145.8949632905046
Normal,431,Q_40185000,16.001,0.0
Normal,431,Q_40330000,57.455,-29.7765107413109
Normal,431,Q_40800001,45.0334,0.0
Normal,431,Q_40850000,73.0679,-16.750869610977364
Normal,431,Q_40930000,16.1074,0.0
Normal,432,P_1944059,0.0,0.0
Normal,432,P_1944063,0.0,-11.455738899722968
Normal,432,P_1945002,0.0,-9.538447741299793
Normal,432,P_1945008,0.0,-12.050788712028952
Normal,432,P_1946000,0.0,0.0
Normal,432,P_2044008,0.0,-6.737332852529164
Normal,432,P_2044016,0.0,0.0
Normal,432,P_2044024,0.0,0.0
Normal,432,P_2044042,0.0,0.0
Normal,432,P_2045002,0.0,0.0
Normal,432,P_2046013,0.0,0.0
Normal,432,Q_40032000,9.0278,-7.288593998481659
Normal,432,Q_40050000,31.2307,0.0
Normal,432,Q_40060001,6.3475,-20.39012029604032
Normal,432,Q_40100000,92.5145,-113.84473539661796
Normal,432,Q_40185000,7.7372,0.0
Normal,432,Q_40330000,34.4864,-60.334235077018285
Normal,432,Q_40800001,33.4105,0.0
Normal,432,Q_40850000,41.4926,-50.02264792214011
Normal,432,Q_40930000,3.4196,-28.275122866594867
Normal,433,P_1944059,18.6,22.85887517792144
Normal,433,P_1944063,0.0,-10.086192849588352
Normal,433,P_1945002,0.0,-7.800990993549227
Normal,433,P_1945008,12.3,20.125626241594283
Normal,433,P_1946000,0.0,0.0
Normal,433,P_2044008,0.0,0.0
Normal,433,P_2044016,2.0,0.0
Normal,433,P_2044024,1.0,0.0
Normal,433,P_2044042,26.0,-10.005070635406916
Normal,433,P_2045002,0.0,0.0
Normal,433,P_2046013,1.8,0.0
Normal,433,Q_40032000,13.3598,0.0
Normal,433,Q_40050000,63.3933,0.0
Normal,433,Q_40060001,5.3384,-24.951052458966778
Normal,433,Q_40100000,119.173,-80.28838610673735
Normal,433,Q_40185000,16.4869,0.0
Normal,433,Q_40330000,55.6351,-32.77991915495626
Normal,433,Q_40800001,96.4193,0.0
Normal,433,Q_40850000,176.641,92.29691343760568
Normal,433,Q_40930000,8.4572,-18.449198500468757
Normal,434,P_1944059,48.3,54.09831849205778
Normal,434,P_1944063,21.7,40.14977821193208
Normal,434,P_1945002,6.8,0.0
Normal,434,P_1945008,0.0,0.0
Normal,434,P_1946000,16.4,0.0
Normal,434,P_2044008,0.4,0.0
Normal,434,P_2044016,42.1,25.655816934283003
Normal,434,P_2044024,71.7,63.47877948671973
Normal,434,P_2044042,3.3,0.0
Normal,434,P_2045002,10.0,0.0
Normal,434,P_2046013,4.6,0.0
Normal,434,Q_40032000,19.8993,0.0
Normal,434,Q_40050000,76.912,0.0
Normal,434,Q_40060001,18.6383,34.45563213915301
Normal,434,Q_40100000,240.84,74.4001004065421
Normal,434,Q_40185000,25.4912,0.0
Normal,434,Q_40330000,93.6341,12.057248137492365
Normal,434,Q_40800001,152.182,13.952977585726618
Normal,434,Q_40850000,138.122,44.225871748058196
Normal,434,Q_40930000,25.4579,13.378240439311032
Normal,435,P_1944059,4.0,0.0
Normal,435,P_1944063,1.1,0.0
Normal,435,P_1945002,0.0,0.0
Normal,435,P_1945008,25.3,47.007481550610294
Normal,435,P_1946000,3.3,0.0
Normal,435,P_2044008,24.9,27.72905032623073
Normal,435,P_2044016,40.1,45.916373191429656
Normal,435,P_2044024,11.0,0.0
Normal,435,P_2044042,3.5,0.0
Normal,435,P_2045002,9.7,0.0
Normal,435,P_2046013,30.0,18.969914957687852
Normal,435,Q_40032000,14.4597,0.0
Normal,435,Q_40050000,183.932,8.65411153519775
Normal,435,Q_40060001,8.2165,-15.462485057239974
Normal,435,Q_40100000,141.684,-49.9087840005676
Normal,435,Q_40185000,15.5197,0.0
Normal,435,Q_40330000,73.4184,0.0
Normal,435,Q_40800001,127.606,13.42396495506389
Normal,435,Q_40850000,112.351,25.995386077210693
Normal,435,Q_40930000,7.5507,-21.74416157544115
Normal,436,P_1944059,0.0,0.0
Normal,436,P_1944063,3.0,0.0
Normal,436,P_1945002,0.0,-15.927320892910757
Normal,436,P_1945008,0.0,-16.229045258423714
Normal,436,P_1946000,0.0,6.899114695301439
Normal,436,P_2044008,4.0,0.0
Normal,436,P_2044016,4.9,0.0
Normal,436,P_2044024,6.5,0.0
Normal,436,P_2044042,6.7,0.0
Normal,436,P_2045002,1.0,0.0
Normal,436,P_2046013,0.0,0.0
Normal,436,Q_40032000,25.5314,9.295129710495186
Normal,436,Q_40050000,82.2946,0.0
Normal,436,Q_40060001,15.6612,17.964104511453932
Normal,436,Q_40100000,289.277,149.36284906519302
Normal,436,Q_40185000,26.7943,0.0
Normal,436,Q_40330000,98.0341,21.725340333547095
Normal,436,Q_40800001,203.353,12.852509534751176
Normal,436,Q_40850000,335.999,247.42275285146064
Normal,436,Q_40930000,34.2463,38.44875481165789
Normal,437,P_1944059,0.0,-4.340529137606648
Normal,437,P_1944063,0.0,-15.151716779503937
Normal,437,P_1945002,0.0,-11.912962079453456
Normal,437,P_1945008,0.0,-14.61322065489807
Normal,437,P_1946000,0.0,0.0
Normal,437,P_2044008,0.0,-6.981172179716855
Normal,437,P_2044016,0.0,0.0
Normal,437,P_2044024,0.0,0.0
Normal,437,P_2044042,0.0,0.0
Normal,437,P_2045002,0.0,0.0
Normal,437,P_2046013,0.0,0.0
Normal,437,Q_40032000,19.0965,0.0
Normal,437,Q_40050000,106.531,0.0
Normal,437,Q_40060001,8.5254,-12.284802933884865
Normal,437,Q_40100000,217.967,51.957589520884795
Normal,437,Q_40185000,20.5401,0.0
Normal,437,Q_40330000,57.455,-30.414162806662276
Normal,437,Q_40800001,39.3104,0.0
Normal,437,Q_40850000,59.1871,-32.0560725600777
Normal,437,Q_40930000,58.7321,94.39859248906991
Normal,438,P_1944059,63.4,112.16233533665552
Normal,438,P_1944063,0.0,0.0
Normal,438,P_1945002,12.1,14.564611767365363
Normal,438,P_1945008,0.0,-11.716736510004267
Normal,438,P_1946000,9.0,0.0
Normal,438,P_2044008,46.1,67.6395253860004
Normal,438,P_2044016,26.6,6.19274981831059
Normal,438,P_2044024,5.8,0.0
Normal,438,P_2044042,4.5,0.0
Normal,438,P_2045002,9.7,0.0
Normal,438,P_2046013,0.0,0.0
Normal,438,Q_40032000,41.4269,12.392334813986851
Normal,438,Q_40050000,159.19,0.0
Normal,438,Q_40060001,10.564,0.0
Normal,438,Q_40100000,170.284,-15.675658397017056
Normal,438,Q_40185000,18.4774,0.0
Normal,438,Q_40330000,82.2622,0.0
Normal,438,Q_40800001,110.909,7.543093414055467
Normal,438,Q_40850000,160.559,68.62431274206294
Normal,438,Q_40930000,8.4572,-18.0686900440462
Normal,439,P_1944059,0.0,0.0
Normal,439,P_1944063,0.0,-12.452570804749636
Normal,439,P_1945002,28.6,83.5964738688154
Normal,439,P_1945008,0.0,-11.524171600640065
Normal,439,P_1946000,0.0,7.33117393099522
Normal,439,P_2044008,0.0,-6.56628150362311
Normal,439,P_2044016,0.0,0.0
Normal,439,P_2044024,0.0,0.0
Normal,439,P_2044042,0.0,0.0
Normal,439,P_2045002,0.0,0.0
Normal,439,P_2046013,0.0,0.0
Normal,439,Q_40032000,14.6827,0.0
Normal,439,Q_40050000,93.5674,0.0
Normal,439,Q_40060001,9.0483,-8.794243675737851
Normal,439,Q_40100000,274.947,137.15523884847
Normal,439,Q_40185000,21.5977,0.0
Normal,439,Q_40330000,69.4598,-13.476491066446567
Normal,439,Q_40800001,94.389,0.0
Normal,439,Q_40850000,174.715,94.28307615455236
Normal,439,Q_40930000,9.4055,-15.85739955473488
Normal,440,P_1944059,0.0,0.0
Normal,440,P_1944063,0.0,-12.25388497725556
Normal,440,P_1945002,0.0,-10.110131785977124
Normal,440,P_1945008,0.0,-12.499248247945543
Normal,440,P_1946000,0.0,0.0
Normal,440,P_2044008,0.0,-6.7467900720485545
Normal,440,P_2044016,0.0,0.0
Normal,440,P_2044024,0.0,0.0
Normal,440,P_2044042,0.0,0.0
Normal,440,P_2045002,0.0,0.0
Normal,440,P_2046013,0.0,0.0
Normal,440,Q_40032000,9.3865,-7.947227739119796
Normal,440,Q_40050000,54.2655,0.0
Normal,440,Q_40060001,8.0126,-13.784631257422676
Normal,440,Q_40100000,146.01,-44.259647326372644
Normal,440,Q_40185000,8.5372,0.0
Normal,440,Q_40330000,29.5441,-67.04659167796959
Normal,440,Q_40800001,40.4364,0.0
Normal,440,Q_40850000,52.7182,-38.53951560160888
Normal,440,Q_40930000,6.0943,-23.443027205659977
Normal,441,P_1944059,0.0,0.0
Normal,441,P_1944063,0.0,-13.193374611625188
Normal,441,P_1945002,6.8,12.41456579501669
Normal,441,P_1945008,0.0,-12.067241225838062
Normal,441,P_1946000,0.0,0.0
Normal,441,P_2044008,0.0,-7.258132672822022
Normal,441,P_2044016,0.0,0.0
Normal,441,P_2044024,0.0,0.0
Normal,441,P_2044042,0.0,0.0
Normal,441,P_2045002,0.0,0.0
Normal,441,P_2046013,0.0,-5.036085433466688
Normal,441,Q_40032000,15.5841,0.0
Normal,441,Q_40050000,98.6386,0.0
Normal,441,Q_40060001,9.2602,-8.845899947192695
Normal,441,Q_40100000,207.436,40.10158695583908
Normal,441,Q_40185000,10.1356,0.0
Normal,441,Q_40330000,40.7711,-52.34262044001725
Normal,441,Q_40800001,31.8011,0.0
Normal,441,Q_40850000,47.6312,-44.491656124177574
Normal,441,Q_40930000,55.3135,87.2550929652471
Normal,442,P_1944059,0.0,0.0
Normal,442,P_1944063,0.0,-10.208963932696587
Normal,442,P_1945002,23.4,53.97262340908746
Normal,442,P_1945008,0.0,-10.203006286555397
Normal,442,P_1946000,0.0,0.0
Normal,442,P_2044008,0.0,-5.364159122805911
Normal,442,P_2044016,0.0,0.0
Normal,442,P_2044024,0.0,0.0
Normal,442,P_2044042,0.0,0.0
Normal,442,P_2045002,0.0,0.0
Normal,442,P_2046013,0.0,0.0
Normal,442,Q_40032000,13.5778,-4.638201936974447
Normal,442,Q_40050000,54.3083,0.0
Normal,442,Q_40060001,9.4737,-6.494975312683351
Normal,442,Q_40100000,163.784,-15.235618225193164
Normal,442,Q_40185000,11.4112,0.0
Normal,442,Q_40330000,53.8364,-35.00062821007222
Normal,442,Q_40800001,58.3397,0.0
Normal,442,Q_40850000,77.7471,-9.909752323711293
Normal,442,Q_40930000,6.0678,-22.44376590290044
Normal,443,P_1944059,0.0,0.0
Normal,443,P_1944063,20.0,72.21535573762038
Normal,443,P_1945002,0.0,-8.006275915090114
Normal,443,P_1945008,0.0,-10.549804965562243
Normal,443,P_1946000,4.0,0.0
Normal,443,P_2044008,0.0,-5.9151900771832455
Normal,443,P_2044016,0.6,0.0
Normal,443,P_2044024,0.0,0.0
Normal,443,P_2044042,0.1,0.0
Normal,443,P_2045002,0.0,0.0
Normal,443,P_2046013,0.0,0.0
Normal,443,Q_40032000,14.4597,-4.725152693947464
Normal,443,Q_40050000,54.5588,0.0
Normal,443,Q_40060001,9.4737,-6.742627752841792
Normal,443,Q_40100000,162.172,-18.058941895426198
Normal,443,Q_40185000,11.8472,0.0
Normal,443,Q_40330000,55.6351,-32.325164254313954
Normal,443,Q_40800001,60.2072,0.0
Normal,443,Q_40850000,76.3974,-12.161777755973647
Normal,443,Q_40930000,6.2714,-22.482210068662074
Normal,444,P_1944059,0.0,0.0
Normal,444,P_1944063,0.0,-13.101022576914177
Normal,444,P_1945002,0.0,-11.24520787693437
Normal,444,P_1945008,0.0,-13.070722504835897
Normal,444,P_1946000,0.0,0.0
Normal,444,P_2044008,0.0,-6.876593417393319
Normal,444,P_2044016,0.0,0.0
Normal,444,P_2044024,0.0,0.0
Normal,444,P_2044042,0.0,0.0
Normal,444,P_2045002,0.0,0.0
Normal,444,P_2046013,0.0,-5.469903431680706
Normal,444,Q_40032000,16.5007,0.0
Normal,444,Q_40050000,100.617,0.0
Normal,444,Q_40060001,9.4737,-9.081292793749551
Normal,444,Q_40100000,173.564,-7.5847708011024935
Normal,444,Q_40185000,10.9806,0.0
Normal,444,Q_40330000,39.1647,-54.81853614106867
Normal,444,Q_40800001,31.8011,0.0
Normal,444,Q_40850000,42.7002,-49.08548254964517
Normal,444,Q_40930000,10.8599,-12.761092020712303
Normal,445,P_1944059,0.0,0.0
Normal,445,P_1944063,0.0,-12.956307483088093
Normal,445,P_1945002,0.0,-11.4254610194015
Normal,445,P_1945008,0.0,-12.77919435816382
Normal,445,P_1946000,0.0,0.0
Normal,445,P_2044008,0.0,-6.111847566406075
Normal,445,P_2044016,0.0,0.0
Normal,445,P_2044024,0.0,0.0
Normal,445,P_2044042,0.0,0.0
Normal,445,P_2045002,0.0,0.0
Normal,445,P_2046013,0.0,-5.171764666916317
Normal,445,Q_40032000,14.4597,0.0
Normal,445,Q_40050000,57.6062,0.0
Normal,445,Q_40060001,9.4737,-7.687429121704349
Normal,445,Q_40100000,171.921,-9.238078520350939
Normal,445,Q_40185000,10.1356,0.0
Normal,445,Q_40330000,51.4714,-37.74837723314318
Normal,445,Q_40800001,64.9201,0.0
Normal,445,Q_40850000,76.3974,-13.546884647851725
Normal,445,Q_40930000,6.687,-21.742572954041858
Normal,446,P_1944059,21.6,0.0
Normal,446,P_1944063,17.8,25.73182808167423
Normal,446,P_1945002,6.1,0.0
Normal,446,P_1945008,0.0,0.0
Normal,446,P_1946000,6.2,0.0
Normal,446,P_2044008,29.4,25.672510723711433
Normal,446,P_2044016,37.3,24.133039138439297
Normal,446,P_2044024,39.9,18.45381617683438
Normal,446,P_2044042,16.0,-17.06695170734614
Normal,446,P_2045002,26.0,0.0
Normal,446,P_2046013,7.3,0.0
Normal,446,Q_40032000,7.1451,0.0
Normal,446,Q_40050000,25.6049,0.0
Normal,446,Q_40060001,5.3384,-28.723316790761974
Normal,446,Q_40100000,128.028,-70.20968115059554
Normal,446,Q_40185000,10.5553,0.0
Normal,446,Q_40330000,37.059,-57.2315660029916
Normal,446,Q_40800001,60.2072,0.0
Normal,446,Q_40850000,60.3967,-32.127037085828455
Normal,446,Q_40930000,9.4055,-14.462189813578515
Normal,447,P_1944059,0.0,0.0
Normal,447,P_1944063,0.0,-15.915381858400107
Normal,447,P_1945002,0.0,-13.145308250982644
Normal,447,P_1945008,0.0,-13.455615867687694
Normal,447,P_1946000,8.0,0.0
Normal,447,P_2044008,0.0,-5.642848112766435
Normal,447,P_2044016,0.0,0.0
Normal,447,P_2044024,0.0,0.0
Normal,447,P_2044042,1.8,0.0
Normal,447,P_2045002,0.0,0.0
Normal,447,P_2046013,0.0,-5.575773647986578
Normal,447,Q_40032000,13.3598,-4.790085153115626
Normal,447,Q_40050000,51.3448,0.0
Normal,447,Q_40060001,13.811,0.0
Normal,447,Q_40100000,325.876,197.85285710543926
Normal,447,Q_40185000,25.9963,0.0
Normal,447,Q_40330000,70.1141,-12.460954891343626
Normal,447,Q_40800001,99.4788,0.0
Normal,447,Q_40850000,168.044,81.34991146438587
Normal,447,Q_40930000,35.4304,41.02426845779597
Normal,448,P_1944059,0.0,0.0
Normal,448,P_1944063,0.0,-11.575668868405018
Normal,448,P_1945002,2.1,0.0
Normal,448,P_1945008,47.6,107.76543654802268
Normal,448,P_1946000,17.2,-18.02158333900561
Normal,448,P_2044008,0.0,0.0
Normal,448,P_2044016,1.0,0.0
Normal,448,P_2044024,0.0,0.0
Normal,448,P_2044042,2.8,0.0
Normal,448,P_2045002,9.2,0.0
Normal,448,P_2046013,6.4,0.0
Normal,448,Q_40032000,57.8542,37.88083644032224
Normal,448,Q_40050000,162.499,8.451157470462924
Normal,448,Q_40060001,15.7871,25.14825618438626
Normal,448,Q_40100000,246.85,93.34421643828568
Normal,448,Q_40185000,16.4869,0.0
Normal,448,Q_40330000,48.5692,-45.85405863888043
Normal,448,Q_40800001,42.374,0.0
Normal,448,Q_40850000,58.5863,-35.4561117915627
Normal,448,Q_40930000,23.7072,16.807734309524836
Normal,449,P_1944059,0.0,0.0
Normal,449,P_1944063,0.0,-12.723364219082692
Normal,449,P_1945002,0.0,-10.094577753554775
Normal,449,P_1945008,0.0,-12.503449248964074
Normal,449,P_1946000,5.2,0.0
Normal,449,P_2044008,0.0,-7.1417591106538145
Normal,449,P_2044016,0.0,0.0
Normal,449,P_2044024,4.0,0.0
Normal,449,P_2044042,0.0,0.0
Normal,449,P_2045002,1.1,0.0
Normal,449,P_2046013,0.0,-5.767662540261853
Normal,449,Q_40032000,16.3228,0.0
Normal,449,Q_40050000,78.0565,0.0
Normal,449,Q_40060001,7.2136,-17.782508519646147
Normal,449,Q_40100000,131.025,-64.69395253494685
Normal,449,Q_40185000,10.1356,0.0
Normal,449,Q_40330000,37.059,-57.7755473756741
Normal,449,Q_40800001,41.8251,0.0
Normal,449,Q_40850000,52.7182,-39.481530340630634
Normal,449,Q_40930000,10.14,-15.111778818277907
Normal,450,P_1944059,0.0,-2.7437359555995045
Normal,450,P_1944063,0.0,-13.797081444564435
Normal,450,P_1945002,0.0,-11.335628468754422
Normal,450,P_1945008,0.0,-12.217423792927578
Normal,450,P_1946000,0.0,0.0
Normal,450,P_2044008,0.0,-5.266966416704476
Normal,450,P_2044016,0.0,0.0
Normal,450,P_2044024,0.0,0.0
Normal,450,P_2044042,0.0,0.0
Normal,450,P_2045002,0.0,0.0
Normal,450,P_2046013,0.0,-5.032007022032783
Normal,450,Q_40032000,18.1401,0.0
Normal,450,Q_40050000,88.4739,0.0
Normal,450,Q_40060001,13.0921,0.0
Normal,450,Q_40100000,252.391,99.68928979205417
Normal,450,Q_40185000,23.7639,0.0
Normal,450,Q_40330000,72.0901,-9.243778582971855
Normal,450,Q_40800001,90.3516,0.0
Normal,450,Q_40850000,137.255,50.17799831489552
Normal,450,Q_40930000,10.6487,-12.402927256181208
Normal,451,P_1944059,0.0,0.0
Normal,451,P_1944063,0.0,-13.151921279365537
Normal,451,P_1945002,0.0,-10.812094828018454
Normal,451,P_1945008,0.0,-12.74807667932936
Normal,451,P_1946000,0.0,0.0
Normal,451,P_2044008,0.0,-6.299091355744935
Normal,451,P_2044016,0.0,0.0
Normal,451,P_2044024,0.0,0.0
Normal,451,P_2044042,0.0,0.0
Normal,451,P_2045002,0.0,0.0
Normal,451,P_2046013,0.0,0.0
Normal,451,Q_40032000,12.7119,-6.670451184241611
Normal,451,Q_40050000,50.3742,0.0
Normal,451,Q_40060001,9.2602,-9.375467427743688
Normal,451,Q_40100000,171.921,-10.235842224572151
Normal,451,Q_40185000,16.4869,0.0
Normal,451,Q_40330000,53.2416,-36.32163695621271
Normal,451,Q_40800001,49.1637,0.0
Normal,451,Q_40850000,67.8746,-22.62880252904034
Normal,451,Q_40930000,6.2714,-22.995465723986563
Normal,452,P_1944059,0.0,0.0
Normal,452,P_1944063,0.0,-8.377388279805851
Normal,452,P_1945002,0.0,-4.877748489355207
Normal,452,P_1945008,60.0,132.13454168788905
Normal,452,P_1946000,0.0,0.0
Normal,452,P_2044008,0.0,-5.83259840893971
Normal,452,P_2044016,0.0,0.0
Normal,452,P_2044024,0.0,0.0
Normal,452,P_2044042,0.0,0.0
Normal,452,P_2045002,0.0,0.0
Normal,452,P_2046013,37.1,24.154956541105253
Normal,452,Q_40032000,13.5778,-3.610550641431132
Normal,452,Q_40050000,79.662,0.0
Normal,452,Q_40060001,8.2165,-13.14922849420484
Normal,452,Q_40100000,219.739,57.19766739121862
Normal,452,Q_40185000,33.0706,0.0
Normal,452,Q_40330000,58.0662,-29.792150049299686
Normal,452,Q_40800001,59.4871,0.0
Normal,452,Q_40850000,92.53,0.0
Normal,452,Q_40930000,13.044,-7.252672246213134
Normal,453,P_1944059,0.0,0.0
Normal,453,P_1944063,0.0,-7.295460627006082
Normal,453,P_1945002,0.0,0.0
Normal,453,P_1945008,15.1,18.699724906029342
Normal,453,P_1946000,32.6,-7.070392368199551
Normal,453,P_2044008,5.2,0.0
Normal,453,P_2044016,0.9,0.0
Normal,453,P_2044024,2.6,0.0
Normal,453,P_2044042,0.0,0.0
Normal,453,P_2045002,20.3,0.0
Normal,453,P_2046013,31.7,20.074004625842612
Normal,453,Q_40032000,11.4443,0.0
Normal,453,Q_40050000,52.1899,0.0
Normal,453,Q_40060001,9.7968,-7.013093605149428
Normal,453,Q_40100000,59.3854,-155.36203779234424
Normal,453,Q_40185000,5.5598,0.0
Normal,453,Q_40330000,12.737,-88.45710372914269
Normal,453,Q_40800001,34.104,-5.392272559925118
Normal,453,Q_40850000,21.6584,-70.37727180370987
Normal,453,Q_40930000,6.3436,-21.21308383133006
Normal,454,P_1944059,0.0,0.0
Normal,454,P_1944063,0.0,-4.389864174124409
Normal,454,P_1945002,0.0,-1.5347516291941474
Normal,454,P_1945008,10.2,0.0
Normal,454,P_1946000,24.2,-15.46276753180937
Normal,454,P_2044008,0.0,-2.3975945352028627
Normal,454,P_2044016,0.0,0.0
Normal,454,P_2044024,0.0,0.0
Normal,454,P_2044042,0.0,0.0
Normal,454,P_2045002,3.3,0.0
Normal,454,P_2046013,25.3,0.0
Normal,454,Q_40032000,65.5981,0.0
Normal,454,Q_40050000,48.6965,0.0
Normal,454,Q_40060001,7.4108,-14.734287404701089
Normal,454,Q_40100000,109.102,-92.65051434955704
Normal,454,Q_40185000,11.8472,0.0
Normal,454,Q_40330000,40.7711,-50.86447761812423
Normal,454,Q_40800001,34.2567,-2.2807627186877473
Normal,454,Q_40850000,38.5191,-51.60414252535756
Normal,454,Q_40930000,2.3568,-27.929657794270337
Normal,455,P_1944059,0.0,0.0
Normal,455,P_1944063,0.0,0.0
Normal,455,P_1945002,9.9,15.774850255075284
Normal,455,P_1945008,0.0,0.0
Normal,455,P_1946000,0.0,4.98591099777766
Normal,455,P_2044008,35.5,47.613188646732794
Normal,455,P_2044016,0.0,0.0
Normal,455,P_2044024,3.8,0.0
Normal,455,P_2044042,0.1,0.0
Normal,455,P_2045002,0.0,0.0
Normal,455,P_2046013,16.0,7.006491570944303
Normal,455,Q_40032000,47.872,30.670708406811396
Normal,455,Q_40050000,137.708,0.0
Normal,455,Q_40060001,11.9215,5.014486117261924
Normal,455,Q_40100000,286.453,155.1221683520888
Normal,455,Q_40185000,14.5717,0.0
Normal,455,Q_40330000,50.3033,-42.47498066302246
Normal,455,Q_40800001,47.7754,0.0
Normal,455,Q_40850000,55.3181,-38.35112225471459
Normal,455,Q_40930000,29.2588,29.257541644508258
Normal,456,P_1944059,0.0,0.0
Normal,456,P_1944063,0.0,-12.732348197494904
Normal,456,P_1945002,0.0,-10.969305626904273
Normal,456,P_1945008,0.0,-12.85361611899871
Normal,456,P_1946000,0.0,0.0
Normal,456,P_2044008,0.0,-6.828230673139999
Normal,456,P_2044016,0.0,0.0
Normal,456,P_2044024,0.0,0.0
Normal,456,P_2044042,0.0,0.0
Normal,456,P_2045002,0.0,0.0
Normal,456,P_2046013,0.0,0.0
Normal,456,Q_40032000,12.7119,-6.044312273835828
Normal,456,Q_40050000,47.0454,0.0
Normal,456,Q_40060001,9.154,-9.803260728377673
Normal,456,Q_40100000,149.46,-39.685899650752624
Normal,456,Q_40185000,15.5197,0.0
Normal,456,Q_40330000,48.5692,-42.48176261246778
Normal,456,Q_40800001,49.1637,0.0
Normal,456,Q_40850000,64.0885,-26.367740675444573
Normal,456,Q_40930000,5.4736,-24.245261814432713
Normal,457,P_1944059,0.0,0.0
Normal,457,P_1944063,0.0,-13.69294970846719
Normal,457,P_1945002,6.0,8.956528598823413
Normal,457,P_1945008,0.0,-13.313427166006504
Normal,457,P_1946000,0.0,0.0
Normal,457,P_2044008,0.0,-6.671935942613696
Normal,457,P_2044016,0.0,0.0
Normal,457,P_2044024,0.0,0.0
Normal,457,P_2044042,0.0,0.0
Normal,457,P_2045002,0.0,0.0
Normal,457,P_2046013,4.2,0.0
Normal,457,Q_40032000,13.6935,-4.920026450302775
Normal,457,Q_40050000,90.463,0.0
Normal,457,Q_40060001,15.0362,15.010616618973522
Normal,457,Q_40100000,291.195,153.0575561317747
Normal,457,Q_40185000,17.1471,0.0
Normal,457,Q_40330000,63.6714,-22.03638215103366
Normal,457,Q_40800001,66.6196,0.0
Normal,457,Q_40850000,84.6481,-4.578593078764129
Normal,457,Q_40930000,10.245,-13.354070048451558
Normal,458,P_1944059,0.0,0.0
Normal,458,P_1944063,0.0,-11.326456929668982
Normal,458,P_1945002,0.0,-9.109698555845375
Normal,458,P_1945008,0.0,-12.29884698303396
Normal,458,P_1946000,0.0,0.0
Normal,458,P_2044008,0.0,0.0
Normal,458,P_2044016,0.0,0.0
Normal,458,P_2044024,0.0,0.0
Normal,458,P_2044042,0.0,0.0
Normal,458,P_2045002,0.0,0.0
Normal,458,P_2046013,0.0,0.0
Normal,458,Q_40032000,8.2597,-7.066165552285895
Normal,458,Q_40050000,27.6598,0.0
Normal,458,Q_40060001,5.3384,-23.80590724369351
Normal,458,Q_40100000,81.9526,-127.16680215038814
Normal,458,Q_40185000,6.9856,0.0
Normal,458,Q_40330000,38.1066,-55.508060772099185
Normal,458,Q_40800001,25.9716,-7.743668003677823
Normal,458,Q_40850000,34.4681,-57.438432789009035
Normal,458,Q_40930000,2.88,-29.84494060308463
Normal,459,P_1944059,0.0,0.0
Normal,459,P_1944063,0.0,-13.937340763964373
Normal,459,P_1945002,0.0,-11.418048972381843
Normal,459,P_1945008,0.0,-12.688736899171639
Normal,459,P_1946000,0.0,0.0
Normal,459,P_2044008,0.0,-6.792921544281739
Normal,459,P_2044016,0.0,0.0
Normal,459,P_2044024,0.0,0.0
Normal,459,P_2044042,0.0,0.0
Normal,459,P_2045002,0.0,0.0
Normal,459,P_2046013,0.0,0.0
Normal,459,Q_40032000,48.4995,41.78834719249075
Normal,459,Q_40050000,156.376,0.0
Normal,459,Q_40060001,13.211,8.961403749160745
Normal,459,Q_40100000,246.85,92.2616409213041
Normal,459,Q_40185000,15.5197,0.0
Normal,459,Q_40330000,50.8861,-39.066821261103456
Normal,459,Q_40800001,47.7754,0.0
Normal,459,Q_40850000,67.8746,-22.60527383041291
Normal,459,Q_40930000,22.4758,13.831716161511261
Normal,460,P_1944059,0.0,0.0
Normal,460,P_1944063,0.0,-11.134969724695052
Normal,460,P_1945002,0.0,-9.232846368424354
Normal,460,P_1945008,0.0,-11.815974929944131
Normal,460,P_1946000,0.0,0.0
Normal,460,P_2044008,0.0,-7.050913553610485
Normal,460,P_2044016,0.0,0.0
Normal,460,P_2044024,0.0,0.0
Normal,460,P_2044042,0.0,0.0
Normal,460,P_2045002,0.0,0.0
Normal,460,P_2046013,0.0,0.0
Normal,460,Q_40032000,9.815,-7.881630745934361
Normal,460,Q_40050000,50.1744,0.0
Normal,460,Q_40060001,7.312,-16.2756311991224
Normal,460,Q_40100000,56.9282,-158.6204389000824
Normal,460,Q_40185000,4.8876,0.0
Normal,460,Q_40330000,16.0732,-83.33653708434694
Normal,460,Q_40800001,44.1378,0.0
Normal,460,Q_40850000,34.4681,-56.60182788249622
Normal,460,Q_40930000,7.349,-20.40188747782169
Normal,461,P_1944059,31.6,47.113812057664695
Normal,461,P_1944063,1.9,-2.4519021923449316
Normal,461,P_1945002,0.0,-4.347187876261737
Normal,461,P_1945008,7.9,0.0
Normal,461,P_1946000,0.4,0.0
Normal,461,P_2044008,6.3,0.0
Normal,461,P_2044016,2.8,0.0
Normal,461,P_2044024,10.3,0.0
Normal,461,P_2044042,8.6,-7.716239898388196
Normal,461,P_2045002,0.0,0.0
Normal,461,P_2046013,14.7,0.0
Normal,461,Q_40032000,52.3132,22.713390826336035
Normal,461,Q_40050000,101.122,0.0
Normal,461,Q_40060001,8.6292,-11.415133449859118
Normal,461,Q_40100000,138.612,-54.21712865247238
Normal,461,Q_40185000,18.4774,0.0
Normal,461,Q_40330000,43.4998,-49.16590035420309
Normal,461,Q_40800001,63.0275,0.0
Normal,461,Q_40850000,83.2476,-5.759151826472946
Normal,461,Q_40930000,11.4249,-9.64257874412869
Normal,462,P_1944059,8.0,0.0
Normal,462,P_1944063,9.0,0.0
Normal,462,P_1945002,0.0,-3.899751365318051
Normal,462,P_1945008,6.3,0.0
Normal,462,P_1946000,0.0,0.0
Normal,462,P_2044008,0.0,-4.089877013015307
Normal,462,P_2044016,6.5,0.0
Normal,462,P_2044024,1.6,0.0
Normal,462,P_2044042,10.6,-8.43847788130627
Normal,462,P_2045002,0.0,0.0
Normal,462,P_2046013,2.0,0.0
Normal,462,Q_40032000,11.6797,-2.3880695244998833
Normal,462,Q_40050000,32.9781,0.0
Normal,462,Q_40060001,5.5177,-23.676455049173473
Normal,462,Q_40100000,80.6614,-131.39988716859648
Normal,462,Q_40185000,9.3129,0.0
Normal,462,Q_40330000,48.5692,-40.39580650788856
Normal,462,Q_40800001,39.3104,-2.5414467268502463
Normal,462,Q_40850000,41.4926,-49.6788252669384
Normal,462,Q_40930000,8.7258,-14.791288840918675
Normal,463,P_1944059,9.0,0.0
Normal,463,P_1944063,8.1,0.0
Normal,463,P_1945002,12.4,0.0
Normal,463,P_1945008,25.0,46.24134233627129
Normal,463,P_1946000,0.0,0.0
Normal,463,P_2044008,35.4,47.245034735491714
Normal,463,P_2044016,34.1,32.54297523414119
Normal,463,P_2044024,37.2,0.0
Normal,463,P_2044042,33.2,0.0
Normal,463,P_2045002,71.7,54.91950066997316
Normal,463,P_2046013,12.6,0.0
Normal,463,Q_40032000,26.0266,0.0
Normal,463,Q_40050000,241.961,0.0
Normal,463,Q_40060001,18.7714,44.326356946606495
Normal,463,Q_40100000,302.78,174.8266676796675
Normal,463,Q_40185000,45.0001,0.0
Normal,463,Q_40330000,160.879,114.2078472082965
Normal,463,Q_40800001,165.246,22.125736806586232
Normal,463,Q_40850000,102.997,15.733629386601478
Normal,463,Q_40930000,49.5986,76.11903634717163
Normal,464,P_1944059,0.0,0.0
Normal,464,P_1944063,0.0,-11.57799801581096
Normal,464,P_1945002,0.0,-8.627398432588102
Normal,464,P_1945008,0.0,-12.055659158357829
Normal,464,P_1946000,0.0,0.0
Normal,464,P_2044008,0.0,-6.921807124124962
Normal,464,P_2044016,0.0,0.0
Normal,464,P_2044024,0.0,0.0
Normal,464,P_2044042,0.0,0.0
Normal,464,P_2045002,0.0,0.0
Normal,464,P_2046013,0.0,0.0
Normal,464,Q_40032000,9.0278,-7.590997623849603
Normal,464,Q_40050000,30.8453,0.0
Normal,464,Q_40060001,6.2535,-20.579676438300524
Normal,464,Q_40100000,92.5145,-114.08911515583848
Normal,464,Q_40185000,7.7372,0.0
Normal,464,Q_40330000,33.9799,-60.71897361797404
Normal,464,Q_40800001,33.4105,0.0
Normal,464,Q_40850000,41.4926,-50.30059987898615
Normal,464,Q_40930000,3.4196,-28.385618272698146
Normal,465,P_1944059,8.2,0.0
Normal,465,P_1944063,8.2,14.874005169938608
Normal,465,P_1945002,6.1,0.0
Normal,465,P_1945008,6.4,0.0
Normal,465,P_1946000,4.0,0.0
Normal,465,P_2044008,0.3,0.0
Normal,465,P_2044016,3.0,0.0
Normal,465,P_2044024,0.2,0.0
Normal,465,P_2044042,23.1,0.0
Normal,465,P_2045002,29.6,22.39838677524568
Normal,465,P_2046013,28.2,20.75430936004654
Normal,465,Q_40032000,39.3387,10.816541122855812
Normal,465,Q_40050000,154.572,3.98589809371623
Normal,465,Q_40060001,6.442,-22.635655324231884
Normal,465,Q_40100000,209.18,38.69849348241792
Normal,465,Q_40185000,34.9237,0.0
Normal,465,Q_40330000,66.8649,-19.26467020815544
Normal,465,Q_40800001,246.078,41.26365278590979
Normal,465,Q_40850000,131.252,44.09388240165763
Normal,465,Q_40930000,11.1637,0.0
Normal,466,P_1944059,0.0,0.0
Normal,466,P_1944063,0.0,-18.337146583960667
Normal,466,P_1945002,0.0,0.0
Normal,466,P_1945008,0.0,-16.81547953510386
Normal,466,P_1946000,5.0,0.0
Normal,466,P_2044008,0.0,0.0
Normal,466,P_2044016,0.0,0.0
Normal,466,P_2044024,0.0,0.0
Normal,466,P_2044042,0.0,0.0
Normal,466,P_2045002,0.0,0.0
Normal,466,P_2046013,18.8,15.913732804561242
Normal,466,Q_40032000,25.0402,4.675071133608735
Normal,466,Q_40050000,79.8814,0.0
Normal,466,Q_40060001,17.7147,23.5175931312955
Normal,466,Q_40100000,285.455,141.3465126539915
Normal,466,Q_40185000,24.8498,0.0
Normal,466,Q_40330000,90.0237,11.086783401710365
Normal,466,Q_40800001,164.234,9.985802528555803
Normal,466,Q_40850000,265.627,177.297419693895
Normal,466,Q_40930000,31.3589,30.583475329284823
Normal,467,P_1944059,0.0,0.0
Normal,467,P_1944063,0.0,-14.195458379918021
Normal,467,P_1945002,0.0,-11.815396603528466
Normal,467,P_1945008,0.0,-13.148727046458758
Normal,467,P_1946000,0.0,0.0
Normal,467,P_2044008,0.0,-7.164465166651623
Normal,467,P_2044016,0.0,-4.35202885556231
Normal,467,P_2044024,0.0,0.0
Normal,467,P_2044042,0.0,0.0
Normal,467,P_2045002,0.0,0.0
Normal,467,P_2046013,0.0,0.0
Normal,467,Q_40032000,17.4656,0.0
Normal,467,Q_40050000,109.338,0.0
Normal,467,Q_40060001,8.3191,-13.388495545357294
Normal,467,Q_40100000,209.18,39.0894175436771
Normal,467,Q_40185000,20.5401,0.0
Normal,467,Q_40330000,44.6089,-47.85523531162912
Normal,467,Q_40800001,38.483,0.0
Normal,467,Q_40850000,55.3181,-35.749227348529345
Normal,467,Q_40930000,10.8599,-13.093010329766276
Normal,468,P_1944059,0.0,0.0
Normal,468,P_1944063,0.0,-11.249987717847919
Normal,468,P_1945002,0.0,-9.408471671560825
Normal,468,P_1945008,0.0,-12.274939717393018
Normal,468,P_1946000,0.0,0.0
Normal,468,P_2044008,0.0,-6.932356059544482
Normal,468,P_2044016,0.0,0.0
Normal,468,P_2044024,0.0,0.0
Normal,468,P_2044042,0.0,0.0
Normal,468,P_2045002,0.0,0.0
Normal,468,P_2046013,0.0,0.0
Normal,468,Q_40032000,8.6394,-7.797723458223061
Normal,468,Q_40050000,45.3071,0.0
Normal,468,Q_40060001,6.1599,-20.37249605206215
Normal,468,Q_40100000,81.0774,-128.68842083521798
Normal,468,Q_40185000,8.1334,0.0
Normal,468,Q_40330000,28.5889,-67.87920296855214
Normal,468,Q_40800001,35.6238,0.0
Normal,468,Q_40850000,45.7634,-45.94311537654549
Normal,468,Q_40930000,4.8967,-25.42254404615201
Normal,469,P_1944059,0.0,0.0
Normal,469,P_1944063,0.0,0.0
Normal,469,P_1945002,0.0,0.0
Normal,469,P_1945008,0.0,0.0
Normal,469,P_1946000,0.0,2.6619051854498776
Normal,469,P_2044008,17.7,12.271874828599676
Normal,469,P_2044016,31.0,29.041731639322443
Normal,469,P_2044024,0.0,0.0
Normal,469,P_2044042,8.7,0.0
Normal,469,P_2045002,16.5,8.964074126729884
Normal,469,P_2046013,77.5,93.00420643259508
Normal,469,Q_40032000,14.0168,0.0
Normal,469,Q_40050000,160.605,2.027745496855752
Normal,469,Q_40060001,10.3429,0.0
Normal,469,Q_40100000,263.592,109.39488008245478
Normal,469,Q_40185000,20.5401,0.0
Normal,469,Q_40330000,72.7532,-13.790521768611427
Normal,469,Q_40800001,105.432,7.837729026492919
Normal,469,Q_40850000,113.944,22.725271343886867
Normal,469,Q_40930000,16.5424,0.0
Normal,470,P_1944059,0.0,0.0
Normal,470,P_1944063,0.0,-13.690940512435438
Normal,470,P_1945002,0.0,-10.597629303724256
Normal,470,P_1945008,0.0,-13.027806807308336
Normal,470,P_1946000,0.0,0.0
Normal,470,P_2044008,0.0,-7.018237422644965
Normal,470,P_2044016,0.0,-4.414491937754747
Normal,470,P_2044024,0.0,0.0
Normal,470,P_2044042,0.0,0.0
Normal,470,P_2045002,0.0,0.0
Normal,470,P_2046013,0.0,-4.995944746697373
Normal,470,Q_40032000,16.5007,0.0
Normal,470,Q_40050000,104.94,0.0
Normal,470,Q_40060001,9.4737,-8.630446960656238
Normal,470,Q_40100000,176.863,0.0
Normal,470,Q_40185000,11.4112,0.0
Normal,470,Q_40330000,38.6343,-55.69952058369585
Normal,470,Q_40800001,32.5596,0.0
Normal,470,Q_40850000,44.5306,-47.223795196442445
Normal,470,Q_40930000,13.4408,-7.004611912208205
Normal,471,P_1944059,0.0,0.0
Normal,471,P_1944063,0.0,-14.093417304710592
Normal,471,P_1945002,0.0,-11.359374981722867
Normal,471,P_1945008,0.0,-12.543723040313289
Normal,471,P_1946000,0.0,0.0
Normal,471,P_2044008,0.0,-6.302901792105674
Normal,471,P_2044016,0.0,0.0
Normal,471,P_2044024,0.0,0.0
Normal,471,P_2044042,2.8,0.0
Normal,471,P_2045002,0.0,0.0
Normal,471,P_2046013,0.0,-4.611566032806309
Normal,471,Q_40032000,40.8272,26.228384992489445
Normal,471,Q_40050000,138.151,0.0
Normal,471,Q_40060001,8.422,-11.742449827973713
Normal,471,Q_40100000,245.011,90.82792909968285
Normal,471,Q_40185000,14.5717,0.0
Normal,471,Q_40330000,80.1893,0.0
Normal,471,Q_40800001,62.4738,0.0
Normal,471,Q_40850000,112.351,23.98403705585699
Normal,471,Q_40930000,13.3224,-6.8210808566522
Normal,472,P_1944059,0.0,0.0
Normal,472,P_1944063,0.0,-11.052253105554712
Normal,472,P_1945002,0.0,-10.106466775736026
Normal,472,P_1945008,0.0,-12.097845930882904
Normal,472,P_1946000,0.0,0.0
Normal,472,P_2044008,0.0,-7.046579578535045
Normal,472,P_2044016,0.0,0.0
Normal,472,P_2044024,0.0,0.0
Normal,472,P_2044042,0.0,0.0
Normal,472,P_2045002,0.0,0.0
Normal,472,P_2046013,0.0,0.0
Normal,472,Q_40032000,6.784,-8.086540660132593
Normal,472,Q_40050000,23.3666,0.0
Normal,472,Q_40060001,4.3034,-26.80907188746843
Normal,472,Q_40100000,103.476,-99.66820507500404
Normal,472,Q_40185000,12.2885,0.0
Normal,472,Q_40330000,42.4007,-49.741729913576314
Normal,472,Q_40800001,32.5681,0.0
Normal,472,Q_40850000,43.918,-47.53582417242225
Normal,472,Q_40930000,2.3568,-30.755160725661803
Normal,473,P_1944059,0.0,0.0
Normal,473,P_1944063,0.0,-14.492182048183162
Normal,473,P_1945002,0.0,-12.291163628989013
Normal,473,P_1945008,14.9,38.463540260519636
Normal,473,P_1946000,8.2,0.0
Normal,473,P_2044008,0.0,-8.18496324341129
Normal,473,P_2044016,25.6,22.532396285019985
Normal,473,P_2044024,0.7,0.0
Normal,473,P_2044042,7.6,0.0
Normal,473,P_2045002,0.0,0.0
Normal,473,P_2046013,0.0,0.0
Normal,473,Q_40032000,21.2988,0.0
Normal,473,Q_40050000,97.4747,0.0
Normal,473,Q_40060001,14.9122,15.595108997978434
Normal,473,Q_40100000,273.044,127.77025346744858
Normal,473,Q_40185000,22.6724,0.0
Normal,473,Q_40330000,136.848,75.46015061186397
Normal,473,Q_40800001,102.555,4.174205915637963
Normal,473,Q_40850000,185.423,98.10007516651575
Normal,473,Q_40930000,17.7836,0.0
Normal,474,P_1944059,0.0,0.0
Normal,474,P_1944063,0.0,-8.960285108563653
Normal,474,P_1945002,0.0,-5.201504291408146
Normal,474,P_1945008,0.0,-8.114395168376316
Normal,474,P_1946000,0.0,0.0
Normal,474,P_2044008,0.0,0.0
Normal,474,P_2044016,0.0,0.0
Normal,474,P_2044024,0.0,0.0
Normal,474,P_2044042,0.0,0.0
Normal,474,P_2045002,0.0,0.0
Normal,474,P_2046013,36.0,0.0
Normal,474,Q_40032000,101.68,110.36248275479136
Normal,474,Q_40050000,98.1989,0.0
Normal,474,Q_40060001,6.7281,-19.518797047137152
Normal,474,Q_40100000,122.102,-77.78434914027486
Normal,474,Q_40185000,9.3129,0.0
Normal,474,Q_40330000,40.7711,-52.900995135483214
Normal,474,Q_40800001,34.8899,-4.199553023341025
Normal,474,Q_40850000,49.5209,-42.213135345611356
Normal,474,Q_40930000,6.676,-21.476751300038483
Normal,475,P_1944059,0.0,0.0
Normal,475,P_1944063,0.0,-16.037623584347834
Normal,475,P_1945002,0.0,-13.974274692209528
Normal,475,P_1945008,0.0,-14.923494623957541
Normal,475,P_1946000,0.0,8.368215872420938
Normal,475,P_2044008,0.0,-7.2781973959821205
Normal,475,P_2044016,0.0,0.0
Normal,475,P_2044024,0.0,0.0
Normal,475,P_2044042,0.0,0.0
Normal,475,P_2045002,10.1,0.0
Normal,475,P_2046013,0.0,-6.007866153243754
Normal,475,Q_40032000,21.7975,0.0
Normal,475,Q_40050000,205.4,0.0
Normal,475,Q_40060001,20.8046,43.015697894281935
Normal,475,Q_40100000,340.053,217.0871954964619
Normal,475,Q_40185000,23.2161,0.0
Normal,475,Q_40330000,98.8255,24.488047032967216
Normal,475,Q_40800001,75.3296,0.0
Normal,475,Q_40850000,137.255,48.34760768019717
Normal,475,Q_40930000,18.4539,0.0
Normal,476,P_1944059,0.0,0.0
Normal,476,P_1944063,14.0,39.90308561006747
Normal,476,P_1945002,71.2,135.37823689900367
Normal,476,P_1945008,0.0,-10.927390222756742
Normal,476,P_1946000,3.0,2.9971016745176016
Normal,476,P_2044008,0.0,0.0
Normal,476,P_2044016,4.6,0.0
Normal,476,P_2044024,0.0,0.0
Normal,476,P_2044042,0.0,3.174633441790775
Normal,476,P_2045002,0.0,0.0
Normal,476,P_2046013,0.0,0.0
Normal,476,Q_40032000,17.6672,0.0
Normal,476,Q_40050000,91.6418,0.0
Normal,476,Q_40060001,15.9134,24.226993604303498
Normal,476,Q_40100000,290.322,162.20995804308288
Normal,476,Q_40185000,28.2927,0.0
Normal,476,Q_40330000,78.818,0.0
Normal,476,Q_40800001,89.3471,5.463831186130107
Normal,476,Q_40850000,144.257,61.78148388753887
Normal,476,Q_40930000,32.1496,35.584404652910266
Normal,477,P_1944059,16.8,18.611134092769483
Normal,477,P_1944063,0.7,-10.970127560544329
Normal,477,P_1945002,0.0,-11.74478790375258
Normal,477,P_1945008,16.9,39.13891504937522
Normal,477,P_1946000,10.2,0.0
Normal,477,P_2044008,0.0,0.0
Normal,477,P_2044016,7.5,0.0
Normal,477,P_2044024,19.0,0.0
Normal,477,P_2044042,2.5,0.0
Normal,477,P_2045002,4.9,0.0
Normal,477,P_2046013,1.3,0.0
Normal,477,Q_40032000,37.3097,18.4918651637856
Normal,477,Q_40050000,80.4815,0.0
Normal,477,Q_40060001,15.1605,16.793546515124472
Normal,477,Q_40100000,242.652,86.93880994662427
Normal,477,Q_40185000,27.4561,0.0
Normal,477,Q_40330000,98.8255,23.042154852388087
Normal,477,Q_40800001,129.529,5.736370963442815
Normal,477,Q_40850000,216.012,130.2126485753441
Normal,477,Q_40930000,12.6128,0.0
Normal,478,P_1944059,0.0,-4.305970441347512
Normal,478,P_1944063,0.0,-12.840291185686414
Normal,478,P_1945002,0.0,-10.933748116558629
Normal,478,P_1945008,0.0,-12.875575683452531
Normal,478,P_1946000,0.0,0.0
Normal,478,P_2044008,0.9,-5.825727624357776
Normal,478,P_2044016,1.8,0.0
Normal,478,P_2044024,1.0,0.0
Normal,478,P_2044042,0.2,0.0
Normal,478,P_2045002,1.1,0.0
Normal,478,P_2046013,0.0,-5.314808132062526
Normal,478,Q_40032000,14.9066,0.0
Normal,478,Q_40050000,59.1589,0.0
Normal,478,Q_40060001,9.6887,-7.5249885163355446
Normal,478,Q_40100000,175.211,0.0
Normal,478,Q_40185000,10.9806,0.0
Normal,478,Q_40330000,52.0591,-37.210953575528286
Normal,478,Q_40800001,54.6364,0.0
Normal,478,Q_40850000,74.3921,-15.708245881370516
Normal,478,Q_40930000,6.8988,-21.327935562805642
Normal,479,P_1944059,0.0,0.0
Normal,479,P_1944063,0.0,-12.725456785108902
Normal,479,P_1945002,0.0,-10.377092511928128
Normal,479,P_1945008,0.0,-12.083371669152408
Normal,479,P_1946000,0.0,0.0
Normal,479,P_2044008,0.0,-6.548217129153585
Normal,479,P_2044016,0.0,0.0
Normal,479,P_2044024,0.0,0.0
Normal,479,P_2044042,0.0,0.0
Normal,479,P_2045002,0.0,0.0
Normal,479,P_2046013,0.0,0.0
Normal,479,Q_40032000,9.1347,-8.134933422361094
Normal,479,Q_40050000,53.6264,0.0
Normal,479,Q_40060001,7.312,-16.267265342582952
Normal,479,Q_40100000,139.32,-52.686531623834455
Normal,479,Q_40185000,8.1334,0.0
Normal,479,Q_40330000,29.0651,-67.89786789529654
Normal,479,Q_40800001,39.6191,0.0
Normal,479,Q_40850000,52.7182,-38.54929543049255
Normal,479,Q_40930000,5.7909,-23.70322389592289
Normal,480,P_1944059,0.0,-1.60859224085282
Normal,480,P_1944063,2.5,0.0
Normal,480,P_1945002,23.8,47.67191711778617
Normal,480,P_1945008,0.0,-8.812299765537677
Normal,480,P_1946000,0.0,0.0
Normal,480,P_2044008,0.0,-4.907971822475845
Normal,480,P_2044016,1.1,-1.5429731182221644
Normal,480,P_2044024,4.9,0.0
Normal,480,P_2044042,0.4,0.0
Normal,480,P_2045002,0.0,0.0
Normal,480,P_2046013,0.0,0.0
Normal,480,Q_40032000,14.9066,-3.783851939954468
Normal,480,Q_40050000,105.337,0.0
Normal,480,Q_40060001,7.2136,-16.775522399446725
Normal,480,Q_40100000,93.8632,-114.3520959928008
Normal,480,Q_40185000,11.8472,0.0
Normal,480,Q_40330000,44.0531,-47.722011837148294
Normal,480,Q_40800001,60.48,0.0
Normal,480,Q_40850000,89.6288,0.0
Normal,480,Q_40930000,8.7258,-16.32518695913396
Normal,481,P_1944059,0.0,0.0
Normal,481,P_1944063,0.0,-12.63788828799775
Normal,481,P_1945002,0.0,-9.608727848648794
Normal,481,P_1945008,0.0,-12.464148257741975
Normal,481,P_1946000,0.0,0.0
Normal,481,P_2044008,0.0,-6.902614202718888
Normal,481,P_2044016,0.0,0.0
Normal,481,P_2044024,0.0,0.0
Normal,481,P_2044042,0.0,0.0
Normal,481,P_2045002,0.0,0.0
Normal,481,P_2046013,0.0,0.0
Normal,481,Q_40032000,12.2852,-6.248904700759255
Normal,481,Q_40050000,45.1909,0.0
Normal,481,Q_40060001,8.422,-12.124071834979722
Normal,481,Q_40100000,140.145,-52.216027190941155
Normal,481,Q_40185000,12.735,0.0
Normal,481,Q_40330000,38.6343,-55.282116634937005
Normal,481,Q_40800001,45.5731,0.0
Normal,481,Q_40850000,61.6168,-29.489567467365074
Normal,481,Q_40930000,5.2811,-24.54762067622824
Normal,482,P_1944059,0.0,0.0
Normal,482,P_1944063,0.0,-12.649688716651418
Normal,482,P_1945002,0.0,-10.160289476039328
Normal,482,P_1945008,0.0,-12.051835368001482
Normal,482,P_1946000,0.0,0.0
Normal,482,P_2044008,0.0,-7.258375020487705
Normal,482,P_2044016,0.0,0.0
Normal,482,P_2044024,0.0,0.0
Normal,482,P_2044042,0.0,0.0
Normal,482,P_2045002,0.0,0.0
Normal,482,P_2046013,0.0,0.0
Normal,482,Q_40032000,11.8626,-6.459308827371421
Normal,482,Q_40050000,44.0496,0.0
Normal,482,Q_40060001,8.3191,-12.738774235622126
Normal,482,Q_40100000,135.561,-57.34440528788095
Normal,482,Q_40185000,11.4112,0.0
Normal,482,Q_40330000,39.6976,-54.03354797146364
Normal,482,Q_40800001,44.683,0.0
Normal,482,Q_40850000,60.3967,-30.43702803678491
Normal,482,Q_40930000,5.0915,-24.99536775576489
Normal,483,P_1944059,0.0,0.0
Normal,483,P_1944063,0.0,-11.968981888025962
Normal,483,P_1945002,0.0,-10.282295723497304
Normal,483,P_1945008,0.0,-12.413146671873658
Normal,483,P_1946000,0.0,0.0
Normal,483,P_2044008,0.0,-6.958710692715556
Normal,483,P_2044016,0.0,0.0
Normal,483,P_2044024,0.0,0.0
Normal,483,P_2044042,0.0,0.0
Normal,483,P_2045002,0.0,0.0
Normal,483,P_2046013,0.0,0.0
Normal,483,Q_40032000,12.2852,-7.021036636326927
Normal,483,Q_40050000,70.6155,0.0
Normal,483,Q_40060001,7.4108,-16.52510166152139
Normal,483,Q_40100000,114.822,-85.71067884807204
Normal,483,Q_40185000,8.5132,0.0
Normal,483,Q_40330000,33.476,-62.65780265449994
Normal,483,Q_40800001,24.0574,0.0
Normal,483,Q_40850000,31.1041,-61.32525192179563
Normal,483,Q_40930000,7.6895,-20.12750669793477
Normal,484,P_1944059,0.0,0.0
Normal,484,P_1944063,0.0,-11.899817278295384
Normal,484,P_1945002,0.0,-9.25576871260074
Normal,484,P_1945008,0.0,-11.658880594387755
Normal,484,P_1946000,0.0,6.17689683254109
Normal,484,P_2044008,0.0,-6.822215018516397
Normal,484,P_2044016,0.0,0.0
Normal,484,P_2044024,0.0,0.0
Normal,484,P_2044042,0.0,0.0
Normal,484,P_2045002,0.0,0.0
Normal,484,P_2046013,40.0,42.52916924839226
Normal,484,Q_40032000,23.0583,0.0
Normal,484,Q_40050000,115.868,0.0
Normal,484,Q_40060001,10.4533,0.0
Normal,484,Q_40100000,252.391,104.56002127239542
Normal,484,Q_40185000,12.735,0.0
Normal,484,Q_40330000,40.7711,-53.75514462252857
Normal,484,Q_40800001,37.3023,0.0
Normal,484,Q_40850000,67.2371,-23.853909814152164
Normal,484,Q_40930000,20.8512,8.984267737178138
Normal,485,P_1944059,0.0,-4.11567036804234
Normal,485,P_1944063,0.0,-12.4757891177649
Normal,485,P_1945002,0.0,-10.486289610840924
Normal,485,P_1945008,0.0,-11.975286278157096
Normal,485,P_1946000,0.0,0.0
Normal,485,P_2044008,0.0,-5.526218133524839
Normal,485,P_2044016,0.0,0.0
Normal,485,P_2044024,0.0,0.0
Normal,485,P_2044042,0.0,0.0
Normal,485,P_2045002,0.0,0.0
Normal,485,P_2046013,0.0,-4.429319860642664
Normal,485,Q_40032000,15.3573,0.0
Normal,485,Q_40050000,59.6807,0.0
Normal,485,Q_40060001,9.9052,-5.493789265124823
Normal,485,Q_40100000,180.183,0.0
Normal,485,Q_40185000,11.8472,0.0
Normal,485,Q_40330000,53.2416,-35.58002386558597
Normal,485,Q_40800001,56.4827,0.0
Normal,485,Q_40850000,72.4097,-17.32053046640392
Normal,485,Q_40930000,6.8988,-20.80730773388662
Normal,486,P_1944059,0.0,-4.892719295323673
Normal,486,P_1944063,0.0,-10.644967837407602
Normal,486,P_1945002,0.0,-8.930192532194937
Normal,486,P_1945008,0.0,-12.198423286502587
Normal,486,P_1946000,0.0,0.0
Normal,486,P_2044008,4.2,0.0
Normal,486,P_2044016,0.0,0.0
Normal,486,P_2044024,0.0,0.0
Normal,486,P_2044042,0.0,0.0
Normal,486,P_2045002,0.0,0.0
Normal,486,P_2046013,0.0,0.0
Normal,486,Q_40032000,7.1451,-7.889364341315769
Normal,486,Q_40050000,24.0624,0.0
Normal,486,Q_40060001,4.4709,-25.769492545954314
Normal,486,Q_40100000,103.476,-99.89728351668583
Normal,486,Q_40185000,12.735,0.0
Normal,486,Q_40330000,44.0531,-47.88490047244468
Normal,486,Q_40800001,35.1065,0.0
Normal,486,Q_40850000,48.2587,-43.34085962750015
Normal,486,Q_40930000,2.88,-29.173596562027416
Normal,487,P_1944059,0.0,0.0
Normal,487,P_1944063,0.0,-12.179584397746494
Normal,487,P_1945002,0.0,-10.96992248053401
Normal,487,P_1945008,0.0,-12.949234058647697
Normal,487,P_1946000,0.0,0.0
Normal,487,P_2044008,0.0,-6.577182605258068
Normal,487,P_2044016,0.0,0.0
Normal,487,P_2044024,0.0,0.0
Normal,487,P_2044042,0.0,0.0
Normal,487,P_2045002,0.0,0.0
Normal,487,P_2046013,0.0,-5.110166512101017
Normal,487,Q_40032000,16.5126,0.0
Normal,487,Q_40050000,82.9133,0.0
Normal,487,Q_40060001,7.4108,-16.224176236984828
Normal,487,Q_40100000,140.145,-52.0953366019457
Normal,487,Q_40185000,11.8472,0.0
Normal,487,Q_40330000,36.5392,-58.04045686974421
Normal,487,Q_40800001,33.6371,0.0
Normal,487,Q_40850000,52.074,-39.74328931977048
Normal,487,Q_40930000,11.9547,-11.137526007866638
Normal,488,P_1944059,0.0,0.0
Normal,488,P_1944063,0.0,-12.997459112834218
Normal,488,P_1945002,0.0,-9.700856941585268
Normal,488,P_1945008,0.0,-12.741970750445628
Normal,488,P_1946000,0.0,0.0
Normal,488,P_2044008,0.0,-6.80160272351705
Normal,488,P_2044016,0.0,0.0
Normal,488,P_2044024,0.0,0.0
Normal,488,P_2044042,0.0,0.0
Normal,488,P_2045002,0.0,0.0
Normal,488,P_2046013,0.0,0.0
Normal,488,Q_40032000,13.1428,-6.468114884150054
Normal,488,Q_40050000,73.3212,0.0
Normal,488,Q_40060001,7.6098,-16.22197454873903
Normal,488,Q_40100000,120.635,-77.94283545390877
Normal,488,Q_40185000,8.9101,0.0
Normal,488,Q_40330000,34.4864,-61.1193183947937
Normal,488,Q_40800001,26.7461,0.0
Normal,488,Q_40850000,34.4681,-57.50179607299768
Normal,488,Q_40930000,8.7258,-18.130952311143414
Normal,489,P_1944059,0.0,0.0
Normal,489,P_1944063,0.0,-13.100694174107243
Normal,489,P_1945002,0.0,-10.927267181180213
Normal,489,P_1945008,0.0,-11.551243203868136
Normal,489,P_1946000,0.0,0.0
Normal,489,P_2044008,14.3,0.0
Normal,489,P_2044016,0.0,0.0
Normal,489,P_2044024,0.0,0.0
Normal,489,P_2044042,4.1,0.0
Normal,489,P_2045002,0.0,0.0
Normal,489,P_2046013,0.0,-4.318982731216774
Normal,489,Q_40032000,14.0168,-4.7743095578529156
Normal,489,Q_40050000,84.9724,0.0
Normal,489,Q_40060001,8.422,-10.855070610674396
Normal,489,Q_40100000,155.774,-31.424966707491862
Normal,489,Q_40185000,65.7535,-4.370320897721624
Normal,489,Q_40330000,83.6546,0.0
Normal,489,Q_40800001,123.116,0.0
Normal,489,Q_40850000,160.559,71.29789437018572
Normal,489,Q_40930000,9.4055,-14.526694670109157
Normal,490,P_1944059,0.0,-1.8556374839581764
Normal,490,P_1944063,0.0,-12.285403348049675
Normal,490,P_1945002,0.0,-7.158331935022397
Normal,490,P_1945008,0.0,-10.318916919075162
Normal,490,P_1946000,0.0,0.0
Normal,490,P_2044008,0.0,-4.840376952350105
Normal,490,P_2044016,0.0,0.0
Normal,490,P_2044024,0.0,0.0
Normal,490,P_2044042,0.0,0.0
Normal,490,P_2045002,0.0,0.0
Normal,490,P_2046013,0.0,-3.2754213767488913
Normal,490,Q_40032000,15.8119,0.0
Normal,490,Q_40050000,62.8565,0.0
Normal,490,Q_40060001,10.3429,-2.515691797684168
Normal,490,Q_40100000,193.656,0.0
Normal,490,Q_40185000,15.5197,0.0
Normal,490,Q_40330000,53.2416,-33.71782194440382
Normal,490,Q_40800001,60.2072,0.0
Normal,490,Q_40850000,79.107,-8.113860696552102
Normal,490,Q_40930000,7.3307,-17.675698281285843
Normal,491,P_1944059,0.0,0.0
Normal,491,P_1944063,0.0,-11.61434586052307
Normal,491,P_1945002,0.0,-9.221422374043376
Normal,491,P_1945008,0.0,-12.012679520605076
Normal,491,P_1946000,0.0,0.0
Normal,491,P_2044008,0.0,-6.672127773946329
Normal,491,P_2044016,0.0,0.0
Normal,491,P_2044024,0.0,0.0
Normal,491,P_2044042,0.0,0.0
Normal,491,P_2045002,0.0,0.0
Normal,491,P_2046013,0.0,0.0
Normal,491,Q_40032000,9.4191,-7.357341328164426
Normal,491,Q_40050000,32.0082,0.0
Normal,491,Q_40060001,6.442,-19.4853840969417
Normal,491,Q_40100000,96.5792,-108.86436590233427
Normal,491,Q_40185000,8.1222,0.0
Normal,491,Q_40330000,34.9956,-59.74710215809005
Normal,491,Q_40800001,34.2567,0.0
Normal,491,Q_40850000,42.7002,-48.92038101952501
Normal,491,Q_40930000,3.6949,-28.058818562285175
Normal,492,P_1944059,0.0,0.0
Normal,492,P_1944063,0.0,-10.286284546162511
Normal,492,P_1945002,19.1,38.6025460892081
Normal,492,P_1945008,0.0,-10.50212566979092
Normal,492,P_1946000,0.0,0.0
Normal,492,P_2044008,0.0,-5.877049707297333
Normal,492,P_2044016,1.3,0.0
Normal,492,P_2044024,0.0,0.0
Normal,492,P_2044042,0.0,0.0
Normal,492,P_2045002,0.0,0.0
Normal,492,P_2046013,0.0,0.0
Normal,492,Q_40032000,16.5126,0.0
Normal,492,Q_40050000,79.662,0.0
Normal,492,Q_40060001,7.4108,-16.421399430720204
Normal,492,Q_40100000,137.083,-54.5077029584033
Normal,492,Q_40185000,12.735,0.0
Normal,492,Q_40330000,35.5075,-60.8271380373698
Normal,492,Q_40800001,36.8451,-4.369883682276338
Normal,492,Q_40850000,48.2587,-44.814181693568116
Normal,492,Q_40930000,11.2229,-11.505375424921773
Normal,493,P_1944059,5.2,0.0
Normal,493,P_1944063,7.6,0.0
Normal,493,P_1945002,0.0,-0.7250758921752449
Normal,493,P_1945008,0.0,-7.948919344535994
Normal,493,P_1946000,26.1,-4.580725304894537
Normal,493,P_2044008,17.5,0.0
Normal,493,P_2044016,20.3,0.0
Normal,493,P_2044024,0.2,0.0
Normal,493,P_2044042,13.4,-8.54904472920336
Normal,493,P_2045002,2.1,0.0
Normal,493,P_2046013,14.2,0.0
Normal,493,Q_40032000,9.0278,-0.6255060143600417
Normal,493,Q_40050000,39.3799,0.0
Normal,493,Q_40060001,8.0126,-11.014298018047697
Normal,493,Q_40100000,48.6062,-170.29558703786643
Normal,493,Q_40185000,8.5132,0.0
Normal,493,Q_40330000,20.0963,-77.21847814435237
Normal,493,Q_40800001,61.4755,0.0
Normal,493,Q_40850000,73.0679,-14.101761247446635
Normal,493,Q_40930000,7.349,-16.500438342091787
Normal,494,P_1944059,0.0,-2.914596978876162
Normal,494,P_1944063,0.0,-13.62119486412713
Normal,494,P_1945002,0.0,-11.160217029966294
Normal,494,P_1945008,0.0,-11.790892855809043
Normal,494,P_1946000,0.0,0.0
Normal,494,P_2044008,6.0,0.0
Normal,494,P_2044016,3.3,0.0
Normal,494,P_2044024,0.0,0.0
Normal,494,P_2044042,7.4,0.0
Normal,494,P_2045002,0.4,0.0
Normal,494,P_2046013,0.0,-5.142604372452613
Normal,494,Q_40032000,25.1171,0.0
Normal,494,Q_40050000,121.708,0.0
Normal,494,Q_40060001,8.8379,-9.829031295273209
Normal,494,Q_40100000,267.36,121.95416438246905
Normal,494,Q_40185000,18.9864,0.0
Normal,494,Q_40330000,54.4336,-33.42833266446741
Normal,494,Q_40800001,47.8791,0.0
Normal,494,Q_40850000,74.3921,-14.731138195818701
Normal,494,Q_40930000,22.885,15.286321811066179
Normal,495,P_1944059,0.0,0.0
Normal,495,P_1944063,0.0,-11.08133235322522
Normal,495,P_1945002,0.0,-9.371708528642241
Normal,495,P_1945008,0.0,-11.927907715048631
Normal,495,P_1946000,0.0,0.0
Normal,495,P_2044008,0.0,-6.690440028242974
Normal,495,P_2044016,0.0,0.0
Normal,495,P_2044024,0.0,0.0
Normal,495,P_2044042,0.0,0.0
Normal,495,P_2045002,0.0,0.0
Normal,495,P_2046013,0.0,0.0
Normal,495,Q_40032000,9.0278,-7.203866285051845
Normal,495,Q_40050000,30.4621,0.0
Normal,495,Q_40060001,6.2535,-20.47347258438755
Normal,495,Q_40100000,91.172,-116.13524008134124
Normal,495,Q_40185000,7.7372,0.0
Normal,495,Q_40330000,33.9799,-61.2371584647993
Normal,495,Q_40800001,31.7295,0.0
Normal,495,Q_40850000,40.8927,-50.86002787574993
Normal,495,Q_40930000,3.4196,-28.40738499246967
Normal,496,P_1944059,26.2,28.68603581294419
Normal,496,P_1944063,21.4,49.68650407294254
Normal,496,P_1945002,28.5,33.1990266900386
Normal,496,P_1945008,0.0,-10.347914402908529
Normal,496,P_1946000,0.0,6.901861550945117
Normal,496,P_2044008,0.7,0.0
Normal,496,P_2044016,0.0,0.0
Normal,496,P_2044024,9.6,0.0
Normal,496,P_2044042,1.0,0.0
Normal,496,P_2045002,1.7,0.0
Normal,496,P_2046013,19.0,0.0
Normal,496,Q_40032000,20.5571,0.0
Normal,496,Q_40050000,141.273,6.186395080955275
Normal,496,Q_40060001,9.9052,0.0
Normal,496,Q_40100000,116.267,-89.62619033211406
Normal,496,Q_40185000,14.5717,0.0
Normal,496,Q_40330000,41.3118,-55.34454310076024
Normal,496,Q_40800001,67.5044,0.0
Normal,496,Q_40850000,73.7287,-18.50881521921208
Normal,496,Q_40930000,36.271,44.21922544992946
Normal,497,P_1944059,0.0,0.0
Normal,497,P_1944063,0.0,-12.225346062018216
Normal,497,P_1945002,0.0,-10.15297054020406
Normal,497,P_1945008,0.0,-12.054094850497025
Normal,497,P_1946000,0.0,0.0
Normal,497,P_2044008,0.4,0.0
Normal,497,P_2044016,0.0,0.0
Normal,497,P_2044024,0.0,0.0
Normal,497,P_2044042,0.0,0.0
Normal,497,P_2045002,0.0,0.0
Normal,497,P_2046013,0.0,0.0
Normal,497,Q_40032000,12.7119,-6.908201050133619
Normal,497,Q_40050000,70.9995,0.0
Normal,497,Q_40060001,7.6098,-15.446789361700477
Normal,497,Q_40100000,117.717,-82.18114819987663
Normal,497,Q_40185000,8.5132,0.0
Normal,497,Q_40330000,31.488,-64.64363711631573
Normal,497,Q_40800001,25.3836,-6.806285233543008
Normal,497,Q_40850000,32.2141,-60.30651615880094
Normal,497,Q_40930000,8.0325,-19.982199627860894
Normal,498,P_1944059,14.6,0.0
Normal,498,P_1944063,8.5,0.0
Normal,498,P_1945002,51.6,46.687202619045614
Normal,498,P_1945008,33.4,59.656806439528665
Normal,498,P_1946000,31.1,0.0
Normal,498,P_2044008,19.4,15.102939744421255
Normal,498,P_2044016,14.6,0.0
Normal,498,P_2044024,19.0,0.0
Normal,498,P_2044042,68.2,0.0
Normal,498,P_2045002,36.1,9.177991837820194
Normal,498,P_2046013,49.0,16.026995638211382
Normal,498,Q_40032000,64.2935,19.339878860630414
Normal,498,Q_40050000,232.216,7.638901504179671
Normal,498,Q_40060001,31.0635,105.71060177333975
Normal,498,Q_40100000,325.876,186.53832932267562
Normal,498,Q_40185000,33.0706,0.0
Normal,498,Q_40330000,82.9573,0.0
Normal,498,Q_40800001,58.8338,0.0
Normal,498,Q_40850000,72.4097,0.0
Normal,498,Q_40930000,195.878,411.39309875157966
Normal,499,P_1944059,0.0,0.0
Normal,499,P_1944063,0.0,-11.76401448684711
Normal,499,P_1945002,0.0,-9.74831055141947
Normal,499,P_1945008,0.0,-11.517302512468362
Normal,499,P_1946000,0.0,0.0
Normal,499,P_2044008,0.0,-5.835887555401507
Normal,499,P_2044016,0.0,0.0
Normal,499,P_2044024,0.0,0.0
Normal,499,P_2044042,0.1,0.0
Normal,499,P_2045002,0.0,0.0
Normal,499,P_2046013,24.1,23.278379080914036
Normal,499,Q_40032000,14.0773,-4.867662604343508
Normal,499,Q_40050000,72.6777,0.0
Normal,499,Q_40060001,11.2362,0.0
Normal,499,Q_40100000,195.258,23.620780277227748
Normal,499,Q_40185000,10.2333,0.0
Normal,499,Q_40330000,37.5815,-56.21253104291486
Normal,499,Q_40800001,57.9978,0.0
Normal,499,Q_40850000,79.7908,-9.533231099689944
Normal,499,Q_40930000,8.607,-17.793804800734268
Normal,500,P_1944059,0.0,0.0
Normal,500,P_1944063,0.0,-12.16581339966028
Normal,500,P_1945002,0.0,-9.83279483085432
Normal,500,P_1945008,0.0,-12.371160751222893
Normal,500,P_1946000,0.0,0.0
Normal,500,P_2044008,3.4,0.0
Normal,500,P_2044016,0.4,0.0
Normal,500,P_2044024,2.4,0.0
Normal,500,P_2044042,0.0,0.0
Normal,500,P_2045002,0.0,0.0
Normal,500,P_2046013,0.0,-5.6230110073125275
Normal,500,Q_40032000,13.5033,-5.913825655271065
Normal,500,Q_40050000,82.5986,0.0
Normal,500,Q_40060001,6.8243,-18.049610225347877
Normal,500,Q_40100000,109.335,-92.33706812536282
Normal,500,Q_40185000,11.1292,0.0
Normal,500,Q_40330000,39.6976,-53.24335993497583
Normal,500,Q_40800001,45.4647,0.0
Normal,500,Q_40850000,60.3967,-30.68976910839616
Normal,500,Q_40930000,10.9131,-12.650880143015662
Normal,501,P_1944059,0.0,0.0
Normal,501,P_1944063,0.0,-15.002221225364478
Normal,501,P_1945002,4.6,4.010502466638546
Normal,501,P_1945008,0.0,-13.701180759311491
Normal,501,P_1946000,0.0,7.074628780230502
Normal,501,P_2044008,0.0,-7.31497465641269
Normal,501,P_2044016,0.0,0.0
Normal,501,P_2044024,0.0,0.0
Normal,501,P_2044042,0.0,0.0
Normal,501,P_2045002,0.0,0.0
Normal,501,P_2046013,0.0,0.0
Normal,501,Q_40032000,49.1294,41.56749882051174
Normal,501,Q_40050000,162.024,0.0
Normal,501,Q_40060001,11.8064,0.0
Normal,501,Q_40100000,276.854,133.58946077941823
Normal,501,Q_40185000,22.6724,0.0
Normal,501,Q_40330000,70.1141,-13.698198184776613
Normal,501,Q_40800001,60.48,0.0
Normal,501,Q_40850000,107.63,18.247263954299907
Normal,501,Q_40930000,18.0591,3.5301789185422194
Normal,502,P_1944059,0.0,0.0
Normal,502,P_1944063,0.0,-12.675790392697637
Normal,502,P_1945002,0.0,-10.127439101080586
Normal,502,P_1945008,0.0,-12.12130212042907
Normal,502,P_1946000,0.0,0.0
Normal,502,P_2044008,0.0,-6.933296879545639
Normal,502,P_2044016,0.0,0.0
Normal,502,P_2044024,0.0,0.0
Normal,502,P_2044042,0.0,0.0
Normal,502,P_2045002,0.0,0.0
Normal,502,P_2046013,0.0,0.0
Normal,502,Q_40032000,12.2023,-6.467574157997603
Normal,502,Q_40050000,49.8922,0.0
Normal,502,Q_40060001,7.0181,-17.28236074814255
Normal,502,Q_40100000,113.87,-86.24386991660678
Normal,502,Q_40185000,11.1292,0.0
Normal,502,Q_40330000,39.6976,-53.70984202684691
Normal,502,Q_40800001,45.4647,0.0
Normal,502,Q_40850000,62.8474,-27.825820213586262
Normal,502,Q_40930000,11.928,-10.92751288327541
Normal,503,P_1944059,0.0,0.0
Normal,503,P_1944063,0.0,-15.673355423477568
Normal,503,P_1945002,0.0,-12.483263161817828
Normal,503,P_1945008,0.0,-14.347218792498554
Normal,503,P_1946000,1.4,0.0
Normal,503,P_2044008,0.0,-7.140662906588381
Normal,503,P_2044016,0.0,0.0
Normal,503,P_2044024,0.0,0.0
Normal,503,P_2044042,0.0,0.0
Normal,503,P_2045002,0.0,0.0
Normal,503,P_2046013,0.0,-5.363552573349153
Normal,503,Q_40032000,24.0814,0.0
Normal,503,Q_40050000,106.538,0.0
Normal,503,Q_40060001,17.3236,23.118533124845406
Normal,503,Q_40100000,305.962,171.53074579533788
Normal,503,Q_40185000,30.6514,0.0
Normal,503,Q_40330000,74.7554,-6.504720701008231
Normal,503,Q_40800001,88.3446,0.0
Normal,503,Q_40850000,138.992,50.715479100036795
Normal,503,Q_40930000,13.044,-7.574355157548215
Normal,504,P_1944059,28.6,47.62905989210343
Normal,504,P_1944063,0.4,-7.110635942067375
Normal,504,P_1945002,0.0,0.0
Normal,504,P_1945008,0.0,-9.584811042118012
Normal,504,P_1946000,0.0,0.0
Normal,504,P_2044008,16.0,0.0
Normal,504,P_2044016,9.6,0.0
Normal,504,P_2044024,10.8,0.0
Normal,504,P_2044042,11.0,-13.80109197480842
Normal,504,P_2045002,0.0,0.0
Normal,504,P_2046013,16.2,0.0
Normal,504,Q_40032000,15.3784,0.0
Normal,504,Q_40050000,45.9204,0.0
Normal,504,Q_40060001,3.1903,-32.43900604058717
Normal,504,Q_40100000,61.8768,-156.0749181974856
Normal,504,Q_40185000,6.6193,0.0
Normal,504,Q_40330000,24.4325,-74.36695618041034
Normal,504,Q_40800001,32.8495,-6.005954225770267
Normal,504,Q_40850000,50.1556,-42.31186466297475
Normal,504,Q_40930000,5.0439,-25.570910949879067
Normal,505,P_1944059,0.0,0.0
Normal,505,P_1944063,0.0,-11.19447489973265
Normal,505,P_1945002,0.0,-9.414812225036357
Normal,505,P_1945008,0.0,-12.033850156742558
Normal,505,P_1946000,0.0,0.0
Normal,505,P_2044008,0.0,-7.243861499449963
Normal,505,P_2044016,0.0,0.0
Normal,505,P_2044024,0.0,0.0
Normal,505,P_2044042,0.0,0.0
Normal,505,P_2045002,0.0,0.0
Normal,505,P_2046013,0.0,0.0
Normal,505,Q_40032000,9.815,-7.416772226217223
Normal,505,Q_40050000,33.5899,0.0
Normal,505,Q_40060001,6.6323,-19.122919697530584
Normal,505,Q_40100000,100.699,-103.30601583548031
Normal,505,Q_40185000,8.5132,0.0
Normal,505,Q_40330000,35.5075,-58.92737471498183
Normal,505,Q_40800001,35.1065,0.0
Normal,505,Q_40850000,46.3836,-45.52372585193499
Normal,505,Q_40930000,3.9737,-26.972065786227
Normal,506,P_1944059,0.0,0.0
Normal,506,P_1944063,0.0,-15.936651117969216
Normal,506,P_1945002,0.0,-13.783795775264716
Normal,506,P_1945008,0.0,-14.514837751711092
Normal,506,P_1946000,0.0,0.0
Normal,506,P_2044008,0.0,-7.179280178987727
Normal,506,P_2044016,0.0,0.0
Normal,506,P_2044024,0.0,0.0
Normal,506,P_2044042,0.0,0.0
Normal,506,P_2045002,0.0,0.0
Normal,506,P_2046013,0.0,-5.892675155761424
Normal,506,Q_40032000,14.2709,0.0
Normal,506,Q_40050000,91.2551,0.0
Normal,506,Q_40060001,16.6778,19.582835023818966
Normal,506,Q_40100000,295.041,156.22236322017216
Normal,506,Q_40185000,18.254,0.0
Normal,506,Q_40330000,66.2217,-18.402813114095963
Normal,506,Q_40800001,65.6405,0.0
Normal,506,Q_40850000,83.2476,-6.627075301598137
Normal,506,Q_40930000,10.245,-14.440257439201947
Normal,507,P_1944059,0.0,-2.6178582614133
Normal,507,P_1944063,0.0,-12.628904811880881
Normal,507,P_1945002,0.0,-10.350020486847592
Normal,507,P_1945008,0.0,-11.456606439690152
Normal,507,P_1946000,0.0,0.0
Normal,507,P_2044008,0.0,-5.342248461046441
Normal,507,P_2044016,0.3,-2.4765616459729642
Normal,507,P_2044024,0.0,0.0
Normal,507,P_2044042,0.5,0.0
Normal,507,P_2045002,0.0,0.0
Normal,507,P_2046013,0.0,-4.0133077573699465
Normal,507,Q_40032000,25.1171,0.0
Normal,507,Q_40050000,134.179,0.0
Normal,507,Q_40060001,12.037,0.0
Normal,507,Q_40100000,232.265,73.8633167459004
Normal,507,Q_40185000,14.105,0.0
Normal,507,Q_40330000,51.4714,-36.31031127246467
Normal,507,Q_40800001,39.797,0.0
Normal,507,Q_40850000,57.9547,-31.536139057235445
Normal,507,Q_40930000,16.8836,0.0
Normal,508,P_1944059,0.0,0.0
Normal,508,P_1944063,0.0,-11.243020719855746
Normal,508,P_1945002,0.0,-8.555162077829912
Normal,508,P_1945008,15.2,35.019799741888846
Normal,508,P_1946000,0.0,0.0
Normal,508,P_2044008,0.0,-6.0812041954167055
Normal,508,P_2044016,0.0,0.0
Normal,508,P_2044024,0.0,0.0
Normal,508,P_2044042,0.0,0.0
Normal,508,P_2045002,0.0,0.0
Normal,508,P_2046013,0.0,0.0
Normal,508,Q_40032000,14.9066,-5.262290087006206
Normal,508,Q_40050000,98.1989,0.0
Normal,508,Q_40060001,6.921,-17.849706029976964
Normal,508,Q_40100000,110.523,-90.35970431628847
Normal,508,Q_40185000,10.9806,0.0
Normal,508,Q_40330000,44.6089,-47.35075382813075
Normal,508,Q_40800001,48.7077,0.0
Normal,508,Q_40850000,76.3974,-12.529688868874715
Normal,508,Q_40930000,7.6895,-19.907155207155345
Normal,509,P_1944059,0.0,0.0
Normal,509,P_1944063,0.0,-11.733666427418624
Normal,509,P_1945002,0.0,0.0
Normal,509,P_1945008,48.3,110.09420648648704
Normal,509,P_1946000,0.0,0.0
Normal,509,P_2044008,1.2,0.0
Normal,509,P_2044016,0.0,0.0
Normal,509,P_2044024,8.4,0.0
Normal,509,P_2044042,55.9,13.992676854605575
Normal,509,P_2045002,0.0,0.0
Normal,509,P_2046013,1.1,0.0
Normal,509,Q_40032000,32.7013,6.021532022265717
Normal,509,Q_40050000,104.148,0.0
Normal,509,Q_40060001,7.9113,-16.711126171589214
Normal,509,Q_40100000,165.402,-22.065459450684735
Normal,509,Q_40185000,28.2927,0.0
Normal,509,Q_40330000,96.559,19.216978692247107
Normal,509,Q_40800001,199.322,24.049933509403864
Normal,509,Q_40850000,301.136,214.56991004033648
Normal,509,Q_40930000,7.3307,-21.82001494312732
Normal,510,P_1944059,9.5,3.592997815879471
Normal,510,P_1944063,43.6,120.34913488137252
Normal,510,P_1945002,38.9,61.0309542238035
Normal,510,P_1945008,7.2,4.768304251530864
Normal,510,P_1946000,2.0,4.406245690105693
Normal,510,P_2044008,9.5,0.0
Normal,510,P_2044016,2.8,0.0
Normal,510,P_2044024,15.0,0.0
Normal,510,P_2044042,3.6,0.0
Normal,510,P_2045002,0.0,0.0
Normal,510,P_2046013,0.0,0.0
Normal,510,Q_40032000,12.2852,0.0
Normal,510,Q_40050000,58.3801,0.0
Normal,510,Q_40060001,9.154,0.0
Normal,510,Q_40100000,338.016,241.41731083848768
Normal,510,Q_40185000,25.9963,0.0
Normal,510,Q_40330000,120.228,58.762862172811346
Normal,510,Q_40800001,98.4571,5.963635280938446
Normal,510,Q_40850000,136.391,55.54298124593412
Normal,510,Q_40930000,60.8822,105.3040427468186
Normal,511,P_1944059,0.0,0.0
Normal,511,P_1944063,6.0,15.206392800219422
Normal,511,P_1945002,9.1,16.97076992314051
Normal,511,P_1945008,10.2,19.309384063921684
Normal,511,P_1946000,0.0,5.509812562817568
Normal,511,P_2044008,0.5,0.0
Normal,511,P_2044016,0.0,0.0
Normal,511,P_2044024,3.0,0.0
Normal,511,P_2044042,0.2,0.0
Normal,511,P_2045002,0.0,0.0
Normal,511,P_2046013,0.0,0.0
Normal,511,Q_40032000,53.9263,52.110422455342
Normal,511,Q_40050000,258.645,4.237568171261955
Normal,511,Q_40060001,14.7885,17.347022129900516
Normal,511,Q_40100000,539.776,497.05758810844355
Normal,511,Q_40185000,23.7639,0.0
Normal,511,Q_40330000,66.8649,0.0
Normal,511,Q_40800001,65.4844,0.0
Normal,511,Q_40850000,123.705,33.02783471434729
Normal,511,Q_40930000,42.4061,57.876566796412526
Normal,512,P_1944059,0.0,0.0
Normal,512,P_1944063,0.0,-15.190846631888991
Normal,512,P_1945002,13.2,34.798740033975776
Normal,512,P_1945008,0.0,-14.367604672923653
Normal,512,P_1946000,0.0,7.508023283534309
Normal,512,P_2044008,0.0,0.0
Normal,512,P_2044016,0.0,0.0
Normal,512,P_2044024,1.4,0.0
Normal,512,P_2044042,0.7,0.0
Normal,512,P_2045002,10.7,0.0
Normal,512,P_2046013,3.0,0.0
Normal,512,Q_40032000,53.2794,53.587562277743636
Normal,512,Q_40050000,254.635,5.288951869473976
Normal,512,Q_40060001,15.5355,20.668839950216437
Normal,512,Q_40100000,517.494,463.0254669023379
Normal,512,Q_40185000,23.7639,0.0
Normal,512,Q_40330000,66.2217,-19.170715555342923
Normal,512,Q_40800001,55.4915,0.0
Normal,512,Q_40850000,95.471,0.0
Normal,512,Q_40930000,37.8949,49.25689739368063
Normal,513,P_1944059,0.0,0.0
Normal,513,P_1944063,0.0,-11.345391044113114
Normal,513,P_1945002,0.0,-9.58596736244336
Normal,513,P_1945008,0.0,-11.776409581973594
Normal,513,P_1946000,0.0,0.0
Normal,513,P_2044008,0.0,-6.067025706072087
Normal,513,P_2044016,0.0,0.0
Normal,513,P_2044024,0.0,0.0
Normal,513,P_2044042,0.0,0.0
Normal,513,P_2045002,0.0,0.0
Normal,513,P_2046013,0.0,0.0
Normal,513,Q_40032000,7.8831,-7.743409125959771
Normal,513,Q_40050000,24.0624,0.0
Normal,513,Q_40060001,4.812,-24.339255998259798
Normal,513,Q_40100000,126.538,-69.62420256834757
Normal,513,Q_40185000,9.3129,0.0
Normal,513,Q_40330000,32.9749,-61.84370082262544
Normal,513,Q_40800001,57.4099,0.0
Normal,513,Q_40850000,71.7541,-18.30962648529974
Normal,513,Q_40930000,8.4572,-17.979044598629624
Normal,514,P_1944059,0.0,0.0
Normal,514,P_1944063,0.0,-11.326890975463714
Normal,514,P_1945002,0.0,-8.756742126508255
Normal,514,P_1945008,0.0,-12.425826250757758
Normal,514,P_1946000,0.0,0.0
Normal,514,P_2044008,0.0,-7.236572857206511
Normal,514,P_2044016,0.0,0.0
Normal,514,P_2044024,0.0,0.0
Normal,514,P_2044042,0.0,0.0
Normal,514,P_2045002,0.0,0.0
Normal,514,P_2046013,0.0,0.0
Normal,514,Q_40032000,8.6413,-7.428951131353005
Normal,514,Q_40050000,28.0261,0.0
Normal,514,Q_40060001,5.4278,-23.44303250654767
Normal,514,Q_40100000,81.9526,-127.4233160087077
Normal,514,Q_40185000,6.9856,0.0
Normal,514,Q_40330000,38.1066,-55.83784089873298
Normal,514,Q_40800001,26.7816,0.0
Normal,514,Q_40850000,36.7667,-54.823608320852756
Normal,514,Q_40930000,2.88,-29.733609395328063
Normal,515,P_1944059,0.0,0.0
Normal,515,P_1944063,0.0,-13.559910813108848
Normal,515,P_1945002,0.0,-10.734785191363368
Normal,515,P_1945008,0.0,-12.91301672447033
Normal,515,P_1946000,0.0,0.0
Normal,515,P_2044008,0.0,-6.387942195830877
Normal,515,P_2044016,0.0,0.0
Normal,515,P_2044024,0.0,0.0
Normal,515,P_2044042,0.0,0.0
Normal,515,P_2045002,0.0,0.0
Normal,515,P_2046013,0.0,0.0
Normal,515,Q_40032000,13.5778,-5.303031414922941
Normal,515,Q_40050000,52.5702,0.0
Normal,515,Q_40060001,9.4737,-7.606573716549581
Normal,515,Q_40100000,165.402,-17.939282901388218
Normal,515,Q_40185000,10.9806,0.0
Normal,515,Q_40330000,53.8364,-35.30989199732607
Normal,515,Q_40800001,56.4827,0.0
Normal,515,Q_40850000,75.7264,-14.84046989624802
Normal,515,Q_40930000,7.1134,-20.753808618297096
Normal,516,P_1944059,0.0,0.0
Normal,516,P_1944063,0.0,-11.392108006310746
Normal,516,P_1945002,0.0,-9.394783677806727
Normal,516,P_1945008,0.0,-11.996075405567854
Normal,516,P_1946000,0.0,0.0
Normal,516,P_2044008,0.0,-7.2169761765341605
Normal,516,P_2044016,0.0,0.0
Normal,516,P_2044024,0.0,0.0
Normal,516,P_2044042,0.0,0.0
Normal,516,P_2045002,0.0,0.0
Normal,516,P_2046013,0.0,0.0
Normal,516,Q_40032000,9.0278,-8.145855270759874
Normal,516,Q_40050000,32.0082,0.0
Normal,516,Q_40060001,6.442,-19.17575626416303
Normal,516,Q_40100000,95.2181,-110.28130319738074
Normal,516,Q_40185000,8.1222,0.0
Normal,516,Q_40330000,32.9749,-62.17859864164439
Normal,516,Q_40800001,33.4105,0.0
Normal,516,Q_40850000,42.7002,-49.07330877882082
Normal,516,Q_40930000,3.6949,-27.62257964231385
Normal,517,P_1944059,0.0,0.0
Normal,517,P_1944063,0.0,-12.248676571065863
Normal,517,P_1945002,0.0,-10.145553085075381
Normal,517,P_1945008,19.3,50.828762167586284
Normal,517,P_1946000,0.0,0.0
Normal,517,P_2044008,0.0,-5.872044996977815
Normal,517,P_2044016,0.0,0.0
Normal,517,P_2044024,0.0,0.0
Normal,517,P_2044042,0.1,0.0
Normal,517,P_2045002,0.0,0.0
Normal,517,P_2046013,0.0,-3.543621829915736
Normal,517,Q_40032000,14.6283,0.0
Normal,517,Q_40050000,91.274,0.0
Normal,517,Q_40060001,7.6098,-14.719227163791805
Normal,517,Q_40100000,294.208,159.84428686292773
Normal,517,Q_40185000,10.5553,0.0
Normal,517,Q_40330000,47.4254,-43.06240622765681
Normal,517,Q_40800001,77.2104,0.0
Normal,517,Q_40850000,64.0885,-26.054946307924055
Normal,517,Q_40930000,11.2229,-11.884624696518172
Normal,518,P_1944059,0.0,0.0
Normal,518,P_1944063,0.0,-12.897937529413543
Normal,518,P_1945002,0.0,-11.214777912786614
Normal,518,P_1945008,0.0,-12.419012579748358
Normal,518,P_1946000,0.0,0.0
Normal,518,P_2044008,0.0,-6.867108304487544
Normal,518,P_2044016,0.0,0.0
Normal,518,P_2044024,0.0,0.0
Normal,518,P_2044042,0.0,0.0
Normal,518,P_2045002,0.0,0.0
Normal,518,P_2046013,0.0,-5.124242443335987
Normal,518,Q_40032000,14.0168,0.0
Normal,518,Q_40050000,55.3134,0.0
Normal,518,Q_40060001,9.4737,-7.869023985143915
Normal,518,Q_40100000,162.172,-22.724551928797222
Normal,518,Q_40185000,11.4112,0.0
Normal,518,Q_40330000,48.5692,-42.12201583195856
Normal,518,Q_40800001,54.6364,0.0
Normal,518,Q_40850000,71.1011,-19.16339471239124
Normal,518,Q_40930000,6.4778,-22.314629198473632
Normal,519,P_1944059,0.0,0.0
Normal,519,P_1944063,0.0,-12.98774983984635
Normal,519,P_1945002,0.0,-10.931933156725867
Normal,519,P_1945008,0.0,-12.781227808461123
Normal,519,P_1946000,0.0,0.0
Normal,519,P_2044008,0.0,-6.253965158017631
Normal,519,P_2044016,0.0,0.0
Normal,519,P_2044024,0.0,0.0
Normal,519,P_2044042,0.0,0.0
Normal,519,P_2045002,0.0,0.0
Normal,519,P_2046013,0.0,0.0
Normal,519,Q_40032000,12.7119,-5.875318842541759
Normal,519,Q_40050000,47.5144,0.0
Normal,519,Q_40060001,9.2602,-9.765618736175064
Normal,519,Q_40100000,152.607,-35.93408764071382
Normal,519,Q_40185000,16.001,0.0
Normal,519,Q_40330000,53.2416,-35.9038700473076
Normal,519,Q_40800001,49.1637,0.0
Normal,519,Q_40850000,63.4666,-27.46615178186604
Normal,519,Q_40930000,5.6688,-24.00326433480322
Normal,520,P_1944059,29.2,32.927921757694016
Normal,520,P_1944063,30.5,56.06329396508791
Normal,520,P_1945002,6.9,0.0
Normal,520,P_1945008,0.0,-7.532093589722918
Normal,520,P_1946000,0.0,0.0
Normal,520,P_2044008,30.2,22.687118255460415
Normal,520,P_2044016,15.7,0.0
Normal,520,P_2044024,19.3,0.0
Normal,520,P_2044042,42.2,0.0
Normal,520,P_2045002,16.6,0.0
Normal,520,P_2046013,8.0,0.0
Normal,520,Q_40032000,8.2597,-3.2668509861181847
Normal,520,Q_40050000,27.2957,0.0
Normal,520,Q_40060001,11.4632,0.0
Normal,520,Q_40100000,69.3405,-145.62160398665728
Normal,520,Q_40185000,6.9856,0.0
Normal,520,Q_40330000,24.8827,-72.10954016828767
Normal,520,Q_40800001,34.2567,-3.6718951232565473
Normal,520,Q_40850000,25.7317,-65.1907209689218
Normal,520,Q_40930000,5.2811,-23.279148532986415
Normal,521,P_1944059,3.8,0.0
Normal,521,P_1944063,0.0,0.0
Normal,521,P_1945002,22.3,18.52273838272906
Normal,521,P_1945008,20.0,27.577307151493958
Normal,521,P_1946000,0.0,4.871974935242861
Normal,521,P_2044008,7.4,0.0
Normal,521,P_2044016,16.8,6.292782159697413
Normal,521,P_2044024,5.4,0.0
Normal,521,P_2044042,12.5,0.0
Normal,521,P_2045002,41.2,43.00896950952634
Normal,521,P_2046013,62.0,42.932411827377194
Normal,521,Q_40032000,22.8045,0.0
Normal,521,Q_40050000,94.278,0.0
Normal,521,Q_40060001,6.921,-22.72013007752771
Normal,521,Q_40100000,290.322,154.54119554347304
Normal,521,Q_40185000,14.105,0.0
Normal,521,Q_40330000,63.0395,-26.227448468420626
Normal,521,Q_40800001,56.9593,0.0
Normal,521,Q_40850000,79.7908,0.0
Normal,521,Q_40930000,43.5626,61.338118867684265
Normal,522,P_1944059,0.0,-3.8275040890048055
Normal,522,P_1944063,0.0,-13.342474995818629
Normal,522,P_1945002,0.0,-11.222206122868648
Normal,522,P_1945008,0.0,-12.45440452279204
Normal,522,P_1946000,0.0,0.0
Normal,522,P_2044008,5.4,0.0
Normal,522,P_2044016,0.0,0.0
Normal,522,P_2044024,0.0,0.0
Normal,522,P_2044042,0.0,0.0
Normal,522,P_2045002,0.0,0.0
Normal,522,P_2046013,0.0,-4.708888034523284
Normal,522,Q_40032000,11.4834,-6.312507680976152
Normal,522,Q_40050000,78.1795,0.0
Normal,522,Q_40060001,11.6916,0.0
Normal,522,Q_40100000,222.959,59.350088524126
Normal,522,Q_40185000,12.0563,0.0
Normal,522,Q_40330000,44.6089,-46.506696234781444
Normal,522,Q_40800001,54.3056,0.0
Normal,522,Q_40850000,71.1011,-18.967608035472946
Normal,522,Q_40930000,8.9307,-16.642461984424646
Normal,523,P_1944059,0.0,-4.110058241603383
Normal,523,P_1944063,0.0,-14.019713196585897
Normal,523,P_1945002,12.9,32.5592175747331
Normal,523,P_1945008,0.0,-13.1254690433701
Normal,523,P_1946000,0.0,6.767298990581863
Normal,523,P_2044008,0.0,-6.413792081442238
Normal,523,P_2044016,0.0,0.0
Normal,523,P_2044024,0.0,0.0
Normal,523,P_2044042,0.0,0.0
Normal,523,P_2045002,0.0,0.0
Normal,523,P_2046013,0.0,0.0
Normal,523,Q_40032000,16.2656,0.0
Normal,523,Q_40050000,89.1033,0.0
Normal,523,Q_40060001,9.4737,-7.291944829869434
Normal,523,Q_40100000,308.626,178.74535164977289
Normal,523,Q_40185000,16.6046,0.0
Normal,523,Q_40330000,61.1573,-25.17744498298283
Normal,523,Q_40800001,66.6196,0.0
Normal,523,Q_40850000,91.0744,0.0
Normal,523,Q_40930000,19.4034,6.102545281104388
Normal,524,P_1944059,17.4,20.150768812596546
Normal,524,P_1944063,11.9,37.72074175079946
Normal,524,P_1945002,6.9,10.007178034255102
Normal,524,P_1945008,0.0,-8.240030283616193
Normal,524,P_1946000,0.0,9.995786385427596
Normal,524,P_2044008,1.4,0.0
Normal,524,P_2044016,11.1,0.0
Normal,524,P_2044024,19.0,0.0
Normal,524,P_2044042,12.3,-8.80585160210976
Normal,524,P_2045002,6.5,0.0
Normal,524,P_2046013,2.1,0.0
Normal,524,Q_40032000,28.8379,0.0
Normal,524,Q_40050000,102.573,0.0
Normal,524,Q_40060001,8.6292,-10.327172542125528
Normal,524,Q_40100000,418.097,350.03026191356435
Normal,524,Q_40185000,12.2885,0.0
Normal,524,Q_40330000,51.4714,-36.86651864983602
Normal,524,Q_40800001,60.691,0.0
Normal,524,Q_40850000,77.071,-10.75685824549216
Normal,524,Q_40930000,18.0591,0.0
Normal,525,P_1944059,0.0,0.0
Normal,525,P_1944063,1.1,0.0
Normal,525,P_1945002,0.0,-11.543727835633462
Normal,525,P_1945008,0.0,-13.95300121618016
Normal,525,P_1946000,0.0,6.154865292326706
Normal,525,P_2044008,2.3,0.0
Normal,525,P_2044016,5.5,0.0
Normal,525,P_2044024,2.8,0.0
Normal,525,P_2044042,11.4,0.0
Normal,525,P_2045002,18.4,8.603913246032853
Normal,525,P_2046013,9.2,5.79973820586966
Normal,525,Q_40032000,20.5571,0.0
Normal,525,Q_40050000,87.5337,0.0
Normal,525,Q_40060001,13.3303,6.900448763494212
Normal,525,Q_40100000,252.391,98.46688370478624
Normal,525,Q_40185000,21.0667,0.0
Normal,525,Q_40330000,92.1838,15.625326058126488
Normal,525,Q_40800001,90.3516,0.0
Normal,525,Q_40850000,135.528,47.159415982969
Normal,525,Q_40930000,9.6491,-16.170424792390666
Normal,526,P_1944059,0.0,0.0
Normal,526,P_1944063,0.0,-12.44478986238208
Normal,526,P_1945002,0.0,-9.651294554447288
Normal,526,P_1945008,0.0,-11.330102338966814
Normal,526,P_1946000,0.0,0.0
Normal,526,P_2044008,0.0,-6.120375589157032
Normal,526,P_2044016,0.0,0.0
Normal,526,P_2044024,0.0,0.0
Normal,526,P_2044042,0.0,0.0
Normal,526,P_2045002,0.0,0.0
Normal,526,P_2046013,0.0,-4.337153490987276
Normal,526,Q_40032000,14.2378,-5.185054431934939
Normal,526,Q_40050000,84.9724,0.0
Normal,526,Q_40060001,8.7334,-10.875875551611022
Normal,526,Q_40100000,155.774,-29.90204374891967
Normal,526,Q_40185000,9.7214,0.0
Normal,526,Q_40330000,34.9956,-59.4297727450179
Normal,526,Q_40800001,30.3113,0.0
Normal,526,Q_40850000,39.1085,-51.73701556037824
Normal,526,Q_40930000,19.2475,0.0
Normal,527,P_1944059,0.0,0.0
Normal,527,P_1944063,0.0,-12.175286829877678
Normal,527,P_1945002,0.0,-9.994948565662085
Normal,527,P_1945008,0.0,-12.175122207308648
Normal,527,P_1946000,0.0,0.0
Normal,527,P_2044008,0.0,-6.517547073889716
Normal,527,P_2044016,0.0,0.0
Normal,527,P_2044024,0.0,0.0
Normal,527,P_2044042,0.0,0.0
Normal,527,P_2045002,0.0,0.0
Normal,527,P_2046013,0.0,0.0
Normal,527,Q_40032000,11.0303,-7.254100157653126
Normal,527,Q_40050000,39.6209,0.0
Normal,527,Q_40060001,7.7099,-14.882795731784283
Normal,527,Q_40100000,120.635,-77.36166225292311
Normal,527,Q_40185000,10.1356,0.0
Normal,527,Q_40330000,39.6976,-54.042587263872676
Normal,527,Q_40800001,41.1542,0.0
Normal,527,Q_40850000,55.9738,-34.64140164605176
Normal,527,Q_40930000,4.7209,-26.044259054935388
Normal,528,P_1944059,0.0,0.0
Normal,528,P_1944063,0.0,-12.110007704706307
Normal,528,P_1945002,0.0,-9.643445551083703
Normal,528,P_1945008,0.0,-11.947800610482068
Normal,528,P_1946000,0.0,0.0
Normal,528,P_2044008,7.0,0.0
Normal,528,P_2044016,0.0,0.0
Normal,528,P_2044024,1.1,0.0
Normal,528,P_2044042,2.7,0.0
Normal,528,P_2045002,0.0,0.0
Normal,528,P_2046013,0.0,-4.748332867692454
Normal,528,Q_40032000,8.3961,-7.542693954264735
Normal,528,Q_40050000,52.0424,0.0
Normal,528,Q_40060001,6.921,-17.888163564276965
Normal,528,Q_40100000,110.838,-90.45745106829473
Normal,528,Q_40185000,9.7973,0.0
Normal,528,Q_40330000,34.4864,-60.38370834272813
Normal,528,Q_40800001,39.6191,0.0
Normal,528,Q_40850000,50.1556,-40.83765958748856
Normal,528,Q_40930000,5.4901,-24.276053001690823
Normal,529,P_1944059,0.0,0.0
Normal,529,P_1944063,0.0,-10.667788987417431
Normal,529,P_1945002,34.6,57.86899561449122
Normal,529,P_1945008,13.8,21.034830094126956
Normal,529,P_1946000,0.0,6.978995073181008
Normal,529,P_2044008,17.2,13.852945657505996
Normal,529,P_2044016,0.0,0.0
Normal,529,P_2044024,0.0,0.0
Normal,529,P_2044042,0.1,0.0
Normal,529,P_2045002,0.0,0.0
Normal,529,P_2046013,3.8,0.0
Normal,529,Q_40032000,10.9561,-6.391874454792726
Normal,529,Q_40050000,68.396,0.0
Normal,529,Q_40060001,10.564,0.0
Normal,529,Q_40100000,181.843,6.775179654156521
Normal,529,Q_40185000,10.2333,0.0
Normal,529,Q_40330000,36.5392,-61.666955995845626
Normal,529,Q_40800001,51.5942,0.0
Normal,529,Q_40850000,70.4506,-20.51724011170507
Normal,529,Q_40930000,7.648,-20.36793624367495
Normal,530,P_1944059,52.8,97.95529399964605
Normal,530,P_1944063,60.1,125.80276710596414
Normal,530,P_1945002,0.0,0.0
Normal,530,P_1945008,18.2,24.345944101817143
Normal,530,P_1946000,14.2,-17.223887642772418
Normal,530,P_2044008,0.0,0.0
Normal,530,P_2044016,10.0,0.0
Normal,530,P_2044024,2.8,0.0
Normal,530,P_2044042,9.5,-11.149665049044927
Normal,530,P_2045002,13.6,0.0
Normal,530,P_2046013,0.0,0.0
Normal,530,Q_40032000,14.6283,0.0
Normal,530,Q_40050000,81.2809,0.0
Normal,530,Q_40060001,7.2136,-21.172808816705505
Normal,530,Q_40100000,125.054,-79.91102656166552
Normal,530,Q_40185000,10.9806,0.0
Normal,530,Q_40330000,42.4007,-54.373628757454604
Normal,530,Q_40800001,33.6371,0.0
Normal,530,Q_40850000,52.7182,-42.69494001122805
Normal,530,Q_40930000,9.4285,-17.067020627124148
Normal,531,P_1944059,0.0,0.0
Normal,531,P_1944063,0.0,-11.693732736468778
Normal,531,P_1945002,0.0,-9.014328467168557
Normal,531,P_1945008,0.0,-12.229920187899893
Normal,531,P_1946000,0.0,0.0
Normal,531,P_2044008,0.0,-7.310591967731455
Normal,531,P_2044016,0.0,0.0
Normal,531,P_2044024,0.0,0.0
Normal,531,P_2044042,0.0,0.0
Normal,531,P_2045002,0.0,0.0
Normal,531,P_2046013,0.0,0.0
Normal,531,Q_40032000,8.2597,-7.1386904288143604
Normal,531,Q_40050000,30.6534,0.0
Normal,531,Q_40060001,4.726,-25.345904595153556
Normal,531,Q_40100000,106.277,-95.32098034761044
Normal,531,Q_40185000,12.735,0.0
Normal,531,Q_40330000,42.949,-49.03118623115182
Normal,531,Q_40800001,41.1542,0.0
Normal,531,Q_40850000,58.5863,-33.14337781731866
Normal,531,Q_40930000,3.4196,-28.863958209719108
Normal,532,P_1944059,0.0,0.0
Normal,532,P_1944063,0.0,-12.428082692904958
Normal,532,P_1945002,0.0,-10.422896628052037
Normal,532,P_1945008,0.0,-11.501563743124832
Normal,532,P_1946000,0.0,0.0
Normal,532,P_2044008,0.0,-5.064954513916913
Normal,532,P_2044016,0.0,-3.5408369194173375
Normal,532,P_2044024,0.0,0.0
Normal,532,P_2044042,0.0,0.0
Normal,532,P_2045002,4.5,0.0
Normal,532,P_2046013,0.0,-3.770081890918771
Normal,532,Q_40032000,15.8119,0.0
Normal,532,Q_40050000,108.533,0.0
Normal,532,Q_40060001,7.4108,-14.721149898591094
Normal,532,Q_40100000,250.54,97.78609067762888
Normal,532,Q_40185000,13.6433,0.0
Normal,532,Q_40330000,63.6714,-20.460405253810524
Normal,532,Q_40800001,54.4948,0.0
Normal,532,Q_40850000,101.472,0.0
Normal,532,Q_40930000,11.9548,-9.088907313429027
Normal,533,P_1944059,0.0,0.0
Normal,533,P_1944063,0.0,-12.282996586135292
Normal,533,P_1945002,0.0,-9.609389619104874
Normal,533,P_1945008,0.0,-12.26556039197536
Normal,533,P_1946000,0.0,0.0
Normal,533,P_2044008,0.0,-6.9978836185814455
Normal,533,P_2044016,0.0,0.0
Normal,533,P_2044024,0.0,0.0
Normal,533,P_2044042,0.0,0.0
Normal,533,P_2045002,0.0,0.0
Normal,533,P_2046013,0.0,0.0
Normal,533,Q_40032000,12.7119,-7.107283889782423
Normal,533,Q_40050000,70.9995,0.0
Normal,533,Q_40060001,7.6098,-15.864605457700762
Normal,533,Q_40100000,117.717,-82.28933628851532
Normal,533,Q_40185000,8.5132,0.0
Normal,533,Q_40330000,30.9979,-65.44504330951008
Normal,533,Q_40800001,24.716,0.0
Normal,533,Q_40850000,31.6576,-60.73864549559949
Normal,533,Q_40930000,8.0325,-19.695325990334638
Normal,534,P_1944059,0.0,0.0
Normal,534,P_1944063,0.0,-11.699491820076029
Normal,534,P_1945002,0.0,-9.180312617669038
Normal,534,P_1945008,0.0,-12.119206465400222
Normal,534,P_1946000,0.0,0.0
Normal,534,P_2044008,0.0,-7.401956013790096
Normal,534,P_2044016,0.0,0.0
Normal,534,P_2044024,0.0,0.0
Normal,534,P_2044042,0.0,0.0
Normal,534,P_2045002,0.0,0.0
Normal,534,P_2046013,0.0,0.0
Normal,534,Q_40032000,9.0278,-7.365676049554281
Normal,534,Q_40050000,30.2714,0.0
Normal,534,Q_40060001,6.1599,-19.929084907075687
Normal,534,Q_40100000,89.8358,-117.92786816739877
Normal,534,Q_40185000,7.7372,0.0
Normal,534,Q_40330000,34.4864,-60.009806708882465
Normal,534,Q_40800001,31.7295,0.0
Normal,534,Q_40850000,42.7002,-48.752903554775955
Normal,534,Q_40930000,3.1479,-29.02624993832036
Normal,535,P_1944059,34.0,54.440650509976734
Normal,535,P_1944063,0.0,0.0
Normal,535,P_1945002,4.1,0.0
Normal,535,P_1945008,0.0,-11.160273657384305
Normal,535,P_1946000,22.0,-12.475856335173525
Normal,535,P_2044008,30.0,34.25661391225105
Normal,535,P_2044016,7.5,0.0
Normal,535,P_2044024,21.4,0.0
Normal,535,P_2044042,13.9,-14.080807812688176
Normal,535,P_2045002,0.0,0.0
Normal,535,P_2046013,2.7,0.0
Normal,535,Q_40032000,14.2378,0.0
Normal,535,Q_40050000,53.5602,0.0
Normal,535,Q_40060001,8.9429,-11.02785937274704
Normal,535,Q_40100000,119.173,-81.02357533449958
Normal,535,Q_40185000,15.0433,0.0
Normal,535,Q_40330000,50.8861,-38.610294743565746
Normal,535,Q_40800001,141.745,16.16323495958083
Normal,535,Q_40850000,124.534,34.29454595747878
Normal,535,Q_40930000,15.9357,0.0
Normal,536,P_1944059,0.0,0.0
Normal,536,P_1944063,0.5,-10.578061503429442
Normal,536,P_1945002,0.0,-10.916467294158844
Normal,536,P_1945008,0.0,-12.341061867318066
Normal,536,P_1946000,0.0,0.0
Normal,536,P_2044008,0.0,0.0
Normal,536,P_2044016,0.0,-4.366054736836119
Normal,536,P_2044024,2.3,0.0
Normal,536,P_2044042,3.1,0.0
Normal,536,P_2045002,1.3,0.0
Normal,536,P_2046013,0.0,0.0
Normal,536,Q_40032000,12.7119,-6.118518336084284
Normal,536,Q_40050000,44.5045,0.0
Normal,536,Q_40060001,5.608,-22.257915458933784
Normal,536,Q_40100000,117.717,-80.89008486855535
Normal,536,Q_40185000,14.105,0.0
Normal,536,Q_40330000,48.5692,-41.628816294152955
Normal,536,Q_40800001,94.389,0.0
Normal,536,Q_40850000,173.755,86.27637497871311
Normal,536,Q_40930000,11.4249,-12.043885676640258
Normal,537,P_1944059,3.8,0.0
Normal,537,P_1944063,0.0,-10.337793085141776
Normal,537,P_1945002,0.0,-7.64338528485102
Normal,537,P_1945008,0.0,-11.19438643762345
Normal,537,P_1946000,0.0,0.0
Normal,537,P_2044008,0.0,-6.153743415928545
Normal,537,P_2044016,3.7,0.0
Normal,537,P_2044024,10.0,0.0
Normal,537,P_2044042,19.4,-6.7960035035183175
Normal,537,P_2045002,0.0,0.0
Normal,537,P_2046013,0.0,0.0
Normal,537,Q_40032000,16.5126,0.0
Normal,537,Q_40050000,78.4567,0.0
Normal,537,Q_40060001,7.2136,-17.605848835015195
Normal,537,Q_40100000,132.531,-62.608851092556336
Normal,537,Q_40185000,11.8472,0.0
Normal,537,Q_40330000,35.5075,-59.73636976544458
Normal,537,Q_40800001,36.8451,0.0
Normal,537,Q_40850000,52.074,-39.11332837687897
Normal,537,Q_40930000,10.8599,-13.227790293640947
Normal,538,P_1944059,0.0,0.0
Normal,538,P_1944063,1.1,-6.808686774226165
Normal,538,P_1945002,0.0,-10.136156265491037
Normal,538,P_1945008,0.0,-11.34491868070549
Normal,538,P_1946000,0.0,0.0
Normal,538,P_2044008,0.0,-5.003605889028969
Normal,538,P_2044016,0.0,-2.5679650211821468
Normal,538,P_2044024,0.0,0.0
Normal,538,P_2044042,0.0,0.0
Normal,538,P_2045002,0.0,0.0
Normal,538,P_2046013,0.0,-3.214790132612262
Normal,538,Q_40032000,10.9561,-6.188492702319728
Normal,538,Q_40050000,70.5234,0.0
Normal,538,Q_40060001,11.1233,0.0
Normal,538,Q_40100000,185.169,0.0
Normal,538,Q_40185000,11.1292,0.0
Normal,538,Q_40330000,40.7711,-50.67462128844685
Normal,538,Q_40800001,51.5942,0.0
Normal,538,Q_40850000,71.1011,-18.269899064663225
Normal,538,Q_40930000,7.9655,-17.542470717235716
Normal,539,P_1944059,8.0,0.0
Normal,539,P_1944063,9.5,22.073327502604403
Normal,539,P_1945002,31.2,46.55322074398548
Normal,539,P_1945008,0.0,-9.385489927544452
Normal,539,P_1946000,0.0,7.7937720583636825
Normal,539,P_2044008,14.3,10.313384615270293
Normal,539,P_2044016,0.0,0.0
Normal,539,P_2044024,1.0,0.0
Normal,539,P_2044042,3.9,0.0
Normal,539,P_2045002,0.0,0.0
Normal,539,P_2046013,9.4,0.0
Normal,539,Q_40032000,16.9646,0.0
Normal,539,Q_40050000,59.9424,0.0
Normal,539,Q_40060001,11.9215,0.0
Normal,539,Q_40100000,120.635,-79.51094048351354
Normal,539,Q_40185000,14.5717,0.0
Normal,539,Q_40330000,49.1448,-42.851379575544875
Normal,539,Q_40800001,93.3768,7.678605975986584
Normal,539,Q_40850000,106.076,21.55364151914933
Normal,539,Q_40930000,10.6487,-13.266410341621645
Normal,540,P_1944059,10.4,6.093098649342667
Normal,540,P_1944063,20.8,46.35799202390201
Normal,540,P_1945002,18.4,20.75473571516952
Normal,540,P_1945008,18.8,28.109711881321925
Normal,540,P_1946000,5.2,0.0
Normal,540,P_2044008,7.0,0.0
Normal,540,P_2044016,8.4,0.0
Normal,540,P_2044024,8.2,0.0
Normal,540,P_2044042,2.2,0.0
Normal,540,P_2045002,1.9,0.0
Normal,540,P_2046013,33.0,8.26075437557131
Normal,540,Q_40032000,26.1651,0.0
Normal,540,Q_40050000,101.007,0.0
Normal,540,Q_40060001,8.8379,-10.55732992968909
Normal,540,Q_40100000,183.522,10.72779773175509
Normal,540,Q_40185000,81.0214,10.429608142975143
Normal,540,Q_40330000,87.1723,12.210910479690423
Normal,540,Q_40800001,59.067,0.0
Normal,540,Q_40850000,63.4666,-28.806366074700595
Normal,540,Q_40930000,17.274,0.0
Normal,541,P_1944059,0.0,0.0
Normal,541,P_1944063,0.0,-11.982622457046421
Normal,541,P_1945002,0.0,-9.936923853502426
Normal,541,P_1945008,0.0,-12.20832180807783
Normal,541,P_1946000,0.0,0.0
Normal,541,P_2044008,0.0,-7.209272384333872
Normal,541,P_2044016,0.0,0.0
Normal,541,P_2044024,0.0,0.0
Normal,541,P_2044042,0.0,0.0
Normal,541,P_2045002,0.0,0.0
Normal,541,P_2046013,0.0,0.0
Normal,541,Q_40032000,11.0303,-7.193927400935834
Normal,541,Q_40050000,40.0539,0.0
Normal,541,Q_40060001,7.8104,-14.483979767564438
Normal,541,Q_40100000,123.575,-73.74620131951872
Normal,541,Q_40185000,10.5553,0.0
Normal,541,Q_40330000,41.3118,-50.95290092882708
Normal,541,Q_40800001,40.28,0.0
Normal,541,Q_40850000,58.5863,-32.64087867234511
Normal,541,Q_40930000,4.9048,-25.772798646884873
Normal,542,P_1944059,4.8,3.0907553875174765
Normal,542,P_1944063,4.9,10.203852441512288
Normal,542,P_1945002,0.0,-14.30947195519618
Normal,542,P_1945008,0.0,-15.31320205481959
Normal,542,P_1946000,3.2,0.0
Normal,542,P_2044008,0.0,0.0
Normal,542,P_2044016,0.0,0.0
Normal,542,P_2044024,4.1,0.0
Normal,542,P_2044042,2.4,0.0
Normal,542,P_2045002,0.0,0.0
Normal,542,P_2046013,0.0,0.0
Normal,542,Q_40032000,23.3129,3.1188330080585445
Normal,542,Q_40050000,99.7884,0.0
Normal,542,Q_40060001,15.2852,14.768563883148069
Normal,542,Q_40100000,263.592,113.60050547583405
Normal,542,Q_40185000,28.2927,0.0
Normal,542,Q_40330000,77.4552,0.0
Normal,542,Q_40800001,148.301,9.107578924198755
Normal,542,Q_40850000,159.633,70.13779813529317
Normal,542,Q_40930000,21.0465,8.038797894323084
Normal,543,P_1944059,6.2,0.0
Normal,543,P_1944063,0.0,-15.216363130429787
Normal,543,P_1945002,0.0,0.0
Normal,543,P_1945008,0.0,-13.963210489291384
Normal,543,P_1946000,0.0,6.212335084305914
Normal,543,P_2044008,26.6,33.42278827399596
Normal,543,P_2044016,0.0,0.0
Normal,543,P_2044024,9.6,0.0
Normal,543,P_2044042,13.3,0.0
Normal,543,P_2045002,2.2,0.0
Normal,543,P_2046013,7.0,0.0
Normal,543,Q_40032000,25.6396,6.433433579353564
Normal,543,Q_40050000,94.5373,0.0
Normal,543,Q_40060001,15.5355,18.58102632452152
Normal,543,Q_40100000,273.044,127.07298793607643
Normal,543,Q_40185000,28.2927,0.0
Normal,543,Q_40330000,75.4271,0.0
Normal,543,Q_40800001,120.285,5.4667444173309
Normal,543,Q_40850000,144.257,54.96207545465993
Normal,543,Q_40930000,23.4635,15.420802087784027
Normal,544,P_1944059,0.0,0.0
Normal,544,P_1944063,6.2,12.861640991168827
Normal,544,P_1945002,0.0,-7.161090094137788
Normal,544,P_1945008,0.0,-10.734899443413289
Normal,544,P_1946000,0.0,0.0
Normal,544,P_2044008,25.7,30.856444106217694
Normal,544,P_2044016,3.7,0.0
Normal,544,P_2044024,0.0,0.0
Normal,544,P_2044042,0.2,0.0
Normal,544,P_2045002,0.0,0.0
Normal,544,P_2046013,2.8,0.0
Normal,544,Q_40032000,9.4191,-6.268725944063812
Normal,544,Q_40050000,54.9279,0.0
Normal,544,Q_40060001,5.3384,-24.399303648767347
Normal,544,Q_40100000,63.1353,-152.28031622227746
Normal,544,Q_40185000,18.4774,0.0
Normal,544,Q_40330000,56.2394,-30.868365089740372
Normal,544,Q_40800001,55.4915,0.0
Normal,544,Q_40850000,77.071,-11.560962840475183
Normal,544,Q_40930000,6.3436,-22.095045684407243
Normal,545,P_1944059,0.0,0.0
Normal,545,P_1944063,0.0,-12.312800124341102
Normal,545,P_1945002,0.0,-10.672203780602818
Normal,545,P_1945008,0.0,-11.82119179981294
Normal,545,P_1946000,8.2,0.0
Normal,545,P_2044008,0.0,-5.879707965955758
Normal,545,P_2044016,0.0,-4.193059226397224
Normal,545,P_2044024,0.0,0.0
Normal,545,P_2044042,0.0,0.0
Normal,545,P_2045002,0.0,0.0
Normal,545,P_2046013,0.0,-4.153660520965428
Normal,545,Q_40032000,11.6614,-6.3290521721648805
Normal,545,Q_40050000,71.2386,0.0
Normal,545,Q_40060001,11.2362,0.0
Normal,545,Q_40100000,186.839,0.0
Normal,545,Q_40185000,11.1292,0.0
Normal,545,Q_40330000,39.6976,-52.48937993877283
Normal,545,Q_40800001,57.9978,0.0
Normal,545,Q_40850000,75.7264,-13.714998464759507
Normal,545,Q_40930000,8.2852,-17.00720781557665
Normal,546,P_1944059,1.5,0.0
Normal,546,P_1944063,4.1,0.0
Normal,546,P_1945002,0.0,-6.821032832922064
Normal,546,P_1945008,0.0,-10.038942114005533
Normal,546,P_1946000,0.0,0.0
Normal,546,P_2044008,62.1,115.53382095127628
Normal,546,P_2044016,40.5,46.97442839116557
Normal,546,P_2044024,6.6,0.0
Normal,546,P_2044042,3.5,0.0
Normal,546,P_2045002,4.0,0.0
Normal,546,P_2046013,0.0,0.0
Normal,546,Q_40032000,14.9066,0.0
Normal,546,Q_40050000,70.9995,0.0
Normal,546,Q_40060001,6.8243,-19.37728669654058
Normal,546,Q_40100000,128.028,-67.01663577150751
Normal,546,Q_40185000,7.7372,0.0
Normal,546,Q_40330000,49.7228,-39.70642255393002
Normal,546,Q_40800001,159.749,21.345764428991743
Normal,546,Q_40850000,60.3967,-29.877907365609513
Normal,546,Q_40930000,8.2266,-18.30273232829873
Normal,547,P_1944059,0.0,0.0
Normal,547,P_1944063,0.0,-14.523663272093422
Normal,547,P_1945002,0.0,-12.23665535351619
Normal,547,P_1945008,0.0,-13.464482559664742
Normal,547,P_1946000,0.0,0.0
Normal,547,P_2044008,0.0,-7.122951540259415
Normal,547,P_2044016,0.0,0.0
Normal,547,P_2044024,0.0,0.0
Normal,547,P_2044042,0.0,0.0
Normal,547,P_2045002,0.0,0.0
Normal,547,P_2046013,0.0,-5.366682874524997
Normal,547,Q_40032000,19.3378,0.0
Normal,547,Q_40050000,126.808,0.0
Normal,547,Q_40060001,10.4533,-4.700797393601044
Normal,547,Q_40100000,216.201,49.91650728104192
Normal,547,Q_40185000,23.7639,0.0
Normal,547,Q_40330000,54.4336,-34.44776869199391
Normal,547,Q_40800001,49.6554,0.0
Normal,547,Q_40850000,73.0679,-17.75706332774844
Normal,547,Q_40930000,11.5878,-11.791121313316992
Normal,548,P_1944059,15.8,16.709930504226215
Normal,548,P_1944063,18.2,49.82179419470761
Normal,548,P_1945002,6.5,0.0
Normal,548,P_1945008,0.0,-9.70762328180269
Normal,548,P_1946000,5.0,0.0
Normal,548,P_2044008,3.1,-2.3032968630760564
Normal,548,P_2044016,1.5,0.0
Normal,548,P_2044024,3.2,0.0
Normal,548,P_2044042,0.3,0.0
Normal,548,P_2045002,7.6,0.0
Normal,548,P_2046013,0.0,0.0
Normal,548,Q_40032000,14.9066,-3.9857546862311755
Normal,548,Q_40050000,50.1329,0.0
Normal,548,Q_40060001,9.4737,-6.955223118983045
Normal,548,Q_40100000,154.188,-30.844499875699455
Normal,548,Q_40185000,13.6433,0.0
Normal,548,Q_40330000,50.8861,-38.99911426723623
Normal,548,Q_40800001,62.0848,0.0
Normal,548,Q_40850000,67.2371,-22.900219577305638
Normal,548,Q_40930000,8.4572,-17.442671585995527
Normal,549,P_1944059,0.0,0.0
Normal,549,P_1944063,10.5,20.045737744391886
Normal,549,P_1945002,0.0,-4.119481068863525
Normal,549,P_1945008,40.4,78.30130017112398
Normal,549,P_1946000,0.0,0.0
Normal,549,P_2044008,0.0,-4.735967866423106
Normal,549,P_2044016,4.1,0.0
Normal,549,P_2044024,13.3,0.0
Normal,549,P_2044042,0.2,0.0
Normal,549,P_2045002,25.2,0.0
Normal,549,P_2046013,0.0,0.0
Normal,549,Q_40032000,13.5033,-3.9156918307733974
Normal,549,Q_40050000,95.1864,0.0
Normal,549,Q_40060001,6.8243,-20.169580159898235
Normal,549,Q_40100000,110.838,-93.5643783198999
Normal,549,Q_40185000,10.6773,0.0
Normal,549,Q_40330000,38.1066,-56.04601815299257
Normal,549,Q_40800001,58.9345,0.0
Normal,549,Q_40850000,60.3967,-29.589068868548
Normal,549,Q_40930000,10.245,-12.890770195747468
Normal,550,P_1944059,0.0,0.0
Normal,550,P_1944063,0.0,-12.819617746996856
Normal,550,P_1945002,0.0,-10.563818942801024
Normal,550,P_1945008,0.0,-11.676615600561847
Normal,550,P_1946000,0.0,0.0
Normal,550,P_2044008,0.0,-6.19756521659394
Normal,550,P_2044016,0.0,0.0
Normal,550,P_2044024,0.0,0.0
Normal,550,P_2044042,0.0,0.0
Normal,550,P_2045002,0.0,0.0
Normal,550,P_2046013,0.0,-4.459477802968479
Normal,550,Q_40032000,14.6827,-3.9647250953703
Normal,550,Q_40050000,89.9988,0.0
Normal,550,Q_40060001,8.9429,-9.964336357526602
Normal,550,Q_40100000,181.85,0.0
Normal,550,Q_40185000,9.7214,0.0
Normal,550,Q_40330000,37.5815,-56.51070745738617
Normal,550,Q_40800001,29.5801,0.0
Normal,550,Q_40850000,40.2954,-50.65495721559077
Normal,550,Q_40930000,27.042,22.43970098386879
Normal,551,P_1944059,1.0,0.0
Normal,551,P_1944063,0.0,-4.63765870955216
Normal,551,P_1945002,0.0,-1.3124300639663484
Normal,551,P_1945008,0.0,-7.3890272507868255
Normal,551,P_1946000,0.0,0.0
Normal,551,P_2044008,0.0,-2.1956609577518473
Normal,551,P_2044016,16.7,0.0
Normal,551,P_2044024,0.0,0.0
Normal,551,P_2044042,0.0,0.0
Normal,551,P_2045002,9.1,0.0
Normal,551,P_2046013,26.3,0.0
Normal,551,Q_40032000,18.3779,-1.1823150779321736
Normal,551,Q_40050000,46.5647,0.0
Normal,551,Q_40060001,3.1903,-29.11732613389983
Normal,551,Q_40100000,60.6268,-153.31027624304508
Normal,551,Q_40185000,7.3583,0.0
Normal,551,Q_40330000,25.3358,-70.5607521746043
Normal,551,Q_40800001,39.3104,0.0
Normal,551,Q_40850000,37.9323,-51.280484998793206
Normal,551,Q_40930000,5.3641,-21.789692259564177
Normal,552,P_1944059,2.0,0.0
Normal,552,P_1944063,1.1,-7.770885197494977
Normal,552,P_1945002,0.0,-8.928262817195876
Normal,552,P_1945008,34.6,101.51522727091906
Normal,552,P_1946000,1.5,5.022864494167927
Normal,552,P_2044008,0.0,0.0
Normal,552,P_2044016,22.0,16.002396336114245
Normal,552,P_2044024,0.0,0.0
Normal,552,P_2044042,7.1,0.0
Normal,552,P_2045002,1.6,0.0
Normal,552,P_2046013,8.5,3.2647642277029854
Normal,552,Q_40032000,16.2656,0.0
Normal,552,Q_40050000,130.267,0.0
Normal,552,Q_40060001,18.6383,40.7905077653389
Normal,552,Q_40100000,300.84,175.25569008412145
Normal,552,Q_40185000,25.4912,0.0
Normal,552,Q_40330000,92.908,19.33420229595007
Normal,552,Q_40800001,66.6196,0.0
Normal,552,Q_40850000,88.9097,0.0
Normal,552,Q_40930000,18.3,4.606310391183313
Normal,553,P_1944059,0.0,0.0
Normal,553,P_1944063,0.0,-12.151933408139211
Normal,553,P_1945002,0.0,-10.308239012120255
Normal,553,P_1945008,0.0,-11.979246923751937
Normal,553,P_1946000,0.0,0.0
Normal,553,P_2044008,0.0,-7.169073595536109
Normal,553,P_2044016,0.0,0.0
Normal,553,P_2044024,0.0,0.0
Normal,553,P_2044042,0.0,0.0
Normal,553,P_2045002,0.0,0.0
Normal,553,P_2046013,0.0,0.0
Normal,553,Q_40032000,14.6283,0.0
Normal,553,Q_40050000,69.0882,0.0
Normal,553,Q_40060001,6.2535,-20.26780946972348
Normal,553,Q_40100000,140.145,-52.17143586480486
Normal,553,Q_40185000,7.3583,0.0
Normal,553,Q_40330000,32.9749,-62.745351974755245
Normal,553,Q_40800001,26.0328,-6.135798881903099
Normal,553,Q_40850000,34.4681,-58.20826777425217
Normal,553,Q_40930000,8.0325,-19.546471725651816
Normal,554,P_1944059,0.0,0.0
Normal,554,P_1944063,0.0,-14.224834350365365
Normal,554,P_1945002,0.0,-11.772601797569465
Normal,554,P_1945008,0.0,-13.198061426743523
Normal,554,P_1946000,0.0,0.0
Normal,554,P_2044008,0.0,-6.833331210073721
Normal,554,P_2044016,0.0,0.0
Normal,554,P_2044024,0.0,0.0
Normal,554,P_2044042,0.0,0.0
Normal,554,P_2045002,0.0,0.0
Normal,554,P_2046013,0.0,-5.518542506873743
Normal,554,Q_40032000,19.0965,0.0
Normal,554,Q_40050000,100.227,0.0
Normal,554,Q_40060001,8.5254,-12.631069779590321
Normal,554,Q_40100000,197.073,25.032988856139767
Normal,554,Q_40185000,16.4869,0.0
Normal,554,Q_40330000,50.3033,-39.36096300591755
Normal,554,Q_40800001,39.3104,0.0
Normal,554,Q_40850000,55.3181,-36.19898408805998
Normal,554,Q_40930000,57.8705,92.4257166012673
Normal,555,P_1944059,2.4,0.0
Normal,555,P_1944063,2.5,0.0
Normal,555,P_1945002,0.0,-3.3944182374587286
Normal,555,P_1945008,9.1,0.0
Normal,555,P_1946000,0.0,0.0
Normal,555,P_2044008,22.2,0.0
Normal,555,P_2044016,20.5,0.0
Normal,555,P_2044024,34.0,30.96282761101812
Normal,555,P_2044042,21.9,-11.502736397413594
Normal,555,P_2045002,9.7,0.0
Normal,555,P_2046013,2.1,0.0
Normal,555,Q_40032000,8.6413,0.0
Normal,555,Q_40050000,37.884,-1.58061747318294
Normal,555,Q_40060001,5.161,-25.913780406509353
Normal,555,Q_40100000,47.4535,-171.83988359911461
Normal,555,Q_40185000,4.2442,0.0
Normal,555,Q_40330000,15.6889,-80.81345506691697
Normal,555,Q_40800001,40.6468,-1.4688347230106424
Normal,555,Q_40850000,40.8927,-48.0157645153706
Normal,555,Q_40930000,8.7258,-16.036262087327277
Normal,556,P_1944059,0.0,0.0
Normal,556,P_1944063,2.5,0.0
Normal,556,P_1945002,0.0,0.0
Normal,556,P_1945008,96.4,235.2245400219129
Normal,556,P_1946000,0.0,0.0
Normal,556,P_2044008,0.0,-6.69826088952159
Normal,556,P_2044016,0.0,0.0
Normal,556,P_2044024,0.0,0.0
Normal,556,P_2044042,0.6,0.0
Normal,556,P_2045002,0.0,0.0
Normal,556,P_2046013,0.0,0.0
Normal,556,Q_40032000,7.441,-4.761857767284341
Normal,556,Q_40050000,32.9781,-4.697515543512893
Normal,556,Q_40060001,3.1903,-35.245885307500025
Normal,556,Q_40100000,70.5712,-142.58067115844892
Normal,556,Q_40185000,6.9856,0.0
Normal,556,Q_40330000,29.5441,-66.10550865007848
Normal,556,Q_40800001,32.0679,-5.905024442744066
Normal,556,Q_40850000,37.9323,-54.19958477925462
Normal,556,Q_40930000,10.4989,-15.384987433542074
Normal,557,P_1944059,0.0,0.0
Normal,557,P_1944063,0.5,-13.003034010081858
Normal,557,P_1945002,0.0,-13.188383517443093
Normal,557,P_1945008,4.3,0.0
Normal,557,P_1946000,6.4,0.0
Normal,557,P_2044008,0.0,-6.857303793415178
Normal,557,P_2044016,0.9,0.0
Normal,557,P_2044024,1.3,0.0
Normal,557,P_2044042,0.0,0.0
Normal,557,P_2045002,1.5,0.0
Normal,557,P_2046013,0.0,-5.909782332912783
Normal,557,Q_40032000,28.3031,10.692365461943238
Normal,557,Q_40050000,128.392,0.0
Normal,557,Q_40060001,14.7885,13.448396607677665
Normal,557,Q_40100000,270.323,124.02941561359572
Normal,557,Q_40185000,25.4912,0.0
Normal,557,Q_40330000,92.908,17.15317640609387
Normal,557,Q_40800001,107.507,0.0
Normal,557,Q_40850000,167.101,80.22530184216937
Normal,557,Q_40930000,12.2696,-9.74239357916359
Normal,558,P_1944059,0.0,-2.477171175505916
Normal,558,P_1944063,0.0,-12.948891092104594
Normal,558,P_1945002,0.0,-10.489633461217375
Normal,558,P_1945008,0.0,-11.73210228579274
Normal,558,P_1946000,0.0,0.0
Normal,558,P_2044008,0.0,-5.355343498727344
Normal,558,P_2044016,0.0,-2.752115331578379
Normal,558,P_2044024,0.0,0.0
Normal,558,P_2044042,0.0,0.0
Normal,558,P_2045002,0.0,0.0
Normal,558,P_2046013,0.0,-3.316391480180532
Normal,558,Q_40032000,48.4995,40.71449601967989
Normal,558,Q_40050000,143.521,0.0
Normal,558,Q_40060001,11.6916,0.0
Normal,558,Q_40100000,282.601,142.53519573799383
Normal,558,Q_40185000,18.4774,0.0
Normal,558,Q_40330000,61.7824,-23.112145085665954
Normal,558,Q_40800001,50.6,0.0
Normal,558,Q_40850000,89.6288,0.0
Normal,558,Q_40930000,16.4948,0.0
Normal,559,P_1944059,0.0,0.0
Normal,559,P_1944063,0.0,-11.465593551537431
Normal,559,P_1945002,0.0,-8.998339835150034
Normal,559,P_1945008,0.0,-11.73907430822429
Normal,559,P_1946000,0.0,0.0
Normal,559,P_2044008,4.0,0.0
Normal,559,P_2044016,0.0,0.0
Normal,559,P_2044024,0.0,0.0
Normal,559,P_2044042,0.0,0.0
Normal,559,P_2045002,0.0,0.0
Normal,559,P_2046013,0.0,-5.353887702143538
Normal,559,Q_40032000,8.6394,-7.664830030451172
Normal,559,Q_40050000,46.2029,0.0
Normal,559,Q_40060001,6.2535,-20.510669092743154
Normal,559,Q_40100000,82.4071,-127.02208153148926
Normal,559,Q_40185000,8.1334,0.0
Normal,559,Q_40330000,28.5889,-67.34473792965882
Normal,559,Q_40800001,35.6238,0.0
Normal,559,Q_40850000,45.7634,-45.684014163584074
Normal,559,Q_40930000,4.8967,-25.08631357159384
Normal,560,P_1944059,0.0,0.0
Normal,560,P_1944063,0.0,-17.55834162938544
Normal,560,P_1945002,0.0,-14.266664672518223
Normal,560,P_1945008,0.0,-16.599223034928386
Normal,560,P_1946000,0.0,6.15251103847784
Normal,560,P_2044008,0.0,-9.02954202622368
Normal,560,P_2044016,0.0,0.0
Normal,560,P_2044024,0.0,0.0
Normal,560,P_2044042,0.0,0.0
Normal,560,P_2045002,0.0,0.0
Normal,560,P_2046013,0.0,0.0
Normal,560,Q_40032000,53.2794,52.58103890401299
Normal,560,Q_40050000,200.718,0.0
Normal,560,Q_40060001,14.0534,11.572724536001665
Normal,560,Q_40100000,455.504,372.2972493531688
Normal,560,Q_40185000,22.6724,0.0
Normal,560,Q_40330000,88.5939,9.338712432907057
Normal,560,Q_40800001,52.529,0.0
Normal,560,Q_40850000,83.9466,0.0
Normal,560,Q_40930000,24.9494,17.681864597732048
Normal,561,P_1944059,0.0,0.0
Normal,561,P_1944063,0.0,-13.485195108042976
Normal,561,P_1945002,0.0,-10.821764686932974
Normal,561,P_1945008,0.0,-12.536560927719744
Normal,561,P_1946000,0.0,0.0
Normal,561,P_2044008,0.0,-6.752315997673623
Normal,561,P_2044016,0.0,0.0
Normal,561,P_2044024,0.0,0.0
Normal,561,P_2044042,0.0,0.0
Normal,561,P_2045002,0.0,0.0
Normal,561,P_2046013,0.0,-5.420559575091062
Normal,561,Q_40032000,10.439,-7.630064137955719
Normal,561,Q_40050000,64.2219,0.0
Normal,561,Q_40060001,10.1233,-5.8243913030732966
Normal,561,Q_40100000,175.247,0.0
Normal,561,Q_40185000,9.3692,0.0
Normal,561,Q_40330000,33.476,-62.51980051924609
Normal,561,Q_40800001,49.8146,0.0
Normal,561,Q_40850000,70.4506,-19.96570984462304
Normal,561,Q_40930000,7.648,-19.91517851758434
Normal,562,P_1944059,0.0,0.0
Normal,562,P_1944063,0.0,-11.80981276730875
Normal,562,P_1945002,0.0,-9.17674387010841
Normal,562,P_1945008,0.0,-10.333118800603533
Normal,562,P_1946000,0.0,0.0
Normal,562,P_2044008,0.0,-4.846548276881031
Normal,562,P_2044016,6.0,0.0
Normal,562,P_2044024,0.0,0.0
Normal,562,P_2044042,0.0,0.0
Normal,562,P_2045002,0.0,0.0
Normal,562,P_2046013,0.0,-3.1878488356499437
Normal,562,Q_40032000,15.3573,-2.5048182622369097
Normal,562,Q_40050000,62.3219,0.0
Normal,562,Q_40060001,10.2329,-3.5459593069782107
Normal,562,Q_40100000,186.881,0.0
Normal,562,Q_40185000,12.735,0.0
Normal,562,Q_40330000,52.0591,-35.593121370870115
Normal,562,Q_40800001,57.4099,0.0
Normal,562,Q_40850000,77.071,-11.83238197742327
Normal,562,Q_40930000,7.1134,-19.537525040507678
Normal,563,P_1944059,5.8,0.0
Normal,563,P_1944063,0.0,-7.30113732767842
Normal,563,P_1945002,7.6,0.0
Normal,563,P_1945008,11.0,0.0
Normal,563,P_1946000,0.0,0.0
Normal,563,P_2044008,1.9,-3.5143356245947075
Normal,563,P_2044016,30.2,25.34032040539408
Normal,563,P_2044024,8.5,0.0
Normal,563,P_2044042,8.4,-7.175895751211014
Normal,563,P_2045002,0.0,0.0
Normal,563,P_2046013,0.0,0.0
Normal,563,Q_40032000,8.6413,-3.507931821776876
Normal,563,Q_40050000,38.1813,0.0
Normal,563,Q_40060001,5.161,-26.4423465203807
Normal,563,Q_40100000,48.6062,-172.94296232287743
Normal,563,Q_40185000,4.5622,0.0
Normal,563,Q_40330000,14.9303,-85.35530870235849
Normal,563,Q_40800001,46.8522,0.0
Normal,563,Q_40850000,37.3481,-53.21875614705023
Normal,563,Q_40930000,9.4285,-15.04801712767478
Normal,564,P_1944059,60.0,101.63936592908638
Normal,564,P_1944063,23.7,38.41165728168346
Normal,564,P_1945002,1.3,0.0
Normal,564,P_1945008,10.9,0.0
Normal,564,P_1946000,50.8,-25.140761235931812
Normal,564,P_2044008,6.2,0.0
Normal,564,P_2044016,9.5,0.0
Normal,564,P_2044024,2.4,0.0
Normal,564,P_2044042,47.6,0.0
Normal,564,P_2045002,54.2,52.1607516061995
Normal,564,P_2046013,14.6,0.0
Normal,564,Q_40032000,41.1267,9.260129918651742
Normal,564,Q_40050000,84.9724,0.0
Normal,564,Q_40060001,15.2852,17.27831686717748
Normal,564,Q_40100000,138.612,-57.47500937649283
Normal,564,Q_40185000,27.1366,0.0
Normal,564,Q_40330000,47.4254,-43.35549185057196
Normal,564,Q_40800001,65.7163,0.0
Normal,564,Q_40850000,65.3401,-25.077950632837126
Normal,564,Q_40930000,21.2554,9.06593964462354
Normal,565,P_1944059,0.0,0.0
Normal,565,P_1944063,0.0,-11.879717109545467
Normal,565,P_1945002,0.0,-9.804402962861325
Normal,565,P_1945008,0.0,-12.782476610700316
Normal,565,P_1946000,0.0,0.0
Normal,565,P_2044008,0.0,-7.0342093452791605
Normal,565,P_2044016,0.0,0.0
Normal,565,P_2044024,0.0,0.0
Normal,565,P_2044042,0.0,0.0
Normal,565,P_2045002,0.0,0.0
Normal,565,P_2046013,0.0,0.0
Normal,565,Q_40032000,14.6283,-5.76224327437771
Normal,565,Q_40050000,80.4698,0.0
Normal,565,Q_40060001,6.921,-18.570135665671074
Normal,565,Q_40100000,143.229,-48.38634425705067
Normal,565,Q_40185000,10.1356,0.0
Normal,565,Q_40330000,37.5815,-57.51172438405422
Normal,565,Q_40800001,33.6371,0.0
Normal,565,Q_40850000,43.918,-48.348332960871495
Normal,565,Q_40930000,9.076,-16.658561713547037
Normal,566,P_1944059,0.0,0.0
Normal,566,P_1944063,0.0,-12.829448403299873
Normal,566,P_1945002,0.0,-10.981200042391066
Normal,566,P_1945008,0.0,-13.098083491774446
Normal,566,P_1946000,0.0,0.0
Normal,566,P_2044008,0.0,-6.511178834785667
Normal,566,P_2044016,0.0,0.0
Normal,566,P_2044024,0.0,0.0
Normal,566,P_2044042,0.0,0.0
Normal,566,P_2045002,0.0,0.0
Normal,566,P_2046013,0.0,0.0
Normal,566,Q_40032000,10.439,-7.808902871642637
Normal,566,Q_40050000,63.5367,0.0
Normal,566,Q_40060001,10.0141,-6.509675685488958
Normal,566,Q_40100000,173.61,-7.565580765246159
Normal,566,Q_40185000,8.9491,0.0
Normal,566,Q_40330000,32.4766,-63.414483390435215
Normal,566,Q_40800001,47.1875,0.0
Normal,566,Q_40850000,65.3401,-25.762290625523445
Normal,566,Q_40930000,7.3326,-20.226084690949136
Normal,567,P_1944059,11.1,3.8362786139398284
Normal,567,P_1944063,0.0,0.0
Normal,567,P_1945002,23.6,38.67677908693466
Normal,567,P_1945008,60.1,138.03094977579758
Normal,567,P_1946000,10.4,0.0
Normal,567,P_2044008,0.0,0.0
Normal,567,P_2044016,2.5,0.0
Normal,567,P_2044024,5.8,0.0
Normal,567,P_2044042,25.5,-16.07577926722765
Normal,567,P_2045002,19.1,0.0
Normal,567,P_2046013,0.0,0.0
Normal,567,Q_40032000,14.2378,0.0
Normal,567,Q_40050000,62.3219,0.0
Normal,567,Q_40060001,8.8379,-14.61728532570055
Normal,567,Q_40100000,331.928,209.12758129776896
Normal,567,Q_40185000,31.8535,0.0
Normal,567,Q_40330000,151.464,93.85645334897814
Normal,567,Q_40800001,268.894,29.85694730681736
Normal,567,Q_40850000,123.705,32.67206545136814
Normal,567,Q_40930000,107.74,204.5686683121307
Normal,568,P_1944059,17.6,11.071611059150644
Normal,568,P_1944063,17.6,42.02385434383147
Normal,568,P_1945002,0.0,0.0
Normal,568,P_1945008,3.4,0.0
Normal,568,P_1946000,37.4,0.0
Normal,568,P_2044008,5.3,0.0
Normal,568,P_2044016,14.7,2.9294137727378473
Normal,568,P_2044024,11.0,0.0
Normal,568,P_2044042,0.0,0.0
Normal,568,P_2045002,0.0,0.0
Normal,568,P_2046013,51.0,29.067406678254514
Normal,568,Q_40032000,57.1941,19.25743642094237
Normal,568,Q_40050000,164.879,0.0
Normal,568,Q_40060001,27.6886,88.24251026150228
Normal,568,Q_40100000,202.233,28.77762364627488
Normal,568,Q_40185000,54.515,0.0
Normal,568,Q_40330000,82.9573,2.7282391997416084
Normal,568,Q_40800001,153.922,14.55684491874287
Normal,568,Q_40850000,160.559,71.87397074103492
Normal,568,Q_40930000,16.5424,0.0
Normal,569,P_1944059,11.8,6.123536093964674
Normal,569,P_1944063,79.0,210.99161533610626
Normal,569,P_1945002,8.9,7.657621743342192
Normal,569,P_1945008,0.0,0.0
Normal,569,P_1946000,0.0,7.891693020329791
Normal,569,P_2044008,5.3,0.0
Normal,569,P_2044016,0.0,0.0
Normal,569,P_2044024,0.0,0.0
Normal,569,P_2044042,5.6,0.0
Normal,569,P_2045002,0.5,0.0
Normal,569,P_2046013,29.4,9.143117531902941
Normal,569,Q_40032000,17.9032,0.0
Normal,569,Q_40050000,112.583,0.0
Normal,569,Q_40060001,6.6323,-24.507584367043446
Normal,569,Q_40100000,188.568,12.318996372355505
Normal,569,Q_40185000,16.4869,0.0
Normal,569,Q_40330000,53.8364,-39.08192247646725
Normal,569,Q_40800001,60.691,0.0
Normal,569,Q_40850000,98.4517,8.544722096015963
Normal,569,Q_40930000,57.0135,98.18466451983171
Normal,570,P_1944059,0.0,0.0
Normal,570,P_1944063,0.0,-12.855659325315141
Normal,570,P_1945002,0.0,-10.617315377737997
Normal,570,P_1945008,0.0,-12.70489532592991
Normal,570,P_1946000,0.0,0.0
Normal,570,P_2044008,0.0,-6.528787351314577
Normal,570,P_2044016,0.0,0.0
Normal,570,P_2044024,0.0,0.0
Normal,570,P_2044042,0.0,0.0
Normal,570,P_2045002,0.0,0.0
Normal,570,P_2046013,0.0,0.0
Normal,570,Q_40032000,9.8987,-7.72888085325051
Normal,570,Q_40050000,58.8259,0.0
Normal,570,Q_40060001,9.4737,-7.955892198600215
Normal,570,Q_40100000,166.847,-17.00680439277578
Normal,570,Q_40185000,8.5372,0.0
Normal,570,Q_40330000,30.9979,-65.69512558772024
Normal,570,Q_40800001,42.9241,0.0
Normal,570,Q_40850000,59.1871,-31.97151149311898
Normal,570,Q_40930000,7.0195,-21.394284678976366
Alta vazao,0,P_1944059,0.0,0.0
Alta vazao,0,P_1944063,0.0,-21.179944818561836
Alta vazao,0,P_1945002,0.0,-15.166379686382669
Alta vazao,0,P_1945008,0.0,-14.998235540891839
Alta vazao,0,P_1946000,0.0,0.0
Alta vazao,0,P_2044008,0.0,0.0
Alta vazao,0,P_2044016,0.0,0.0
Alta vazao,0,P_2044024,0.0,0.0
Alta vazao,0,P_2044042,0.0,0.0
Alta vazao,0,P_2045002,0.0,0.0
Alta vazao,0,P_2046013,11.6,9.330960386428842
Alta vazao,0,Q_40032000,24.3392,0.0
Alta vazao,0,Q_40050000,300.768,0.0
Alta vazao,0,Q_40060001,20.2559,33.80484774987868
Alta vazao,0,Q_40100000,804.445,803.3595392014307
Alta vazao,0,Q_40185000,68.9365,-18.262433290594686
Alta vazao,0,Q_40330000,145.001,80.943621394602
Alta vazao,0,Q_40800001,83.3779,0.0
Alta vazao,0,Q_40850000,155.041,53.31636397075288
Alta vazao,0,Q_40930000,35.7094,37.80350807691858
Alta vazao,1,P_1944059,100.0,153.02160886060844
Alta vazao,1,P_1944063,26.0,72.92441124471696
Alta vazao,1,P_1945002,0.0,0.0
Alta vazao,1,P_1945008,0.0,0.0
Alta vazao,1,P_1946000,0.0,0.0
Alta vazao,1,P_2044008,30.9,37.580508717347975
Alta vazao,1,P_2044016,17.8,0.0
Alta vazao,1,P_2044024,65.2,23.03553548010339
Alta vazao,1,P_2044042,18.1,0.0
Alta vazao,1,P_2045002,11.8,0.0
Alta vazao,1,P_2046013,18.2,0.0
Alta vazao,1,Q_40032000,35.544,0.0
Alta vazao,1,Q_40050000,143.356,0.0
Alta vazao,1,Q_40060001,19.1727,29.474448556477405
Alta vazao,1,Q_40100000,539.776,433.2315135848094
Alta vazao,1,Q_40185000,22.6724,0.0
Alta vazao,1,Q_40330000,102.818,20.823104799307817
Alta vazao,1,Q_40800001,196.702,17.90811097336109
Alta vazao,1,Q_40850000,209.734,106.21421042694568
Alta vazao,1,Q_40930000,40.5949,43.400748315527565
Alta vazao,2,P_1944059,32.0,49.585320867653685
Alta vazao,2,P_1944063,13.3,42.485933316403205
Alta vazao,2,P_1945002,0.0,-9.243954621993538
Alta vazao,2,P_1945008,0.0,-11.625779563834303
Alta vazao,2,P_1946000,0.0,0.0
Alta vazao,2,P_2044008,0.0,0.0
Alta vazao,2,P_2044016,1.4,0.0
Alta vazao,2,P_2044024,0.0,0.0
Alta vazao,2,P_2044042,24.9,0.0
Alta vazao,2,P_2045002,10.6,0.0
Alta vazao,2,P_2046013,8.4,0.0
Alta vazao,2,Q_40032000,17.7253,0.0
Alta vazao,2,Q_40050000,144.539,0.0
Alta vazao,2,Q_40060001,9.9052,-12.101642298716643
Alta vazao,2,Q_40100000,129.529,-102.87114692109236
Alta vazao,2,Q_40185000,38.1779,0.0
Alta vazao,2,Q_40330000,136.848,70.58335191760669
Alta vazao,2,Q_40800001,181.562,13.949734271193353
Alta vazao,2,Q_40850000,244.139,144.7587361883908
Alta vazao,2,Q_40930000,8.9307,-22.072245751092787
Alta vazao,3,P_1944059,0.0,0.0
Alta vazao,3,P_1944063,0.0,-12.645589885385577
Alta vazao,3,P_1945002,0.0,0.0
Alta vazao,3,P_1945008,0.0,-11.702641518636684
Alta vazao,3,P_1946000,3.6,0.0
Alta vazao,3,P_2044008,0.0,0.0
Alta vazao,3,P_2044016,44.0,38.76034414576557
Alta vazao,3,P_2044024,0.2,0.0
Alta vazao,3,P_2044042,136.4,221.8866666501367
Alta vazao,3,P_2045002,0.0,0.0
Alta vazao,3,P_2046013,0.0,0.0
Alta vazao,3,Q_40032000,17.303,0.0
Alta vazao,3,Q_40050000,87.2214,0.0
Alta vazao,3,Q_40060001,14.5421,5.19784046242944
Alta vazao,3,Q_40100000,154.553,-67.44959273620711
Alta vazao,3,Q_40185000,46.8777,0.0
Alta vazao,3,Q_40330000,171.481,103.40492974913847
Alta vazao,3,Q_40800001,178.484,13.053622126267694
Alta vazao,3,Q_40850000,250.84,130.622331404324
Alta vazao,3,Q_40930000,6.7087,-25.850806606595597
Alta vazao,4,P_1944059,0.0,0.0
Alta vazao,4,P_1944063,0.0,-19.728889394850164
Alta vazao,4,P_1945002,0.0,-15.426687209070453
Alta vazao,4,P_1945008,0.0,-14.597776104923417
Alta vazao,4,P_1946000,0.0,0.0
Alta vazao,4,P_2044008,0.0,0.0
Alta vazao,4,P_2044016,0.0,0.0
Alta vazao,4,P_2044024,0.0,0.0
Alta vazao,4,P_2044042,0.0,0.0
Alta vazao,4,P_2045002,0.0,0.0
Alta vazao,4,P_2046013,0.0,-6.42832119765103
Alta vazao,4,Q_40032000,24.3392,0.0
Alta vazao,4,Q_40050000,408.525,0.0
Alta vazao,4,Q_40060001,25.9662,64.72883299319706
Alta vazao,4,Q_40100000,711.304,672.7919195602083
Alta vazao,4,Q_40185000,71.6266,-18.3905276243058
Alta vazao,4,Q_40330000,172.458,117.14054252672892
Alta vazao,4,Q_40800001,122.931,0.0
Alta vazao,4,Q_40850000,169.939,67.29381664167657
Alta vazao,4,Q_40930000,13.8167,-10.00992016930431
Alta vazao,5,P_1944059,3.8,0.0
Alta vazao,5,P_1944063,11.0,46.17941667743633
Alta vazao,5,P_1945002,0.0,-15.51230714805006
Alta vazao,5,P_1945008,0.0,-15.905111775064972
Alta vazao,5,P_1946000,0.0,4.4367546310521675
Alta vazao,5,P_2044008,0.5,0.0
Alta vazao,5,P_2044016,1.0,0.0
Alta vazao,5,P_2044024,4.7,0.0
Alta vazao,5,P_2044042,0.0,0.0
Alta vazao,5,P_2045002,0.0,0.0
Alta vazao,5,P_2046013,0.0,0.0
Alta vazao,5,Q_40032000,30.4766,15.23158180202859
Alta vazao,5,Q_40050000,316.217,0.0
Alta vazao,5,Q_40060001,13.211,0.0
Alta vazao,5,Q_40100000,533.042,442.621748838516
Alta vazao,5,Q_40185000,45.3421,0.0
Alta vazao,5,Q_40330000,143.174,77.98219799974477
Alta vazao,5,Q_40800001,143.584,6.91868201249187
Alta vazao,5,Q_40850000,191.379,89.03658803343896
Alta vazao,5,Q_40930000,39.3781,46.73414695792443
Alta vazao,6,P_1944059,27.2,22.123094870644177
Alta vazao,6,P_1944063,4.5,0.0
Alta vazao,6,P_1945002,28.6,69.77477205996982
Alta vazao,6,P_1945008,0.0,0.0
Alta vazao,6,P_1946000,24.1,0.0
Alta vazao,6,P_2044008,42.1,52.81187172339568
Alta vazao,6,P_2044016,18.5,8.011627012496092
Alta vazao,6,P_2044024,7.8,0.0
Alta vazao,6,P_2044042,19.4,0.0
Alta vazao,6,P_2045002,14.2,0.0
Alta vazao,6,P_2046013,63.9,81.65324477501089
Alta vazao,6,Q_40032000,31.0286,0.0
Alta vazao,6,Q_40050000,309.38,0.0
Alta vazao,6,Q_40060001,29.7647,78.38285184291458
Alta vazao,6,Q_40100000,569.435,484.6115981844129
Alta vazao,6,Q_40185000,131.331,0.0
Alta vazao,6,Q_40330000,420.765,434.2408627605206
Alta vazao,6,Q_40800001,202.48,0.0
Alta vazao,6,Q_40850000,314.635,200.742693810279
Alta vazao,6,Q_40930000,149.232,299.9511591148745
Alta vazao,7,P_1944059,147.6,160.5173420003671
Alta vazao,7,P_1944063,86.0,167.3324185113031
Alta vazao,7,P_1945002,22.1,0.0
Alta vazao,7,P_1945008,92.8,173.95624168819506
Alta vazao,7,P_1946000,70.6,0.0
Alta vazao,7,P_2044008,77.3,126.40999602035251
Alta vazao,7,P_2044016,94.0,77.63455865652476
Alta vazao,7,P_2044024,106.5,0.0
Alta vazao,7,P_2044042,114.0,0.0
Alta vazao,7,P_2045002,84.5,0.0
Alta vazao,7,P_2046013,71.4,0.0
Alta vazao,7,Q_40032000,74.4039,0.0
Alta vazao,7,Q_40050000,339.664,0.0
Alta vazao,7,Q_40060001,38.8625,137.64141111269277
Alta vazao,7,Q_40100000,276.854,85.53273585719762
Alta vazao,7,Q_40185000,160.724,0.0
Alta vazao,7,Q_40330000,390.754,401.80867899061104
Alta vazao,7,Q_40800001,476.469,82.93786273891443
Alta vazao,7,Q_40850000,448.873,356.87359503148474
Alta vazao,7,Q_40930000,55.7478,0.0
Alta vazao,8,P_1944059,12.0,14.958611204038398
Alta vazao,8,P_1944063,0.0,-20.52280938957137
Alta vazao,8,P_1945002,0.0,-15.878655353000909
Alta vazao,8,P_1945008,0.0,0.0
Alta vazao,8,P_1946000,0.0,0.0
Alta vazao,8,P_2044008,26.2,33.98427338964812
Alta vazao,8,P_2044016,0.2,0.0
Alta vazao,8,P_2044024,5.3,0.0
Alta vazao,8,P_2044042,0.0,0.0
Alta vazao,8,P_2045002,0.6,0.0
Alta vazao,8,P_2046013,4.6,0.0
Alta vazao,8,Q_40032000,25.1171,0.0
Alta vazao,8,Q_40050000,243.319,0.0
Alta vazao,8,Q_40060001,17.7147,23.09711974895761
Alta vazao,8,Q_40100000,502.173,400.7632390177224
Alta vazao,8,Q_40185000,56.5066,-16.6192436053547
Alta vazao,8,Q_40330000,197.539,147.24486568230748
Alta vazao,8,Q_40800001,184.096,7.97448437905412
Alta vazao,8,Q_40850000,241.923,137.68592428384176
Alta vazao,8,Q_40930000,17.1584,0.0
Alta vazao,9,P_1944059,0.0,0.0
Alta vazao,9,P_1944063,4.5,0.0
Alta vazao,9,P_1945002,25.5,53.83032131583698
Alta vazao,9,P_1945008,0.0,-10.990251709965678
Alta vazao,9,P_1946000,4.1,0.0
Alta vazao,9,P_2044008,43.0,64.00422682582759
Alta vazao,9,P_2044016,4.1,0.0
Alta vazao,9,P_2044024,30.0,14.431403819808319
Alta vazao,9,P_2044042,2.5,0.0
Alta vazao,9,P_2045002,0.0,0.0
Alta vazao,9,P_2046013,0.0,0.0
Alta vazao,9,Q_40032000,13.3141,0.0
Alta vazao,9,Q_40050000,90.0514,0.0
Alta vazao,9,Q_40060001,16.2942,19.547136126500646
Alta vazao,9,Q_40100000,123.166,-110.20625748662975
Alta vazao,9,Q_40185000,19.9682,0.0
Alta vazao,9,Q_40330000,74.0858,-11.316267542902025
Alta vazao,9,Q_40800001,115.781,9.389748242283927
Alta vazao,9,Q_40850000,156.871,61.07493707770511
Alta vazao,9,Q_40930000,9.9136,-20.777504693634512
Alta vazao,10,P_1944059,2.6,0.0
Alta vazao,10,P_1944063,8.1,0.0
Alta vazao,10,P_1945002,33.1,66.89558847384212
Alta vazao,10,P_1945008,17.4,37.03732195233003
Alta vazao,10,P_1946000,27.0,0.0
Alta vazao,10,P_2044008,3.8,0.0
Alta vazao,10,P_2044016,5.6,0.0
Alta vazao,10,P_2044024,7.2,0.0
Alta vazao,10,P_2044042,5.9,0.0
Alta vazao,10,P_2045002,48.5,0.0
Alta vazao,10,P_2046013,38.6,28.78425579696517
Alta vazao,10,Q_40032000,110.692,122.55369427056205
Alta vazao,10,Q_40050000,447.413,0.0
Alta vazao,10,Q_40060001,35.0538,128.14983158319924
Alta vazao,10,Q_40100000,648.243,626.8742469600045
Alta vazao,10,Q_40185000,39.373,0.0
Alta vazao,10,Q_40330000,158.032,104.23389437410552
Alta vazao,10,Q_40800001,221.163,25.947388399310057
Alta vazao,10,Q_40850000,248.598,159.63553060444028
Alta vazao,10,Q_40930000,176.15,368.28845928663384
Alta vazao,11,P_1944059,2.6,0.0
Alta vazao,11,P_1944063,4.5,0.0
Alta vazao,11,P_1945002,23.9,54.74384149554185
Alta vazao,11,P_1945008,76.8,228.107551830859
Alta vazao,11,P_1946000,7.3,0.0
Alta vazao,11,P_2044008,9.6,0.0
Alta vazao,11,P_2044016,23.0,0.0
Alta vazao,11,P_2044024,12.0,0.0
Alta vazao,11,P_2044042,0.0,0.0
Alta vazao,11,P_2045002,1.2,0.0
Alta vazao,11,P_2046013,9.8,0.0
Alta vazao,11,Q_40032000,111.717,144.71707581326038
Alta vazao,11,Q_40050000,612.435,37.50308391975712
Alta vazao,11,Q_40060001,66.4428,319.2210253853939
Alta vazao,11,Q_40100000,695.906,692.440028086649
Alta vazao,11,Q_40185000,52.5471,0.0
Alta vazao,11,Q_40330000,181.339,139.43349028169814
Alta vazao,11,Q_40800001,272.037,27.285404021853083
Alta vazao,11,Q_40850000,301.136,212.722110387163
Alta vazao,11,Q_40930000,272.235,600.6287000885933
Alta vazao,12,P_1944059,0.0,0.0
Alta vazao,12,P_1944063,5.7,11.93562039000966
Alta vazao,12,P_1945002,0.0,-16.12436933933054
Alta vazao,12,P_1945008,0.0,-15.071488982262126
Alta vazao,12,P_1946000,5.0,0.0
Alta vazao,12,P_2044008,3.1,0.0
Alta vazao,12,P_2044016,0.3,0.0
Alta vazao,12,P_2044024,1.0,0.0
Alta vazao,12,P_2044042,3.3,0.0
Alta vazao,12,P_2045002,8.7,0.0
Alta vazao,12,P_2046013,3.5,0.0
Alta vazao,12,Q_40032000,18.6166,0.0
Alta vazao,12,Q_40050000,139.834,0.0
Alta vazao,12,Q_40060001,20.3926,31.91127368036131
Alta vazao,12,Q_40100000,429.032,296.9325621724451
Alta vazao,12,Q_40185000,97.8998,-25.367988758312418
Alta vazao,12,Q_40330000,77.4552,-8.047868386690197
Alta vazao,12,Q_40800001,140.658,6.269243758742789
Alta vazao,12,Q_40850000,232.058,128.53871216238204
Alta vazao,12,Q_40930000,51.2873,71.24336266029755
Alta vazao,13,P_1944059,0.0,0.0
Alta vazao,13,P_1944063,0.0,-17.616275620414836
Alta vazao,13,P_1945002,0.0,-14.271247808710612
Alta vazao,13,P_1945008,3.4,0.0
Alta vazao,13,P_1946000,0.0,0.0
Alta vazao,13,P_2044008,0.0,0.0
Alta vazao,13,P_2044016,0.0,0.0
Alta vazao,13,P_2044024,0.0,0.0
Alta vazao,13,P_2044042,0.0,0.0
Alta vazao,13,P_2045002,0.0,0.0
Alta vazao,13,P_2046013,0.0,-7.751902828211586
Alta vazao,13,Q_40032000,14.6612,-9.087205026075784
Alta vazao,13,Q_40050000,122.842,0.0
Alta vazao,13,Q_40060001,8.9429,-15.878629458596777
Alta vazao,13,Q_40100000,129.529,-101.47392534903346
Alta vazao,13,Q_40185000,30.8655,0.0
Alta vazao,13,Q_40330000,110.981,36.06072813818941
Alta vazao,13,Q_40800001,158.189,10.819303958693098
Alta vazao,13,Q_40850000,230.973,129.65869220979982
Alta vazao,13,Q_40930000,7.9655,-24.754822119714905
Alta vazao,14,P_1944059,0.0,0.0
Alta vazao,14,P_1944063,0.0,-18.301477148197687
Alta vazao,14,P_1945002,0.0,-13.555329789402878
Alta vazao,14,P_1945008,0.0,-14.478138339146073
Alta vazao,14,P_1946000,0.0,4.3861217223836775
Alta vazao,14,P_2044008,0.0,-5.146474335997679
Alta vazao,14,P_2044016,0.0,0.0
Alta vazao,14,P_2044024,0.0,0.0
Alta vazao,14,P_2044042,0.0,0.0
Alta vazao,14,P_2045002,0.0,0.0
Alta vazao,14,P_2046013,3.5,0.0
Alta vazao,14,Q_40032000,26.4291,7.850747944096257
Alta vazao,14,Q_40050000,278.49,0.0
Alta vazao,14,Q_40060001,14.1751,6.582980463844934
Alta vazao,14,Q_40100000,305.962,134.69228571961986
Alta vazao,14,Q_40185000,24.872,0.0
Alta vazao,14,Q_40330000,58.0662,-32.93340199934119
Alta vazao,14,Q_40800001,65.1853,0.0
Alta vazao,14,Q_40850000,102.997,0.0
Alta vazao,14,Q_40930000,37.5274,42.622660647127645
Alta vazao,15,P_1944059,0.0,0.0
Alta vazao,15,P_1944063,0.0,-16.241021831392064
Alta vazao,15,P_1945002,12.9,32.31136398404876
Alta vazao,15,P_1945008,0.0,-13.325125528555873
Alta vazao,15,P_1946000,2.0,0.0
Alta vazao,15,P_2044008,0.0,0.0
Alta vazao,15,P_2044016,1.0,0.0
Alta vazao,15,P_2044024,0.0,0.0
Alta vazao,15,P_2044042,0.0,0.0
Alta vazao,15,P_2045002,1.3,0.0
Alta vazao,15,P_2046013,42.5,50.06184637146532
Alta vazao,15,Q_40032000,31.5834,10.780045656599084
Alta vazao,15,Q_40050000,131.021,0.0
Alta vazao,15,Q_40060001,9.154,-14.926846013313977
Alta vazao,15,Q_40100000,440.057,320.9390100245114
Alta vazao,15,Q_40185000,59.5377,0.0
Alta vazao,15,Q_40330000,86.4646,0.0
Alta vazao,15,Q_40800001,149.398,8.798367883763232
Alta vazao,15,Q_40850000,179.548,80.38653346602774
Alta vazao,15,Q_40930000,44.6562,58.13349374292699
Alta vazao,16,P_1944059,48.6,69.00614414650428
Alta vazao,16,P_1944063,21.8,93.69836704065226
Alta vazao,16,P_1945002,19.9,53.12240180223747
Alta vazao,16,P_1945008,5.3,0.0
Alta vazao,16,P_1946000,0.0,0.0
Alta vazao,16,P_2044008,75.4,128.23209420299824
Alta vazao,16,P_2044016,3.5,0.0
Alta vazao,16,P_2044024,2.2,0.0
Alta vazao,16,P_2044042,0.8,0.0
Alta vazao,16,P_2045002,3.6,0.0
Alta vazao,16,P_2046013,25.6,24.497499377285294
Alta vazao,16,Q_40032000,32.7013,0.0
Alta vazao,16,Q_40050000,262.103,0.0
Alta vazao,16,Q_40060001,27.0586,84.98539918858695
Alta vazao,16,Q_40100000,470.11,368.47584211306804
Alta vazao,16,Q_40185000,53.5281,0.0
Alta vazao,16,Q_40330000,150.534,91.87218905575642
Alta vazao,16,Q_40800001,239.93,0.0
Alta vazao,16,Q_40850000,273.74,182.3161409315731
Alta vazao,16,Q_40930000,41.4836,58.53922661616873
Alta vazao,17,P_1944059,16.8,22.536599349260005
Alta vazao,17,P_1944063,5.0,7.2901256826346525
Alta vazao,17,P_1945002,30.2,91.16934207838936
Alta vazao,17,P_1945008,0.0,0.0
Alta vazao,17,P_1946000,5.0,0.0
Alta vazao,17,P_2044008,4.0,0.0
Alta vazao,17,P_2044016,4.7,0.0
Alta vazao,17,P_2044024,5.4,0.0
Alta vazao,17,P_2044042,7.9,0.0
Alta vazao,17,P_2045002,0.3,0.0
Alta vazao,17,P_2046013,7.0,0.0
Alta vazao,17,Q_40032000,63.5165,69.30755905113764
Alta vazao,17,Q_40050000,562.099,29.98907178697906
Alta vazao,17,Q_40060001,35.6093,124.0248525922431
Alta vazao,17,Q_40100000,526.351,444.68286802091814
Alta vazao,17,Q_40185000,46.7052,0.0
Alta vazao,17,Q_40330000,142.264,79.61429376124336
Alta vazao,17,Q_40800001,126.382,0.0
Alta vazao,17,Q_40850000,157.79,56.9319004782371
Alta vazao,17,Q_40930000,68.9697,115.51070339253819
Alta vazao,18,P_1944059,0.0,0.0
Alta vazao,18,P_1944063,0.0,0.0
Alta vazao,18,P_1945002,6.9,8.358399641994161
Alta vazao,18,P_1945008,0.0,0.0
Alta vazao,18,P_1946000,0.0,0.8106070395700726
Alta vazao,18,P_2044008,5.1,0.0
Alta vazao,18,P_2044016,0.0,0.0
Alta vazao,18,P_2044024,4.6,0.0
Alta vazao,18,P_2044042,3.5,0.0
Alta vazao,18,P_2045002,7.3,0.0
Alta vazao,18,P_2046013,10.0,2.802510246223303
Alta vazao,18,Q_40032000,39.9322,29.180123142001335
Alta vazao,18,Q_40050000,298.935,0.0
Alta vazao,18,Q_40060001,19.1727,27.08060262014129
Alta vazao,18,Q_40100000,611.796,543.5931092266551
Alta vazao,18,Q_40185000,56.5066,0.0
Alta vazao,18,Q_40330000,145.917,78.38971013407381
Alta vazao,18,Q_40800001,136.323,2.6860322500388736
Alta vazao,18,Q_40850000,191.379,86.10877150852619
Alta vazao,18,Q_40930000,71.7027,121.64632733748154
Alta vazao,19,P_1944059,32.8,42.35115792267376
Alta vazao,19,P_1944063,0.0,-20.193030053259008
Alta vazao,19,P_1945002,18.9,40.418433583531886
Alta vazao,19,P_1945008,0.0,0.0
Alta vazao,19,P_1946000,10.4,0.0
Alta vazao,19,P_2044008,0.0,0.0
Alta vazao,19,P_2044016,34.8,24.16512786402715
Alta vazao,19,P_2044024,15.5,0.0
Alta vazao,19,P_2044042,1.3,0.0
Alta vazao,19,P_2045002,0.0,0.0
Alta vazao,19,P_2046013,3.5,0.0
Alta vazao,19,Q_40032000,13.8849,0.0
Alta vazao,19,Q_40050000,100.121,0.0
Alta vazao,19,Q_40060001,16.9352,13.17615077509766
Alta vazao,19,Q_40100000,219.434,10.766827692369356
Alta vazao,19,Q_40185000,54.5635,0.0
Alta vazao,19,Q_40330000,214.255,162.61432861728514
Alta vazao,19,Q_40800001,213.87,9.808223810152077
Alta vazao,19,Q_40850000,159.633,51.8919888511008
Alta vazao,19,Q_40930000,8.9307,-25.364927537366942
Alta vazao,20,P_1944059,0.0,0.0
Alta vazao,20,P_1944063,0.0,-23.25138867978575
Alta vazao,20,P_1945002,0.0,-17.99162379709952
Alta vazao,20,P_1945008,0.0,-17.752769712878788
Alta vazao,20,P_1946000,0.0,0.0
Alta vazao,20,P_2044008,0.0,0.0
Alta vazao,20,P_2044016,0.0,0.0
Alta vazao,20,P_2044024,0.0,0.0
Alta vazao,20,P_2044042,0.0,0.0
Alta vazao,20,P_2045002,0.7,0.0
Alta vazao,20,P_2046013,0.0,0.0
Alta vazao,20,Q_40032000,43.2411,38.63057735064742
Alta vazao,20,Q_40050000,330.461,0.0
Alta vazao,20,Q_40060001,29.1213,81.43791049816937
Alta vazao,20,Q_40100000,818.213,820.8822339379925
Alta vazao,20,Q_40185000,41.3322,0.0
Alta vazao,20,Q_40330000,161.832,102.33796650062467
Alta vazao,20,Q_40800001,163.794,8.488103869448878
Alta vazao,20,Q_40850000,248.598,146.04165409439304
Alta vazao,20,Q_40930000,42.3802,53.70462283519372
Alta vazao,21,P_1944059,1.6,0.0
Alta vazao,21,P_1944063,5.1,0.0
Alta vazao,21,P_1945002,101.8,272.9113814336848
Alta vazao,21,P_1945008,0.0,0.0
Alta vazao,21,P_1946000,22.3,0.0
Alta vazao,21,P_2044008,2.0,0.0
Alta vazao,21,P_2044016,1.0,0.0
Alta vazao,21,P_2044024,1.8,0.0
Alta vazao,21,P_2044042,32.1,0.0
Alta vazao,21,P_2045002,16.7,0.0
Alta vazao,21,P_2046013,17.2,7.607254366485152
Alta vazao,21,Q_40032000,34.9701,12.690236910788338
Alta vazao,21,Q_40050000,303.218,0.0
Alta vazao,21,Q_40060001,31.8833,101.52852388854869
Alta vazao,21,Q_40100000,533.042,449.76823384584515
Alta vazao,21,Q_40185000,214.88,-47.40923841055246
Alta vazao,21,Q_40330000,343.079,349.56651727678747
Alta vazao,21,Q_40800001,185.236,7.426541310241955
Alta vazao,21,Q_40850000,360.589,268.2784326282639
Alta vazao,21,Q_40930000,221.243,457.9913128263004
Alta vazao,22,P_1944059,2.8,0.0
Alta vazao,22,P_1944063,13.4,36.73592719281665
Alta vazao,22,P_1945002,8.6,0.0
Alta vazao,22,P_1945008,75.2,179.8197650398011
Alta vazao,22,P_1946000,28.0,0.0
Alta vazao,22,P_2044008,15.0,20.64419500279746
Alta vazao,22,P_2044016,19.0,0.0
Alta vazao,22,P_2044024,4.0,0.0
Alta vazao,22,P_2044042,0.4,0.0
Alta vazao,22,P_2045002,48.0,0.0
Alta vazao,22,P_2046013,19.2,0.0
Alta vazao,22,Q_40032000,133.207,145.63607303663943
Alta vazao,22,Q_40050000,299.545,0.0
Alta vazao,22,Q_40060001,27.6886,87.33255063055601
Alta vazao,22,Q_40100000,463.822,357.0703199301949
Alta vazao,22,Q_40185000,53.5281,0.0
Alta vazao,22,Q_40330000,192.42,152.26463727336386
Alta vazao,22,Q_40800001,270.989,30.656371167514717
Alta vazao,22,Q_40850000,283.141,197.59001340008214
Alta vazao,22,Q_40930000,35.4304,40.322111957314625
Alta vazao,23,P_1944059,0.0,0.0
Alta vazao,23,P_1944063,0.0,-21.240719360242576
Alta vazao,23,P_1945002,6.8,11.821788831302257
Alta vazao,23,P_1945008,0.0,-15.779959327412186
Alta vazao,23,P_1946000,0.0,0.0
Alta vazao,23,P_2044008,0.0,0.0
Alta vazao,23,P_2044016,0.0,0.0
Alta vazao,23,P_2044024,0.0,0.0
Alta vazao,23,P_2044042,0.0,0.0
Alta vazao,23,P_2045002,0.0,0.0
Alta vazao,23,P_2046013,0.0,-7.094902415582055
Alta vazao,23,Q_40032000,22.048,0.0
Alta vazao,23,Q_40050000,259.796,0.0
Alta vazao,23,Q_40060001,17.0643,18.165334586956817
Alta vazao,23,Q_40100000,801.706,801.4310026583466
Alta vazao,23,Q_40185000,52.5471,-11.870687713986028
Alta vazao,23,Q_40330000,107.688,32.14650232992822
Alta vazao,23,Q_40800001,62.8506,0.0
Alta vazao,23,Q_40850000,107.63,5.320394963998601
Alta vazao,23,Q_40930000,29.2588,22.31798546839588
Alta vazao,24,P_1944059,26.0,0.0
Alta vazao,24,P_1944063,17.6,51.47830378097237
Alta vazao,24,P_1945002,13.9,0.0
Alta vazao,24,P_1945008,16.4,33.138776370796904
Alta vazao,24,P_1946000,0.0,0.0
Alta vazao,24,P_2044008,25.4,40.27883743096632
Alta vazao,24,P_2044016,21.4,0.0
Alta vazao,24,P_2044024,38.0,0.0
Alta vazao,24,P_2044042,52.1,0.0
Alta vazao,24,P_2045002,22.7,0.0
Alta vazao,24,P_2046013,60.0,49.12229989284219
Alta vazao,24,Q_40032000,104.641,86.46276268566767
Alta vazao,24,Q_40050000,369.105,29.046369167965622
Alta vazao,24,Q_40060001,16.1669,0.0
Alta vazao,24,Q_40100000,463.822,364.6075237576479
Alta vazao,24,Q_40185000,52.5471,0.0
Alta vazao,24,Q_40330000,234.762,217.30365316748507
Alta vazao,24,Q_40800001,327.698,46.649591680928836
Alta vazao,24,Q_40850000,359.276,284.38655665674514
Alta vazao,24,Q_40930000,25.9877,0.0
Alta vazao,25,P_1944059,1.0,0.0
Alta vazao,25,P_1944063,0.0,0.0
Alta vazao,25,P_1945002,18.1,45.8768533362305
Alta vazao,25,P_1945008,10.9,19.032663055299192
Alta vazao,25,P_1946000,56.2,-72.42770939545025
Alta vazao,25,P_2044008,0.0,0.0
Alta vazao,25,P_2044016,6.7,0.0
Alta vazao,25,P_2044024,5.6,0.0
Alta vazao,25,P_2044042,9.2,0.0
Alta vazao,25,P_2045002,3.0,0.0
Alta vazao,25,P_2046013,12.5,0.0
Alta vazao,25,Q_40032000,57.5239,55.9237278569301
Alta vazao,25,Q_40050000,448.855,0.0
Alta vazao,25,Q_40060001,22.9178,46.80864652716989
Alta vazao,25,Q_40100000,457.577,325.3168854997422
Alta vazao,25,Q_40185000,108.27,0.0
Alta vazao,25,Q_40330000,203.747,144.3539697545328
Alta vazao,25,Q_40800001,219.512,7.3773204588676435
Alta vazao,25,Q_40850000,214.96,102.5861160963217
Alta vazao,25,Q_40930000,35.3497,29.3411672226869
Alta vazao,26,P_1944059,4.6,0.0
Alta vazao,26,P_1944063,3.0,0.0
Alta vazao,26,P_1945002,0.0,0.0
Alta vazao,26,P_1945008,0.0,0.0
Alta vazao,26,P_1946000,4.2,0.0
Alta vazao,26,P_2044008,23.3,31.49687402063644
Alta vazao,26,P_2044016,23.5,24.816079583029012
Alta vazao,26,P_2044024,12.8,0.0
Alta vazao,26,P_2044042,13.7,0.0
Alta vazao,26,P_2045002,5.5,0.0
Alta vazao,26,P_2046013,30.0,34.009319946652276
Alta vazao,26,Q_40032000,24.5977,0.0
Alta vazao,26,Q_40050000,223.488,0.0
Alta vazao,26,Q_40060001,20.8046,35.43440424407596
Alta vazao,26,Q_40100000,360.636,204.51388818438207
Alta vazao,26,Q_40185000,90.2042,-28.53751068500128
Alta vazao,26,Q_40330000,174.417,115.090748220058
Alta vazao,26,Q_40800001,202.064,5.309982430669606
Alta vazao,26,Q_40850000,285.512,176.14123708106354
Alta vazao,26,Q_40930000,11.1637,-18.93950858979742
Alta vazao,27,P_1944059,0.0,0.0
Alta vazao,27,P_1944063,0.0,-21.275201026464504
Alta vazao,27,P_1945002,0.0,-16.070871225876452
Alta vazao,27,P_1945008,0.0,-16.365124517991944
Alta vazao,27,P_1946000,0.0,0.0
Alta vazao,27,P_2044008,0.0,0.0
Alta vazao,27,P_2044016,0.0,0.0
Alta vazao,27,P_2044024,0.0,0.0
Alta vazao,27,P_2044042,0.0,0.0
Alta vazao,27,P_2045002,0.0,0.0
Alta vazao,27,P_2046013,1.5,0.0
Alta vazao,27,Q_40032000,37.5737,27.110415515312944
Alta vazao,27,Q_40050000,525.902,13.985527472983199
Alta vazao,27,Q_40060001,19.5767,33.72285027016823
Alta vazao,27,Q_40100000,517.494,411.8820405086793
Alta vazao,27,Q_40185000,41.3322,0.0
Alta vazao,27,Q_40330000,128.875,57.839961176859795
Alta vazao,27,Q_40800001,104.621,0.0
Alta vazao,27,Q_40850000,130.404,26.522028457588323
Alta vazao,27,Q_40930000,57.0135,87.2258311638841
Alta vazao,28,P_1944059,0.0,0.0
Alta vazao,28,P_1944063,0.0,-19.91404489051494
Alta vazao,28,P_1945002,8.6,19.191472191766366
Alta vazao,28,P_1945008,0.0,-15.320882251486148
Alta vazao,28,P_1946000,0.0,3.824933503880471
Alta vazao,28,P_2044008,0.2,0.0
Alta vazao,28,P_2044016,0.0,0.0
Alta vazao,28,P_2044024,0.0,0.0
Alta vazao,28,P_2044042,0.2,0.0
Alta vazao,28,P_2045002,0.0,0.0
Alta vazao,28,P_2046013,0.0,-7.277774669109931
Alta vazao,28,Q_40032000,29.1092,10.059116755039119
Alta vazao,28,Q_40050000,213.302,0.0
Alta vazao,28,Q_40060001,12.037,0.0
Alta vazao,28,Q_40100000,504.348,404.0947498534819
Alta vazao,28,Q_40185000,24.3159,0.0
Alta vazao,28,Q_40330000,107.688,32.51611342876216
Alta vazao,28,Q_40800001,62.4796,0.0
Alta vazao,28,Q_40850000,164.283,63.646769848513586
Alta vazao,28,Q_40930000,37.1612,41.51298547012297
Alta vazao,29,P_1944059,0.0,0.0
Alta vazao,29,P_1944063,0.0,-19.514729723564617
Alta vazao,29,P_1945002,0.0,-14.903413389373176
Alta vazao,29,P_1945008,0.0,-15.101973380800118
Alta vazao,29,P_1946000,3.5,0.0
Alta vazao,29,P_2044008,0.0,0.0
Alta vazao,29,P_2044016,1.7,0.0
Alta vazao,29,P_2044024,0.8,0.0
Alta vazao,29,P_2044042,2.4,0.0
Alta vazao,29,P_2045002,0.0,0.0
Alta vazao,29,P_2046013,0.0,-7.129781361023049
Alta vazao,29,Q_40032000,21.9436,0.0
Alta vazao,29,Q_40050000,157.027,0.0
Alta vazao,29,Q_40060001,18.1087,21.518879081425357
Alta vazao,29,Q_40100000,281.648,102.33870248834363
Alta vazao,29,Q_40185000,47.35,-9.7965241794686
Alta vazao,29,Q_40330000,175.399,122.3253780018932
Alta vazao,29,Q_40800001,98.3246,0.0
Alta vazao,29,Q_40850000,149.607,48.72016732643809
Alta vazao,29,Q_40930000,36.4721,39.492395997678585
Alta vazao,30,P_1944059,9.2,4.949945346318138
Alta vazao,30,P_1944063,3.2,0.0
Alta vazao,30,P_1945002,8.9,12.01451505675606
Alta vazao,30,P_1945008,0.0,0.0
Alta vazao,30,P_1946000,5.2,0.0
Alta vazao,30,P_2044008,25.0,33.47315975823396
Alta vazao,30,P_2044016,43.4,56.19061836606589
Alta vazao,30,P_2044024,7.3,0.0
Alta vazao,30,P_2044042,5.5,0.0
Alta vazao,30,P_2045002,0.5,0.0
Alta vazao,30,P_2046013,0.0,0.0
Alta vazao,30,Q_40032000,15.8581,0.0
Alta vazao,30,Q_40050000,99.4563,0.0
Alta vazao,30,Q_40060001,17.584,24.555250466536652
Alta vazao,30,Q_40100000,118.48,-117.59503633827543
Alta vazao,30,Q_40185000,25.4912,0.0
Alta vazao,30,Q_40330000,92.908,12.816534719618263
Alta vazao,30,Q_40800001,129.529,8.304611644589956
Alta vazao,30,Q_40850000,138.122,36.27366761825445
Alta vazao,30,Q_40930000,9.5841,-23.45738354998607
Alta vazao,31,P_1944059,0.0,0.0
Alta vazao,31,P_1944063,0.0,-19.350955610687244
Alta vazao,31,P_1945002,0.0,-14.529318931087603
Alta vazao,31,P_1945008,0.0,-14.509071335663853
Alta vazao,31,P_1946000,0.0,0.0
Alta vazao,31,P_2044008,0.0,-4.875387305922061
Alta vazao,31,P_2044016,0.0,0.0
Alta vazao,31,P_2044024,0.0,0.0
Alta vazao,31,P_2044042,0.0,0.0
Alta vazao,31,P_2045002,0.0,0.0
Alta vazao,31,P_2046013,0.0,-6.118356341477141
Alta vazao,31,Q_40032000,27.7599,10.854191229243996
Alta vazao,31,Q_40050000,263.84,0.0
Alta vazao,31,Q_40060001,12.5024,0.0
Alta vazao,31,Q_40100000,533.042,441.0741279056801
Alta vazao,31,Q_40185000,22.1329,0.0
Alta vazao,31,Q_40330000,90.0237,9.373862418996627
Alta vazao,31,Q_40800001,55.104,0.0
Alta vazao,31,Q_40850000,89.6288,-12.220157535659496
Alta vazao,31,Q_40930000,45.5152,61.79337925875109
Alta vazao,32,P_1944059,3.0,0.0
Alta vazao,32,P_1944063,1.6,0.0
Alta vazao,32,P_1945002,12.1,23.82758052639315
Alta vazao,32,P_1945008,0.0,-12.899685914998894
Alta vazao,32,P_1946000,42.0,-31.466106636137056
Alta vazao,32,P_2044008,7.0,0.0
Alta vazao,32,P_2044016,0.4,0.0
Alta vazao,32,P_2044024,0.0,0.0
Alta vazao,32,P_2044042,1.9,0.0
Alta vazao,32,P_2045002,24.5,13.553496442978485
Alta vazao,32,P_2046013,9.6,5.810904816669947
Alta vazao,32,Q_40032000,18.5825,0.0
Alta vazao,32,Q_40050000,111.736,0.0
Alta vazao,32,Q_40060001,19.0386,22.265782910454003
Alta vazao,32,Q_40100000,116.935,-117.24430268773745
Alta vazao,32,Q_40185000,34.4404,0.0
Alta vazao,32,Q_40330000,123.66,50.298843858936365
Alta vazao,32,Q_40800001,105.184,0.0
Alta vazao,32,Q_40850000,245.25,142.4839587027145
Alta vazao,32,Q_40930000,9.2565,-20.961827700692417
Alta vazao,33,P_1944059,0.0,0.0
Alta vazao,33,P_1944063,0.0,-24.787708122972845
Alta vazao,33,P_1945002,0.0,0.0
Alta vazao,33,P_1945008,0.0,0.0
Alta vazao,33,P_1946000,0.0,0.0
Alta vazao,33,P_2044008,0.0,0.0
Alta vazao,33,P_2044016,0.0,0.0
Alta vazao,33,P_2044024,1.6,0.0
Alta vazao,33,P_2044042,0.0,0.0
Alta vazao,33,P_2045002,0.0,0.0
Alta vazao,33,P_2046013,20.0,21.37809428672601
Alta vazao,33,Q_40032000,28.8379,12.011142691735646
Alta vazao,33,Q_40050000,373.775,0.0
Alta vazao,33,Q_40060001,28.3228,77.63975872776705
Alta vazao,33,Q_40100000,616.595,551.2775376545125
Alta vazao,33,Q_40185000,65.7535,-24.606524464214367
Alta vazao,33,Q_40330000,289.759,265.441644283021
Alta vazao,33,Q_40800001,230.611,9.895449636494929
Alta vazao,33,Q_40850000,274.908,167.34963681158652
Alta vazao,33,Q_40930000,124.787,246.71341164204918
Alta vazao,34,P_1944059,0.0,0.0
Alta vazao,34,P_1944063,0.0,-23.098821252835556
Alta vazao,34,P_1945002,0.0,-18.56757815963937
Alta vazao,34,P_1945008,0.0,-17.282212849451298
Alta vazao,34,P_1946000,0.0,0.0
Alta vazao,34,P_2044008,0.0,0.0
Alta vazao,34,P_2044016,0.0,0.0
Alta vazao,34,P_2044024,0.0,0.0
Alta vazao,34,P_2044042,0.0,0.0
Alta vazao,34,P_2045002,0.0,0.0
Alta vazao,34,P_2046013,0.0,0.0
Alta vazao,34,Q_40032000,38.7478,28.764373068912462
Alta vazao,34,Q_40050000,291.36,0.0
Alta vazao,34,Q_40060001,26.5888,67.95697651345934
Alta vazao,34,Q_40100000,815.45,816.9448449814253
Alta vazao,34,Q_40185000,41.3322,0.0
Alta vazao,34,Q_40330000,147.758,83.71871906501273
Alta vazao,34,Q_40800001,156.013,8.307551571528178
Alta vazao,34,Q_40850000,226.654,124.49219993538586
Alta vazao,34,Q_40930000,39.7141,46.93478871040819
Alta vazao,35,P_1944059,0.0,0.0
Alta vazao,35,P_1944063,0.0,-19.429225383386274
Alta vazao,35,P_1945002,13.9,37.85051047595646
Alta vazao,35,P_1945008,0.0,-14.803930637237627
Alta vazao,35,P_1946000,10.6,-9.74744290025272
Alta vazao,35,P_2044008,0.0,0.0
Alta vazao,35,P_2044016,0.0,0.0
Alta vazao,35,P_2044024,0.0,0.0
Alta vazao,35,P_2044042,0.0,0.0
Alta vazao,35,P_2045002,0.0,0.0
Alta vazao,35,P_2046013,0.0,0.0
Alta vazao,35,Q_40032000,17.0934,0.0
Alta vazao,35,Q_40050000,146.918,0.0
Alta vazao,35,Q_40060001,18.3729,21.07679727048976
Alta vazao,35,Q_40100000,281.648,102.12007169767585
Alta vazao,35,Q_40185000,42.8736,-7.772574621640217
Alta vazao,35,Q_40330000,151.464,90.27908395076106
Alta vazao,35,Q_40800001,78.7687,0.0
Alta vazao,35,Q_40850000,109.979,7.747907912416266
Alta vazao,35,Q_40930000,22.3965,6.506076924891777
Alta vazao,36,P_1944059,0.0,0.0
Alta vazao,36,P_1944063,9.0,22.097886415640062
Alta vazao,36,P_1945002,0.0,-11.09805666384878
Alta vazao,36,P_1945008,0.0,-11.153894156301575
Alta vazao,36,P_1946000,5.1,0.0
Alta vazao,36,P_2044008,0.0,0.0
Alta vazao,36,P_2044016,18.3,16.270595367720354
Alta vazao,36,P_2044024,53.1,53.42351604143446
Alta vazao,36,P_2044042,5.5,0.0
Alta vazao,36,P_2045002,13.1,0.0
Alta vazao,36,P_2046013,2.0,0.0
Alta vazao,36,Q_40032000,15.0559,0.0
Alta vazao,36,Q_40050000,90.686,0.0
Alta vazao,36,Q_40060001,15.7871,0.0
Alta vazao,36,Q_40100000,173.61,-44.75913436347219
Alta vazao,36,Q_40185000,46.8777,-7.791228536202573
Alta vazao,36,Q_40330000,172.458,111.2260400461026
Alta vazao,36,Q_40800001,127.588,0.0
Alta vazao,36,Q_40850000,227.731,119.23423212852202
Alta vazao,36,Q_40930000,9.9136,-19.540162058670052
Alta vazao,37,P_1944059,0.0,0.0
Alta vazao,37,P_1944063,1.8,-15.463720837319215
Alta vazao,37,P_1945002,45.8,154.07926867859842
Alta vazao,37,P_1945008,0.0,0.0
Alta vazao,37,P_1946000,0.0,0.0
Alta vazao,37,P_2044008,0.0,0.0
Alta vazao,37,P_2044016,0.0,0.0
Alta vazao,37,P_2044024,0.0,0.0
Alta vazao,37,P_2044042,0.0,0.0
Alta vazao,37,P_2045002,0.0,0.0
Alta vazao,37,P_2046013,0.0,0.0
Alta vazao,37,Q_40032000,83.9115,126.85767699847524
Alta vazao,37,Q_40050000,440.235,0.0
Alta vazao,37,Q_40060001,19.4417,35.53713300431117
Alta vazao,37,Q_40100000,546.55,456.4815460540026
Alta vazao,37,Q_40185000,195.756,-80.67868767972435
Alta vazao,37,Q_40330000,878.446,1001.6021603750862
Alta vazao,37,Q_40800001,409.272,12.234774988726612
Alta vazao,37,Q_40850000,850.526,713.0448851016259
Alta vazao,37,Q_40930000,85.6339,148.89951095511023
Alta vazao,38,P_1944059,27.4,26.39430993442278
Alta vazao,38,P_1944063,7.2,10.59067422870736
Alta vazao,38,P_1945002,0.0,0.0
Alta vazao,38,P_1945008,4.9,0.0
Alta vazao,38,P_1946000,1.5,0.0
Alta vazao,38,P_2044008,0.0,0.0
Alta vazao,38,P_2044016,0.0,0.0
Alta vazao,38,P_2044024,13.7,0.0
Alta vazao,38,P_2044042,38.5,0.0
Alta vazao,38,P_2045002,45.1,32.94788208442309
Alta vazao,38,P_2046013,8.0,2.081333252250886
Alta vazao,38,Q_40032000,25.5314,0.0
Alta vazao,38,Q_40050000,150.521,0.0
Alta vazao,38,Q_40060001,13.932,4.378737689385054
Alta vazao,38,Q_40100000,314.505,138.84743935992023
Alta vazao,38,Q_40185000,24.8498,0.0
Alta vazao,38,Q_40330000,91.4617,9.702250336306466
Alta vazao,38,Q_40800001,116.981,7.596008498704166
Alta vazao,38,Q_40850000,135.528,32.22368414079172
Alta vazao,38,Q_40930000,11.928,-16.49229581179993
Alta vazao,39,P_1944059,0.0,0.0
Alta vazao,39,P_1944063,0.0,-21.00234906162036
Alta vazao,39,P_1945002,0.0,-15.16133676951238
Alta vazao,39,P_1945008,0.0,-16.25993045940988
Alta vazao,39,P_1946000,0.0,3.8237640085600333
Alta vazao,39,P_2044008,0.0,0.0
Alta vazao,39,P_2044016,0.0,0.0
Alta vazao,39,P_2044024,0.0,0.0
Alta vazao,39,P_2044042,0.0,0.0
Alta vazao,39,P_2045002,0.0,0.0
Alta vazao,39,P_2046013,0.0,-7.556765901179108
Alta vazao,39,Q_40032000,28.8379,10.496384921060995
Alta vazao,39,Q_40050000,248.951,0.0
Alta vazao,39,Q_40060001,12.6196,0.0
Alta vazao,39,Q_40100000,519.701,421.79553581989416
Alta vazao,39,Q_40185000,31.2506,0.0
Alta vazao,39,Q_40330000,128.0,59.07749349957473
Alta vazao,39,Q_40800001,105.635,0.0
Alta vazao,39,Q_40850000,185.423,84.52323352884613
Alta vazao,39,Q_40930000,37.8949,42.93432371674136
Alta vazao,40,P_1944059,25.0,29.309006766242085
Alta vazao,40,P_1944063,24.3,116.31006882027137
Alta vazao,40,P_1945002,18.5,53.849194459321275
Alta vazao,40,P_1945008,0.0,0.0
Alta vazao,40,P_1946000,0.0,0.0
Alta vazao,40,P_2044008,4.9,0.0
Alta vazao,40,P_2044016,11.1,0.0
Alta vazao,40,P_2044024,16.6,0.0
Alta vazao,40,P_2044042,5.9,0.0
Alta vazao,40,P_2045002,3.9,0.0
Alta vazao,40,P_2046013,6.2,0.0
Alta vazao,40,Q_40032000,66.2844,90.03929737024293
Alta vazao,40,Q_40050000,684.885,22.467842846606345
Alta vazao,40,Q_40060001,48.869,197.57685184739415
Alta vazao,40,Q_40100000,779.954,782.1581274993064
Alta vazao,40,Q_40185000,61.587,0.0
Alta vazao,40,Q_40330000,394.037,399.016654906232
Alta vazao,40,Q_40800001,294.254,0.0
Alta vazao,40,Q_40850000,551.679,440.0730551646343
Alta vazao,40,Q_40930000,142.61,286.88380342739316
Alta vazao,41,P_1944059,31.4,27.175983312311455
Alta vazao,41,P_1944063,0.8,0.0
Alta vazao,41,P_1945002,0.0,0.0
Alta vazao,41,P_1945008,30.0,56.3245462923949
Alta vazao,41,P_1946000,28.2,0.0
Alta vazao,41,P_2044008,47.4,67.8076738395176
Alta vazao,41,P_2044016,30.2,16.297418698000808
Alta vazao,41,P_2044024,0.8,0.0
Alta vazao,41,P_2044042,30.8,0.0
Alta vazao,41,P_2045002,23.3,6.9868327976319335
Alta vazao,41,P_2046013,26.9,15.508803240775448
Alta vazao,41,Q_40032000,19.0173,0.0
Alta vazao,41,Q_40050000,96.8183,0.0
Alta vazao,41,Q_40060001,13.932,0.0
Alta vazao,41,Q_40100000,123.166,-118.2062654095736
Alta vazao,41,Q_40185000,33.7124,0.0
Alta vazao,41,Q_40330000,121.083,47.55001421940692
Alta vazao,41,Q_40800001,152.182,11.616782373951098
Alta vazao,41,Q_40850000,143.374,41.7651191143203
Alta vazao,41,Q_40930000,9.9136,0.0
Alta vazao,42,P_1944059,0.0,0.0
Alta vazao,42,P_1944063,0.0,0.0
Alta vazao,42,P_1945002,26.4,74.22462007781621
Alta vazao,42,P_1945008,11.3,18.696041563048116
Alta vazao,42,P_1946000,0.0,0.0
Alta vazao,42,P_2044008,10.2,4.046798777093727
Alta vazao,42,P_2044016,28.0,12.785883732699917
Alta vazao,42,P_2044024,1.6,0.0
Alta vazao,42,P_2044042,2.4,0.0
Alta vazao,42,P_2045002,0.0,0.0
Alta vazao,42,P_2046013,9.5,0.0
Alta vazao,42,Q_40032000,33.2644,13.806720593331926
Alta vazao,42,Q_40050000,310.619,0.0
Alta vazao,42,Q_40060001,32.048,98.04003812390707
Alta vazao,42,Q_40100000,539.776,443.6033044726726
Alta vazao,42,Q_40185000,167.119,0.0
Alta vazao,42,Q_40330000,432.72,441.8675585021629
Alta vazao,42,Q_40800001,221.163,0.0
Alta vazao,42,Q_40850000,426.022,304.2785713070595
Alta vazao,42,Q_40930000,175.506,367.7079011141013
Alta vazao,43,P_1944059,2.0,0.0
Alta vazao,43,P_1944063,12.0,26.457332251792494
Alta vazao,43,P_1945002,0.0,0.0
Alta vazao,43,P_1945008,34.1,76.47747310938306
Alta vazao,43,P_1946000,2.2,0.0
Alta vazao,43,P_2044008,0.0,0.0
Alta vazao,43,P_2044016,28.7,25.530309105515897
Alta vazao,43,P_2044024,14.9,0.0
Alta vazao,43,P_2044042,22.0,-11.532519455347028
Alta vazao,43,P_2045002,7.2,0.0
Alta vazao,43,P_2046013,8.1,0.0
Alta vazao,43,Q_40032000,19.4562,0.0
Alta vazao,43,Q_40050000,93.2452,0.0
Alta vazao,43,Q_40060001,13.45,7.146535972029521
Alta vazao,43,Q_40100000,144.325,-83.56047241705895
Alta vazao,43,Q_40185000,30.8655,0.0
Alta vazao,43,Q_40330000,110.981,40.72800863399594
Alta vazao,43,Q_40800001,201.26,24.836256115330826
Alta vazao,43,Q_40850000,149.607,54.42356028687142
Alta vazao,43,Q_40930000,7.0195,-27.08802238940134
Alta vazao,44,P_1944059,15.8,9.714707264838317
Alta vazao,44,P_1944063,27.5,115.01017244875557
Alta vazao,44,P_1945002,12.3,23.51400788207548
Alta vazao,44,P_1945008,1.2,0.0
Alta vazao,44,P_1946000,50.1,0.0
Alta vazao,44,P_2044008,3.2,0.0
Alta vazao,44,P_2044016,18.8,6.243414293788419
Alta vazao,44,P_2044024,2.0,0.0
Alta vazao,44,P_2044042,0.0,0.0
Alta vazao,44,P_2045002,2.4,0.0
Alta vazao,44,P_2046013,10.0,0.0
Alta vazao,44,Q_40032000,42.6339,25.07345356197436
Alta vazao,44,Q_40050000,280.27,0.0
Alta vazao,44,Q_40060001,21.916,45.20974567774317
Alta vazao,44,Q_40100000,611.796,557.5331758368218
Alta vazao,44,Q_40185000,53.5281,0.0
Alta vazao,44,Q_40330000,152.395,87.35090303601515
Alta vazao,44,Q_40800001,172.765,0.0
Alta vazao,44,Q_40850000,207.658,99.87048353611758
Alta vazao,44,Q_40930000,57.2685,81.8794157413883
Alta vazao,45,P_1944059,13.8,0.0
Alta vazao,45,P_1944063,14.5,48.34185742505446
Alta vazao,45,P_1945002,13.5,27.868190611522007
Alta vazao,45,P_1945008,0.0,0.0
Alta vazao,45,P_1946000,2.3,0.0
Alta vazao,45,P_2044008,46.0,75.50244419699705
Alta vazao,45,P_2044016,64.3,98.08916336573738
Alta vazao,45,P_2044024,57.2,32.1533856008792
Alta vazao,45,P_2044042,57.7,0.0
Alta vazao,45,P_2045002,12.1,0.0
Alta vazao,45,P_2046013,14.9,0.0
Alta vazao,45,Q_40032000,34.9701,0.0
Alta vazao,45,Q_40050000,259.796,0.0
Alta vazao,45,Q_40060001,16.6778,26.229850729940132
Alta vazao,45,Q_40100000,546.55,461.3768698953186
Alta vazao,45,Q_40185000,100.914,0.0
Alta vazao,45,Q_40330000,343.079,342.1578270467435
Alta vazao,45,Q_40800001,273.087,0.0
Alta vazao,45,Q_40850000,255.351,156.8231874598513
Alta vazao,45,Q_40930000,28.2351,25.09486212716206
Alta vazao,46,P_1944059,1.2,0.0
Alta vazao,46,P_1944063,3.0,0.0
Alta vazao,46,P_1945002,0.0,-13.057077536355642
Alta vazao,46,P_1945008,0.0,-13.688900582815988
Alta vazao,46,P_1946000,0.0,0.0
Alta vazao,46,P_2044008,0.6,0.0
Alta vazao,46,P_2044016,0.3,0.0
Alta vazao,46,P_2044024,0.0,0.0
Alta vazao,46,P_2044042,1.1,0.0
Alta vazao,46,P_2045002,28.9,16.0029167087818
Alta vazao,46,P_2046013,4.5,0.0
Alta vazao,46,Q_40032000,16.2656,-7.508910994123749
Alta vazao,46,Q_40050000,140.224,0.0
Alta vazao,46,Q_40060001,10.1233,-12.499185300283182
Alta vazao,46,Q_40100000,126.331,-106.94618867838008
Alta vazao,46,Q_40185000,38.1779,0.0
Alta vazao,46,Q_40330000,135.954,64.1733367726392
Alta vazao,46,Q_40800001,196.044,13.318290795655187
Alta vazao,46,Q_40850000,155.041,51.09488419946421
Alta vazao,46,Q_40930000,9.5841,-21.87939557771989
Alta vazao,47,P_1944059,0.0,0.0
Alta vazao,47,P_1944063,0.0,-19.167956001342375
Alta vazao,47,P_1945002,0.0,-14.564548644786045
Alta vazao,47,P_1945008,0.0,-14.31059457235434
Alta vazao,47,P_1946000,0.0,0.0
Alta vazao,47,P_2044008,0.0,0.0
Alta vazao,47,P_2044016,0.0,0.0
Alta vazao,47,P_2044024,0.0,0.0
Alta vazao,47,P_2044042,0.0,0.0
Alta vazao,47,P_2045002,0.0,0.0
Alta vazao,47,P_2046013,0.0,-6.430684345407656
Alta vazao,47,Q_40032000,14.9066,-8.453153221002223
Alta vazao,47,Q_40050000,150.351,0.0
Alta vazao,47,Q_40060001,11.1233,-7.617484290737977
Alta vazao,47,Q_40100000,360.636,207.41639156255604
Alta vazao,47,Q_40185000,36.1772,0.0
Alta vazao,47,Q_40330000,110.154,36.09495894006835
Alta vazao,47,Q_40800001,116.431,0.0
Alta vazao,47,Q_40850000,191.379,91.46043786601713
Alta vazao,47,Q_40930000,9.4055,-21.93786115802405
Alta vazao,48,P_1944059,0.0,0.0
Alta vazao,48,P_1944063,1.6,0.0
Alta vazao,48,P_1945002,0.0,-12.625566446309676
Alta vazao,48,P_1945008,42.3,131.0891690655119
Alta vazao,48,P_1946000,0.0,0.0
Alta vazao,48,P_2044008,0.0,0.0
Alta vazao,48,P_2044016,0.4,0.0
Alta vazao,48,P_2044024,5.3,0.0
Alta vazao,48,P_2044042,39.0,0.0
Alta vazao,48,P_2045002,0.0,0.0
Alta vazao,48,P_2046013,21.3,17.33481084312075
Alta vazao,48,Q_40032000,25.1171,5.663488388934549
Alta vazao,48,Q_40050000,204.356,0.0
Alta vazao,48,Q_40060001,17.9771,26.936208900555243
Alta vazao,48,Q_40100000,530.807,440.2373491921415
Alta vazao,48,Q_40185000,58.5215,-14.426976615078763
Alta vazao,48,Q_40330000,256.588,229.82686976279626
Alta vazao,48,Q_40800001,157.121,6.996626309907567
Alta vazao,48,Q_40850000,272.574,171.35224108887616
Alta vazao,48,Q_40930000,18.4181,0.0
Alta vazao,49,P_1944059,0.0,0.0
Alta vazao,49,P_1944063,0.0,-21.225552166743984
Alta vazao,49,P_1945002,0.0,-15.574645898999073
Alta vazao,49,P_1945008,0.0,-16.618887367975375
Alta vazao,49,P_1946000,0.0,4.34825207832489
Alta vazao,49,P_2044008,0.0,0.0
Alta vazao,49,P_2044016,0.0,0.0
Alta vazao,49,P_2044024,0.0,0.0
Alta vazao,49,P_2044042,0.0,0.0
Alta vazao,49,P_2045002,0.0,0.0
Alta vazao,49,P_2046013,0.0,0.0
Alta vazao,49,Q_40032000,71.9101,89.40541686853602
Alta vazao,49,Q_40050000,282.651,0.0
Alta vazao,49,Q_40060001,16.2942,16.32919812787454
Alta vazao,49,Q_40100000,528.577,432.87866078635807
Alta vazao,49,Q_40185000,41.9921,0.0
Alta vazao,49,Q_40330000,140.45,74.41050680491689
Alta vazao,49,Q_40800001,82.9645,0.0
Alta vazao,49,Q_40850000,155.955,53.25802100857682
Alta vazao,49,Q_40930000,39.7521,47.507722905836886
Alta vazao,50,P_1944059,25.0,21.750775114052065
Alta vazao,50,P_1944063,6.2,0.0
Alta vazao,50,P_1945002,0.0,0.0
Alta vazao,50,P_1945008,0.0,0.0
Alta vazao,50,P_1946000,15.0,0.0
Alta vazao,50,P_2044008,23.6,27.59916834586921
Alta vazao,50,P_2044016,25.2,16.050880350809436
Alta vazao,50,P_2044024,16.0,0.0
Alta vazao,50,P_2044042,35.9,0.0
Alta vazao,50,P_2045002,11.7,0.0
Alta vazao,50,P_2046013,16.1,0.0
Alta vazao,50,Q_40032000,90.7217,101.30387120415975
Alta vazao,50,Q_40050000,440.95,16.591839459013872
Alta vazao,50,Q_40060001,16.1669,14.352212109032166
Alta vazao,50,Q_40100000,373.17,214.84007657396134
Alta vazao,50,Q_40185000,124.779,0.0
Alta vazao,50,Q_40330000,185.34,129.87551631674586
Alta vazao,50,Q_40800001,201.607,0.0
Alta vazao,50,Q_40850000,129.559,22.845486147401292
Alta vazao,50,Q_40930000,44.7304,49.00850131472315
Alta vazao,51,P_1944059,0.0,0.0
Alta vazao,51,P_1944063,0.0,-17.061923527580326
Alta vazao,51,P_1945002,8.1,17.880197713840815
Alta vazao,51,P_1945008,0.0,-12.857630910716379
Alta vazao,51,P_1946000,8.7,-5.668368847370939
Alta vazao,51,P_2044008,0.0,-4.562942692208026
Alta vazao,51,P_2044016,0.0,0.0
Alta vazao,51,P_2044024,0.0,0.0
Alta vazao,51,P_2044042,0.0,0.0
Alta vazao,51,P_2045002,0.0,0.0
Alta vazao,51,P_2046013,0.0,-6.057403336694958
Alta vazao,51,Q_40032000,21.0248,0.0
Alta vazao,51,Q_40050000,101.792,0.0
Alta vazao,51,Q_40060001,10.0141,-11.314579698235361
Alta vazao,51,Q_40100000,408.823,277.191463621498
Alta vazao,51,Q_40185000,22.967,0.0
Alta vazao,51,Q_40330000,84.354,0.0
Alta vazao,51,Q_40800001,78.7687,0.0
Alta vazao,51,Q_40850000,121.232,21.247904593484627
Alta vazao,51,Q_40930000,49.1795,68.69419302756317
Alta vazao,52,P_1944059,0.0,0.0
Alta vazao,52,P_1944063,0.0,-19.711799342833697
Alta vazao,52,P_1945002,0.0,-14.435579732947632
Alta vazao,52,P_1945008,0.0,-15.241653970865649
Alta vazao,52,P_1946000,0.0,4.455891706999125
Alta vazao,52,P_2044008,0.0,0.0
Alta vazao,52,P_2044016,0.0,0.0
Alta vazao,52,P_2044024,0.0,0.0
Alta vazao,52,P_2044042,0.0,0.0
Alta vazao,52,P_2045002,0.0,0.0
Alta vazao,52,P_2046013,0.0,-7.153597136876979
Alta vazao,52,Q_40032000,30.7522,16.26982009634942
Alta vazao,52,Q_40050000,339.022,0.0
Alta vazao,52,Q_40060001,16.2942,17.092197315138144
Alta vazao,52,Q_40100000,519.701,420.42047684340434
Alta vazao,52,Q_40185000,25.9963,0.0
Alta vazao,52,Q_40330000,101.214,23.441260681366423
Alta vazao,52,Q_40800001,63.3785,0.0
Alta vazao,52,Q_40850000,102.997,0.0
Alta vazao,52,Q_40930000,45.9095,62.38734074947209
Alta vazao,53,P_1944059,8.6,1.2299914532779894
Alta vazao,53,P_1944063,16.0,43.241266923239664
Alta vazao,53,P_1945002,18.6,26.51814519013581
Alta vazao,53,P_1945008,37.9,83.14767917520552
Alta vazao,53,P_1946000,18.2,0.0
Alta vazao,53,P_2044008,28.0,34.550096951880874
Alta vazao,53,P_2044016,7.7,0.0
Alta vazao,53,P_2044024,14.0,0.0
Alta vazao,53,P_2044042,8.0,0.0
Alta vazao,53,P_2045002,9.2,0.0
Alta vazao,53,P_2046013,16.9,1.719711834312104
Alta vazao,53,Q_40032000,27.7599,0.0
Alta vazao,53,Q_40050000,236.632,12.198755647858606
Alta vazao,53,Q_40060001,12.269,0.0
Alta vazao,53,Q_40100000,551.09,508.0833966359375
Alta vazao,53,Q_40185000,20.5401,0.0
Alta vazao,53,Q_40330000,90.0237,9.313685174759115
Alta vazao,53,Q_40800001,79.1021,0.0
Alta vazao,53,Q_40850000,79.7908,0.0
Alta vazao,53,Q_40930000,45.5152,61.70094951166092
Alta vazao,54,P_1944059,0.0,0.0
Alta vazao,54,P_1944063,0.0,-21.408630339743066
Alta vazao,54,P_1945002,0.0,-16.428489180711214
Alta vazao,54,P_1945008,0.0,-16.603985004348374
Alta vazao,54,P_1946000,0.0,0.0
Alta vazao,54,P_2044008,0.0,0.0
Alta vazao,54,P_2044016,0.0,0.0
Alta vazao,54,P_2044024,0.0,0.0
Alta vazao,54,P_2044042,0.0,0.0
Alta vazao,54,P_2045002,0.0,0.0
Alta vazao,54,P_2046013,0.0,0.0
Alta vazao,54,Q_40032000,27.4922,7.644374767842422
Alta vazao,54,Q_40050000,131.777,0.0
Alta vazao,54,Q_40060001,18.7714,24.637103821077055
Alta vazao,54,Q_40100000,448.941,326.3528517313117
Alta vazao,54,Q_40185000,34.3023,0.0
Alta vazao,54,Q_40330000,110.154,34.51796205135148
Alta vazao,54,Q_40800001,153.803,7.377039924966772
Alta vazao,54,Q_40850000,295.084,195.62237185321732
Alta vazao,54,Q_40930000,29.3874,22.544348404554007
Alta vazao,55,P_1944059,9.2,0.0
Alta vazao,55,P_1944063,11.3,24.07469060377814
Alta vazao,55,P_1945002,12.4,17.090199517578867
Alta vazao,55,P_1945008,0.0,0.0
Alta vazao,55,P_1946000,46.2,0.0
Alta vazao,55,P_2044008,26.7,34.421822373679916
Alta vazao,55,P_2044016,10.7,0.0
Alta vazao,55,P_2044024,13.4,0.0
Alta vazao,55,P_2044042,17.4,0.0
Alta vazao,55,P_2045002,32.6,0.0
Alta vazao,55,P_2046013,30.0,0.0
Alta vazao,55,Q_40032000,123.302,147.4464986373464
Alta vazao,55,Q_40050000,451.021,23.37355798395089
Alta vazao,55,Q_40060001,50.8634,207.43828925367788
Alta vazao,55,Q_40100000,519.701,421.56952346539305
Alta vazao,55,Q_40185000,58.5215,0.0
Alta vazao,55,Q_40330000,161.832,104.68492104168546
Alta vazao,55,Q_40800001,129.568,0.0
Alta vazao,55,Q_40850000,174.715,70.96415924560742
Alta vazao,55,Q_40930000,57.8705,83.6739519224451
Alta vazao,56,P_1944059,0.0,0.0
Alta vazao,56,P_1944063,0.0,-23.71735652986577
Alta vazao,56,P_1945002,0.0,-17.825901680736557
Alta vazao,56,P_1945008,0.0,-17.258179362219792
Alta vazao,56,P_1946000,0.0,0.0
Alta vazao,56,P_2044008,0.0,0.0
Alta vazao,56,P_2044016,0.0,0.0
Alta vazao,56,P_2044024,0.0,0.0
Alta vazao,56,P_2044042,0.0,0.0
Alta vazao,56,P_2045002,0.0,0.0
Alta vazao,56,P_2046013,0.0,0.0
Alta vazao,56,Q_40032000,37.2818,26.02890446811868
Alta vazao,56,Q_40050000,256.763,0.0
Alta vazao,56,Q_40060001,24.124,53.604267339797524
Alta vazao,56,Q_40100000,818.213,821.7890596116225
Alta vazao,56,Q_40185000,39.373,0.0
Alta vazao,56,Q_40330000,137.745,71.4383878092034
Alta vazao,56,Q_40800001,143.925,6.3495528579603615
Alta vazao,56,Q_40850000,216.012,113.79342984043765
Alta vazao,56,Q_40930000,37.1197,41.56938523770002
Alta vazao,57,P_1944059,0.0,0.0
Alta vazao,57,P_1944063,0.0,-17.484885617866443
Alta vazao,57,P_1945002,8.6,18.45091960673
Alta vazao,57,P_1945008,0.0,-13.39470942461036
Alta vazao,57,P_1946000,0.0,0.0
Alta vazao,57,P_2044008,0.0,0.0
Alta vazao,57,P_2044016,0.0,0.0
Alta vazao,57,P_2044024,0.0,0.0
Alta vazao,57,P_2044042,0.0,0.0
Alta vazao,57,P_2045002,0.0,0.0
Alta vazao,57,P_2046013,0.0,-6.1673957682810965
Alta vazao,57,Q_40032000,14.0168,-8.652170060843167
Alta vazao,57,Q_40050000,106.531,0.0
Alta vazao,57,Q_40060001,8.8379,-15.822169741640982
Alta vazao,57,Q_40100000,327.89,165.83630698635855
Alta vazao,57,Q_40185000,34.3023,0.0
Alta vazao,57,Q_40330000,96.559,18.692891007897252
Alta vazao,57,Q_40800001,80.873,0.0
Alta vazao,57,Q_40850000,144.257,44.18320556099818
Alta vazao,57,Q_40930000,14.7505,-9.86568221453633
Alta vazao,58,P_1944059,0.0,0.0
Alta vazao,58,P_1944063,0.0,-20.182918758853067
Alta vazao,58,P_1945002,0.0,-14.794967120891448
Alta vazao,58,P_1945008,0.0,-15.271271087510483
Alta vazao,58,P_1946000,6.2,0.0
Alta vazao,58,P_2044008,11.3,12.558050723439607
Alta vazao,58,P_2044016,0.0,0.0
Alta vazao,58,P_2044024,0.0,0.0
Alta vazao,58,P_2044042,0.0,0.0
Alta vazao,58,P_2045002,0.0,0.0
Alta vazao,58,P_2046013,0.0,-6.453057214862611
Alta vazao,58,Q_40032000,55.5533,59.26820499347578
Alta vazao,58,Q_40050000,309.999,0.0
Alta vazao,58,Q_40060001,18.2406,27.92922016125346
Alta vazao,58,Q_40100000,809.938,813.6184578513363
Alta vazao,58,Q_40185000,21.5977,0.0
Alta vazao,58,Q_40330000,80.1893,0.0
Alta vazao,58,Q_40800001,45.9382,0.0
Alta vazao,58,Q_40850000,69.8027,-33.298769594332406
Alta vazao,58,Q_40930000,42.4061,54.88785745146284
Alta vazao,59,P_1944059,0.0,0.0
Alta vazao,59,P_1944063,0.8,0.0
Alta vazao,59,P_1945002,28.9,91.341169364867
Alta vazao,59,P_1945008,17.0,45.37530017715974
Alta vazao,59,P_1946000,0.0,0.0
Alta vazao,59,P_2044008,43.1,61.47594697923904
Alta vazao,59,P_2044016,3.0,0.0
Alta vazao,59,P_2044024,1.4,0.0
Alta vazao,59,P_2044042,5.3,0.0
Alta vazao,59,P_2045002,1.8,0.0
Alta vazao,59,P_2046013,3.6,0.0
Alta vazao,59,Q_40032000,59.5139,76.3289662891509
Alta vazao,59,Q_40050000,648.35,20.457593979777357
Alta vazao,59,Q_40060001,34.5474,121.06305642873907
Alta vazao,59,Q_40100000,796.24,801.1000387691049
Alta vazao,59,Q_40185000,54.515,0.0
Alta vazao,59,Q_40330000,366.549,362.27711614750297
Alta vazao,59,Q_40800001,312.501,0.0
Alta vazao,59,Q_40850000,460.491,349.13149823667635
Alta vazao,59,Q_40930000,92.3558,170.72891986042563
Alta vazao,60,P_1944059,0.0,0.0
Alta vazao,60,P_1944063,0.0,-19.355990965783903
Alta vazao,60,P_1945002,0.0,-14.871358409760827
Alta vazao,60,P_1945008,0.0,-14.640537350464353
Alta vazao,60,P_1946000,0.0,0.0
Alta vazao,60,P_2044008,0.0,0.0
Alta vazao,60,P_2044016,0.0,0.0
Alta vazao,60,P_2044024,0.0,0.0
Alta vazao,60,P_2044042,12.9,0.0
Alta vazao,60,P_2045002,0.0,0.0
Alta vazao,60,P_2046013,0.0,-7.40888069871346
Alta vazao,60,Q_40032000,24.5977,0.0
Alta vazao,60,Q_40050000,184.432,0.0
Alta vazao,60,Q_40060001,14.2971,0.0
Alta vazao,60,Q_40100000,385.839,241.10021116021278
Alta vazao,60,Q_40185000,66.809,-15.54472937379012
Alta vazao,60,Q_40330000,146.837,83.79843885936066
Alta vazao,60,Q_40800001,175.062,11.58704596880598
Alta vazao,60,Q_40850000,241.923,138.93751634329143
Alta vazao,60,Q_40930000,9.8952,-19.76687248410881
Alta vazao,61,P_1944059,2.0,0.0
Alta vazao,61,P_1944063,12.6,56.935463890754924
Alta vazao,61,P_1945002,6.2,11.499535566512618
Alta vazao,61,P_1945008,5.1,0.0
Alta vazao,61,P_1946000,0.0,0.0
Alta vazao,61,P_2044008,9.3,10.548825558796048
Alta vazao,61,P_2044016,0.6,0.0
Alta vazao,61,P_2044024,0.0,0.0
Alta vazao,61,P_2044042,0.0,0.0
Alta vazao,61,P_2045002,0.0,0.0
Alta vazao,61,P_2046013,2.6,0.0
Alta vazao,61,Q_40032000,70.0957,88.90383126843444
Alta vazao,61,Q_40050000,273.178,0.0
Alta vazao,61,Q_40060001,21.6364,47.805501803660945
Alta vazao,61,Q_40100000,609.403,552.96146153181
Alta vazao,61,Q_40185000,48.7744,0.0
Alta vazao,61,Q_40330000,146.837,87.02469661590295
Alta vazao,61,Q_40800001,134.164,8.683224153959145
Alta vazao,61,Q_40850000,228.809,131.1462458181073
Alta vazao,61,Q_40930000,45.1173,63.865790727829676
Alta vazao,62,P_1944059,58.6,109.19442320975884
Alta vazao,62,P_1944063,2.5,0.0
Alta vazao,62,P_1945002,0.0,0.0
Alta vazao,62,P_1945008,13.7,30.68997511924564
Alta vazao,62,P_1946000,0.0,4.099271879444245
Alta vazao,62,P_2044008,5.5,0.0
Alta vazao,62,P_2044016,0.8,0.0
Alta vazao,62,P_2044024,8.4,0.0
Alta vazao,62,P_2044042,0.8,0.0
Alta vazao,62,P_2045002,9.1,0.0
Alta vazao,62,P_2046013,0.0,0.0
Alta vazao,62,Q_40032000,35.2567,18.724478657290167
Alta vazao,62,Q_40050000,141.395,0.0
Alta vazao,62,Q_40060001,19.1727,29.70312243712164
Alta vazao,62,Q_40100000,597.508,528.2382240875569
Alta vazao,62,Q_40185000,22.6724,0.0
Alta vazao,62,Q_40330000,102.015,22.979500207634135
Alta vazao,62,Q_40800001,124.527,4.990197205162267
Alta vazao,62,Q_40850000,162.416,60.005498306890864
Alta vazao,62,Q_40930000,41.9309,49.196663169413235
Alta vazao,63,P_1944059,4.8,0.0
Alta vazao,63,P_1944063,0.6,0.0
Alta vazao,63,P_1945002,8.5,13.997580617731128
Alta vazao,63,P_1945008,28.9,93.87759060896325
Alta vazao,63,P_1946000,0.0,0.0
Alta vazao,63,P_2044008,0.9,0.0
Alta vazao,63,P_2044016,3.9,0.0
Alta vazao,63,P_2044024,7.6,0.0
Alta vazao,63,P_2044042,0.0,0.0
Alta vazao,63,P_2045002,0.0,0.0
Alta vazao,63,P_2046013,0.0,0.0
Alta vazao,63,Q_40032000,51.6719,60.02292607428575
Alta vazao,63,Q_40050000,565.668,10.720385310758502
Alta vazao,63,Q_40060001,34.2111,113.83280237196341
Alta vazao,63,Q_40100000,809.938,816.4788914094607
Alta vazao,63,Q_40185000,50.8725,0.0
Alta vazao,63,Q_40330000,299.792,278.12602945379757
Alta vazao,63,Q_40800001,282.571,10.631497806862773
Alta vazao,63,Q_40850000,416.188,306.9512575199471
Alta vazao,63,Q_40930000,68.9294,113.63258841824789
Alta vazao,64,P_1944059,8.2,6.704102315247071
Alta vazao,64,P_1944063,0.3,0.0
Alta vazao,64,P_1945002,12.1,31.69712532425671
Alta vazao,64,P_1945008,5.3,2.501133918484811
Alta vazao,64,P_1946000,0.0,0.0
Alta vazao,64,P_2044008,0.0,0.0
Alta vazao,64,P_2044016,0.0,0.0
Alta vazao,64,P_2044024,12.0,0.0
Alta vazao,64,P_2044042,0.7,0.0
Alta vazao,64,P_2045002,0.6,0.0
Alta vazao,64,P_2046013,1.2,0.0
Alta vazao,64,Q_40032000,41.4269,35.988813448167214
Alta vazao,64,Q_40050000,329.44,0.0
Alta vazao,64,Q_40060001,19.307,30.766815124443916
Alta vazao,64,Q_40100000,533.042,442.89359172592117
Alta vazao,64,Q_40185000,50.1699,0.0
Alta vazao,64,Q_40330000,270.177,241.72587518223872
Alta vazao,64,Q_40800001,156.013,4.852081589760569
Alta vazao,64,Q_40850000,273.74,167.97873750137555
Alta vazao,64,Q_40930000,84.4342,151.40362990743498
Alta vazao,65,P_1944059,7.4,0.0
Alta vazao,65,P_1944063,3.8,0.0
Alta vazao,65,P_1945002,38.2,98.25543206701845
Alta vazao,65,P_1945008,6.9,8.300538705007048
Alta vazao,65,P_1946000,40.0,0.0
Alta vazao,65,P_2044008,14.0,11.500892307139026
Alta vazao,65,P_2044016,19.7,8.182758634492302
Alta vazao,65,P_2044024,8.5,0.0
Alta vazao,65,P_2044042,39.7,0.0
Alta vazao,65,P_2045002,1.0,0.0
Alta vazao,65,P_2046013,12.7,0.0
Alta vazao,65,Q_40032000,41.4269,22.23838146814895
Alta vazao,65,Q_40050000,265.0,0.0
Alta vazao,65,Q_40060001,20.2559,38.20167536123705
Alta vazao,65,Q_40100000,546.55,472.5715539392543
Alta vazao,65,Q_40185000,54.515,0.0
Alta vazao,65,Q_40330000,253.91,234.5301139271791
Alta vazao,65,Q_40800001,151.598,0.0
Alta vazao,65,Q_40850000,228.809,130.06864941768302
Alta vazao,65,Q_40930000,56.2528,80.25199810079658
Alta vazao,66,P_1944059,0.0,0.0
Alta vazao,66,P_1944063,0.0,-14.512609548554597
Alta vazao,66,P_1945002,0.0,-10.488060216217349
Alta vazao,66,P_1945008,13.2,32.20033721119494
Alta vazao,66,P_1946000,4.2,0.0
Alta vazao,66,P_2044008,28.6,39.171057031648786
Alta vazao,66,P_2044016,0.0,0.0
Alta vazao,66,P_2044024,5.5,0.0
Alta vazao,66,P_2044042,0.8,0.0
Alta vazao,66,P_2045002,4.9,0.0
Alta vazao,66,P_2046013,6.7,0.0
Alta vazao,66,Q_40032000,16.2656,-6.48222521778224
Alta vazao,66,Q_40050000,127.645,0.0
Alta vazao,66,Q_40060001,10.564,-9.20942288820881
Alta vazao,66,Q_40100000,124.744,-107.991733590939
Alta vazao,66,Q_40185000,30.1703,0.0
Alta vazao,66,Q_40330000,109.33,35.212852421137676
Alta vazao,66,Q_40800001,125.504,0.0
Alta vazao,66,Q_40850000,186.41,87.02125148703556
Alta vazao,66,Q_40930000,9.5841,-20.85759973401559
Alta vazao,67,P_1944059,0.0,0.0
Alta vazao,67,P_1944063,0.0,-22.219839404687374
Alta vazao,67,P_1945002,0.0,-15.744652987525711
Alta vazao,67,P_1945008,0.0,-15.091077636660925
Alta vazao,67,P_1946000,6.2,0.0
Alta vazao,67,P_2044008,0.0,0.0
Alta vazao,67,P_2044016,0.0,0.0
Alta vazao,67,P_2044024,0.6,0.0
Alta vazao,67,P_2044042,11.2,0.0
Alta vazao,67,P_2045002,9.0,0.0
Alta vazao,67,P_2046013,8.8,0.0
Alta vazao,67,Q_40032000,68.6511,85.29795063886189
Alta vazao,67,Q_40050000,496.736,13.182569780648446
Alta vazao,67,Q_40060001,38.8625,134.35093363416607
Alta vazao,67,Q_40100000,815.45,816.5452416897871
Alta vazao,67,Q_40185000,36.8093,0.0
Alta vazao,67,Q_40330000,145.001,79.86735139523648
Alta vazao,67,Q_40800001,67.5044,0.0
Alta vazao,67,Q_40850000,95.471,-8.48970086446252
Alta vazao,67,Q_40930000,77.8707,138.56410635446704
Alta vazao,68,P_1944059,70.0,68.54835812986698
Alta vazao,68,P_1944063,34.0,91.79134950038167
Alta vazao,68,P_1945002,8.6,0.0
Alta vazao,68,P_1945008,2.4,0.0
Alta vazao,68,P_1946000,25.2,0.0
Alta vazao,68,P_2044008,27.3,40.992365347805276
Alta vazao,68,P_2044016,14.4,0.0
Alta vazao,68,P_2044024,24.5,0.0
Alta vazao,68,P_2044042,12.0,0.0
Alta vazao,68,P_2045002,66.1,0.0
Alta vazao,68,P_2046013,44.6,39.35176548416169
Alta vazao,68,Q_40032000,49.4452,22.853082901984408
Alta vazao,68,Q_40050000,286.237,0.0
Alta vazao,68,Q_40060001,26.277,73.31450608806473
Alta vazao,68,Q_40100000,650.71,619.4435885058863
Alta vazao,68,Q_40185000,25.4321,0.0
Alta vazao,68,Q_40330000,216.38,181.96022108595386
Alta vazao,68,Q_40800001,166.787,0.0
Alta vazao,68,Q_40850000,151.409,55.10632359254498
Alta vazao,68,Q_40930000,57.8705,82.28022821318082
Alta vazao,69,P_1944059,0.0,0.0
Alta vazao,69,P_1944063,0.0,-20.965791492867005
Alta vazao,69,P_1945002,0.0,-15.470175381353158
Alta vazao,69,P_1945008,0.0,-16.090973720858422
Alta vazao,69,P_1946000,0.0,4.00328762445838
Alta vazao,69,P_2044008,0.0,0.0
Alta vazao,69,P_2044016,0.0,0.0
Alta vazao,69,P_2044024,0.0,0.0
Alta vazao,69,P_2044042,0.0,0.0
Alta vazao,69,P_2045002,0.0,0.0
Alta vazao,69,P_2046013,4.5,0.0
Alta vazao,69,Q_40032000,28.5673,9.506063416656646
Alta vazao,69,Q_40050000,143.75,0.0
Alta vazao,69,Q_40060001,19.4417,28.317341667356104
Alta vazao,69,Q_40100000,769.189,759.5242898510663
Alta vazao,69,Q_40185000,24.872,0.0
Alta vazao,69,Q_40330000,108.507,33.85006149129179
Alta vazao,69,Q_40800001,101.528,0.0
Alta vazao,69,Q_40850000,150.507,49.43867079353326
Alta vazao,69,Q_40930000,21.726,6.082725538046845
Alta vazao,70,P_1944059,0.0,0.0
Alta vazao,70,P_1944063,0.0,-18.373481723192693
Alta vazao,70,P_1945002,0.0,-13.20519252028666
Alta vazao,70,P_1945008,0.0,-14.019087821856496
Alta vazao,70,P_1946000,0.0,0.0
Alta vazao,70,P_2044008,0.0,-3.8537174045071367
Alta vazao,70,P_2044016,0.0,0.0
Alta vazao,70,P_2044024,0.0,0.0
Alta vazao,70,P_2044042,0.0,0.0
Alta vazao,70,P_2045002,0.0,0.0
Alta vazao,70,P_2046013,0.0,-5.792356871908202
Alta vazao,70,Q_40032000,23.8245,0.0
Alta vazao,70,Q_40050000,109.99,0.0
Alta vazao,70,Q_40060001,18.2406,21.89449249267042
Alta vazao,70,Q_40100000,366.886,217.70410592506434
Alta vazao,70,Q_40185000,41.3322,-5.09553819916262
Alta vazao,70,Q_40330000,82.9573,0.0
Alta vazao,70,Q_40800001,96.4193,0.0
Alta vazao,70,Q_40850000,163.348,64.0955734226812
Alta vazao,70,Q_40930000,13.6033,-11.470149562952793
Alta vazao,71,P_1944059,5.0,0.0
Alta vazao,71,P_1944063,27.7,136.9475083044259
Alta vazao,71,P_1945002,14.9,39.155174837714064
Alta vazao,71,P_1945008,0.0,0.0
Alta vazao,71,P_1946000,0.0,0.0
Alta vazao,71,P_2044008,5.7,0.0
Alta vazao,71,P_2044016,3.5,0.0
Alta vazao,71,P_2044024,4.4,0.0
Alta vazao,71,P_2044042,9.3,0.0
Alta vazao,71,P_2045002,7.5,0.0
Alta vazao,71,P_2046013,0.0,0.0
Alta vazao,71,Q_40032000,47.5591,50.876193335045016
Alta vazao,71,Q_40050000,482.816,10.452601918588243
Alta vazao,71,Q_40060001,32.213,106.93109553166599
Alta vazao,71,Q_40100000,834.887,859.5728632938464
Alta vazao,71,Q_40185000,47.3917,0.0
Alta vazao,71,Q_40330000,244.721,212.00685662890044
Alta vazao,71,Q_40800001,219.987,9.64553500151099
Alta vazao,71,Q_40850000,360.589,259.28032131570603
Alta vazao,71,Q_40930000,58.2917,91.95711036211524
Alta vazao,72,P_1944059,7.2,0.0
Alta vazao,72,P_1944063,4.0,0.0
Alta vazao,72,P_1945002,27.6,84.21338255430906
Alta vazao,72,P_1945008,0.0,0.0
Alta vazao,72,P_1946000,0.4,0.0
Alta vazao,72,P_2044008,14.0,14.357405716093748
Alta vazao,72,P_2044016,7.5,0.0
Alta vazao,72,P_2044024,24.6,0.0
Alta vazao,72,P_2044042,1.2,0.0
Alta vazao,72,P_2045002,1.1,0.0
Alta vazao,72,P_2046013,2.0,0.0
Alta vazao,72,Q_40032000,71.848,98.58081590004947
Alta vazao,72,Q_40050000,736.426,20.57874376652553
Alta vazao,72,Q_40060001,64.0376,278.2084975505863
Alta vazao,72,Q_40100000,761.164,746.4936527928911
Alta vazao,72,Q_40185000,67.3388,0.0
Alta vazao,72,Q_40330000,338.473,320.9558310490294
Alta vazao,72,Q_40800001,343.045,10.792770439183641
Alta vazao,72,Q_40850000,542.241,425.2332156525001
Alta vazao,72,Q_40930000,197.22,419.02373807710046
Alta vazao,73,P_1944059,0.0,0.0
Alta vazao,73,P_1944063,0.0,-16.677793995471397
Alta vazao,73,P_1945002,0.0,-12.317057692661097
Alta vazao,73,P_1945008,11.2,28.520579237475307
Alta vazao,73,P_1946000,2.6,0.0
Alta vazao,73,P_2044008,0.0,-4.134906969634899
Alta vazao,73,P_2044016,0.0,0.0
Alta vazao,73,P_2044024,0.0,0.0
Alta vazao,73,P_2044042,0.4,0.0
Alta vazao,73,P_2045002,0.0,0.0
Alta vazao,73,P_2046013,1.0,-3.90739683406322
Alta vazao,73,Q_40032000,41.4353,29.624949851858634
Alta vazao,73,Q_40050000,150.924,0.0
Alta vazao,73,Q_40060001,12.8551,0.0
Alta vazao,73,Q_40100000,320.419,158.0837513652994
Alta vazao,73,Q_40185000,22.967,0.0
Alta vazao,73,Q_40330000,82.9573,0.0
Alta vazao,73,Q_40800001,93.8449,3.865334993394555
Alta vazao,73,Q_40850000,143.374,43.843487174244856
Alta vazao,73,Q_40930000,11.5881,-15.819766190767742
Alta vazao,74,P_1944059,0.0,0.0
Alta vazao,74,P_1944063,0.0,-18.886833514325044
Alta vazao,74,P_1945002,0.0,-13.536769550496198
Alta vazao,74,P_1945008,0.0,-14.360555743779633
Alta vazao,74,P_1946000,0.0,0.0
Alta vazao,74,P_2044008,0.0,0.0
Alta vazao,74,P_2044016,0.0,0.0
Alta vazao,74,P_2044024,0.0,0.0
Alta vazao,74,P_2044042,0.0,0.0
Alta vazao,74,P_2045002,0.0,0.0
Alta vazao,74,P_2046013,0.0,-6.159866514328769
Alta vazao,74,Q_40032000,25.1171,0.0
Alta vazao,74,Q_40050000,113.141,0.0
Alta vazao,74,Q_40060001,18.5054,23.45804338092503
Alta vazao,74,Q_40100000,396.5,257.29085222042477
Alta vazao,74,Q_40185000,43.3221,-6.362172130750577
Alta vazao,74,Q_40330000,90.7417,10.761281479236764
Alta vazao,74,Q_40800001,103.584,0.0
Alta vazao,74,Q_40850000,173.755,74.42601945708905
Alta vazao,74,Q_40930000,14.1721,-10.56261208963348
Alta vazao,75,P_1944059,0.0,0.0
Alta vazao,75,P_1944063,0.0,-18.527108784824886
Alta vazao,75,P_1945002,0.0,-13.928220777517595
Alta vazao,75,P_1945008,0.0,-15.467370954453095
Alta vazao,75,P_1946000,40.2,-43.28768965030126
Alta vazao,75,P_2044008,0.0,0.0
Alta vazao,75,P_2044016,0.0,0.0
Alta vazao,75,P_2044024,0.0,0.0
Alta vazao,75,P_2044042,1.7,0.0
Alta vazao,75,P_2045002,19.0,0.0
Alta vazao,75,P_2046013,46.3,63.245475153591485
Alta vazao,75,Q_40032000,32.7013,13.448304153445434
Alta vazao,75,Q_40050000,240.523,0.0
Alta vazao,75,Q_40060001,29.4425,72.72962730667408
Alta vazao,75,Q_40100000,478.558,355.5489549260698
Alta vazao,75,Q_40185000,54.515,0.0
Alta vazao,75,Q_40330000,156.145,91.52057106139249
Alta vazao,75,Q_40800001,159.34,0.0
Alta vazao,75,Q_40850000,295.084,187.12877766575426
Alta vazao,75,Q_40930000,15.3384,0.0
Alta vazao,76,P_1944059,23.8,14.852729996315913
Alta vazao,76,P_1944063,28.5,53.451871959954545
Alta vazao,76,P_1945002,0.0,0.0
Alta vazao,76,P_1945008,0.0,0.0
Alta vazao,76,P_1946000,18.3,-28.742751846225755
Alta vazao,76,P_2044008,5.0,0.0
Alta vazao,76,P_2044016,33.4,17.00789468101674
Alta vazao,76,P_2044024,75.5,74.14949062406701
Alta vazao,76,P_2044042,21.7,0.0
Alta vazao,76,P_2045002,12.8,0.0
Alta vazao,76,P_2046013,4.3,0.0
Alta vazao,76,Q_40032000,14.6612,0.0
Alta vazao,76,Q_40050000,127.645,0.0
Alta vazao,76,Q_40060001,10.0141,0.0
Alta vazao,76,Q_40100000,115.398,-125.55102720039147
Alta vazao,76,Q_40185000,35.175,0.0
Alta vazao,76,Q_40330000,125.389,49.383481363250425
Alta vazao,76,Q_40800001,193.964,20.24461558761041
Alta vazao,76,Q_40850000,203.535,98.00907569822644
Alta vazao,76,Q_40930000,9.5841,-23.292498263993622
Alta vazao,77,P_1944059,0.0,0.0
Alta vazao,77,P_1944063,0.0,-18.796138818393295
Alta vazao,77,P_1945002,0.0,-13.783369885126778
Alta vazao,77,P_1945008,0.0,-14.865178495633067
Alta vazao,77,P_1946000,0.0,0.0
Alta vazao,77,P_2044008,0.0,0.0
Alta vazao,77,P_2044016,0.0,0.0
Alta vazao,77,P_2044024,0.0,0.0
Alta vazao,77,P_2044042,0.0,0.0
Alta vazao,77,P_2045002,0.0,0.0
Alta vazao,77,P_2046013,0.0,-5.509660447045405
Alta vazao,77,Q_40032000,26.1651,0.0
Alta vazao,77,Q_40050000,118.484,0.0
Alta vazao,77,Q_40060001,18.7714,24.92046108280054
Alta vazao,77,Q_40100000,422.461,293.5680183979359
Alta vazao,77,Q_40185000,40.6757,-5.35114921989681
Alta vazao,77,Q_40330000,100.415,24.24953572618093
Alta vazao,77,Q_40800001,117.12,0.0
Alta vazao,77,Q_40850000,187.399,88.16663959686879
Alta vazao,77,Q_40930000,15.3384,-7.203035591766449
Alta vazao,78,P_1944059,14.6,15.52043863726055
Alta vazao,78,P_1944063,4.0,0.0
Alta vazao,78,P_1945002,44.6,145.44416168985424
Alta vazao,78,P_1945008,0.0,0.0
Alta vazao,78,P_1946000,0.0,0.0
Alta vazao,78,P_2044008,1.7,0.0
Alta vazao,78,P_2044016,1.4,0.0
Alta vazao,78,P_2044024,1.4,0.0
Alta vazao,78,P_2044042,2.6,0.0
Alta vazao,78,P_2045002,2.5,0.0
Alta vazao,78,P_2046013,4.1,0.0
Alta vazao,78,Q_40032000,41.4269,35.666868784353724
Alta vazao,78,Q_40050000,421.794,9.833671464678144
Alta vazao,78,Q_40060001,21.358,47.339703031540715
Alta vazao,78,Q_40100000,508.711,416.9816359249622
Alta vazao,78,Q_40185000,50.8725,0.0
Alta vazao,78,Q_40330000,292.609,276.3288656458564
Alta vazao,78,Q_40800001,197.856,7.990007807284428
Alta vazao,78,Q_40850000,359.276,261.5602381780642
Alta vazao,78,Q_40930000,101.856,192.45422502972602
Alta vazao,79,P_1944059,0.0,0.0
Alta vazao,79,P_1944063,0.0,-23.23206047319446
Alta vazao,79,P_1945002,0.0,-17.168990118943157
Alta vazao,79,P_1945008,0.0,0.0
Alta vazao,79,P_1946000,0.0,0.0
Alta vazao,79,P_2044008,0.0,0.0
Alta vazao,79,P_2044016,0.0,0.0
Alta vazao,79,P_2044024,0.0,0.0
Alta vazao,79,P_2044042,0.0,0.0
Alta vazao,79,P_2045002,0.0,0.0
Alta vazao,79,P_2046013,48.0,58.18434014291163
Alta vazao,79,Q_40032000,62.8731,71.92764670937015
Alta vazao,79,Q_40050000,387.365,0.0
Alta vazao,79,Q_40060001,30.9003,90.7569109506744
Alta vazao,79,Q_40100000,820.981,826.8220104118205
Alta vazao,79,Q_40185000,41.3322,0.0
Alta vazao,79,Q_40330000,167.596,109.36363635130797
Alta vazao,79,Q_40800001,182.957,11.367551425039023
Alta vazao,79,Q_40850000,292.678,190.76008755147305
Alta vazao,79,Q_40930000,50.8011,74.64556800874624
Alta vazao,80,P_1944059,0.0,0.0
Alta vazao,80,P_1944063,0.0,-21.92622332120196
Alta vazao,80,P_1945002,0.0,-15.759637780567356
Alta vazao,80,P_1945008,0.0,-16.497321676342395
Alta vazao,80,P_1946000,0.0,0.0
Alta vazao,80,P_2044008,0.0,0.0
Alta vazao,80,P_2044016,0.0,0.0
Alta vazao,80,P_2044024,0.0,0.0
Alta vazao,80,P_2044042,0.7,0.0
Alta vazao,80,P_2045002,0.0,0.0
Alta vazao,80,P_2046013,0.0,0.0
Alta vazao,80,Q_40032000,59.3277,67.48706214423925
Alta vazao,80,Q_40050000,405.753,7.416388671171262
Alta vazao,80,Q_40060001,22.1967,47.08572477188222
Alta vazao,80,Q_40100000,953.272,1002.7683657758341
Alta vazao,80,Q_40185000,24.872,0.0
Alta vazao,80,Q_40330000,106.055,29.649319975734823
Alta vazao,80,Q_40800001,53.5073,0.0
Alta vazao,80,Q_40850000,83.2476,-20.967695435455045
Alta vazao,80,Q_40930000,60.4693,96.99969732609797
Alta vazao,81,P_1944059,77.2,0.0
Alta vazao,81,P_1944063,109.0,406.8895982367354
Alta vazao,81,P_1945002,54.9,110.90848342872617
Alta vazao,81,P_1945008,0.0,0.0
Alta vazao,81,P_1946000,20.1,0.0
Alta vazao,81,P_2044008,43.5,51.637937150015205
Alta vazao,81,P_2044016,42.6,0.0
Alta vazao,81,P_2044024,90.6,0.0
Alta vazao,81,P_2044042,75.0,0.0
Alta vazao,81,P_2045002,20.3,0.0
Alta vazao,81,P_2046013,23.3,0.0
Alta vazao,81,Q_40032000,101.68,92.50526804296912
Alta vazao,81,Q_40050000,421.091,0.0
Alta vazao,81,Q_40060001,67.6687,304.6195409983168
Alta vazao,81,Q_40100000,364.799,210.69652752765353
Alta vazao,81,Q_40185000,248.296,0.0
Alta vazao,81,Q_40330000,1020.5,1269.8057816524565
Alta vazao,81,Q_40800001,779.224,81.84806133468011
Alta vazao,81,Q_40850000,774.257,682.1773275300288
Alta vazao,81,Q_40930000,246.257,504.21427369043704
Alta vazao,82,P_1944059,0.0,0.0
Alta vazao,82,P_1944063,0.0,-19.457202521514144
Alta vazao,82,P_1945002,0.0,-14.479085933063942
Alta vazao,82,P_1945008,0.0,-14.99708081197813
Alta vazao,82,P_1946000,0.0,0.0
Alta vazao,82,P_2044008,0.0,0.0
Alta vazao,82,P_2044016,0.0,0.0
Alta vazao,82,P_2044024,0.0,0.0
Alta vazao,82,P_2044042,0.1,0.0
Alta vazao,82,P_2045002,0.0,0.0
Alta vazao,82,P_2046013,4.6,0.0
Alta vazao,82,Q_40032000,25.0402,6.452210399640876
Alta vazao,82,Q_40050000,192.953,0.0
Alta vazao,82,Q_40060001,19.307,28.850421821628274
Alta vazao,82,Q_40100000,308.626,139.13742217955715
Alta vazao,82,Q_40185000,52.1324,-12.115447176078172
Alta vazao,82,Q_40330000,204.789,161.55681940696672
Alta vazao,82,Q_40800001,125.504,0.0
Alta vazao,82,Q_40850000,158.71,57.97710231142811
Alta vazao,82,Q_40930000,38.7485,46.2854157943377
Alta vazao,83,P_1944059,7.0,0.0
Alta vazao,83,P_1944063,8.8,33.99974204204824
Alta vazao,83,P_1945002,5.6,0.0
Alta vazao,83,P_1945008,0.0,0.0
Alta vazao,83,P_1946000,8.2,0.0
Alta vazao,83,P_2044008,10.5,12.637481305476783
Alta vazao,83,P_2044016,16.0,13.630731757127023
Alta vazao,83,P_2044024,2.8,0.0
Alta vazao,83,P_2044042,25.7,0.0
Alta vazao,83,P_2045002,15.7,0.0
Alta vazao,83,P_2046013,13.8,0.0
Alta vazao,83,Q_40032000,69.3982,87.49594071329444
Alta vazao,83,Q_40050000,407.138,0.0
Alta vazao,83,Q_40060001,45.9806,182.33315262629094
Alta vazao,83,Q_40100000,621.413,571.4480389105358
Alta vazao,83,Q_40185000,40.6757,0.0
Alta vazao,83,Q_40330000,164.705,110.40547361032745
Alta vazao,83,Q_40800001,187.519,14.269954870191235
Alta vazao,83,Q_40850000,191.379,91.1837766834771
Alta vazao,83,Q_40930000,111.066,220.87616820606175
Alta vazao,84,P_1944059,0.0,0.0
Alta vazao,84,P_1944063,8.0,19.556448676081033
Alta vazao,84,P_1945002,0.0,-16.21115261564666
Alta vazao,84,P_1945008,0.0,-16.69359618250496
Alta vazao,84,P_1946000,8.2,0.0
Alta vazao,84,P_2044008,0.0,0.0
Alta vazao,84,P_2044016,0.0,0.0
Alta vazao,84,P_2044024,0.0,0.0
Alta vazao,84,P_2044042,0.0,0.0
Alta vazao,84,P_2045002,11.2,0.0
Alta vazao,84,P_2046013,3.3,0.0
Alta vazao,84,Q_40032000,41.4269,36.05228079908809
Alta vazao,84,Q_40050000,357.865,0.0
Alta vazao,84,Q_40060001,22.7683,44.84168784524312
Alta vazao,84,Q_40100000,569.435,484.87481020327044
Alta vazao,84,Q_40185000,166.404,-64.90843534131301
Alta vazao,84,Q_40330000,685.427,758.5368115997385
Alta vazao,84,Q_40800001,232.799,0.0
Alta vazao,84,Q_40850000,778.194,644.0962914873447
Alta vazao,84,Q_40930000,61.9313,94.27752616759184
Alta vazao,85,P_1944059,0.0,0.0
Alta vazao,85,P_1944063,0.0,0.0
Alta vazao,85,P_1945002,13.5,29.47342042869998
Alta vazao,85,P_1945008,0.0,0.0
Alta vazao,85,P_1946000,0.0,0.0
Alta vazao,85,P_2044008,0.0,0.0
Alta vazao,85,P_2044016,0.8,0.0
Alta vazao,85,P_2044024,21.4,0.0
Alta vazao,85,P_2044042,0.5,0.0
Alta vazao,85,P_2045002,24.4,5.42721396283855
Alta vazao,85,P_2046013,28.3,32.88560814499236
Alta vazao,85,Q_40032000,28.8379,11.542346728235762
Alta vazao,85,Q_40050000,365.122,0.0
Alta vazao,85,Q_40060001,33.5412,100.19829700383919
Alta vazao,85,Q_40100000,604.631,533.0900692714359
Alta vazao,85,Q_40185000,128.041,-52.92465098149315
Alta vazao,85,Q_40330000,318.855,296.6843174487603
Alta vazao,85,Q_40800001,177.282,0.0
Alta vazao,85,Q_40850000,347.553,233.34326493784897
Alta vazao,85,Q_40930000,169.746,352.7076685062354
Alta vazao,86,P_1944059,0.0,-2.5283024084105534
Alta vazao,86,P_1944063,0.0,-15.990862439999441
Alta vazao,86,P_1945002,0.0,-12.098939366191914
Alta vazao,86,P_1945008,0.0,-11.851689041427557
Alta vazao,86,P_1946000,0.0,0.0
Alta vazao,86,P_2044008,0.0,-3.0804561613125756
Alta vazao,86,P_2044016,0.0,0.0
Alta vazao,86,P_2044024,0.0,0.0
Alta vazao,86,P_2044042,0.0,0.0
Alta vazao,86,P_2045002,0.0,0.0
Alta vazao,86,P_2046013,0.0,-4.589728647533306
Alta vazao,86,Q_40032000,21.5477,0.0
Alta vazao,86,Q_40050000,135.498,0.0
Alta vazao,86,Q_40060001,8.8379,-14.201021853435119
Alta vazao,86,Q_40100000,424.647,298.8189015891004
Alta vazao,86,Q_40185000,10.1356,0.0
Alta vazao,86,Q_40330000,41.855,-53.10351373472209
Alta vazao,86,Q_40800001,42.6742,0.0
Alta vazao,86,Q_40850000,79.107,-21.976068324518412
Alta vazao,86,Q_40930000,22.885,0.0
Alta vazao,87,P_1944059,0.0,0.0
Alta vazao,87,P_1944063,0.0,-14.58274318071141
Alta vazao,87,P_1945002,18.6,56.59960845486697
Alta vazao,87,P_1945008,0.0,-11.184417073452561
Alta vazao,87,P_1946000,0.0,0.0
Alta vazao,87,P_2044008,0.0,-3.3181609481906094
Alta vazao,87,P_2044016,0.0,0.0
Alta vazao,87,P_2044024,0.0,0.0
Alta vazao,87,P_2044042,0.0,0.0
Alta vazao,87,P_2045002,0.0,0.0
Alta vazao,87,P_2046013,0.0,-4.023830550966893
Alta vazao,87,Q_40032000,17.7253,-3.3159777312952095
Alta vazao,87,Q_40050000,105.854,0.0
Alta vazao,87,Q_40060001,10.564,-7.46038778584986
Alta vazao,87,Q_40100000,332.35,178.99843651315467
Alta vazao,87,Q_40185000,17.1471,0.0
Alta vazao,87,Q_40330000,62.4098,-25.547482019535213
Alta vazao,87,Q_40800001,70.5878,0.0
Alta vazao,87,Q_40850000,102.233,0.0
Alta vazao,87,Q_40930000,21.6416,8.173215339779501
Alta vazao,88,P_1944059,0.0,0.0
Alta vazao,88,P_1944063,0.0,-21.8122413839918
Alta vazao,88,P_1945002,0.0,-15.962119461071088
Alta vazao,88,P_1945008,0.0,-17.10931233214592
Alta vazao,88,P_1946000,0.0,0.0
Alta vazao,88,P_2044008,1.9,0.0
Alta vazao,88,P_2044016,1.5,0.0
Alta vazao,88,P_2044024,4.0,0.0
Alta vazao,88,P_2044042,6.3,0.0
Alta vazao,88,P_2045002,0.0,0.0
Alta vazao,88,P_2046013,0.0,0.0
Alta vazao,88,Q_40032000,25.1171,0.0
Alta vazao,88,Q_40050000,271.417,0.0
Alta vazao,88,Q_40060001,18.6383,25.572635547456763
Alta vazao,88,Q_40100000,576.391,497.9035823118757
Alta vazao,88,Q_40185000,113.268,-39.854923194368666
Alta vazao,88,Q_40330000,347.714,334.1051612845038
Alta vazao,88,Q_40800001,318.996,11.999797227950934
Alta vazao,88,Q_40850000,406.452,292.54423708440333
Alta vazao,88,Q_40930000,50.8011,69.55917098396762
Alta vazao,89,P_1944059,0.0,0.0
Alta vazao,89,P_1944063,12.1,50.22484332377243
Alta vazao,89,P_1945002,0.0,-10.781825468178885
Alta vazao,89,P_1945008,0.0,-12.04789676692209
Alta vazao,89,P_1946000,0.0,5.3188247791757615
Alta vazao,89,P_2044008,0.0,0.0
Alta vazao,89,P_2044016,0.0,0.0
Alta vazao,89,P_2044024,0.0,0.0
Alta vazao,89,P_2044042,0.1,0.0
Alta vazao,89,P_2045002,17.1,0.0
Alta vazao,89,P_2046013,9.8,6.798652113961109
Alta vazao,89,Q_40032000,25.0402,4.023932734976739
Alta vazao,89,Q_40050000,122.842,0.0
Alta vazao,89,Q_40060001,11.6916,0.0
Alta vazao,89,Q_40100000,352.531,204.1957500162618
Alta vazao,89,Q_40185000,19.3897,0.0
Alta vazao,89,Q_40330000,70.7706,-15.20667099666509
Alta vazao,89,Q_40800001,91.6334,0.0
Alta vazao,89,Q_40850000,119.596,20.812207420414396
Alta vazao,89,Q_40930000,14.3518,-9.872236803059327
Alta vazao,90,P_1944059,13.4,13.861858124708915
Alta vazao,90,P_1944063,36.9,176.20237247299985
Alta vazao,90,P_1945002,0.0,0.0
Alta vazao,90,P_1945008,0.0,0.0
Alta vazao,90,P_1946000,0.0,0.0
Alta vazao,90,P_2044008,14.9,15.76617137203915
Alta vazao,90,P_2044016,15.5,10.340126998600454
Alta vazao,90,P_2044024,0.0,0.0
Alta vazao,90,P_2044042,0.4,0.0
Alta vazao,90,P_2045002,14.3,0.0
Alta vazao,90,P_2046013,3.4,0.0
Alta vazao,90,Q_40032000,32.1409,19.91272318749786
Alta vazao,90,Q_40050000,140.224,0.0
Alta vazao,90,Q_40060001,19.0386,37.40242424521542
Alta vazao,90,Q_40100000,497.838,411.2666617770398
Alta vazao,90,Q_40185000,24.872,0.0
Alta vazao,90,Q_40330000,121.083,51.53997951733369
Alta vazao,90,Q_40800001,188.663,0.0
Alta vazao,90,Q_40850000,381.876,292.0432091215557
Alta vazao,90,Q_40930000,36.271,42.365588204714435
Alta vazao,91,P_1944059,0.0,0.0
Alta vazao,91,P_1944063,0.0,-22.239673480513957
Alta vazao,91,P_1945002,0.0,-17.52375701046578
Alta vazao,91,P_1945008,0.0,-17.580273975067204
Alta vazao,91,P_1946000,0.0,0.0
Alta vazao,91,P_2044008,0.0,0.0
Alta vazao,91,P_2044016,0.0,0.0
Alta vazao,91,P_2044024,0.0,0.0
Alta vazao,91,P_2044042,0.0,0.0
Alta vazao,91,P_2045002,0.0,0.0
Alta vazao,91,P_2046013,0.0,0.0
Alta vazao,91,Q_40032000,32.9825,18.07329516912888
Alta vazao,91,Q_40050000,206.609,0.0
Alta vazao,91,Q_40060001,23.2177,48.54611167775291
Alta vazao,91,Q_40100000,820.981,827.2147341445659
Alta vazao,91,Q_40185000,29.4644,0.0
Alta vazao,91,Q_40330000,120.228,48.77602897234308
Alta vazao,91,Q_40800001,122.403,4.582074243721991
Alta vazao,91,Q_40850000,191.379,90.14068562782387
Alta vazao,91,Q_40930000,32.9575,32.01486816804098
Alta vazao,92,P_1944059,0.0,0.0
Alta vazao,92,P_1944063,0.0,0.0
Alta vazao,92,P_1945002,8.6,15.586886114260983
Alta vazao,92,P_1945008,14.2,34.04725260337848
Alta vazao,92,P_1946000,14.2,0.0
Alta vazao,92,P_2044008,4.1,0.0
Alta vazao,92,P_2044016,0.0,0.0
Alta vazao,92,P_2044024,0.0,0.0
Alta vazao,92,P_2044042,0.0,0.0
Alta vazao,92,P_2045002,4.3,0.0
Alta vazao,92,P_2046013,28.4,25.944214297526607
Alta vazao,92,Q_40032000,80.3881,104.16603280223111
Alta vazao,92,Q_40050000,430.974,6.431423295118975
Alta vazao,92,Q_40060001,51.8816,204.4499481044293
Alta vazao,92,Q_40100000,484.943,372.44795097432035
Alta vazao,92,Q_40185000,74.3502,0.0
Alta vazao,92,Q_40330000,166.63,107.58091215228556
Alta vazao,92,Q_40800001,130.634,0.0
Alta vazao,92,Q_40850000,228.809,123.7294726126789
Alta vazao,92,Q_40930000,38.6339,41.51111386235014
Alta vazao,93,P_1944059,0.0,0.0
Alta vazao,93,P_1944063,0.0,-18.91881013818214
Alta vazao,93,P_1945002,0.0,-14.032483382080658
Alta vazao,93,P_1945008,4.2,0.0
Alta vazao,93,P_1946000,1.2,0.0
Alta vazao,93,P_2044008,0.0,-5.022226618680463
Alta vazao,93,P_2044016,0.0,0.0
Alta vazao,93,P_2044024,0.0,0.0
Alta vazao,93,P_2044042,0.0,0.0
Alta vazao,93,P_2045002,0.0,0.0
Alta vazao,93,P_2046013,0.0,-6.493649046298672
Alta vazao,93,Q_40032000,20.3464,0.0
Alta vazao,93,Q_40050000,170.424,0.0
Alta vazao,93,Q_40060001,18.3729,23.64975766240443
Alta vazao,93,Q_40100000,277.857,97.88616327096588
Alta vazao,93,Q_40185000,46.8777,-9.105426283950584
Alta vazao,93,Q_40330000,172.458,119.21171707778672
Alta vazao,93,Q_40800001,86.1882,0.0
Alta vazao,93,Q_40850000,124.534,23.601993604725287
Alta vazao,93,Q_40930000,25.4579,14.838324480484655
Alta vazao,94,P_1944059,1.0,0.0
Alta vazao,94,P_1944063,2.2,0.0
Alta vazao,94,P_1945002,0.0,-18.650822299243373
Alta vazao,94,P_1945008,0.0,0.0
Alta vazao,94,P_1946000,15.5,-28.691487826971127
Alta vazao,94,P_2044008,0.0,0.0
Alta vazao,94,P_2044016,0.7,0.0
Alta vazao,94,P_2044024,3.6,0.0
Alta vazao,94,P_2044042,0.5,0.0
Alta vazao,94,P_2045002,0.6,0.0
Alta vazao,94,P_2046013,0.0,0.0
Alta vazao,94,Q_40032000,83.9115,120.036456531441
Alta vazao,94,Q_40050000,495.233,0.0
Alta vazao,94,Q_40060001,30.9003,83.48478007899628
Alta vazao,94,Q_40100000,484.943,357.8262635618672
Alta vazao,94,Q_40185000,314.41,-113.12870657788235
Alta vazao,94,Q_40330000,932.08,1030.4792523780031
Alta vazao,94,Q_40800001,602.525,13.704076291963498
Alta vazao,94,Q_40850000,846.435,672.6025520049697
Alta vazao,94,Q_40930000,119.91,213.6797420894997
Alta vazao,95,P_1944059,5.0,0.0
Alta vazao,95,P_1944063,0.0,-21.48866720743856
Alta vazao,95,P_1945002,0.0,-15.891448987766505
Alta vazao,95,P_1945008,0.0,-15.465770650771695
Alta vazao,95,P_1946000,5.0,0.0
Alta vazao,95,P_2044008,0.0,0.0
Alta vazao,95,P_2044016,6.3,0.0
Alta vazao,95,P_2044024,2.8,0.0
Alta vazao,95,P_2044042,6.6,0.0
Alta vazao,95,P_2045002,8.9,0.0
Alta vazao,95,P_2046013,1.3,0.0
Alta vazao,95,Q_40032000,29.3812,12.85434141428113
Alta vazao,95,Q_40050000,438.09,0.0
Alta vazao,95,Q_40060001,45.9806,170.4514122304492
Alta vazao,95,Q_40100000,724.263,686.0736502557781
Alta vazao,95,Q_40185000,73.8028,-21.515927564594172
Alta vazao,95,Q_40330000,161.832,101.88989271014145
Alta vazao,95,Q_40800001,148.132,7.9694335492132495
Alta vazao,95,Q_40850000,118.781,14.50608403803821
Alta vazao,95,Q_40930000,14.5737,0.0
Alta vazao,96,P_1944059,47.8,0.0
Alta vazao,96,P_1944063,82.2,263.9384454855931
Alta vazao,96,P_1945002,51.1,88.3503427986558
Alta vazao,96,P_1945008,3.2,0.0
Alta vazao,96,P_1946000,30.4,0.0
Alta vazao,96,P_2044008,35.6,54.10024933224622
Alta vazao,96,P_2044016,60.5,57.278732981477525
Alta vazao,96,P_2044024,40.6,0.0
Alta vazao,96,P_2044042,25.5,0.0
Alta vazao,96,P_2045002,25.2,0.0
Alta vazao,96,P_2046013,15.4,0.0
Alta vazao,96,Q_40032000,149.969,154.70438335873402
Alta vazao,96,Q_40050000,678.136,0.0
Alta vazao,96,Q_40060001,70.1677,345.4769209762322
Alta vazao,96,Q_40100000,745.238,772.155201808657
Alta vazao,96,Q_40185000,59.5377,0.0
Alta vazao,96,Q_40330000,366.549,400.5037681260302
Alta vazao,96,Q_40800001,324.429,0.0
Alta vazao,96,Q_40850000,445.989,372.39838442280137
Alta vazao,96,Q_40930000,246.257,522.3941730359663
Alta vazao,97,P_1944059,0.0,0.0
Alta vazao,97,P_1944063,0.0,-15.494238026044734
Alta vazao,97,P_1945002,31.6,95.64589504926838
Alta vazao,97,P_1945008,13.0,29.497886899650695
Alta vazao,97,P_1946000,0.0,0.0
Alta vazao,97,P_2044008,2.1,0.0
Alta vazao,97,P_2044016,1.4,0.0
Alta vazao,97,P_2044024,0.0,0.0
Alta vazao,97,P_2044042,9.3,0.0
Alta vazao,97,P_2045002,0.0,0.0
Alta vazao,97,P_2046013,0.0,0.0
Alta vazao,97,Q_40032000,12.5685,-10.611065307765045
Alta vazao,97,Q_40050000,94.2135,0.0
Alta vazao,97,Q_40060001,17.0643,21.238985817735575
Alta vazao,97,Q_40100000,277.857,104.54802789437998
Alta vazao,97,Q_40185000,35.175,0.0
Alta vazao,97,Q_40330000,125.389,58.51562882177712
Alta vazao,97,Q_40800001,130.501,8.61288894464782
Alta vazao,97,Q_40850000,193.383,99.66423603814724
Alta vazao,97,Q_40930000,11.5881,-16.630937262435037
Alta vazao,98,P_1944059,21.4,0.0
Alta vazao,98,P_1944063,41.3,105.96026918611703
Alta vazao,98,P_1945002,71.3,89.46697315419048
Alta vazao,98,P_1945008,47.2,98.16026931866004
Alta vazao,98,P_1946000,75.4,0.0
Alta vazao,98,P_2044008,9.2,0.0
Alta vazao,98,P_2044016,9.1,0.0
Alta vazao,98,P_2044024,2.8,0.0
Alta vazao,98,P_2044042,11.7,0.0
Alta vazao,98,P_2045002,38.3,0.0
Alta vazao,98,P_2046013,94.2,47.470486782704484
Alta vazao,98,Q_40032000,168.984,136.41045758463193
Alta vazao,98,Q_40050000,518.195,0.0
Alta vazao,98,Q_40060001,60.5444,288.9433072428029
Alta vazao,98,Q_40100000,693.355,683.8910931844456
Alta vazao,98,Q_40185000,42.6554,0.0
Alta vazao,98,Q_40330000,183.335,133.12745494325506
Alta vazao,98,Q_40800001,236.869,0.0
Alta vazao,98,Q_40850000,273.74,182.85180604392121
Alta vazao,98,Q_40930000,277.544,597.843191916915
Alta vazao,99,P_1944059,0.0,0.0
Alta vazao,99,P_1944063,1.2,0.0
Alta vazao,99,P_1945002,17.6,40.07439723148677
Alta vazao,99,P_1945008,30.0,83.80590323843974
Alta vazao,99,P_1946000,18.0,0.0
Alta vazao,99,P_2044008,0.0,0.0
Alta vazao,99,P_2044016,0.1,0.0
Alta vazao,99,P_2044024,5.4,0.0
Alta vazao,99,P_2044042,4.0,0.0
Alta vazao,99,P_2045002,0.0,0.0
Alta vazao,99,P_2046013,12.5,2.082962698332949
Alta vazao,99,Q_40032000,98.761,117.65665141941359
Alta vazao,99,Q_40050000,435.238,20.15315217101714
Alta vazao,99,Q_40060001,50.8634,213.03881286041374
Alta vazao,99,Q_40100000,560.226,493.7651951203949
Alta vazao,99,Q_40185000,40.0226,0.0
Alta vazao,99,Q_40330000,137.745,73.7217464073111
Alta vazao,99,Q_40800001,72.5984,0.0
Alta vazao,99,Q_40850000,122.879,18.509114816037137
Alta vazao,99,Q_40930000,92.7095,169.52965366823383
Alta vazao,100,P_1944059,0.0,0.0
Alta vazao,100,P_1944063,12.5,45.028441253218375
Alta vazao,100,P_1945002,24.6,66.6119145113011
Alta vazao,100,P_1945008,3.1,0.0
Alta vazao,100,P_1946000,80.4,-110.89616586795863
Alta vazao,100,P_2044008,4.0,0.0
Alta vazao,100,P_2044016,25.1,0.0
Alta vazao,100,P_2044024,16.3,0.0
Alta vazao,100,P_2044042,3.9,0.0
Alta vazao,100,P_2045002,2.9,0.0
Alta vazao,100,P_2046013,1.2,0.0
Alta vazao,100,Q_40032000,34.9701,25.12066781916867
Alta vazao,100,Q_40050000,351.32,0.0
Alta vazao,100,Q_40060001,49.8593,191.28084266458433
Alta vazao,100,Q_40100000,521.913,410.1342071018071
Alta vazao,100,Q_40185000,195.756,-75.08164874123258
Alta vazao,100,Q_40330000,520.825,545.8987021535721
Alta vazao,100,Q_40800001,272.037,0.0
Alta vazao,100,Q_40850000,332.185,217.23310307150106
Alta vazao,100,Q_40930000,298.368,643.4605285948071
Alta vazao,101,P_1944059,22.2,5.850224443612433
Alta vazao,101,P_1944063,11.3,16.20294018723768
Alta vazao,101,P_1945002,31.8,43.931013766745686
Alta vazao,101,P_1945008,17.8,25.160339472657487
Alta vazao,101,P_1946000,42.0,0.0
Alta vazao,101,P_2044008,0.0,0.0
Alta vazao,101,P_2044016,85.7,112.67241106014238
Alta vazao,101,P_2044024,33.3,0.0
Alta vazao,101,P_2044042,20.2,0.0
Alta vazao,101,P_2045002,10.0,0.0
Alta vazao,101,P_2046013,16.5,0.0
Alta vazao,101,Q_40032000,28.0283,0.0
Alta vazao,101,Q_40050000,79.2833,0.0
Alta vazao,101,Q_40060001,11.5772,0.0
Alta vazao,101,Q_40100000,356.488,203.9481231752644
Alta vazao,101,Q_40185000,55.0107,0.0
Alta vazao,101,Q_40330000,95.0925,8.579650207113483
Alta vazao,101,Q_40800001,264.714,21.928131718690206
Alta vazao,101,Q_40850000,322.106,232.96179508503698
Alta vazao,101,Q_40930000,191.871,391.51140778020516
Alta vazao,102,P_1944059,0.0,-3.5899218980460716
Alta vazao,102,P_1944063,0.0,-17.875191081327962
Alta vazao,102,P_1945002,0.0,-13.530357389011833
Alta vazao,102,P_1945008,0.0,-13.827082080052318
Alta vazao,102,P_1946000,0.0,0.0
Alta vazao,102,P_2044008,0.0,0.0
Alta vazao,102,P_2044016,0.0,0.0
Alta vazao,102,P_2044024,0.0,0.0
Alta vazao,102,P_2044042,0.0,0.0
Alta vazao,102,P_2045002,0.0,0.0
Alta vazao,102,P_2046013,0.0,-6.450420291590351
Alta vazao,102,Q_40032000,23.8245,0.0
Alta vazao,102,Q_40050000,194.033,0.0
Alta vazao,102,Q_40060001,9.2602,-14.499669742057682
Alta vazao,102,Q_40100000,442.273,318.7751510690367
Alta vazao,102,Q_40185000,20.5401,0.0
Alta vazao,102,Q_40330000,40.7711,-55.542361580314484
Alta vazao,102,Q_40800001,50.5511,0.0
Alta vazao,102,Q_40850000,85.3521,-16.23977856383959
Alta vazao,102,Q_40930000,28.1403,19.887851071096687
Alta vazao,103,P_1944059,27.4,11.978995557287599
Alta vazao,103,P_1944063,34.4,92.8850841693913
Alta vazao,103,P_1945002,8.2,0.0
Alta vazao,103,P_1945008,0.0,0.0
Alta vazao,103,P_1946000,0.0,0.0
Alta vazao,103,P_2044008,20.4,19.448511626869422
Alta vazao,103,P_2044016,32.5,24.79212718830269
Alta vazao,103,P_2044024,30.0,0.0
Alta vazao,103,P_2044042,35.6,0.0
Alta vazao,103,P_2045002,42.6,6.763289372518102
Alta vazao,103,P_2046013,7.8,0.0
Alta vazao,103,Q_40032000,35.544,0.0
Alta vazao,103,Q_40050000,246.128,8.616678286831545
Alta vazao,103,Q_40060001,14.9122,11.794232280738335
Alta vazao,103,Q_40100000,555.649,493.6620259510129
Alta vazao,103,Q_40185000,26.5645,0.0
Alta vazao,103,Q_40330000,106.87,30.912451426198558
Alta vazao,103,Q_40800001,87.7448,0.0
Alta vazao,103,Q_40850000,77.071,0.0
Alta vazao,103,Q_40930000,45.5152,57.668275803180066
Alta vazao,104,P_1944059,44.6,67.1013627812897
Alta vazao,104,P_1944063,6.5,13.741248388071455
Alta vazao,104,P_1945002,11.5,22.925037954277386
Alta vazao,104,P_1945008,0.0,0.0
Alta vazao,104,P_1946000,0.0,0.0
Alta vazao,104,P_2044008,37.8,55.78388758212958
Alta vazao,104,P_2044016,2.2,0.0
Alta vazao,104,P_2044024,15.6,0.0
Alta vazao,104,P_2044042,1.9,0.0
Alta vazao,104,P_2045002,18.2,0.0
Alta vazao,104,P_2046013,0.0,0.0
Alta vazao,104,Q_40032000,54.9009,47.48772223675786
Alta vazao,104,Q_40050000,287.436,10.4640310290298
Alta vazao,104,Q_40060001,16.4218,19.520383844620866
Alta vazao,104,Q_40100000,698.46,679.5035949026965
Alta vazao,104,Q_40185000,21.5977,0.0
Alta vazao,104,Q_40330000,77.4552,0.0
Alta vazao,104,Q_40800001,52.529,0.0
Alta vazao,104,Q_40850000,65.9698,-38.593531013888196
Alta vazao,104,Q_40930000,33.3332,31.595258176095676
Alta vazao,105,P_1944059,0.0,0.0
Alta vazao,105,P_1944063,12.3,29.17991580433063
Alta vazao,105,P_1945002,42.5,58.171789975332295
Alta vazao,105,P_1945008,21.0,34.33029477858618
Alta vazao,105,P_1946000,15.4,0.0
Alta vazao,105,P_2044008,27.3,33.88916966468151
Alta vazao,105,P_2044016,16.4,0.0
Alta vazao,105,P_2044024,5.6,0.0
Alta vazao,105,P_2044042,20.2,0.0
Alta vazao,105,P_2045002,17.8,0.0
Alta vazao,105,P_2046013,22.4,0.0
Alta vazao,105,Q_40032000,172.796,183.3483777766506
Alta vazao,105,Q_40050000,306.909,22.61196872525943
Alta vazao,105,Q_40060001,30.2499,97.34523866759686
Alta vazao,105,Q_40100000,418.097,281.09258808840684
Alta vazao,105,Q_40185000,30.6514,0.0
Alta vazao,105,Q_40330000,111.81,36.61595429610503
Alta vazao,105,Q_40800001,100.003,0.0
Alta vazao,105,Q_40850000,99.203,0.0
Alta vazao,105,Q_40930000,71.7379,116.7410613853811
Alta vazao,106,P_1944059,0.0,0.0
Alta vazao,106,P_1944063,12.2,32.86972847088415
Alta vazao,106,P_1945002,97.5,232.09960742028179
Alta vazao,106,P_1945008,0.0,0.0
Alta vazao,106,P_1946000,0.0,4.860150171585246
Alta vazao,106,P_2044008,0.0,0.0
Alta vazao,106,P_2044016,0.0,0.0
Alta vazao,106,P_2044024,22.0,0.0
Alta vazao,106,P_2044042,0.0,0.0
Alta vazao,106,P_2045002,0.0,0.0
Alta vazao,106,P_2046013,0.0,0.0
Alta vazao,106,Q_40032000,31.0286,7.942290762796034
Alta vazao,106,Q_40050000,135.586,0.0
Alta vazao,106,Q_40060001,18.9049,34.65142812537661
Alta vazao,106,Q_40100000,470.11,380.9229117605721
Alta vazao,106,Q_40185000,28.8766,0.0
Alta vazao,106,Q_40330000,118.526,48.05953988302727
Alta vazao,106,Q_40800001,238.909,27.073980986772366
Alta vazao,106,Q_40850000,364.54,290.0208789109764
Alta vazao,106,Q_40930000,103.802,190.11539345130836
Alta vazao,107,P_1944059,0.0,0.0
Alta vazao,107,P_1944063,13.1,57.24995522065372
Alta vazao,107,P_1945002,4.8,2.2971690533729543
Alta vazao,107,P_1945008,0.0,-17.540121780477424
Alta vazao,107,P_1946000,0.0,3.9693168001598647
Alta vazao,107,P_2044008,3.4,0.0
Alta vazao,107,P_2044016,0.0,0.0
Alta vazao,107,P_2044024,0.0,0.0
Alta vazao,107,P_2044042,0.0,0.0
Alta vazao,107,P_2045002,0.0,0.0
Alta vazao,107,P_2046013,0.0,0.0
Alta vazao,107,Q_40032000,66.2565,81.3520016314417
Alta vazao,107,Q_40050000,496.736,14.746201453642195
Alta vazao,107,Q_40060001,33.7083,108.82049808720546
Alta vazao,107,Q_40100000,906.151,942.8254644460977
Alta vazao,107,Q_40185000,32.4602,0.0
Alta vazao,107,Q_40330000,135.954,68.2724811739828
Alta vazao,107,Q_40800001,58.4971,0.0
Alta vazao,107,Q_40850000,96.2124,0.0
Alta vazao,107,Q_40930000,70.8107,122.06703565437633
Alta vazao,108,P_1944059,0.0,0.0
Alta vazao,108,P_1944063,0.5,-15.49909974554646
Alta vazao,108,P_1945002,11.1,25.33372492031731
Alta vazao,108,P_1945008,32.7,103.17292066094035
Alta vazao,108,P_1946000,8.0,0.0
Alta vazao,108,P_2044008,0.0,0.0
Alta vazao,108,P_2044016,0.0,0.0
Alta vazao,108,P_2044024,2.2,0.0
Alta vazao,108,P_2044042,3.2,0.0
Alta vazao,108,P_2045002,11.6,0.0
Alta vazao,108,P_2046013,1.0,0.0
Alta vazao,108,Q_40032000,26.9591,8.423938261543048
Alta vazao,108,Q_40050000,208.546,0.0
Alta vazao,108,Q_40060001,23.8208,58.138969140524
Alta vazao,108,Q_40100000,335.983,179.43364873145933
Alta vazao,108,Q_40185000,50.1699,0.0
Alta vazao,108,Q_40330000,135.061,68.31389830868723
Alta vazao,108,Q_40800001,157.93,6.924395036645924
Alta vazao,108,Q_40850000,151.409,48.38566332406535
Alta vazao,108,Q_40930000,85.6674,155.6441013049445
Alta vazao,109,P_1944059,12.4,12.038972767189374
Alta vazao,109,P_1944063,0.5,0.0
Alta vazao,109,P_1945002,3.9,0.0
Alta vazao,109,P_1945008,0.0,0.0
Alta vazao,109,P_1946000,26.4,-31.127992162162855
Alta vazao,109,P_2044008,1.1,0.0
Alta vazao,109,P_2044016,0.0,0.0
Alta vazao,109,P_2044024,2.6,0.0
Alta vazao,109,P_2044042,2.2,0.0
Alta vazao,109,P_2045002,5.5,0.0
Alta vazao,109,P_2046013,33.4,33.69221629648873
Alta vazao,109,Q_40032000,97.3175,133.31695703719905
Alta vazao,109,Q_40050000,353.278,0.0
Alta vazao,109,Q_40060001,59.4103,247.45095493886407
Alta vazao,109,Q_40100000,616.595,554.1501644863221
Alta vazao,109,Q_40185000,43.3221,0.0
Alta vazao,109,Q_40330000,145.917,80.81194291412662
Alta vazao,109,Q_40800001,128.794,4.8417021859450005
Alta vazao,109,Q_40850000,193.383,89.91680418823148
Alta vazao,109,Q_40930000,96.7418,179.54298611950205
Alta vazao,110,P_1944059,0.0,0.0
Alta vazao,110,P_1944063,0.0,-21.718714634080268
Alta vazao,110,P_1945002,0.0,-16.48005707635349
Alta vazao,110,P_1945008,0.0,-16.131674591278564
Alta vazao,110,P_1946000,0.0,4.081869480432147
Alta vazao,110,P_2044008,0.0,0.0
Alta vazao,110,P_2044016,0.0,0.0
Alta vazao,110,P_2044024,0.0,0.0
Alta vazao,110,P_2044042,2.3,0.0
Alta vazao,110,P_2045002,0.0,0.0
Alta vazao,110,P_2046013,0.0,0.0
Alta vazao,110,Q_40032000,31.0286,13.635778928553963
Alta vazao,110,Q_40050000,168.297,0.0
Alta vazao,110,Q_40060001,20.2559,33.739213842283824
Alta vazao,110,Q_40100000,809.938,812.8538852726837
Alta vazao,110,Q_40185000,25.9963,0.0
Alta vazao,110,Q_40330000,121.939,50.60002427924345
Alta vazao,110,Q_40800001,115.019,0.0
Alta vazao,110,Q_40850000,164.283,62.52656759424018
Alta vazao,110,Q_40930000,27.4774,18.297346925980634
Alta vazao,111,P_1944059,67.6,99.82197843630443
Alta vazao,111,P_1944063,52.5,99.03042339349706
Alta vazao,111,P_1945002,0.0,0.0
Alta vazao,111,P_1945008,32.8,50.108686847476676
Alta vazao,111,P_1946000,0.0,0.0
Alta vazao,111,P_2044008,7.0,0.0
Alta vazao,111,P_2044016,45.0,23.012986047989067
Alta vazao,111,P_2044024,31.5,0.0
Alta vazao,111,P_2044042,20.9,0.0
Alta vazao,111,P_2045002,42.3,0.0
Alta vazao,111,P_2046013,16.2,0.0
Alta vazao,111,Q_40032000,17.303,0.0
Alta vazao,111,Q_40050000,131.777,0.0
Alta vazao,111,Q_40060001,6.6323,-27.822856057061063
Alta vazao,111,Q_40100000,112.35,-129.81324751530093
Alta vazao,111,Q_40185000,18.254,0.0
Alta vazao,111,Q_40330000,66.8649,-23.322469361928846
Alta vazao,111,Q_40800001,168.285,20.374402048324892
Alta vazao,111,Q_40850000,83.2476,-20.976390177501614
Alta vazao,111,Q_40930000,9.5841,-18.84460078853156
Alta vazao,112,P_1944059,16.8,0.0
Alta vazao,112,P_1944063,25.4,64.56802506171526
Alta vazao,112,P_1945002,8.7,0.0
Alta vazao,112,P_1945008,33.4,67.84976005485521
Alta vazao,112,P_1946000,47.3,0.0
Alta vazao,112,P_2044008,6.2,0.0
Alta vazao,112,P_2044016,8.5,0.0
Alta vazao,112,P_2044024,6.0,0.0
Alta vazao,112,P_2044042,25.5,0.0
Alta vazao,112,P_2045002,29.5,0.0
Alta vazao,112,P_2046013,113.2,93.9623612129664
Alta vazao,112,Q_40032000,60.1815,18.17610754854224
Alta vazao,112,Q_40050000,288.638,12.076539456940282
Alta vazao,112,Q_40060001,33.2077,111.56226022161789
Alta vazao,112,Q_40100000,611.796,572.2249803320982
Alta vazao,112,Q_40185000,44.6654,0.0
Alta vazao,112,Q_40330000,145.001,86.59449459441198
Alta vazao,112,Q_40800001,130.938,0.0
Alta vazao,112,Q_40850000,207.658,117.36347491355134
Alta vazao,112,Q_40930000,100.568,187.35326299219457
Alta vazao,113,P_1944059,2.0,0.0
Alta vazao,113,P_1944063,0.0,-20.12112600150852
Alta vazao,113,P_1945002,0.0,-14.73299900394843
Alta vazao,113,P_1945008,0.0,-14.8247693130295
Alta vazao,113,P_1946000,0.0,0.0
Alta vazao,113,P_2044008,19.4,22.574618159823835
Alta vazao,113,P_2044016,8.3,0.0
Alta vazao,113,P_2044024,0.0,0.0
Alta vazao,113,P_2044042,0.0,0.0
Alta vazao,113,P_2045002,0.0,0.0
Alta vazao,113,P_2046013,0.0,0.0
Alta vazao,113,Q_40032000,12.9391,0.0
Alta vazao,113,Q_40050000,114.555,0.0
Alta vazao,113,Q_40060001,17.0643,16.63575873185944
Alta vazao,113,Q_40100000,255.449,64.84616818863839
Alta vazao,113,Q_40185000,40.4972,0.0
Alta vazao,113,Q_40330000,144.086,78.32876197340121
Alta vazao,113,Q_40800001,153.181,7.598355827702676
Alta vazao,113,Q_40850000,238.615,137.53372314445207
Alta vazao,113,Q_40930000,8.9307,-23.343919654435574
Alta vazao,114,P_1944059,0.0,0.0
Alta vazao,114,P_1944063,0.0,-15.271040183644118
Alta vazao,114,P_1945002,35.5,84.84806611445603
Alta vazao,114,P_1945008,0.0,0.0
Alta vazao,114,P_1946000,0.0,3.065958908625814
Alta vazao,114,P_2044008,0.0,0.0
Alta vazao,114,P_2044016,0.0,0.0
Alta vazao,114,P_2044024,33.4,10.273006574224194
Alta vazao,114,P_2044042,0.9,0.0
Alta vazao,114,P_2045002,0.0,0.0
Alta vazao,114,P_2046013,18.4,6.239355872329356
Alta vazao,114,Q_40032000,24.5528,0.0
Alta vazao,114,Q_40050000,85.3582,0.0
Alta vazao,114,Q_40060001,17.0643,20.039258405700746
Alta vazao,114,Q_40100000,281.648,107.98945614265456
Alta vazao,114,Q_40185000,27.4561,0.0
Alta vazao,114,Q_40330000,100.415,24.673408155104944
Alta vazao,114,Q_40800001,108.675,5.4056498345414905
Alta vazao,114,Q_40850000,161.486,66.41919636958754
Alta vazao,114,Q_40930000,13.3039,0.0
Alta vazao,115,P_1944059,0.0,0.0
Alta vazao,115,P_1944063,0.0,-14.143716909804072
Alta vazao,115,P_1945002,34.3,103.39875792362535
Alta vazao,115,P_1945008,0.0,-10.14101183006525
Alta vazao,115,P_1946000,0.0,4.872129150820151
Alta vazao,115,P_2044008,0.0,0.0
Alta vazao,115,P_2044016,0.0,0.0
Alta vazao,115,P_2044024,0.0,0.0
Alta vazao,115,P_2044042,0.0,0.0
Alta vazao,115,P_2045002,0.0,0.0
Alta vazao,115,P_2046013,0.0,-3.821258950670881
Alta vazao,115,Q_40032000,19.4562,0.0
Alta vazao,115,Q_40050000,114.555,0.0
Alta vazao,115,Q_40060001,11.1233,-4.827070135834898
Alta vazao,115,Q_40100000,342.394,202.12210264961175
Alta vazao,115,Q_40185000,16.6046,0.0
Alta vazao,115,Q_40330000,61.1573,-28.012971251422268
Alta vazao,115,Q_40800001,79.8139,0.0
Alta vazao,115,Q_40850000,115.547,18.87858134114763
Alta vazao,115,Q_40930000,23.1557,10.76870047570427
Alta vazao,116,P_1944059,0.0,0.0
Alta vazao,116,P_1944063,2.9,0.0
Alta vazao,116,P_1945002,39.8,42.190232841646285
Alta vazao,116,P_1945008,31.9,57.4668009075705
Alta vazao,116,P_1946000,18.2,0.0
Alta vazao,116,P_2044008,25.3,31.723474338738477
Alta vazao,116,P_2044016,16.4,8.755167942732783
Alta vazao,116,P_2044024,16.0,0.0
Alta vazao,116,P_2044042,21.9,0.0
Alta vazao,116,P_2045002,38.0,17.701427463306164
Alta vazao,116,P_2046013,50.0,23.62059770944214
Alta vazao,116,Q_40032000,40.8272,0.0
Alta vazao,116,Q_40050000,254.635,16.037040590032376
Alta vazao,116,Q_40060001,19.1727,36.83897835744854
Alta vazao,116,Q_40100000,440.057,335.29797147296296
Alta vazao,116,Q_40185000,24.872,0.0
Alta vazao,116,Q_40330000,75.4271,0.0
Alta vazao,116,Q_40800001,69.5346,0.0
Alta vazao,116,Q_40850000,98.4517,0.0
Alta vazao,116,Q_40930000,39.3781,43.52889605407545
Alta vazao,117,P_1944059,75.0,215.44516756587663
Alta vazao,117,P_1944063,0.0,-11.113690195432179
Alta vazao,117,P_1945002,0.0,-8.399384199826944
Alta vazao,117,P_1945008,0.0,-8.567202981873152
Alta vazao,117,P_1946000,8.2,0.0
Alta vazao,117,P_2044008,0.0,-3.1281844324598467
Alta vazao,117,P_2044016,0.0,0.0
Alta vazao,117,P_2044024,9.7,0.0
Alta vazao,117,P_2044042,0.0,0.0
Alta vazao,117,P_2045002,0.0,0.0
Alta vazao,117,P_2046013,0.0,0.0
Alta vazao,117,Q_40032000,13.3141,-5.924708526324918
Alta vazao,117,Q_40050000,112.086,0.0
Alta vazao,117,Q_40060001,9.4737,-12.334831025291233
Alta vazao,117,Q_40100000,137.668,-86.83852173557173
Alta vazao,117,Q_40185000,25.4912,0.0
Alta vazao,117,Q_40330000,92.908,0.0
Alta vazao,117,Q_40800001,115.781,0.0
Alta vazao,117,Q_40850000,199.447,87.82965390883386
Alta vazao,117,Q_40930000,7.648,-20.692171149193626
Alta vazao,118,P_1944059,22.8,20.96788999181283
Alta vazao,118,P_1944063,3.9,0.0
Alta vazao,118,P_1945002,12.8,19.8567956326343
Alta vazao,118,P_1945008,0.0,0.0
Alta vazao,118,P_1946000,12.2,0.0
Alta vazao,118,P_2044008,0.0,0.0
Alta vazao,118,P_2044016,4.5,0.0
Alta vazao,118,P_2044024,7.5,0.0
Alta vazao,118,P_2044042,4.1,0.0
Alta vazao,118,P_2045002,1.6,0.0
Alta vazao,118,P_2046013,48.3,31.712668201738456
Alta vazao,118,Q_40032000,41.4353,14.342050424071683
Alta vazao,118,Q_40050000,131.777,0.0
Alta vazao,118,Q_40060001,17.3236,23.094507149028864
Alta vazao,118,Q_40100000,279.75,106.6898927647225
Alta vazao,118,Q_40185000,38.9446,0.0
Alta vazao,118,Q_40330000,138.645,78.83645211118609
Alta vazao,118,Q_40800001,124.273,7.7446799140574285
Alta vazao,118,Q_40850000,127.036,27.31840834240372
Alta vazao,118,Q_40930000,82.0022,145.22151072442477
Alta vazao,119,P_1944059,5.2,5.5736783461560915
Alta vazao,119,P_1944063,0.0,-18.58027894426261
Alta vazao,119,P_1945002,0.0,-13.614104880886202
Alta vazao,119,P_1945008,0.0,-14.88751436560325
Alta vazao,119,P_1946000,0.0,0.0
Alta vazao,119,P_2044008,0.0,0.0
Alta vazao,119,P_2044016,0.0,0.0
Alta vazao,119,P_2044024,0.0,0.0
Alta vazao,119,P_2044042,0.0,0.0
Alta vazao,119,P_2045002,0.0,0.0
Alta vazao,119,P_2046013,0.0,0.0
Alta vazao,119,Q_40032000,59.3277,65.64245531158775
Alta vazao,119,Q_40050000,244.441,0.0
Alta vazao,119,Q_40060001,15.7871,14.988853700198955
Alta vazao,119,Q_40100000,515.291,418.7187249792358
Alta vazao,119,Q_40185000,24.872,0.0
Alta vazao,119,Q_40330000,113.475,40.27474687354702
Alta vazao,119,Q_40800001,67.5044,0.0
Alta vazao,119,Q_40850000,120.413,18.79958576593957
Alta vazao,119,Q_40930000,33.3332,34.18364987641754
Alta vazao,120,P_1944059,0.0,0.0
Alta vazao,120,P_1944063,0.0,-21.474558320989328
Alta vazao,120,P_1945002,0.0,-16.39904683106955
Alta vazao,120,P_1945008,0.0,-16.01910698836204
Alta vazao,120,P_1946000,0.0,4.45474737216864
Alta vazao,120,P_2044008,0.0,0.0
Alta vazao,120,P_2044016,2.5,0.0
Alta vazao,120,P_2044024,2.4,0.0
Alta vazao,120,P_2044042,0.7,0.0
Alta vazao,120,P_2045002,2.7,0.0
Alta vazao,120,P_2046013,3.0,0.0
Alta vazao,120,Q_40032000,46.9351,44.59683701204822
Alta vazao,120,Q_40050000,314.347,0.0
Alta vazao,120,Q_40060001,18.6383,29.510953815588447
Alta vazao,120,Q_40100000,548.818,460.0627680762387
Alta vazao,120,Q_40185000,43.3221,0.0
Alta vazao,120,Q_40330000,188.362,138.8027030941593
Alta vazao,120,Q_40800001,105.432,0.0
Alta vazao,120,Q_40850000,232.058,130.6990395145674
Alta vazao,120,Q_40930000,49.5131,71.31235933204337
Alta vazao,121,P_1944059,19.6,0.0
Alta vazao,121,P_1944063,0.0,0.0
Alta vazao,121,P_1945002,36.2,52.709335399752476
Alta vazao,121,P_1945008,28.9,54.35988305298363
Alta vazao,121,P_1946000,40.2,0.0
Alta vazao,121,P_2044008,2.2,0.0
Alta vazao,121,P_2044016,14.1,0.0
Alta vazao,121,P_2044024,7.5,0.0
Alta vazao,121,P_2044042,5.8,0.0
Alta vazao,121,P_2045002,27.3,0.0
Alta vazao,121,P_2046013,48.0,15.884148565882015
Alta vazao,121,Q_40032000,152.959,137.76472839321423
Alta vazao,121,Q_40050000,396.8,23.42841974422457
Alta vazao,121,Q_40060001,46.9298,186.27790075953942
Alta vazao,121,Q_40100000,470.11,357.30372297426953
Alta vazao,121,Q_40185000,36.8093,0.0
Alta vazao,121,Q_40330000,132.396,63.002105852708446
Alta vazao,121,Q_40800001,85.0649,0.0
Alta vazao,121,Q_40850000,139.863,32.37667082146903
Alta vazao,121,Q_40930000,145.005,290.7234719185997
Alta vazao,122,P_1944059,0.0,0.0
Alta vazao,122,P_1944063,8.0,26.478110651215147
Alta vazao,122,P_1945002,0.0,-15.844068462328229
Alta vazao,122,P_1945008,0.0,-15.745445012140635
Alta vazao,122,P_1946000,0.0,0.0
Alta vazao,122,P_2044008,0.0,0.0
Alta vazao,122,P_2044016,0.0,0.0
Alta vazao,122,P_2044024,0.4,0.0
Alta vazao,122,P_2044042,0.4,0.0
Alta vazao,122,P_2045002,6.5,0.0
Alta vazao,122,P_2046013,0.0,0.0
Alta vazao,122,Q_40032000,63.9044,77.23115548874898
Alta vazao,122,Q_40050000,461.914,12.093920552037149
Alta vazao,122,Q_40060001,28.8012,82.47726249850733
Alta vazao,122,Q_40100000,947.318,996.390645826067
Alta vazao,122,Q_40185000,27.7127,0.0
Alta vazao,122,Q_40330000,121.083,49.126025288430384
Alta vazao,122,Q_40800001,58.4971,0.0
Alta vazao,122,Q_40850000,83.9466,-19.95787015692224
Alta vazao,122,Q_40930000,63.9987,106.25997209809067
Alta vazao,123,P_1944059,0.0,0.0
Alta vazao,123,P_1944063,0.0,-20.965639785963766
Alta vazao,123,P_1945002,0.0,-15.69644761087728
Alta vazao,123,P_1945008,0.0,-15.277455509690206
Alta vazao,123,P_1946000,0.0,0.0
Alta vazao,123,P_2044008,0.0,0.0
Alta vazao,123,P_2044016,0.0,0.0
Alta vazao,123,P_2044024,0.0,0.0
Alta vazao,123,P_2044042,0.0,0.0
Alta vazao,123,P_2045002,0.0,0.0
Alta vazao,123,P_2046013,0.0,-6.741179992527918
Alta vazao,123,Q_40032000,29.9275,12.924688941179786
Alta vazao,123,Q_40050000,153.758,0.0
Alta vazao,123,Q_40060001,19.9833,32.84009535476786
Alta vazao,123,Q_40100000,793.514,792.0170750441237
Alta vazao,123,Q_40185000,24.872,0.0
Alta vazao,123,Q_40330000,120.228,49.50146328037469
Alta vazao,123,Q_40800001,104.615,0.0
Alta vazao,123,Q_40850000,155.955,55.34927392643347
Alta vazao,123,Q_40930000,24.1738,12.545383952010335
Alta vazao,124,P_1944059,0.0,0.0
Alta vazao,124,P_1944063,1.0,-13.156337381958288
Alta vazao,124,P_1945002,12.8,27.86497312822404
Alta vazao,124,P_1945008,0.0,-13.922215989457976
Alta vazao,124,P_1946000,0.0,0.0
Alta vazao,124,P_2044008,0.0,0.0
Alta vazao,124,P_2044016,28.5,26.37540760312969
Alta vazao,124,P_2044024,15.0,0.0
Alta vazao,124,P_2044042,7.1,0.0
Alta vazao,124,P_2045002,2.3,0.0
Alta vazao,124,P_2046013,0.0,0.0
Alta vazao,124,Q_40032000,12.9391,0.0
Alta vazao,124,Q_40050000,110.338,0.0
Alta vazao,124,Q_40060001,17.1938,17.8537077116786
Alta vazao,124,Q_40100000,235.431,38.879332176803864
Alta vazao,124,Q_40185000,49.2499,-10.82679796608602
Alta vazao,124,Q_40330000,187.353,134.2284848318455
Alta vazao,124,Q_40800001,185.681,0.0
Alta vazao,124,Q_40850000,266.779,162.02625979508764
Alta vazao,124,Q_40930000,8.2852,-24.635309727405236
Alta vazao,125,P_1944059,0.0,0.0
Alta vazao,125,P_1944063,3.3,0.0
Alta vazao,125,P_1945002,0.0,-16.252254189411364
Alta vazao,125,P_1945008,0.0,-15.86411455483546
Alta vazao,125,P_1946000,0.0,5.002683644452645
Alta vazao,125,P_2044008,0.0,0.0
Alta vazao,125,P_2044016,3.0,0.0
Alta vazao,125,P_2044024,0.0,0.0
Alta vazao,125,P_2044042,0.7,0.0
Alta vazao,125,P_2045002,0.0,0.0
Alta vazao,125,P_2046013,0.0,0.0
Alta vazao,125,Q_40032000,25.1171,0.0
Alta vazao,125,Q_40050000,249.517,0.0
Alta vazao,125,Q_40060001,18.3729,22.36974234665137
Alta vazao,125,Q_40100000,567.125,485.15332258065746
Alta vazao,125,Q_40185000,89.0387,-30.048048357658946
Alta vazao,125,Q_40330000,327.84,314.82510957516405
Alta vazao,125,Q_40800001,216.465,7.492056119200159
Alta vazao,125,Q_40850000,383.224,275.22887008831157
Alta vazao,125,Q_40930000,23.8176,8.89543233948644
Alta vazao,126,P_1944059,0.0,0.0
Alta vazao,126,P_1944063,0.0,-19.152188030305812
Alta vazao,126,P_1945002,0.0,-14.72903687321483
Alta vazao,126,P_1945008,0.0,-14.083796219124656
Alta vazao,126,P_1946000,0.0,0.0
Alta vazao,126,P_2044008,0.0,0.0
Alta vazao,126,P_2044016,0.0,0.0
Alta vazao,126,P_2044024,0.0,0.0
Alta vazao,126,P_2044042,0.0,0.0
Alta vazao,126,P_2045002,0.0,0.0
Alta vazao,126,P_2046013,0.0,-6.398469005104297
Alta vazao,126,Q_40032000,18.1518,0.0
Alta vazao,126,Q_40050000,180.663,-4.507108619908308
Alta vazao,126,Q_40060001,19.4417,27.273422082815834
Alta vazao,126,Q_40100000,310.582,140.84134970498084
Alta vazao,126,Q_40185000,46.4066,-8.634533565679355
Alta vazao,126,Q_40330000,169.535,114.60135820361874
Alta vazao,126,Q_40800001,101.733,0.0
Alta vazao,126,Q_40850000,153.221,52.297307285033774
Alta vazao,126,Q_40930000,20.5174,0.0
Alta vazao,127,P_1944059,3.2,0.0
Alta vazao,127,P_1944063,0.0,-20.35194311477646
Alta vazao,127,P_1945002,4.5,3.069468553122647
Alta vazao,127,P_1945008,0.0,-15.261391997421784
Alta vazao,127,P_1946000,0.0,4.653967859966515
Alta vazao,127,P_2044008,0.0,0.0
Alta vazao,127,P_2044016,0.0,0.0
Alta vazao,127,P_2044024,0.0,0.0
Alta vazao,127,P_2044042,0.0,0.0
Alta vazao,127,P_2045002,0.0,0.0
Alta vazao,127,P_2046013,0.0,0.0
Alta vazao,127,Q_40032000,36.1207,23.829301719212445
Alta vazao,127,Q_40050000,137.51,0.0
Alta vazao,127,Q_40060001,19.307,31.05163739911014
Alta vazao,127,Q_40100000,668.108,624.8931533156125
Alta vazao,127,Q_40185000,23.7639,0.0
Alta vazao,127,Q_40330000,99.6193,22.360399171044556
Alta vazao,127,Q_40800001,93.3768,0.0
Alta vazao,127,Q_40850000,147.815,46.717863314650344
Alta vazao,127,Q_40930000,43.7399,57.68128575430951
Alta vazao,128,P_1944059,8.0,0.0
Alta vazao,128,P_1944063,140.4,392.1376375773079
Alta vazao,128,P_1945002,13.7,18.94453937465108
Alta vazao,128,P_1945008,0.0,0.0
Alta vazao,128,P_1946000,0.0,0.0
Alta vazao,128,P_2044008,18.4,17.52706417106856
Alta vazao,128,P_2044016,24.4,17.148510773022668
Alta vazao,128,P_2044024,36.0,0.0
Alta vazao,128,P_2044042,21.5,0.0
Alta vazao,128,P_2045002,9.5,0.0
Alta vazao,128,P_2046013,38.4,16.7882667187579
Alta vazao,128,Q_40032000,32.1409,0.0
Alta vazao,128,Q_40050000,283.844,21.475909783727342
Alta vazao,128,Q_40060001,13.932,0.0
Alta vazao,128,Q_40100000,537.526,477.10370722630256
Alta vazao,128,Q_40185000,38.0842,0.0
Alta vazao,128,Q_40330000,118.526,49.60039301765633
Alta vazao,128,Q_40800001,171.451,20.07331181648564
Alta vazao,128,Q_40850000,113.944,0.0
Alta vazao,128,Q_40930000,42.4061,58.48417202366291
Alta vazao,129,P_1944059,15.4,17.423766697347418
Alta vazao,129,P_1944063,9.0,25.599966232948393
Alta vazao,129,P_1945002,0.0,-9.038343606319179
Alta vazao,129,P_1945008,0.0,-10.420398135744545
Alta vazao,129,P_1946000,6.4,0.0
Alta vazao,129,P_2044008,24.3,27.562350782828275
Alta vazao,129,P_2044016,8.0,0.0
Alta vazao,129,P_2044024,11.3,0.0
Alta vazao,129,P_2044042,12.1,0.0
Alta vazao,129,P_2045002,0.0,0.0
Alta vazao,129,P_2046013,3.7,0.0
Alta vazao,129,Q_40032000,18.1518,0.0
Alta vazao,129,Q_40050000,102.464,0.0
Alta vazao,129,Q_40060001,11.0107,-6.3766782004991525
Alta vazao,129,Q_40100000,142.649,-83.21191473022503
Alta vazao,129,Q_40185000,23.5877,0.0
Alta vazao,129,Q_40330000,87.1723,7.594824656690727
Alta vazao,129,Q_40800001,123.047,0.0
Alta vazao,129,Q_40850000,146.031,48.10028787173436
Alta vazao,129,Q_40930000,7.648,-24.778352015805645
Alta vazao,130,P_1944059,0.0,0.0
Alta vazao,130,P_1944063,0.0,-21.13321359093352
Alta vazao,130,P_1945002,0.0,-16.24569447722848
Alta vazao,130,P_1945008,0.0,-14.789751004203708
Alta vazao,130,P_1946000,0.0,0.0
Alta vazao,130,P_2044008,0.0,0.0
Alta vazao,130,P_2044016,0.0,0.0
Alta vazao,130,P_2044024,0.0,0.0
Alta vazao,130,P_2044042,0.0,0.0
Alta vazao,130,P_2045002,0.0,0.0
Alta vazao,130,P_2046013,0.0,0.0
Alta vazao,130,Q_40032000,32.7013,22.3325634964694
Alta vazao,130,Q_40050000,344.825,0.0
Alta vazao,130,Q_40060001,25.502,65.47117204022545
Alta vazao,130,Q_40100000,611.796,546.1953484482262
Alta vazao,130,Q_40185000,64.7035,-20.39769877587993
Alta vazao,130,Q_40330000,243.607,209.56250565692497
Alta vazao,130,Q_40800001,176.151,0.0
Alta vazao,130,Q_40850000,276.077,173.0543950700675
Alta vazao,130,Q_40930000,108.402,210.69299206428778
Alta vazao,131,P_1944059,0.0,0.0
Alta vazao,131,P_1944063,0.0,-20.597803421427425
Alta vazao,131,P_1945002,12.6,34.87568907166172
Alta vazao,131,P_1945008,0.0,-15.710820492150283
Alta vazao,131,P_1946000,1.3,2.4033322680832043
Alta vazao,131,P_2044008,0.0,0.0
Alta vazao,131,P_2044016,0.0,0.0
Alta vazao,131,P_2044024,0.0,0.0
Alta vazao,131,P_2044042,0.5,0.0
Alta vazao,131,P_2045002,0.0,0.0
Alta vazao,131,P_2046013,0.0,0.0
Alta vazao,131,Q_40032000,29.9275,11.402315129152573
Alta vazao,131,Q_40050000,138.282,0.0
Alta vazao,131,Q_40060001,19.4417,29.282228787188004
Alta vazao,131,Q_40100000,726.869,704.8162150500219
Alta vazao,131,Q_40185000,24.3159,0.0
Alta vazao,131,Q_40330000,96.559,17.959135293798756
Alta vazao,131,Q_40800001,97.4372,2.568525515954918
Alta vazao,131,Q_40850000,142.493,41.36929000692225
Alta vazao,131,Q_40930000,19.7142,0.0
Alta vazao,132,P_1944059,0.0,0.0
Alta vazao,132,P_1944063,0.0,-20.46336164702021
Alta vazao,132,P_1945002,0.0,-14.904348590903282
Alta vazao,132,P_1945008,0.0,0.0
Alta vazao,132,P_1946000,0.0,0.0
Alta vazao,132,P_2044008,0.0,0.0
Alta vazao,132,P_2044016,0.0,0.0
Alta vazao,132,P_2044024,0.0,0.0
Alta vazao,132,P_2044042,12.0,0.0
Alta vazao,132,P_2045002,35.6,14.279802343805272
Alta vazao,132,P_2046013,13.9,10.229975274409249
Alta vazao,132,Q_40032000,83.0236,105.19823551546274
Alta vazao,132,Q_40050000,485.51,9.894106467273621
Alta vazao,132,Q_40060001,57.1864,228.46987924946214
Alta vazao,132,Q_40100000,713.887,674.6084261453193
Alta vazao,132,Q_40185000,39.373,0.0
Alta vazao,132,Q_40330000,159.928,96.81527957221417
Alta vazao,132,Q_40800001,66.4931,0.0
Alta vazao,132,Q_40850000,104.531,0.0
Alta vazao,132,Q_40930000,74.0749,126.85607967605769
Alta vazao,133,P_1944059,0.0,0.0
Alta vazao,133,P_1944063,17.8,77.42653502788721
Alta vazao,133,P_1945002,0.0,0.0
Alta vazao,133,P_1945008,12.0,24.175645148566087
Alta vazao,133,P_1946000,16.0,0.0
Alta vazao,133,P_2044008,0.0,0.0
Alta vazao,133,P_2044016,0.4,0.0
Alta vazao,133,P_2044024,0.0,0.0
Alta vazao,133,P_2044042,0.9,0.0
Alta vazao,133,P_2045002,8.4,0.0
Alta vazao,133,P_2046013,5.9,0.0
Alta vazao,133,Q_40032000,101.68,158.96331983242115
Alta vazao,133,Q_40050000,450.298,6.208381313863356
Alta vazao,133,Q_40060001,34.0433,111.29998326438945
Alta vazao,133,Q_40100000,482.81,372.147333558631
Alta vazao,133,Q_40185000,51.572,0.0
Alta vazao,133,Q_40330000,244.721,208.4570265313587
Alta vazao,133,Q_40800001,287.869,13.11718708917549
Alta vazao,133,Q_40850000,445.989,342.4957563208676
Alta vazao,133,Q_40930000,129.122,250.7818951767331
Alta vazao,134,P_1944059,19.2,0.0
Alta vazao,134,P_1944063,14.2,23.24809238445646
Alta vazao,134,P_1945002,49.5,37.777681085394875
Alta vazao,134,P_1945008,3.4,0.0
Alta vazao,134,P_1946000,4.1,0.0
Alta vazao,134,P_2044008,0.0,0.0
Alta vazao,134,P_2044016,68.9,77.87041472237769
Alta vazao,134,P_2044024,0.0,0.0
Alta vazao,134,P_2044042,75.4,0.0
Alta vazao,134,P_2045002,14.3,0.0
Alta vazao,134,P_2046013,109.3,41.929315629376944
Alta vazao,134,Q_40032000,99.2446,47.694755226621794
Alta vazao,134,Q_40050000,122.111,0.0
Alta vazao,134,Q_40060001,16.9352,26.24453084920541
Alta vazao,134,Q_40100000,279.75,90.63334962873954
Alta vazao,134,Q_40185000,31.5674,0.0
Alta vazao,134,Q_40330000,114.311,46.46133876993497
Alta vazao,134,Q_40800001,101.733,0.0
Alta vazao,134,Q_40850000,136.391,34.29858813266408
Alta vazao,134,Q_40930000,24.3022,15.316425057777565
Alta vazao,135,P_1944059,0.0,0.0
Alta vazao,135,P_1944063,0.0,-21.36508721688674
Alta vazao,135,P_1945002,0.0,-15.684115501529618
Alta vazao,135,P_1945008,0.0,-16.416095629494073
Alta vazao,135,P_1946000,0.0,0.0
Alta vazao,135,P_2044008,0.0,0.0
Alta vazao,135,P_2044016,0.0,0.0
Alta vazao,135,P_2044024,0.0,0.0
Alta vazao,135,P_2044042,0.0,0.0
Alta vazao,135,P_2045002,0.0,0.0
Alta vazao,135,P_2046013,0.0,0.0
Alta vazao,135,Q_40032000,34.9701,22.03754409428689
Alta vazao,135,Q_40050000,444.536,8.221118489499693
Alta vazao,135,Q_40060001,17.9771,25.20993169592575
Alta vazao,135,Q_40100000,535.282,438.208318578567
Alta vazao,135,Q_40185000,33.0706,0.0
Alta vazao,135,Q_40330000,115.99,41.633351725334144
Alta vazao,135,Q_40800001,77.2104,0.0
Alta vazao,135,Q_40850000,112.351,9.143184045464475
Alta vazao,135,Q_40930000,48.7038,68.03364345147563
Alta vazao,136,P_1944059,0.0,0.0
Alta vazao,136,P_1944063,0.9,0.0
Alta vazao,136,P_1945002,0.0,-15.797546158851219
Alta vazao,136,P_1945008,0.0,-15.27532132903491
Alta vazao,136,P_1946000,0.0,0.0
Alta vazao,136,P_2044008,0.0,0.0
Alta vazao,136,P_2044016,5.4,0.0
Alta vazao,136,P_2044024,0.0,0.0
Alta vazao,136,P_2044042,7.0,0.0
Alta vazao,136,P_2045002,0.0,0.0
Alta vazao,136,P_2046013,20.0,20.08055619009651
Alta vazao,136,Q_40032000,37.8663,25.831851654260646
Alta vazao,136,Q_40050000,367.775,0.0
Alta vazao,136,Q_40060001,16.4218,16.596676277816886
Alta vazao,136,Q_40100000,578.719,496.60515981813273
Alta vazao,136,Q_40185000,81.5858,-23.284597590660397
Alta vazao,136,Q_40330000,125.389,54.25024934296125
Alta vazao,136,Q_40800001,74.4504,0.0
Alta vazao,136,Q_40850000,160.559,57.10567761483424
Alta vazao,136,Q_40930000,28.1403,19.43435646777482
Alta vazao,137,P_1944059,0.0,0.0
Alta vazao,137,P_1944063,0.0,-22.681017628733244
Alta vazao,137,P_1945002,0.0,-16.70482209167451
Alta vazao,137,P_1945008,0.0,-17.11130994835996
Alta vazao,137,P_1946000,0.0,0.0
Alta vazao,137,P_2044008,0.0,0.0
Alta vazao,137,P_2044016,0.0,0.0
Alta vazao,137,P_2044024,0.0,0.0
Alta vazao,137,P_2044042,0.0,0.0
Alta vazao,137,P_2045002,0.0,0.0
Alta vazao,137,P_2046013,0.0,0.0
Alta vazao,137,Q_40032000,35.2567,22.583429972792416
Alta vazao,137,Q_40050000,229.577,0.0
Alta vazao,137,Q_40060001,25.502,61.0442375988401
Alta vazao,137,Q_40100000,818.213,822.2277376212841
Alta vazao,137,Q_40185000,31.8535,0.0
Alta vazao,137,Q_40330000,128.0,58.81381746498526
Alta vazao,137,Q_40800001,125.591,4.660742246325071
Alta vazao,137,Q_40850000,202.51,100.86425966319186
Alta vazao,137,Q_40930000,34.5979,35.43104207617959
Alta vazao,138,P_1944059,0.8,0.0
Alta vazao,138,P_1944063,0.0,-21.448140274479748
Alta vazao,138,P_1945002,0.0,-16.470621701726188
Alta vazao,138,P_1945008,0.0,-16.850076072423004
Alta vazao,138,P_1946000,8.2,0.0
Alta vazao,138,P_2044008,9.2,7.376398516403356
Alta vazao,138,P_2044016,0.7,0.0
Alta vazao,138,P_2044024,1.7,0.0
Alta vazao,138,P_2044042,14.8,0.0
Alta vazao,138,P_2045002,1.3,0.0
Alta vazao,138,P_2046013,0.0,0.0
Alta vazao,138,Q_40032000,24.0814,0.0
Alta vazao,138,Q_40050000,128.018,0.0
Alta vazao,138,Q_40060001,29.6035,77.73848607917971
Alta vazao,138,Q_40100000,405.095,258.9769210924151
Alta vazao,138,Q_40185000,122.19,-35.38644478566294
Alta vazao,138,Q_40330000,82.2622,0.0
Alta vazao,138,Q_40800001,186.377,9.37483975602646
Alta vazao,138,Q_40850000,232.058,125.21409066071536
Alta vazao,138,Q_40930000,55.7478,79.47119397781996
Alta vazao,139,P_1944059,0.0,0.0
Alta vazao,139,P_1944063,0.0,-20.959601570031346
Alta vazao,139,P_1945002,0.0,0.0
Alta vazao,139,P_1945008,0.0,0.0
Alta vazao,139,P_1946000,0.0,0.0
Alta vazao,139,P_2044008,7.3,4.926670410018119
Alta vazao,139,P_2044016,11.5,7.992248147032312
Alta vazao,139,P_2044024,0.0,0.0
Alta vazao,139,P_2044042,0.0,0.0
Alta vazao,139,P_2045002,0.0,0.0
Alta vazao,139,P_2046013,6.1,0.0
Alta vazao,139,Q_40032000,32.7013,16.956917792502992
Alta vazao,139,Q_40050000,290.444,0.0
Alta vazao,139,Q_40060001,20.8046,40.400652235731506
Alta vazao,139,Q_40100000,611.796,545.144710092261
Alta vazao,139,Q_40185000,65.7535,-20.640250173031735
Alta vazao,139,Q_40330000,175.399,120.45047772662187
Alta vazao,139,Q_40800001,140.658,0.0
Alta vazao,139,Q_40850000,233.145,130.23870988921465
Alta vazao,139,Q_40930000,93.6004,178.25820742451134
Alta vazao,140,P_1944059,0.0,0.0
Alta vazao,140,P_1944063,0.0,-22.09400585500174
Alta vazao,140,P_1945002,0.0,-16.341600319922804
Alta vazao,140,P_1945008,0.0,-15.723334311120954
Alta vazao,140,P_1946000,0.0,0.0
Alta vazao,140,P_2044008,0.0,0.0
Alta vazao,140,P_2044016,12.2,8.434258272077184
Alta vazao,140,P_2044024,0.0,0.0
Alta vazao,140,P_2044042,1.5,0.0
Alta vazao,140,P_2045002,0.0,0.0
Alta vazao,140,P_2046013,0.0,0.0
Alta vazao,140,Q_40032000,32.1409,16.35021591125728
Alta vazao,140,Q_40050000,181.684,0.0
Alta vazao,140,Q_40060001,21.497,41.544520593406375
Alta vazao,140,Q_40100000,818.213,825.6183991855316
Alta vazao,140,Q_40185000,33.0706,0.0
Alta vazao,140,Q_40330000,119.376,48.26946034386784
Alta vazao,140,Q_40800001,122.403,0.0
Alta vazao,140,Q_40850000,177.608,76.18296555565144
Alta vazao,140,Q_40930000,30.5587,27.335968067834376
Alta vazao,141,P_1944059,1.0,0.0
Alta vazao,141,P_1944063,14.9,57.96641850263081
Alta vazao,141,P_1945002,9.1,16.88476263336894
Alta vazao,141,P_1945008,0.0,0.0
Alta vazao,141,P_1946000,35.0,-43.978020108531474
Alta vazao,141,P_2044008,0.0,0.0
Alta vazao,141,P_2044016,1.2,0.0
Alta vazao,141,P_2044024,10.2,0.0
Alta vazao,141,P_2044042,14.5,0.0
Alta vazao,141,P_2045002,17.2,0.0
Alta vazao,141,P_2046013,11.8,6.328209062811647
Alta vazao,141,Q_40032000,29.654,11.395473491584763
Alta vazao,141,Q_40050000,208.02,0.0
Alta vazao,141,Q_40060001,27.8468,80.87626847804448
Alta vazao,141,Q_40100000,468.009,369.1423980845943
Alta vazao,141,Q_40185000,23.7639,0.0
Alta vazao,141,Q_40330000,97.2953,20.194589119898193
Alta vazao,141,Q_40800001,77.2104,0.0
Alta vazao,141,Q_40850000,106.076,4.797853670231461
Alta vazao,141,Q_40930000,50.7363,72.45009568082247
Alta vazao,142,P_1944059,0.0,0.0
Alta vazao,142,P_1944063,5.7,12.263174898106863
Alta vazao,142,P_1945002,31.1,94.06034730500448
Alta vazao,142,P_1945008,0.0,0.0
Alta vazao,142,P_1946000,3.1,0.0
Alta vazao,142,P_2044008,12.5,10.11070822109837
Alta vazao,142,P_2044016,0.0,0.0
Alta vazao,142,P_2044024,6.4,0.0
Alta vazao,142,P_2044042,7.2,0.0
Alta vazao,142,P_2045002,0.0,0.0
Alta vazao,142,P_2046013,13.4,6.1115070054666605
Alta vazao,142,Q_40032000,22.409,0.0
Alta vazao,142,Q_40050000,210.392,0.0
Alta vazao,142,Q_40060001,19.1727,33.58040430704202
Alta vazao,142,Q_40100000,306.673,141.82357230433936
Alta vazao,142,Q_40185000,51.6493,0.0
Alta vazao,142,Q_40330000,201.67,161.02414561152654
Alta vazao,142,Q_40800001,129.529,5.983081463515305
Alta vazao,142,Q_40850000,164.283,65.26261640361676
Alta vazao,142,Q_40930000,56.478,86.27757800980173
Alta vazao,143,P_1944059,0.0,0.0
Alta vazao,143,P_1944063,1.1,-11.835168816242552
Alta vazao,143,P_1945002,0.0,-13.716510989480112
Alta vazao,143,P_1945008,0.0,-14.152271744556689
Alta vazao,143,P_1946000,2.4,0.0
Alta vazao,143,P_2044008,9.6,0.0
Alta vazao,143,P_2044016,4.3,0.0
Alta vazao,143,P_2044024,1.6,0.0
Alta vazao,143,P_2044042,0.6,0.0
Alta vazao,143,P_2045002,0.0,0.0
Alta vazao,143,P_2046013,0.0,0.0
Alta vazao,143,Q_40032000,25.6396,0.0
Alta vazao,143,Q_40050000,324.377,0.0
Alta vazao,143,Q_40060001,23.6696,52.48238190790015
Alta vazao,143,Q_40100000,261.715,67.94551790531932
Alta vazao,143,Q_40185000,100.309,-25.682194365557105
Alta vazao,143,Q_40330000,177.371,115.96923716331636
Alta vazao,143,Q_40800001,299.075,25.4042617585134
Alta vazao,143,Q_40850000,146.031,41.03138724974856
Alta vazao,143,Q_40930000,13.6033,-10.992168113661904
Alta vazao,144,P_1944059,0.0,0.0
Alta vazao,144,P_1944063,0.0,-20.654771716818722
Alta vazao,144,P_1945002,12.6,34.09959425297455
Alta vazao,144,P_1945008,0.0,-16.274908388129916
Alta vazao,144,P_1946000,0.0,0.0
Alta vazao,144,P_2044008,0.0,0.0
Alta vazao,144,P_2044016,0.0,0.0
Alta vazao,144,P_2044024,0.0,0.0
Alta vazao,144,P_2044042,0.0,0.0
Alta vazao,144,P_2045002,0.0,0.0
Alta vazao,144,P_2046013,0.0,0.0
Alta vazao,144,Q_40032000,55.8804,60.63238487519256
Alta vazao,144,Q_40050000,346.768,6.344970760728659
Alta vazao,144,Q_40060001,19.8475,35.9314254855691
Alta vazao,144,Q_40100000,906.151,946.425964580949
Alta vazao,144,Q_40185000,22.6724,0.0
Alta vazao,144,Q_40330000,100.415,22.692281980163383
Alta vazao,144,Q_40800001,48.7077,0.0
Alta vazao,144,Q_40850000,76.3974,-26.69430964087452
Alta vazao,144,Q_40930000,53.6324,81.53319962882611
Alta vazao,145,P_1944059,0.0,0.0
Alta vazao,145,P_1944063,0.0,-16.782952564916485
Alta vazao,145,P_1945002,33.5,101.29128674226214
Alta vazao,145,P_1945008,0.0,-13.176865003494177
Alta vazao,145,P_1946000,6.2,0.0
Alta vazao,145,P_2044008,0.0,0.0
Alta vazao,145,P_2044016,0.6,0.0
Alta vazao,145,P_2044024,0.0,0.0
Alta vazao,145,P_2044042,3.0,0.0
Alta vazao,145,P_2045002,3.2,0.0
Alta vazao,145,P_2046013,0.0,0.0
Alta vazao,145,Q_40032000,53.9263,47.539397202809695
Alta vazao,145,Q_40050000,279.083,8.335226678491146
Alta vazao,145,Q_40060001,15.7871,17.084303923883535
Alta vazao,145,Q_40100000,616.595,580.3411660410268
Alta vazao,145,Q_40185000,21.5977,0.0
Alta vazao,145,Q_40330000,76.777,-8.90227623662122
Alta vazao,145,Q_40800001,51.5599,0.0
Alta vazao,145,Q_40850000,74.3921,-29.695288923248583
Alta vazao,145,Q_40930000,54.4706,83.05603317713773
Alta vazao,146,P_1944059,0.0,0.0
Alta vazao,146,P_1944063,0.0,-21.957795158261685
Alta vazao,146,P_1945002,0.0,-15.250278489495141
Alta vazao,146,P_1945008,0.0,-15.177475444996693
Alta vazao,146,P_1946000,0.0,0.0
Alta vazao,146,P_2044008,0.0,0.0
Alta vazao,146,P_2044016,0.0,0.0
Alta vazao,146,P_2044024,4.8,0.0
Alta vazao,146,P_2044042,5.3,0.0
Alta vazao,146,P_2045002,0.0,0.0
Alta vazao,146,P_2046013,0.0,-7.716906214030132
Alta vazao,146,Q_40032000,25.1171,0.0
Alta vazao,146,Q_40050000,210.654,0.0
Alta vazao,146,Q_40060001,18.1087,22.775165932382592
Alta vazao,146,Q_40100000,553.367,469.7827389934741
Alta vazao,146,Q_40185000,66.809,-19.198599645364624
Alta vazao,146,Q_40330000,294.039,275.5519164413606
Alta vazao,146,Q_40800001,181.82,8.78608651438133
Alta vazao,146,Q_40850000,312.162,209.64971912350532
Alta vazao,146,Q_40930000,20.3759,0.0
Alta vazao,147,P_1944059,0.0,0.0
Alta vazao,147,P_1944063,3.7,0.0
Alta vazao,147,P_1945002,0.0,0.0
Alta vazao,147,P_1945008,0.0,0.0
Alta vazao,147,P_1946000,42.2,-44.10236353049216
Alta vazao,147,P_2044008,13.1,12.56253544165492
Alta vazao,147,P_2044016,23.3,25.336968400667708
Alta vazao,147,P_2044024,24.0,0.0
Alta vazao,147,P_2044042,24.7,0.0
Alta vazao,147,P_2045002,53.2,57.637934901026114
Alta vazao,147,P_2046013,61.2,87.72993360472927
Alta vazao,147,Q_40032000,32.9825,8.156625680050482
Alta vazao,147,Q_40050000,370.437,0.0
Alta vazao,147,Q_40060001,33.2077,95.34291776003981
Alta vazao,147,Q_40100000,739.967,701.6099318944672
Alta vazao,147,Q_40185000,77.6623,0.0
Alta vazao,147,Q_40330000,170.507,110.27965251814233
Alta vazao,147,Q_40800001,73.4701,0.0
Alta vazao,147,Q_40850000,110.768,6.196783038919875
Alta vazao,147,Q_40930000,18.85,0.0
Alta vazao,148,P_1944059,0.0,0.0
Alta vazao,148,P_1944063,0.0,-17.826698193788392
Alta vazao,148,P_1945002,9.8,24.248678888780837
Alta vazao,148,P_1945008,0.0,-13.468744092521645
Alta vazao,148,P_1946000,0.0,0.0
Alta vazao,148,P_2044008,0.0,-3.9426073268618893
Alta vazao,148,P_2044016,0.0,0.0
Alta vazao,148,P_2044024,0.0,0.0
Alta vazao,148,P_2044042,0.0,0.0
Alta vazao,148,P_2045002,0.0,0.0
Alta vazao,148,P_2046013,0.0,-5.937991504119519
Alta vazao,148,Q_40032000,16.0405,-5.936169444156836
Alta vazao,148,Q_40050000,111.385,0.0
Alta vazao,148,Q_40060001,10.3429,-9.46003967080051
Alta vazao,148,Q_40100000,437.845,316.2466026944206
Alta vazao,148,Q_40185000,21.0667,0.0
Alta vazao,148,Q_40330000,80.1893,0.0
Alta vazao,148,Q_40800001,94.389,0.0
Alta vazao,148,Q_40850000,166.159,67.58260343336622
Alta vazao,148,Q_40930000,44.1971,57.50938404598051
Alta vazao,149,P_1944059,0.0,0.0
Alta vazao,149,P_1944063,0.0,0.0
Alta vazao,149,P_1945002,37.8,120.8645251274349
Alta vazao,149,P_1945008,0.0,0.0
Alta vazao,149,P_1946000,0.0,0.0
Alta vazao,149,P_2044008,15.74,13.386439579982225
Alta vazao,149,P_2044016,0.0,0.0
Alta vazao,149,P_2044024,0.0,0.0
Alta vazao,149,P_2044042,0.0,0.0
Alta vazao,149,P_2045002,0.0,0.0
Alta vazao,149,P_2046013,0.0,0.0
Alta vazao,149,Q_40032000,34.9701,26.586410384450808
Alta vazao,149,Q_40050000,351.32,0.0
Alta vazao,149,Q_40060001,35.0538,115.65674056221012
Alta vazao,149,Q_40100000,526.351,425.670999461722
Alta vazao,149,Q_40185000,180.885,-77.8322061055632
Alta vazao,149,Q_40330000,476.706,495.2558250869571
Alta vazao,149,Q_40800001,378.662,8.03767886660603
Alta vazao,149,Q_40850000,373.832,257.4787197896304
Alta vazao,149,Q_40930000,236.852,505.89664144796285
Alta vazao,150,P_1944059,0.0,0.0
Alta vazao,150,P_1944063,0.0,-18.34911056135801
Alta vazao,150,P_1945002,18.6,56.345548565668274
Alta vazao,150,P_1945008,0.0,-14.00006316331063
Alta vazao,150,P_1946000,10.4,-8.751733204615292
Alta vazao,150,P_2044008,0.0,0.0
Alta vazao,150,P_2044016,0.0,0.0
Alta vazao,150,P_2044024,0.0,0.0
Alta vazao,150,P_2044042,0.0,0.0
Alta vazao,150,P_2045002,0.0,0.0
Alta vazao,150,P_2046013,0.0,-7.0216690274147595
Alta vazao,150,Q_40032000,17.6672,0.0
Alta vazao,150,Q_40050000,122.111,0.0
Alta vazao,150,Q_40060001,8.8379,-16.80925587427113
Alta vazao,150,Q_40100000,444.492,325.04611192538994
Alta vazao,150,Q_40185000,36.8093,0.0
Alta vazao,150,Q_40330000,85.0554,0.0
Alta vazao,150,Q_40800001,132.012,6.778328293998791
Alta vazao,150,Q_40850000,186.41,87.77951875435896
Alta vazao,150,Q_40930000,39.7141,45.39907652029071
Alta vazao,151,P_1944059,0.0,0.0
Alta vazao,151,P_1944063,0.0,0.0
Alta vazao,151,P_1945002,11.3,8.513577611369135
Alta vazao,151,P_1945008,0.0,0.0
Alta vazao,151,P_1946000,55.4,0.0
Alta vazao,151,P_2044008,26.2,26.926278691629268
Alta vazao,151,P_2044016,56.0,73.5624913978533
Alta vazao,151,P_2044024,30.0,0.0
Alta vazao,151,P_2044042,41.3,0.0
Alta vazao,151,P_2045002,27.2,4.875885836665475
Alta vazao,151,P_2046013,16.1,5.61537988140065
Alta vazao,151,Q_40032000,25.1171,0.0
Alta vazao,151,Q_40050000,317.467,0.0
Alta vazao,151,Q_40060001,29.2818,68.38166504168944
Alta vazao,151,Q_40100000,581.051,478.0259289851944
Alta vazao,151,Q_40185000,138.664,0.0
Alta vazao,151,Q_40330000,511.481,518.677249656456
Alta vazao,151,Q_40800001,286.808,0.0
Alta vazao,151,Q_40850000,433.108,297.0433826053694
Alta vazao,151,Q_40930000,54.2439,61.766409103141065
Alta vazao,152,P_1944059,2.6,0.0
Alta vazao,152,P_1944063,0.6,0.0
Alta vazao,152,P_1945002,9.4,9.651414350060838
Alta vazao,152,P_1945008,5.3,0.0
Alta vazao,152,P_1946000,63.2,0.0
Alta vazao,152,P_2044008,12.1,7.766792880844832
Alta vazao,152,P_2044016,13.9,0.0
Alta vazao,152,P_2044024,8.6,0.0
Alta vazao,152,P_2044042,37.1,0.0
Alta vazao,152,P_2045002,47.0,33.1007039355362
Alta vazao,152,P_2046013,33.2,35.69909198669958
Alta vazao,152,Q_40032000,61.8598,36.76827773077944
Alta vazao,152,Q_40050000,103.475,0.0
Alta vazao,152,Q_40060001,32.7092,85.13322163490555
Alta vazao,152,Q_40100000,377.378,218.86958136149877
Alta vazao,152,Q_40185000,85.5723,0.0
Alta vazao,152,Q_40330000,102.015,19.440122153494052
Alta vazao,152,Q_40800001,180.684,0.0
Alta vazao,152,Q_40850000,330.918,223.1983099216626
Alta vazao,152,Q_40930000,115.114,206.44518109747372
Alta vazao,153,P_1944059,0.0,0.0
Alta vazao,153,P_1944063,0.0,-19.66445981167053
Alta vazao,153,P_1945002,0.0,-14.568175763855077
Alta vazao,153,P_1945008,0.0,-14.725510795480986
Alta vazao,153,P_1946000,6.2,0.0
Alta vazao,153,P_2044008,0.0,-4.758852603162044
Alta vazao,153,P_2044016,0.0,0.0
Alta vazao,153,P_2044024,0.0,0.0
Alta vazao,153,P_2044042,0.0,0.0
Alta vazao,153,P_2045002,0.0,0.0
Alta vazao,153,P_2046013,1.2,-5.20797825112015
Alta vazao,153,Q_40032000,25.902,0.0
Alta vazao,153,Q_40050000,215.964,-4.11186799982022
Alta vazao,153,Q_40060001,16.1669,14.610143016543798
Alta vazao,153,Q_40100000,635.978,579.5324811661446
Alta vazao,153,Q_40185000,33.0706,0.0
Alta vazao,153,Q_40330000,85.0554,0.0
Alta vazao,153,Q_40800001,53.4749,0.0
Alta vazao,153,Q_40850000,86.0586,-16.002431769745193
Alta vazao,153,Q_40930000,24.9494,13.462147716683813
